corpus_id,shard_ordinal,source_path,bytes,sha256,rows,row_groups,occurrences,alias_counts_json
GCI-HOLD-0001,1,literature_zh-00001-of-00233.parquet,935168276,77eb6b44be082e9ec568279aa2c7f90acd0bab6c508f1803e271fa6659631227,250000,1,21775,"{""九黎"": 176, ""共工"": 448, ""共工氏"": 35, ""句龙"": 14, ""后土"": 365, ""太昊"": 113, ""女娃"": 100, ""女娲"": 606, ""少昊"": 206, ""少皞"": 11, ""帝江"": 31, ""帝鸿"": 48, ""帝鸿氏"": 17, ""应龙"": 505, ""有熊氏"": 15, ""榆罔"": 14, ""涿鹿"": 341, ""炎帝"": 711, ""神农"": 1150, ""禹"": 11894, ""精卫"": 695, ""缙云氏"": 4, ""蚩尤"": 94, ""赤帝"": 135, ""轩辕"": 553, ""轩辕氏"": 50, ""阪泉"": 37, ""雨师"": 43, ""颛顼"": 5, ""风伯"": 44, ""鲧"": 6, ""黄帝"": 3290, ""黄帝氏"": 19}"
GCI-HOLD-0001,2,literature_zh-00002-of-00233.parquet,936215400,7162a8b86a9f4522dbebdd2814388f180d452b0fb51b35b39a179bc1d8c9782c,250000,1,21248,"{""九黎"": 47, ""共工"": 448, ""共工氏"": 29, ""句龙"": 3, ""后土"": 274, ""太昊"": 81, ""太皞"": 3, ""女娃"": 40, ""女娲"": 797, ""少昊"": 109, ""少皞"": 2, ""帝江"": 1, ""帝鸿"": 4, ""帝鸿氏"": 1, ""应龙"": 393, ""有熊氏"": 9, ""榆罔"": 10, ""涿鹿"": 302, ""炎帝"": 596, ""神农"": 1069, ""禹"": 12694, ""精卫"": 802, ""缙云氏"": 2, ""蚩尤"": 30, ""赤帝"": 52, ""轩辕"": 302, ""轩辕氏"": 30, ""阪泉"": 29, ""雨师"": 63, ""颛顼"": 13, ""风伯"": 41, ""鲧"": 9, ""黄帝"": 2951, ""黄帝氏"": 12}"
GCI-HOLD-0001,3,literature_zh-00003-of-00233.parquet,920124465,6e1baa1aff7e80c7fe3a3dbeaaffa3a9370f1f4f73d5a7a96e1d6c44563f4ebe,250000,1,22742,"{""九黎"": 270, ""共工"": 578, ""共工氏"": 32, ""句龙"": 14, ""后土"": 865, ""太昊"": 134, ""女娃"": 43, ""女娲"": 876, ""少昊"": 194, ""帝江"": 149, ""帝鸿"": 32, ""帝鸿氏"": 11, ""应龙"": 333, ""有熊氏"": 15, ""榆罔"": 13, ""涿鹿"": 456, ""炎帝"": 839, ""神农"": 1172, ""禹"": 11336, ""精卫"": 898, ""缙云氏"": 4, ""蚩尤"": 92, ""赤帝"": 80, ""轩辕"": 754, ""轩辕氏"": 60, ""阪泉"": 77, ""雨师"": 34, ""颛顼"": 17, ""风伯"": 31, ""鲧"": 3, ""黄帝"": 3309, ""黄帝氏"": 21}"
GCI-HOLD-0001,4,literature_zh-00004-of-00233.parquet,926119662,c7623d84835c849cdd23719b47d15f10ef3ffc48ae3c5dddef8ee4fdf08376ad,250000,1,21415,"{""九黎"": 82, ""共工"": 505, ""共工氏"": 55, ""句龙"": 24, ""后土"": 234, ""太昊"": 130, ""女娃"": 89, ""女娲"": 554, ""少昊"": 122, ""少皞"": 10, ""帝江"": 6, ""帝鸿"": 14, ""帝鸿氏"": 6, ""应龙"": 376, ""有熊氏"": 26, ""榆罔"": 6, ""涿鹿"": 363, ""炎帝"": 741, ""神农"": 1717, ""禹"": 12248, ""精卫"": 668, ""缙云氏"": 7, ""蚩尤"": 63, ""赤帝"": 46, ""轩辕"": 279, ""轩辕氏"": 38, ""阪泉"": 34, ""雨师"": 65, ""颛顼"": 12, ""风伯"": 74, ""鲧"": 3, ""黄帝"": 2801, ""黄帝氏"": 17}"
GCI-HOLD-0001,5,literature_zh-00005-of-00233.parquet,917592612,4a06b52cda8d1d83f4e783f92b4b54e452fef1b5abd078ac63e985b47c188856,250000,1,20815,"{""九黎"": 115, ""共工"": 485, ""共工氏"": 37, ""句龙"": 1, ""后土"": 305, ""太昊"": 160, ""女娃"": 53, ""女娲"": 699, ""少昊"": 220, ""帝江"": 4, ""帝鸿"": 17, ""帝鸿氏"": 6, ""应龙"": 194, ""有熊氏"": 17, ""榆罔"": 7, ""涿鹿"": 418, ""炎帝"": 459, ""神农"": 885, ""禹"": 11907, ""精卫"": 765, ""缙云氏"": 8, ""蚩尤"": 79, ""赤帝"": 53, ""轩辕"": 437, ""轩辕氏"": 40, ""阪泉"": 90, ""雨师"": 30, ""颛顼"": 2, ""风伯"": 34, ""鲧"": 3, ""黄帝"": 3271, ""黄帝氏"": 14}"
GCI-HOLD-0001,6,literature_zh-00006-of-00233.parquet,929413358,dd1d1ce735b88a0bd86e8fb26b40ac3daed95c56ce3b668354ae1ce78c202762,250000,1,20411,"{""九黎"": 126, ""共工"": 496, ""共工氏"": 50, ""句龙"": 22, ""后土"": 317, ""太昊"": 101, ""女娃"": 62, ""女娲"": 619, ""少昊"": 124, ""帝江"": 3, ""帝鸿"": 17, ""帝鸿氏"": 3, ""应龙"": 281, ""有熊氏"": 27, ""榆罔"": 2, ""涿鹿"": 393, ""炎帝"": 703, ""神农"": 1157, ""禹"": 11316, ""精卫"": 709, ""缙云氏"": 29, ""蚩尤"": 123, ""赤帝"": 108, ""轩辕"": 447, ""轩辕氏"": 37, ""阪泉"": 42, ""雨师"": 35, ""颛顼"": 15, ""风伯"": 21, ""鲧"": 2, ""黄帝"": 3004, ""黄帝氏"": 20}"
GCI-HOLD-0001,7,literature_zh-00007-of-00233.parquet,909601416,a06074230697082ef26d0b8f44ee8e583db7062f17126f5a31a8794824e05305,250000,1,19874,"{""九黎"": 116, ""共工"": 538, ""共工氏"": 33, ""句龙"": 13, ""后土"": 218, ""太昊"": 91, ""女娃"": 48, ""女娲"": 454, ""少昊"": 118, ""帝江"": 4, ""帝鸿"": 8, ""帝鸿氏"": 1, ""应龙"": 279, ""有熊氏"": 19, ""榆罔"": 19, ""涿鹿"": 420, ""炎帝"": 663, ""神农"": 1198, ""禹"": 11188, ""精卫"": 810, ""缙云氏"": 2, ""蚩尤"": 53, ""赤帝"": 68, ""轩辕"": 334, ""轩辕氏"": 32, ""阪泉"": 34, ""雨师"": 42, ""风伯"": 28, ""鲧"": 1, ""黄帝"": 3028, ""黄帝氏"": 14}"
GCI-HOLD-0001,8,literature_zh-00008-of-00233.parquet,922222249,fc31a9270d03970f1867af8b22e8813d75ce3bb4da3d43aea2285712e84e3cd1,250000,1,20433,"{""九黎"": 59, ""共工"": 604, ""共工氏"": 86, ""句龙"": 19, ""后土"": 307, ""太昊"": 93, ""女娃"": 46, ""女娲"": 929, ""少昊"": 97, ""帝江"": 4, ""帝鸿"": 19, ""帝鸿氏"": 5, ""应龙"": 377, ""有熊氏"": 19, ""涿鹿"": 645, ""炎帝"": 647, ""神农"": 1292, ""禹"": 11527, ""精卫"": 854, ""缙云氏"": 12, ""蚩尤"": 42, ""赤帝"": 72, ""轩辕"": 257, ""轩辕氏"": 39, ""阪泉"": 49, ""雨师"": 69, ""风伯"": 33, ""鲧"": 1, ""黄帝"": 2217, ""黄帝氏"": 13}"
GCI-HOLD-0001,9,literature_zh-00009-of-00233.parquet,903593630,14d331d41daa06fce6c152a300111a2acdeccbbc80e4ad9b1bcacea6046a21de,250000,1,19985,"{""九黎"": 57, ""共工"": 461, ""共工氏"": 52, ""句龙"": 69, ""后土"": 499, ""太昊"": 102, ""女娃"": 42, ""女娲"": 640, ""少昊"": 212, ""帝江"": 2, ""帝鸿"": 16, ""帝鸿氏"": 4, ""应龙"": 336, ""有熊氏"": 24, ""榆罔"": 19, ""涿鹿"": 542, ""炎帝"": 962, ""神农"": 1108, ""禹"": 10329, ""精卫"": 764, ""缙云氏"": 6, ""蚩尤"": 94, ""赤帝"": 127, ""轩辕"": 522, ""轩辕氏"": 38, ""阪泉"": 71, ""雨师"": 75, ""颛顼"": 2, ""风伯"": 44, ""鲧"": 6, ""黄帝"": 2743, ""黄帝氏"": 17}"
GCI-HOLD-0001,10,literature_zh-00010-of-00233.parquet,919999167,f455a42bd097ea42c19aca7767eedd8e1d9cd4530b5049803d99a94af62bf26d,250000,1,21326,"{""九黎"": 54, ""共工"": 630, ""共工氏"": 33, ""句龙"": 36, ""后土"": 263, ""太昊"": 100, ""女娃"": 76, ""女娲"": 502, ""少昊"": 129, ""帝江"": 3, ""帝鸿"": 16, ""帝鸿氏"": 8, ""应龙"": 301, ""有熊氏"": 17, ""榆罔"": 8, ""涿鹿"": 435, ""炎帝"": 456, ""神农"": 925, ""禹"": 13097, ""精卫"": 698, ""缙云氏"": 6, ""蚩尤"": 34, ""赤帝"": 44, ""轩辕"": 370, ""轩辕氏"": 22, ""阪泉"": 29, ""雨师"": 64, ""颛顼"": 2, ""风伯"": 31, ""鲧"": 3, ""黄帝"": 2929, ""黄帝氏"": 5}"
GCI-HOLD-0001,11,literature_zh-00011-of-00233.parquet,890822600,9b93bf266d7bc72ab4ba6c374ca2cd416333089fdd711a04d5979d74569d626f,250000,1,19003,"{""九黎"": 47, ""共工"": 347, ""共工氏"": 33, ""句龙"": 11, ""后土"": 308, ""太昊"": 59, ""女娃"": 37, ""女娲"": 998, ""少昊"": 118, ""帝江"": 41, ""帝鸿"": 6, ""帝鸿氏"": 2, ""应龙"": 188, ""有熊氏"": 13, ""榆罔"": 16, ""涿鹿"": 324, ""炎帝"": 658, ""神农"": 998, ""禹"": 11149, ""精卫"": 625, ""缙云氏"": 5, ""蚩尤"": 114, ""赤帝"": 32, ""轩辕"": 356, ""轩辕氏"": 18, ""阪泉"": 33, ""雨师"": 43, ""颛顼"": 1, ""风伯"": 25, ""黄帝"": 2390, ""黄帝氏"": 8}"
GCI-HOLD-0001,12,literature_zh-00012-of-00233.parquet,902085182,0290cb9e20700716e35614f4311f431f7c912650cfd79a37d95324fd07c7e9fd,250000,1,20547,"{""九黎"": 49, ""共工"": 438, ""共工氏"": 30, ""句龙"": 7, ""后土"": 313, ""太昊"": 119, ""女娃"": 41, ""女娲"": 351, ""少昊"": 128, ""帝江"": 5, ""帝鸿"": 11, ""帝鸿氏"": 4, ""应龙"": 519, ""有熊氏"": 14, ""榆罔"": 14, ""涿鹿"": 414, ""炎帝"": 529, ""神农"": 735, ""禹"": 11237, ""精卫"": 797, ""缙云氏"": 7, ""蚩尤"": 48, ""赤帝"": 136, ""轩辕"": 1183, ""轩辕氏"": 31, ""阪泉"": 26, ""雨师"": 30, ""颛顼"": 7, ""风伯"": 25, ""鲧"": 3, ""黄帝"": 3262, ""黄帝氏"": 34}"
GCI-HOLD-0001,13,literature_zh-00013-of-00233.parquet,897852490,f788d48106c8811d55c7daaad5bed37e983d328ff1b0c7a627b41ad136bf34e9,250000,1,18764,"{""九黎"": 50, ""共工"": 490, ""共工氏"": 64, ""句龙"": 26, ""后土"": 472, ""太昊"": 98, ""女娃"": 42, ""女娲"": 415, ""少昊"": 138, ""帝江"": 9, ""帝鸿"": 31, ""帝鸿氏"": 3, ""应龙"": 296, ""有熊氏"": 15, ""榆罔"": 15, ""涿鹿"": 389, ""炎帝"": 676, ""神农"": 997, ""禹"": 10565, ""精卫"": 819, ""缙云氏"": 5, ""蚩尤"": 117, ""赤帝"": 44, ""轩辕"": 366, ""轩辕氏"": 26, ""阪泉"": 22, ""雨师"": 63, ""颛顼"": 6, ""风伯"": 37, ""鲧"": 2, ""黄帝"": 2451, ""黄帝氏"": 15}"
GCI-HOLD-0001,14,literature_zh-00014-of-00233.parquet,906201453,291b7e5abeb9d6abee9405c6ee63bd58f10e1a6549bbf111939e34b9f578efe7,250000,1,19947,"{""九黎"": 34, ""共工"": 352, ""共工氏"": 22, ""句龙"": 6, ""后土"": 284, ""太昊"": 177, ""女娃"": 28, ""女娲"": 417, ""少昊"": 266, ""帝江"": 54, ""帝鸿"": 11, ""帝鸿氏"": 5, ""应龙"": 218, ""有熊氏"": 18, ""榆罔"": 3, ""涿鹿"": 332, ""炎帝"": 661, ""神农"": 932, ""禹"": 11954, ""精卫"": 768, ""缙云氏"": 25, ""蚩尤"": 53, ""赤帝"": 84, ""轩辕"": 329, ""轩辕氏"": 42, ""阪泉"": 35, ""雨师"": 54, ""颛顼"": 3, ""风伯"": 35, ""鲧"": 2, ""黄帝"": 2736, ""黄帝氏"": 7}"
GCI-HOLD-0001,15,literature_zh-00015-of-00233.parquet,908111913,074d41ba420c747441fefb1c0626d3087d77e43d36bb8c9bd17422a8711b36fc,250000,1,19654,"{""九黎"": 102, ""共工"": 411, ""共工氏"": 28, ""句龙"": 10, ""后土"": 281, ""太昊"": 94, ""女娃"": 39, ""女娲"": 380, ""少昊"": 113, ""帝江"": 3, ""帝鸿"": 11, ""帝鸿氏"": 2, ""应龙"": 264, ""有熊氏"": 14, ""榆罔"": 5, ""涿鹿"": 477, ""炎帝"": 581, ""神农"": 996, ""禹"": 12326, ""精卫"": 674, ""缙云氏"": 20, ""蚩尤"": 39, ""赤帝"": 40, ""轩辕"": 356, ""轩辕氏"": 35, ""阪泉"": 27, ""雨师"": 44, ""颛顼"": 3, ""风伯"": 65, ""鲧"": 1, ""黄帝"": 2208, ""黄帝氏"": 5}"
GCI-HOLD-0001,16,literature_zh-00016-of-00233.parquet,904554797,7afefba5605efee92ac4cedcc1c5f2407655d52a527c6cd5e15dee5e04f97755,250000,1,19952,"{""九黎"": 65, ""共工"": 431, ""共工氏"": 38, ""句龙"": 18, ""后土"": 327, ""太昊"": 198, ""女娃"": 43, ""女娲"": 353, ""少昊"": 213, ""帝江"": 10, ""帝鸿"": 23, ""帝鸿氏"": 4, ""应龙"": 333, ""有熊氏"": 7, ""榆罔"": 10, ""涿鹿"": 321, ""炎帝"": 958, ""神农"": 1101, ""禹"": 11045, ""精卫"": 897, ""缙云氏"": 3, ""蚩尤"": 35, ""赤帝"": 52, ""轩辕"": 596, ""轩辕氏"": 28, ""阪泉"": 76, ""雨师"": 27, ""颛顼"": 4, ""风伯"": 27, ""黄帝"": 2695, ""黄帝氏"": 14}"
GCI-HOLD-0001,17,literature_zh-00017-of-00233.parquet,892219821,9a9f72e6decc83a9eed9cfe0a0988a1c4389a1882f2051abed989b293a3b8b67,250000,1,19100,"{""九黎"": 40, ""共工"": 532, ""共工氏"": 32, ""句龙"": 26, ""后土"": 273, ""太昊"": 107, ""女娃"": 69, ""女娲"": 500, ""少昊"": 215, ""少皞"": 2, ""帝江"": 9, ""帝鸿"": 23, ""帝鸿氏"": 5, ""应龙"": 136, ""有熊氏"": 17, ""榆罔"": 2, ""涿鹿"": 366, ""炎帝"": 680, ""神农"": 1189, ""禹"": 11165, ""精卫"": 529, ""缙云氏"": 6, ""蚩尤"": 48, ""赤帝"": 40, ""轩辕"": 391, ""轩辕氏"": 44, ""阪泉"": 41, ""雨师"": 43, ""颛顼"": 1, ""风伯"": 24, ""鲧"": 11, ""黄帝"": 2520, ""黄帝氏"": 14}"
GCI-HOLD-0001,18,literature_zh-00018-of-00233.parquet,909682463,cfbc62a4cb629e466cce180919fe8e02b31f191dfb6b757482ae40166fa6e600,250000,1,19784,"{""九黎"": 35, ""共工"": 366, ""共工氏"": 12, ""句龙"": 7, ""后土"": 254, ""太昊"": 106, ""女娃"": 56, ""女娲"": 544, ""少昊"": 113, ""少皞"": 8, ""帝江"": 4, ""帝鸿"": 17, ""帝鸿氏"": 4, ""应龙"": 158, ""有熊氏"": 11, ""榆罔"": 2, ""涿鹿"": 359, ""炎帝"": 744, ""神农"": 960, ""禹"": 11724, ""精卫"": 963, ""缙云氏"": 5, ""蚩尤"": 51, ""赤帝"": 58, ""轩辕"": 342, ""轩辕氏"": 25, ""阪泉"": 53, ""雨师"": 41, ""颛顼"": 12, ""风伯"": 74, ""鲧"": 1, ""黄帝"": 2656, ""黄帝氏"": 19}"
GCI-HOLD-0001,19,literature_zh-00019-of-00233.parquet,892342062,0d6998d066332474713ec9d738d2bbf8585372abd33a7e5faf1af0052fdf12ea,250000,1,19226,"{""九黎"": 59, ""共工"": 402, ""共工氏"": 37, ""句龙"": 18, ""后土"": 310, ""太昊"": 120, ""女娃"": 34, ""女娲"": 492, ""少昊"": 224, ""帝江"": 3, ""帝鸿"": 9, ""应龙"": 300, ""有熊氏"": 22, ""榆罔"": 15, ""涿鹿"": 428, ""炎帝"": 682, ""神农"": 1051, ""禹"": 11424, ""精卫"": 703, ""蚩尤"": 44, ""赤帝"": 45, ""轩辕"": 287, ""轩辕氏"": 29, ""阪泉"": 29, ""雨师"": 45, ""颛顼"": 3, ""风伯"": 34, ""黄帝"": 2361, ""黄帝氏"": 16}"
GCI-HOLD-0001,20,literature_zh-00020-of-00233.parquet,895147140,a9e5e16b5a25718e99edb65fc0bb4bc2c8725ad1a3dd0293627f244452351cc1,250000,1,24481,"{""九黎"": 162, ""共工"": 432, ""共工氏"": 23, ""句龙"": 18, ""后土"": 244, ""太昊"": 145, ""女娃"": 111, ""女娲"": 636, ""少昊"": 118, ""帝江"": 2, ""帝鸿"": 41, ""帝鸿氏"": 18, ""应龙"": 373, ""有熊氏"": 14, ""榆罔"": 5, ""涿鹿"": 383, ""炎帝"": 667, ""神农"": 969, ""禹"": 12560, ""精卫"": 653, ""缙云氏"": 17, ""蚩尤"": 78, ""赤帝"": 40, ""轩辕"": 4268, ""轩辕氏"": 25, ""阪泉"": 24, ""雨师"": 108, ""颛顼"": 10, ""风伯"": 64, ""鲧"": 27, ""黄帝"": 2231, ""黄帝氏"": 15}"
GCI-HOLD-0001,21,literature_zh-00021-of-00233.parquet,889158363,85fd6d39f228989140988b9558f1bb2b85b3b24a1e037995646a0964d4a6fa9a,250000,1,19857,"{""九黎"": 70, ""共工"": 465, ""共工氏"": 43, ""句龙"": 23, ""后土"": 512, ""太昊"": 135, ""女娃"": 63, ""女娲"": 805, ""少昊"": 132, ""帝江"": 5, ""帝鸿"": 11, ""帝鸿氏"": 4, ""应龙"": 363, ""有熊氏"": 14, ""榆罔"": 19, ""涿鹿"": 341, ""炎帝"": 462, ""神农"": 903, ""禹"": 12172, ""精卫"": 536, ""缙云氏"": 5, ""蚩尤"": 40, ""赤帝"": 56, ""轩辕"": 219, ""轩辕氏"": 24, ""阪泉"": 28, ""雨师"": 158, ""颛顼"": 8, ""风伯"": 59, ""鲧"": 7, ""黄帝"": 2167, ""黄帝氏"": 8}"
GCI-HOLD-0001,22,literature_zh-00022-of-00233.parquet,882836697,ff8fb9b8cc696b9c90d72a37f4731abe466ca0c8ecc3d548a4e8fd5a4dae1245,250000,1,20009,"{""九黎"": 73, ""共工"": 611, ""共工氏"": 50, ""句龙"": 9, ""后土"": 329, ""太昊"": 166, ""太皞"": 1, ""女娃"": 30, ""女娲"": 651, ""少昊"": 209, ""帝江"": 4, ""帝鸿"": 20, ""帝鸿氏"": 5, ""应龙"": 443, ""有熊氏"": 10, ""榆罔"": 1, ""涿鹿"": 415, ""炎帝"": 1336, ""神农"": 1758, ""禹"": 10664, ""精卫"": 552, ""缙云氏"": 6, ""蚩尤"": 34, ""赤帝"": 81, ""轩辕"": 249, ""轩辕氏"": 26, ""阪泉"": 31, ""雨师"": 40, ""颛顼"": 6, ""风伯"": 34, ""黄帝"": 2151, ""黄帝氏"": 14}"
GCI-HOLD-0001,23,literature_zh-00023-of-00233.parquet,894448340,d039386c8b178adb7cb58ae9540bfb6ea870deae8f3eb09773fb0dab599f1362,250000,1,17186,"{""九黎"": 59, ""共工"": 382, ""共工氏"": 29, ""句龙"": 12, ""后土"": 241, ""太昊"": 48, ""女娃"": 47, ""女娲"": 234, ""少昊"": 108, ""帝江"": 10, ""帝鸿"": 57, ""帝鸿氏"": 3, ""应龙"": 255, ""有熊氏"": 20, ""涿鹿"": 269, ""炎帝"": 327, ""神农"": 759, ""禹"": 11222, ""精卫"": 631, ""缙云氏"": 5, ""蚩尤"": 34, ""赤帝"": 39, ""轩辕"": 299, ""轩辕氏"": 16, ""阪泉"": 14, ""雨师"": 24, ""颛顼"": 4, ""风伯"": 18, ""黄帝"": 2009, ""黄帝氏"": 11}"
GCI-HOLD-0001,24,literature_zh-00024-of-00233.parquet,882564620,5f7943b6f84af1f3d24c11d94b73598c31287bd1753feb4c77385bbccd8bb70a,250000,1,21914,"{""九黎"": 72, ""共工"": 348, ""共工氏"": 21, ""句龙"": 8, ""后土"": 360, ""太昊"": 260, ""女娃"": 55, ""女娲"": 467, ""少昊"": 171, ""帝江"": 7, ""帝鸿"": 9, ""应龙"": 221, ""有熊氏"": 13, ""榆罔"": 20, ""涿鹿"": 403, ""炎帝"": 1280, ""神农"": 1334, ""禹"": 10182, ""精卫"": 529, ""缙云氏"": 5, ""蚩尤"": 122, ""赤帝"": 86, ""轩辕"": 524, ""轩辕氏"": 53, ""阪泉"": 255, ""雨师"": 69, ""颛顼"": 4, ""风伯"": 46, ""鲧"": 6, ""黄帝"": 4964, ""黄帝氏"": 20}"
GCI-HOLD-0001,25,literature_zh-00025-of-00233.parquet,884793001,7375376fa23a8d683a4fcbb7157fd833b2e5deda42d68427bbf76d11458eb660,250000,1,18167,"{""九黎"": 90, ""共工"": 407, ""共工氏"": 53, ""句龙"": 14, ""后土"": 355, ""太昊"": 107, ""太皞"": 3, ""女娃"": 86, ""女娲"": 508, ""少昊"": 150, ""少皞"": 2, ""帝江"": 2, ""帝鸿"": 19, ""帝鸿氏"": 5, ""应龙"": 465, ""有熊氏"": 16, ""榆罔"": 20, ""涿鹿"": 466, ""炎帝"": 704, ""神农"": 710, ""禹"": 9807, ""精卫"": 666, ""缙云氏"": 7, ""蚩尤"": 158, ""赤帝"": 93, ""轩辕"": 420, ""轩辕氏"": 56, ""阪泉"": 30, ""雨师"": 48, ""颛顼"": 5, ""风伯"": 46, ""黄帝"": 2627, ""黄帝氏"": 22}"
GCI-HOLD-0001,26,literature_zh-00026-of-00233.parquet,874751388,6e0782e2eadb2f6d42969e272abb2111571a6833971894380a5fe8f6bcc0799d,250000,1,19375,"{""九黎"": 63, ""共工"": 394, ""共工氏"": 30, ""句龙"": 19, ""后土"": 279, ""太昊"": 98, ""女娃"": 35, ""女娲"": 512, ""少昊"": 111, ""帝江"": 2, ""帝鸿"": 2, ""应龙"": 333, ""有熊氏"": 18, ""榆罔"": 2, ""涿鹿"": 402, ""炎帝"": 551, ""神农"": 1284, ""禹"": 11715, ""精卫"": 605, ""缙云氏"": 1, ""蚩尤"": 57, ""赤帝"": 35, ""轩辕"": 248, ""轩辕氏"": 24, ""阪泉"": 23, ""雨师"": 29, ""颛顼"": 30, ""风伯"": 22, ""黄帝"": 2447, ""黄帝氏"": 4}"
GCI-HOLD-0001,27,literature_zh-00027-of-00233.parquet,883360422,197f5bb137b4652bf85950db495cae91a32351dd567fc303484fe7393cfd5907,250000,1,22709,"{""九黎"": 170, ""共工"": 654, ""共工氏"": 78, ""句龙"": 12, ""后土"": 340, ""太昊"": 155, ""女娃"": 107, ""女娲"": 721, ""少昊"": 190, ""帝江"": 10, ""帝鸿"": 13, ""帝鸿氏"": 8, ""应龙"": 276, ""有熊氏"": 24, ""榆罔"": 23, ""涿鹿"": 480, ""炎帝"": 700, ""神农"": 1081, ""禹"": 13632, ""精卫"": 669, ""缙云氏"": 14, ""蚩尤"": 27, ""赤帝"": 73, ""轩辕"": 320, ""轩辕氏"": 57, ""阪泉"": 45, ""雨师"": 35, ""颛顼"": 5, ""风伯"": 26, ""鲧"": 3, ""黄帝"": 2743, ""黄帝氏"": 18}"
GCI-HOLD-0001,28,literature_zh-00028-of-00233.parquet,895012463,63ae3a33fb90ac30e33cd4bde6feb08446c473f4b255c33695a5c016d1774f6c,250000,1,21384,"{""九黎"": 109, ""共工"": 601, ""共工氏"": 66, ""句龙"": 15, ""后土"": 274, ""太昊"": 70, ""女娃"": 42, ""女娲"": 501, ""少昊"": 151, ""帝江"": 18, ""帝鸿"": 11, ""帝鸿氏"": 2, ""应龙"": 359, ""有熊氏"": 19, ""榆罔"": 56, ""涿鹿"": 330, ""炎帝"": 734, ""神农"": 1086, ""禹"": 12886, ""精卫"": 701, ""缙云氏"": 3, ""蚩尤"": 356, ""赤帝"": 52, ""轩辕"": 647, ""轩辕氏"": 30, ""阪泉"": 27, ""雨师"": 42, ""颛顼"": 7, ""风伯"": 35, ""鲧"": 5, ""黄帝"": 2134, ""黄帝氏"": 15}"
GCI-HOLD-0001,29,literature_zh-00029-of-00233.parquet,878367940,3f045e8749684e77d0219dd598a81018bc003ec9a413bf19c774e1ccb047ae54,250000,1,20323,"{""九黎"": 264, ""共工"": 535, ""共工氏"": 22, ""句龙"": 9, ""后土"": 610, ""太昊"": 104, ""女娃"": 109, ""女娲"": 1508, ""少昊"": 82, ""帝江"": 136, ""帝鸿"": 12, ""帝鸿氏"": 2, ""应龙"": 307, ""有熊氏"": 14, ""榆罔"": 55, ""涿鹿"": 299, ""炎帝"": 405, ""神农"": 1319, ""禹"": 10408, ""精卫"": 480, ""蚩尤"": 452, ""赤帝"": 83, ""轩辕"": 906, ""轩辕氏"": 19, ""阪泉"": 26, ""雨师"": 82, ""颛顼"": 143, ""风伯"": 62, ""鲧"": 98, ""黄帝"": 1761, ""黄帝氏"": 11}"
GCI-HOLD-0001,30,literature_zh-00030-of-00233.parquet,888438856,b38be489e675a6a276cef8c24b397e32c458d836720860452da3e734468e8adc,250000,1,19676,"{""九黎"": 56, ""共工"": 393, ""共工氏"": 31, ""句龙"": 13, ""后土"": 379, ""太昊"": 181, ""女娃"": 78, ""女娲"": 503, ""少昊"": 108, ""帝江"": 24, ""帝鸿"": 16, ""帝鸿氏"": 2, ""应龙"": 737, ""有熊氏"": 9, ""榆罔"": 13, ""涿鹿"": 486, ""炎帝"": 625, ""神农"": 982, ""禹"": 11630, ""精卫"": 638, ""缙云氏"": 2, ""蚩尤"": 41, ""赤帝"": 59, ""轩辕"": 269, ""轩辕氏"": 17, ""阪泉"": 32, ""雨师"": 61, ""风伯"": 28, ""鲧"": 3, ""黄帝"": 2248, ""黄帝氏"": 12}"
GCI-HOLD-0001,31,literature_zh-00031-of-00233.parquet,874735343,8625b444bb4162950d237944efa83054f30b9386be3888710ec4228b85f8e6e9,250000,1,18681,"{""九黎"": 54, ""共工"": 660, ""共工氏"": 37, ""句龙"": 22, ""后土"": 326, ""太昊"": 124, ""女娃"": 57, ""女娲"": 447, ""少昊"": 175, ""帝江"": 5, ""帝鸿"": 23, ""帝鸿氏"": 7, ""应龙"": 211, ""有熊氏"": 28, ""榆罔"": 6, ""涿鹿"": 410, ""炎帝"": 480, ""神农"": 754, ""禹"": 11404, ""精卫"": 646, ""缙云氏"": 11, ""蚩尤"": 36, ""赤帝"": 45, ""轩辕"": 275, ""轩辕氏"": 19, ""阪泉"": 39, ""雨师"": 50, ""颛顼"": 9, ""风伯"": 27, ""鲧"": 1, ""黄帝"": 2278, ""黄帝氏"": 15}"
GCI-HOLD-0001,32,literature_zh-00032-of-00233.parquet,880205627,4b6a5d63bb1f7df4378dc544a32d31ccff29df3bdc2f5984840e0eec64916e4e,250000,1,20184,"{""九黎"": 63, ""共工"": 349, ""共工氏"": 33, ""句龙"": 6, ""后土"": 248, ""太昊"": 131, ""女娃"": 44, ""女娲"": 436, ""少昊"": 101, ""帝江"": 9, ""帝鸿"": 15, ""帝鸿氏"": 4, ""应龙"": 342, ""有熊氏"": 36, ""榆罔"": 20, ""涿鹿"": 355, ""炎帝"": 437, ""神农"": 826, ""禹"": 12169, ""精卫"": 635, ""缙云氏"": 2, ""蚩尤"": 55, ""赤帝"": 45, ""轩辕"": 636, ""轩辕氏"": 32, ""阪泉"": 34, ""雨师"": 31, ""颛顼"": 4, ""风伯"": 63, ""鲧"": 3, ""黄帝"": 3009, ""黄帝氏"": 11}"
GCI-HOLD-0001,33,literature_zh-00033-of-00233.parquet,855588628,6bb1366d1fa35bbde4999cff93b12944223cc8c2ec6ebbbd22e351709f1acadc,250000,1,18446,"{""九黎"": 72, ""共工"": 348, ""共工氏"": 39, ""句龙"": 12, ""后土"": 279, ""太昊"": 101, ""女娃"": 38, ""女娲"": 352, ""少昊"": 187, ""帝江"": 5, ""帝鸿"": 16, ""帝鸿氏"": 3, ""应龙"": 197, ""有熊氏"": 11, ""榆罔"": 33, ""涿鹿"": 385, ""炎帝"": 844, ""神农"": 1125, ""禹"": 10572, ""精卫"": 735, ""缙云氏"": 14, ""蚩尤"": 56, ""赤帝"": 30, ""轩辕"": 375, ""轩辕氏"": 48, ""阪泉"": 66, ""雨师"": 47, ""颛顼"": 11, ""风伯"": 40, ""鲧"": 1, ""黄帝"": 2397, ""黄帝氏"": 7}"
GCI-HOLD-0001,34,literature_zh-00034-of-00233.parquet,885694157,3d883c086ac786adfccdbb124c2043865b61b2cc285cacdbb545c0be3d67a79d,250000,1,19831,"{""九黎"": 71, ""共工"": 397, ""共工氏"": 27, ""句龙"": 11, ""后土"": 310, ""太昊"": 148, ""女娃"": 46, ""女娲"": 503, ""少昊"": 189, ""帝江"": 8, ""帝鸿"": 66, ""帝鸿氏"": 9, ""应龙"": 365, ""有熊氏"": 23, ""榆罔"": 7, ""涿鹿"": 350, ""炎帝"": 643, ""神农"": 799, ""禹"": 11993, ""精卫"": 536, ""缙云氏"": 7, ""蚩尤"": 44, ""赤帝"": 50, ""轩辕"": 336, ""轩辕氏"": 37, ""阪泉"": 59, ""雨师"": 52, ""颛顼"": 1, ""风伯"": 34, ""鲧"": 3, ""黄帝"": 2682, ""黄帝氏"": 25}"
GCI-HOLD-0001,35,literature_zh-00035-of-00233.parquet,872146586,4e7c1ed48f2aff84b8eb946313393321fb437dae5d25dce31c8f952679b59eae,250000,1,19894,"{""九黎"": 146, ""共工"": 710, ""共工氏"": 16, ""句龙"": 12, ""后土"": 468, ""太昊"": 71, ""女娃"": 46, ""女娲"": 1730, ""少昊"": 107, ""少皞"": 1, ""帝江"": 155, ""帝鸿"": 14, ""帝鸿氏"": 5, ""应龙"": 298, ""有熊氏"": 12, ""榆罔"": 9, ""涿鹿"": 324, ""炎帝"": 595, ""神农"": 1003, ""禹"": 10658, ""精卫"": 529, ""缙云氏"": 3, ""蚩尤"": 229, ""赤帝"": 51, ""轩辕"": 409, ""轩辕氏"": 23, ""阪泉"": 27, ""雨师"": 95, ""颛顼"": 6, ""风伯"": 54, ""鲧"": 4, ""黄帝"": 2080, ""黄帝氏"": 4}"
GCI-HOLD-0001,36,literature_zh-00036-of-00233.parquet,867744571,52c0f4c9b371029ecb246c3af4eb230843ba70afe01c826f8e3fb8406bfc6249,250000,1,17932,"{""九黎"": 56, ""共工"": 406, ""共工氏"": 24, ""句龙"": 3, ""后土"": 272, ""太昊"": 75, ""女娃"": 58, ""女娲"": 262, ""少昊"": 149, ""帝江"": 2, ""帝鸿"": 5, ""帝鸿氏"": 4, ""应龙"": 341, ""有熊氏"": 8, ""榆罔"": 6, ""涿鹿"": 401, ""炎帝"": 482, ""神农"": 858, ""禹"": 11197, ""精卫"": 483, ""缙云氏"": 17, ""蚩尤"": 26, ""赤帝"": 47, ""轩辕"": 276, ""轩辕氏"": 16, ""阪泉"": 53, ""雨师"": 109, ""颛顼"": 4, ""风伯"": 30, ""鲧"": 11, ""黄帝"": 2235, ""黄帝氏"": 16}"
GCI-HOLD-0001,37,literature_zh-00037-of-00233.parquet,878902910,e0fb29fc6f1d57e0168e8c8169ea58fc8d8551db5995d0fe44571947e397124d,250000,1,21865,"{""九黎"": 88, ""共工"": 385, ""共工氏"": 24, ""句龙"": 6, ""后土"": 357, ""太昊"": 4136, ""女娃"": 80, ""女娲"": 269, ""少昊"": 739, ""帝江"": 9, ""帝鸿"": 11, ""帝鸿氏"": 4, ""应龙"": 271, ""有熊氏"": 11, ""榆罔"": 13, ""涿鹿"": 525, ""炎帝"": 613, ""神农"": 834, ""禹"": 9722, ""精卫"": 486, ""缙云氏"": 6, ""蚩尤"": 280, ""赤帝"": 44, ""轩辕"": 282, ""轩辕氏"": 22, ""阪泉"": 56, ""雨师"": 52, ""颛顼"": 4, ""风伯"": 58, ""鲧"": 3, ""黄帝"": 2467, ""黄帝氏"": 8}"
GCI-HOLD-0001,38,literature_zh-00038-of-00233.parquet,871866549,e8e4dfe3b3a0002607fd3933d0d6dab1c955f838a4a7a44cf9925552a0338963,250000,1,22587,"{""九黎"": 89, ""共工"": 470, ""共工氏"": 53, ""句龙"": 12, ""后土"": 2269, ""太昊"": 99, ""女娃"": 131, ""女娲"": 1920, ""少昊"": 155, ""帝江"": 141, ""帝鸿"": 8, ""帝鸿氏"": 2, ""应龙"": 259, ""有熊氏"": 10, ""榆罔"": 6, ""涿鹿"": 368, ""炎帝"": 870, ""神农"": 838, ""禹"": 10949, ""精卫"": 507, ""缙云氏"": 7, ""蚩尤"": 463, ""赤帝"": 35, ""轩辕"": 668, ""轩辕氏"": 36, ""阪泉"": 31, ""雨师"": 48, ""颛顼"": 20, ""风伯"": 28, ""黄帝"": 2069, ""黄帝氏"": 26}"
GCI-HOLD-0001,39,literature_zh-00039-of-00233.parquet,866313186,3d88c17bb0ae4c0364e738e217bab4d3b5a2a6f3c994a59dab869092ff916cd1,250000,1,18688,"{""九黎"": 45, ""共工"": 480, ""共工氏"": 29, ""句龙"": 3, ""后土"": 343, ""太昊"": 134, ""女娃"": 29, ""女娲"": 736, ""少昊"": 159, ""帝江"": 27, ""帝鸿"": 16, ""帝鸿氏"": 7, ""应龙"": 283, ""有熊氏"": 15, ""榆罔"": 2, ""涿鹿"": 392, ""炎帝"": 492, ""神农"": 930, ""禹"": 11204, ""精卫"": 466, ""缙云氏"": 2, ""蚩尤"": 46, ""赤帝"": 62, ""轩辕"": 220, ""轩辕氏"": 19, ""阪泉"": 25, ""雨师"": 39, ""颛顼"": 6, ""风伯"": 48, ""鲧"": 4, ""黄帝"": 2414, ""黄帝氏"": 11}"
GCI-HOLD-0001,40,literature_zh-00040-of-00233.parquet,866896382,a189c9209dd53cac203b56dbbc58d4c3bb5ef61bb0f0204a30f37e4377b1b1c3,250000,1,16742,"{""九黎"": 74, ""共工"": 353, ""共工氏"": 17, ""句龙"": 14, ""后土"": 280, ""太昊"": 86, ""女娃"": 66, ""女娲"": 579, ""少昊"": 116, ""帝江"": 8, ""帝鸿"": 16, ""帝鸿氏"": 3, ""应龙"": 160, ""有熊氏"": 23, ""榆罔"": 5, ""涿鹿"": 372, ""炎帝"": 548, ""神农"": 780, ""禹"": 10412, ""精卫"": 458, ""缙云氏"": 20, ""蚩尤"": 45, ""赤帝"": 42, ""轩辕"": 212, ""轩辕氏"": 19, ""阪泉"": 24, ""雨师"": 74, ""颛顼"": 8, ""风伯"": 61, ""鲧"": 1, ""黄帝"": 1845, ""黄帝氏"": 21}"
GCI-HOLD-0001,41,literature_zh-00041-of-00233.parquet,865597396,4bfc956a5625f5027ad71af69547a5f014bebf6e5cbabe0e55c81b4930bd9714,250000,1,16865,"{""九黎"": 34, ""共工"": 335, ""共工氏"": 17, ""句龙"": 21, ""后土"": 226, ""太昊"": 80, ""女娃"": 41, ""女娲"": 280, ""少昊"": 89, ""帝江"": 3, ""帝鸿"": 10, ""帝鸿氏"": 7, ""应龙"": 264, ""有熊氏"": 8, ""榆罔"": 3, ""涿鹿"": 367, ""炎帝"": 382, ""神农"": 907, ""禹"": 11008, ""精卫"": 571, ""缙云氏"": 24, ""蚩尤"": 44, ""赤帝"": 38, ""轩辕"": 282, ""轩辕氏"": 33, ""阪泉"": 22, ""雨师"": 48, ""颛顼"": 4, ""风伯"": 39, ""黄帝"": 1674, ""黄帝氏"": 4}"
GCI-HOLD-0001,42,literature_zh-00042-of-00233.parquet,857501221,f7c9af8de011fa3f39374b51373292bd9e492a5e643ca3ba0e80e5647f69adb2,250000,1,18550,"{""九黎"": 63, ""共工"": 474, ""共工氏"": 20, ""句龙"": 13, ""后土"": 301, ""太昊"": 72, ""女娃"": 46, ""女娲"": 820, ""少昊"": 119, ""帝江"": 9, ""帝鸿"": 19, ""帝鸿氏"": 9, ""应龙"": 229, ""有熊氏"": 18, ""榆罔"": 5, ""涿鹿"": 401, ""炎帝"": 484, ""神农"": 869, ""禹"": 11454, ""精卫"": 512, ""缙云氏"": 3, ""蚩尤"": 33, ""赤帝"": 24, ""轩辕"": 393, ""轩辕氏"": 23, ""阪泉"": 42, ""雨师"": 27, ""颛顼"": 8, ""风伯"": 21, ""鲧"": 10, ""黄帝"": 2019, ""黄帝氏"": 10}"
GCI-HOLD-0001,43,literature_zh-00043-of-00233.parquet,872565513,e9478f10b69b769ae561f5ff44a2b4dd51a4c3b3283118545da14dab8e65343c,250000,1,19037,"{""九黎"": 50, ""共工"": 526, ""共工氏"": 13, ""句龙"": 6, ""后土"": 232, ""太昊"": 87, ""女娃"": 125, ""女娲"": 546, ""少昊"": 187, ""帝江"": 1, ""帝鸿"": 15, ""应龙"": 350, ""有熊氏"": 8, ""榆罔"": 3, ""涿鹿"": 446, ""炎帝"": 542, ""神农"": 964, ""禹"": 11400, ""精卫"": 716, ""缙云氏"": 3, ""蚩尤"": 224, ""赤帝"": 48, ""轩辕"": 258, ""轩辕氏"": 42, ""阪泉"": 21, ""雨师"": 34, ""颛顼"": 12, ""风伯"": 30, ""鲧"": 2, ""黄帝"": 2140, ""黄帝氏"": 6}"
GCI-HOLD-0001,44,literature_zh-00044-of-00233.parquet,862252703,db55e91e939a2a78e5447fbce47a1a1061e0c35c892fe5dbc04e0fd9b434c18f,250000,1,17209,"{""九黎"": 29, ""共工"": 366, ""共工氏"": 27, ""句龙"": 13, ""后土"": 252, ""太昊"": 82, ""女娃"": 46, ""女娲"": 416, ""少昊"": 80, ""帝江"": 8, ""帝鸿"": 19, ""帝鸿氏"": 6, ""应龙"": 271, ""有熊氏"": 6, ""榆罔"": 6, ""涿鹿"": 392, ""炎帝"": 866, ""神农"": 1200, ""禹"": 10149, ""精卫"": 612, ""缙云氏"": 22, ""蚩尤"": 35, ""赤帝"": 61, ""轩辕"": 508, ""轩辕氏"": 34, ""阪泉"": 17, ""雨师"": 102, ""颛顼"": 2, ""风伯"": 54, ""鲧"": 1, ""黄帝"": 1521, ""黄帝氏"": 6}"
GCI-HOLD-0001,45,literature_zh-00045-of-00233.parquet,841144333,40e7c3060d09767deb299a0213d09c2bae1c34b5cfa53a82538ce7035fcd6dfd,250000,1,17059,"{""九黎"": 54, ""共工"": 275, ""共工氏"": 15, ""句龙"": 7, ""后土"": 224, ""太昊"": 105, ""女娃"": 31, ""女娲"": 283, ""少昊"": 106, ""帝江"": 9, ""帝鸿"": 16, ""帝鸿氏"": 5, ""应龙"": 220, ""有熊氏"": 6, ""榆罔"": 2, ""涿鹿"": 385, ""炎帝"": 291, ""神农"": 780, ""禹"": 11387, ""精卫"": 529, ""缙云氏"": 3, ""蚩尤"": 34, ""赤帝"": 113, ""轩辕"": 258, ""轩辕氏"": 20, ""阪泉"": 43, ""雨师"": 29, ""颛顼"": 2, ""风伯"": 18, ""黄帝"": 1807, ""黄帝氏"": 2}"
GCI-HOLD-0001,46,literature_zh-00046-of-00233.parquet,855271659,177b1cf50f1d80e6cbaa4f451af96b9896a05327ef49520b1de57242562d8bbd,250000,1,18352,"{""九黎"": 52, ""共工"": 320, ""共工氏"": 32, ""句龙"": 7, ""后土"": 264, ""太昊"": 68, ""女娃"": 41, ""女娲"": 772, ""少昊"": 84, ""少皞"": 1, ""帝江"": 8, ""帝鸿"": 8, ""帝鸿氏"": 3, ""应龙"": 236, ""有熊氏"": 8, ""榆罔"": 2, ""涿鹿"": 421, ""炎帝"": 404, ""神农"": 895, ""禹"": 10732, ""精卫"": 720, ""缙云氏"": 7, ""蚩尤"": 88, ""赤帝"": 39, ""轩辕"": 291, ""轩辕氏"": 15, ""阪泉"": 31, ""雨师"": 31, ""颛顼"": 5, ""风伯"": 26, ""鲧"": 1, ""黄帝"": 2725, ""黄帝氏"": 15}"
GCI-HOLD-0001,47,literature_zh-00047-of-00233.parquet,838224005,ef0ef1ba1626ff96aca5a7d9be096e1ef0c174fb8f7273a246de491d9f2b38b8,250000,1,17668,"{""九黎"": 13, ""共工"": 530, ""共工氏"": 62, ""句龙"": 11, ""后土"": 276, ""太昊"": 60, ""女娃"": 41, ""女娲"": 356, ""少昊"": 103, ""帝江"": 8, ""帝鸿"": 8, ""应龙"": 408, ""有熊氏"": 12, ""涿鹿"": 326, ""炎帝"": 450, ""神农"": 871, ""禹"": 10278, ""精卫"": 1165, ""缙云氏"": 1, ""蚩尤"": 26, ""赤帝"": 31, ""轩辕"": 288, ""轩辕氏"": 40, ""阪泉"": 25, ""雨师"": 48, ""颛顼"": 25, ""风伯"": 53, ""黄帝"": 2146, ""黄帝氏"": 7}"
GCI-HOLD-0001,48,literature_zh-00048-of-00233.parquet,852029087,16d27c34bacf4719d480452b355aab9293772a702757149032c98077589a43b9,250000,1,18327,"{""九黎"": 44, ""共工"": 396, ""共工氏"": 46, ""句龙"": 17, ""后土"": 266, ""太昊"": 125, ""女娃"": 111, ""女娲"": 580, ""少昊"": 133, ""帝江"": 2, ""帝鸿"": 36, ""帝鸿氏"": 5, ""应龙"": 313, ""有熊氏"": 21, ""榆罔"": 9, ""涿鹿"": 340, ""炎帝"": 732, ""神农"": 1171, ""禹"": 10457, ""精卫"": 518, ""缙云氏"": 12, ""蚩尤"": 39, ""赤帝"": 38, ""轩辕"": 378, ""轩辕氏"": 29, ""阪泉"": 17, ""雨师"": 51, ""风伯"": 32, ""黄帝"": 2393, ""黄帝氏"": 16}"
GCI-HOLD-0001,49,literature_zh-00049-of-00233.parquet,839755141,eda58466d89e92eea64d347d543831676c4d015438f56053bbd6419d738f0f54,250000,1,16456,"{""九黎"": 27, ""共工"": 311, ""共工氏"": 19, ""句龙"": 3, ""后土"": 280, ""太昊"": 146, ""女娃"": 54, ""女娲"": 380, ""少昊"": 151, ""帝江"": 4, ""帝鸿"": 18, ""帝鸿氏"": 2, ""应龙"": 252, ""有熊氏"": 13, ""榆罔"": 1, ""涿鹿"": 249, ""炎帝"": 304, ""神农"": 1011, ""禹"": 10592, ""精卫"": 612, ""缙云氏"": 15, ""蚩尤"": 36, ""赤帝"": 42, ""轩辕"": 237, ""轩辕氏"": 13, ""阪泉"": 28, ""雨师"": 57, ""颛顼"": 3, ""风伯"": 45, ""黄帝"": 1546, ""黄帝氏"": 5}"
GCI-HOLD-0001,50,literature_zh-00050-of-00233.parquet,867561409,c0d4587c6679ccdfa0a41288445742640c20feb2f1d9e959366e3e706fa15450,250000,1,19311,"{""九黎"": 106, ""共工"": 373, ""共工氏"": 27, ""句龙"": 11, ""后土"": 701, ""太昊"": 77, ""太皞"": 8, ""女娃"": 68, ""女娲"": 376, ""少昊"": 174, ""帝江"": 8, ""帝鸿"": 11, ""帝鸿氏"": 1, ""应龙"": 321, ""有熊氏"": 5, ""榆罔"": 8, ""涿鹿"": 323, ""炎帝"": 456, ""神农"": 1062, ""禹"": 12368, ""精卫"": 475, ""缙云氏"": 3, ""蚩尤"": 55, ""赤帝"": 55, ""轩辕"": 302, ""轩辕氏"": 14, ""阪泉"": 27, ""雨师"": 121, ""颛顼"": 1, ""风伯"": 90, ""鲧"": 1, ""黄帝"": 1678, ""黄帝氏"": 5}"
GCI-HOLD-0001,51,literature_zh-00051-of-00233.parquet,869114840,91008db820992d43a852b9379974997fcb23f39490cbcfb0c780b3f16c54add3,250000,1,19224,"{""九黎"": 74, ""共工"": 323, ""共工氏"": 16, ""句龙"": 20, ""后土"": 272, ""太昊"": 116, ""女娃"": 66, ""女娲"": 718, ""少昊"": 75, ""帝江"": 4, ""帝鸿"": 8, ""应龙"": 252, ""有熊氏"": 11, ""榆罔"": 5, ""涿鹿"": 344, ""炎帝"": 649, ""神农"": 926, ""禹"": 11591, ""精卫"": 582, ""缙云氏"": 6, ""蚩尤"": 45, ""赤帝"": 29, ""轩辕"": 299, ""轩辕氏"": 29, ""阪泉"": 28, ""雨师"": 26, ""颛顼"": 58, ""风伯"": 26, ""鲧"": 21, ""黄帝"": 2602, ""黄帝氏"": 3}"
GCI-HOLD-0001,52,literature_zh-00052-of-00233.parquet,844278165,260a4f1a3b74389f51d06c204db1dfdc40ef8b95870076a6c25204f7d8c9a7c1,250000,1,17834,"{""九黎"": 59, ""共工"": 375, ""共工氏"": 37, ""句龙"": 54, ""后土"": 214, ""太昊"": 73, ""女娃"": 29, ""女娲"": 409, ""少昊"": 92, ""帝江"": 2, ""帝鸿"": 8, ""帝鸿氏"": 5, ""应龙"": 273, ""有熊氏"": 5, ""榆罔"": 9, ""涿鹿"": 456, ""炎帝"": 852, ""神农"": 1139, ""禹"": 10428, ""精卫"": 558, ""缙云氏"": 8, ""蚩尤"": 56, ""赤帝"": 55, ""轩辕"": 378, ""轩辕氏"": 45, ""阪泉"": 40, ""雨师"": 51, ""颛顼"": 6, ""风伯"": 38, ""鲧"": 3, ""黄帝"": 2074, ""黄帝氏"": 3}"
GCI-HOLD-0001,53,literature_zh-00053-of-00233.parquet,856944018,cf0c750adbf84dc5146aa8ff4704d7850668986474bbbad6cdd3fdd0ba40b5db,250000,1,16178,"{""九黎"": 33, ""共工"": 313, ""共工氏"": 11, ""句龙"": 4, ""后土"": 277, ""太昊"": 45, ""女娃"": 87, ""女娲"": 393, ""少昊"": 66, ""帝江"": 5, ""帝鸿"": 8, ""帝鸿氏"": 1, ""应龙"": 237, ""有熊氏"": 6, ""榆罔"": 10, ""涿鹿"": 277, ""炎帝"": 509, ""神农"": 699, ""禹"": 10544, ""精卫"": 527, ""缙云氏"": 5, ""蚩尤"": 40, ""赤帝"": 90, ""轩辕"": 237, ""轩辕氏"": 37, ""阪泉"": 31, ""雨师"": 28, ""颛顼"": 1, ""风伯"": 41, ""鲧"": 1, ""黄帝"": 1604, ""黄帝氏"": 11}"
GCI-HOLD-0001,54,literature_zh-00054-of-00233.parquet,850381403,f8e4a28f0bf123ee2009f5162db378bceead9180735eefc33bbe4e84d022d963,250000,1,18127,"{""九黎"": 84, ""共工"": 514, ""共工氏"": 56, ""句龙"": 10, ""后土"": 315, ""太昊"": 61, ""女娃"": 105, ""女娲"": 758, ""少昊"": 69, ""帝江"": 5, ""帝鸿"": 14, ""帝鸿氏"": 2, ""应龙"": 178, ""有熊氏"": 9, ""榆罔"": 11, ""涿鹿"": 392, ""炎帝"": 578, ""神农"": 964, ""禹"": 10660, ""精卫"": 531, ""缙云氏"": 15, ""蚩尤"": 74, ""赤帝"": 39, ""轩辕"": 210, ""轩辕氏"": 16, ""阪泉"": 33, ""雨师"": 35, ""颛顼"": 1, ""风伯"": 21, ""黄帝"": 2351, ""黄帝氏"": 16}"
GCI-HOLD-0001,55,literature_zh-00055-of-00233.parquet,844158622,d7df52d39674010c64653fd9f9086348e30f12f3305fddcba87677d44434ca28,250000,1,19631,"{""九黎"": 115, ""共工"": 357, ""共工氏"": 36, ""句龙"": 11, ""后土"": 238, ""太昊"": 114, ""女娃"": 61, ""女娲"": 330, ""少昊"": 198, ""帝江"": 4, ""帝鸿"": 19, ""帝鸿氏"": 5, ""应龙"": 554, ""有熊氏"": 10, ""榆罔"": 13, ""涿鹿"": 504, ""炎帝"": 1167, ""神农"": 1129, ""禹"": 11161, ""精卫"": 689, ""缙云氏"": 5, ""蚩尤"": 52, ""赤帝"": 41, ""轩辕"": 328, ""轩辕氏"": 37, ""阪泉"": 51, ""雨师"": 62, ""颛顼"": 5, ""风伯"": 24, ""黄帝"": 2290, ""黄帝氏"": 21}"
GCI-HOLD-0001,56,literature_zh-00056-of-00233.parquet,840412035,2258f9ac264cb95b09d326d66efa08f963833de23b068e9b09df5038afb64f10,250000,1,20384,"{""九黎"": 32, ""共工"": 399, ""共工氏"": 19, ""句龙"": 9, ""后土"": 268, ""太昊"": 32, ""女娃"": 44, ""女娲"": 452, ""少昊"": 76, ""帝江"": 3, ""帝鸿"": 17, ""帝鸿氏"": 3, ""应龙"": 412, ""有熊氏"": 10, ""榆罔"": 1, ""涿鹿"": 399, ""炎帝"": 359, ""神农"": 589, ""禹"": 10716, ""精卫"": 625, ""缙云氏"": 4, ""蚩尤"": 28, ""赤帝"": 59, ""轩辕"": 4187, ""轩辕氏"": 19, ""阪泉"": 10, ""雨师"": 82, ""颛顼"": 21, ""风伯"": 62, ""黄帝"": 1443, ""黄帝氏"": 4}"
GCI-HOLD-0001,57,literature_zh-00057-of-00233.parquet,845057115,9bb318af4118a53589c16b944d1b19ee113992dcec6826914f75458d4f1125b1,250000,1,15874,"{""九黎"": 33, ""共工"": 385, ""共工氏"": 33, ""句龙"": 7, ""后土"": 227, ""太昊"": 53, ""太皞"": 1, ""女娃"": 52, ""女娲"": 298, ""少昊"": 88, ""帝江"": 8, ""帝鸿"": 6, ""帝鸿氏"": 3, ""应龙"": 235, ""有熊氏"": 19, ""榆罔"": 2, ""涿鹿"": 531, ""炎帝"": 633, ""神农"": 876, ""禹"": 9393, ""精卫"": 440, ""缙云氏"": 10, ""蚩尤"": 64, ""赤帝"": 63, ""轩辕"": 265, ""轩辕氏"": 33, ""阪泉"": 85, ""雨师"": 30, ""颛顼"": 7, ""风伯"": 21, ""黄帝"": 1969, ""黄帝氏"": 4}"
GCI-HOLD-0001,58,literature_zh-00058-of-00233.parquet,858013960,1e2a2d7c40594c344e9119c2fff51ce68d1dee6e9ca4db32f29656d41f98b216,250000,1,16643,"{""九黎"": 153, ""共工"": 297, ""共工氏"": 24, ""句龙"": 41, ""后土"": 256, ""太昊"": 72, ""女娃"": 103, ""女娲"": 387, ""少昊"": 110, ""帝江"": 15, ""帝鸿"": 25, ""帝鸿氏"": 12, ""应龙"": 258, ""有熊氏"": 16, ""榆罔"": 6, ""涿鹿"": 445, ""炎帝"": 425, ""神农"": 792, ""禹"": 10149, ""精卫"": 369, ""缙云氏"": 11, ""蚩尤"": 40, ""赤帝"": 42, ""轩辕"": 253, ""轩辕氏"": 19, ""阪泉"": 43, ""雨师"": 421, ""颛顼"": 4, ""风伯"": 31, ""鲧"": 1, ""黄帝"": 1818, ""黄帝氏"": 5}"
GCI-HOLD-0001,59,literature_zh-00059-of-00233.parquet,841360574,c0ae1d34649022f505ffe04386df307eb9c6044feb407d142a32f0156b985437,250000,1,20014,"{""九黎"": 31, ""共工"": 378, ""共工氏"": 17, ""句龙"": 2, ""后土"": 209, ""太昊"": 825, ""女娃"": 105, ""女娲"": 420, ""少昊"": 77, ""帝江"": 172, ""帝鸿"": 18, ""帝鸿氏"": 4, ""应龙"": 301, ""有熊氏"": 9, ""榆罔"": 6, ""涿鹿"": 361, ""炎帝"": 279, ""神农"": 794, ""禹"": 13010, ""精卫"": 635, ""缙云氏"": 6, ""蚩尤"": 22, ""赤帝"": 21, ""轩辕"": 317, ""轩辕氏"": 15, ""阪泉"": 10, ""雨师"": 32, ""颛顼"": 2, ""风伯"": 53, ""鲧"": 3, ""黄帝"": 1876, ""黄帝氏"": 4}"
GCI-HOLD-0001,60,literature_zh-00060-of-00233.parquet,839982748,0c6b11e88b5db0afc576e5b9c1956c148def3c42bc100cf851b08ad1322e6548,250000,1,17366,"{""九黎"": 56, ""共工"": 386, ""共工氏"": 20, ""句龙"": 14, ""后土"": 274, ""太昊"": 67, ""女娃"": 49, ""女娲"": 596, ""少昊"": 73, ""帝江"": 20, ""帝鸿"": 9, ""帝鸿氏"": 3, ""应龙"": 427, ""有熊氏"": 7, ""榆罔"": 3, ""涿鹿"": 382, ""炎帝"": 317, ""神农"": 1287, ""禹"": 10545, ""精卫"": 342, ""缙云氏"": 2, ""蚩尤"": 37, ""赤帝"": 57, ""轩辕"": 371, ""轩辕氏"": 27, ""阪泉"": 20, ""雨师"": 66, ""颛顼"": 8, ""风伯"": 18, ""黄帝"": 1879, ""黄帝氏"": 4}"
GCI-HOLD-0001,61,literature_zh-00061-of-00233.parquet,855001463,8732e1efa6ec27bb27781a73188833b2ba373b704a43dabe55e759323e071470,250000,1,15510,"{""九黎"": 30, ""共工"": 251, ""共工氏"": 24, ""句龙"": 6, ""后土"": 326, ""太昊"": 54, ""女娃"": 47, ""女娲"": 297, ""少昊"": 75, ""帝江"": 3, ""帝鸿"": 99, ""帝鸿氏"": 3, ""应龙"": 454, ""有熊氏"": 8, ""榆罔"": 2, ""涿鹿"": 311, ""炎帝"": 283, ""神农"": 819, ""禹"": 9977, ""精卫"": 370, ""缙云氏"": 4, ""蚩尤"": 56, ""赤帝"": 52, ""轩辕"": 209, ""轩辕氏"": 12, ""阪泉"": 15, ""雨师"": 32, ""颛顼"": 5, ""风伯"": 25, ""黄帝"": 1656, ""黄帝氏"": 5}"
GCI-HOLD-0001,62,literature_zh-00062-of-00233.parquet,858055111,4212f142ddde31dcd17722f64bfeb5eef556729c83113a1eb5b6f140a841001b,250000,1,19215,"{""九黎"": 65, ""共工"": 373, ""共工氏"": 33, ""句龙"": 14, ""后土"": 346, ""太昊"": 48, ""女娃"": 34, ""女娲"": 1042, ""少昊"": 117, ""帝江"": 17, ""帝鸿"": 10, ""帝鸿氏"": 2, ""应龙"": 245, ""有熊氏"": 3, ""榆罔"": 1, ""涿鹿"": 296, ""炎帝"": 442, ""神农"": 1545, ""禹"": 11364, ""精卫"": 499, ""缙云氏"": 6, ""蚩尤"": 78, ""赤帝"": 340, ""轩辕"": 368, ""轩辕氏"": 20, ""阪泉"": 17, ""雨师"": 59, ""颛顼"": 29, ""风伯"": 42, ""鲧"": 10, ""黄帝"": 1744, ""黄帝氏"": 6}"
GCI-HOLD-0001,63,literature_zh-00063-of-00233.parquet,838493918,c29f47f86a5c9a84078c10e7ca1eb7f943c8bb6587f3639083728d2ae052dcfa,250000,1,17940,"{""九黎"": 51, ""共工"": 630, ""共工氏"": 115, ""句龙"": 65, ""后土"": 525, ""太昊"": 93, ""女娃"": 95, ""女娲"": 403, ""少昊"": 66, ""帝江"": 12, ""帝鸿"": 16, ""帝鸿氏"": 5, ""应龙"": 305, ""有熊氏"": 7, ""榆罔"": 13, ""涿鹿"": 464, ""炎帝"": 462, ""神农"": 872, ""禹"": 11021, ""精卫"": 516, ""缙云氏"": 2, ""蚩尤"": 60, ""赤帝"": 23, ""轩辕"": 257, ""轩辕氏"": 26, ""阪泉"": 16, ""雨师"": 34, ""颛顼"": 5, ""风伯"": 27, ""鲧"": 1, ""黄帝"": 1742, ""黄帝氏"": 11}"
GCI-HOLD-0001,64,literature_zh-00064-of-00233.parquet,826329792,963f1a5118c7de3a5e5afff6253d9854311d537c1df2968eedee59f8432279ea,250000,1,16646,"{""九黎"": 54, ""共工"": 280, ""共工氏"": 32, ""句龙"": 5, ""后土"": 250, ""太昊"": 36, ""太皞"": 1, ""女娃"": 76, ""女娲"": 823, ""少昊"": 59, ""少皞"": 1, ""帝江"": 1, ""帝鸿"": 5, ""应龙"": 351, ""有熊氏"": 8, ""榆罔"": 1, ""涿鹿"": 332, ""炎帝"": 547, ""神农"": 985, ""禹"": 9893, ""精卫"": 402, ""缙云氏"": 3, ""蚩尤"": 69, ""赤帝"": 38, ""轩辕"": 202, ""轩辕氏"": 22, ""阪泉"": 24, ""雨师"": 35, ""颛顼"": 7, ""风伯"": 26, ""鲧"": 3, ""黄帝"": 2070, ""黄帝氏"": 5}"
GCI-HOLD-0001,65,literature_zh-00065-of-00233.parquet,837427025,99f40818ea47381d2fbcdc0850c170cf0e66050de79d3a7fbfa020000670d3b5,250000,1,18240,"{""九黎"": 41, ""共工"": 381, ""共工氏"": 47, ""句龙"": 43, ""后土"": 340, ""太昊"": 82, ""女娃"": 86, ""女娲"": 562, ""少昊"": 92, ""帝江"": 2, ""帝鸿"": 3, ""帝鸿氏"": 2, ""应龙"": 244, ""有熊氏"": 20, ""榆罔"": 32, ""涿鹿"": 335, ""炎帝"": 508, ""神农"": 1029, ""禹"": 11234, ""精卫"": 560, ""缙云氏"": 1, ""蚩尤"": 50, ""赤帝"": 42, ""轩辕"": 280, ""轩辕氏"": 31, ""阪泉"": 38, ""雨师"": 44, ""颛顼"": 1, ""风伯"": 36, ""鲧"": 1, ""黄帝"": 2061, ""黄帝氏"": 12}"
GCI-HOLD-0001,66,literature_zh-00066-of-00233.parquet,821577273,af78f0a9e76986e8678627229881a162472c09c255a364d5ae67b4a6fa6bf21a,250000,1,15376,"{""九黎"": 76, ""共工"": 342, ""共工氏"": 39, ""句龙"": 4, ""后土"": 247, ""太昊"": 85, ""女娃"": 60, ""女娲"": 233, ""少昊"": 114, ""帝江"": 9, ""帝鸿"": 8, ""应龙"": 239, ""有熊氏"": 5, ""榆罔"": 5, ""涿鹿"": 434, ""炎帝"": 547, ""神农"": 798, ""禹"": 9438, ""精卫"": 472, ""蚩尤"": 63, ""赤帝"": 63, ""轩辕"": 289, ""轩辕氏"": 16, ""阪泉"": 31, ""雨师"": 48, ""颛顼"": 10, ""风伯"": 25, ""黄帝"": 1668, ""黄帝氏"": 8}"
GCI-HOLD-0001,67,literature_zh-00067-of-00233.parquet,845707684,7922704940eb3d72f07228740d288a02acd1cf7844e8121a606e0f412cf09fda,250000,1,18182,"{""九黎"": 146, ""共工"": 434, ""共工氏"": 58, ""句龙"": 10, ""后土"": 227, ""太昊"": 69, ""女娃"": 52, ""女娲"": 1156, ""少昊"": 173, ""帝江"": 7, ""帝鸿"": 10, ""帝鸿氏"": 5, ""应龙"": 160, ""有熊氏"": 22, ""榆罔"": 8, ""涿鹿"": 462, ""炎帝"": 447, ""神农"": 854, ""禹"": 10710, ""精卫"": 416, ""缙云氏"": 3, ""蚩尤"": 64, ""赤帝"": 50, ""轩辕"": 221, ""轩辕氏"": 29, ""阪泉"": 45, ""雨师"": 47, ""颛顼"": 3, ""风伯"": 33, ""鲧"": 13, ""黄帝"": 2231, ""黄帝氏"": 17}"
GCI-HOLD-0001,68,literature_zh-00068-of-00233.parquet,831977309,effa7e1931bcfb53a16230e2e00df4494859dd7d76c215256e13410d1a930622,250000,1,16105,"{""九黎"": 56, ""共工"": 234, ""共工氏"": 13, ""句龙"": 3, ""后土"": 303, ""太昊"": 61, ""女娃"": 51, ""女娲"": 351, ""少昊"": 56, ""帝江"": 1, ""帝鸿"": 14, ""帝鸿氏"": 4, ""应龙"": 206, ""有熊氏"": 10, ""涿鹿"": 487, ""炎帝"": 259, ""神农"": 789, ""禹"": 10050, ""精卫"": 522, ""缙云氏"": 10, ""蚩尤"": 59, ""赤帝"": 74, ""轩辕"": 473, ""轩辕氏"": 23, ""阪泉"": 14, ""雨师"": 29, ""风伯"": 33, ""鲧"": 4, ""黄帝"": 1905, ""黄帝氏"": 11}"
GCI-HOLD-0001,69,literature_zh-00069-of-00233.parquet,827017287,e13cb9fcba41bf3624d15f5d4aa728d82ded4e949320b8a6559ab4c829d28814,250000,1,14588,"{""九黎"": 35, ""共工"": 250, ""共工氏"": 6, ""句龙"": 6, ""后土"": 228, ""太昊"": 75, ""女娃"": 41, ""女娲"": 371, ""少昊"": 84, ""帝江"": 4, ""帝鸿"": 4, ""帝鸿氏"": 1, ""应龙"": 275, ""有熊氏"": 9, ""榆罔"": 12, ""涿鹿"": 318, ""炎帝"": 267, ""神农"": 853, ""禹"": 9213, ""精卫"": 518, ""蚩尤"": 42, ""赤帝"": 39, ""轩辕"": 194, ""轩辕氏"": 14, ""阪泉"": 16, ""雨师"": 20, ""颛顼"": 1, ""风伯"": 22, ""鲧"": 3, ""黄帝"": 1659, ""黄帝氏"": 8}"
GCI-HOLD-0001,70,literature_zh-00070-of-00233.parquet,824995472,25eb83571f918a106d5dbd2faa43204be70ccc150c30a949129695ddb43abf6c,250000,1,16427,"{""九黎"": 31, ""共工"": 298, ""共工氏"": 19, ""后土"": 213, ""太昊"": 93, ""女娃"": 46, ""女娲"": 235, ""少昊"": 107, ""帝江"": 22, ""帝鸿"": 8, ""帝鸿氏"": 3, ""应龙"": 306, ""有熊氏"": 16, ""榆罔"": 6, ""涿鹿"": 336, ""炎帝"": 342, ""神农"": 629, ""禹"": 10811, ""精卫"": 437, ""缙云氏"": 6, ""蚩尤"": 26, ""赤帝"": 32, ""轩辕"": 209, ""轩辕氏"": 17, ""阪泉"": 24, ""雨师"": 45, ""颛顼"": 11, ""风伯"": 36, ""鲧"": 20, ""黄帝"": 2036, ""黄帝氏"": 7}"
GCI-HOLD-0001,71,literature_zh-00071-of-00233.parquet,820399622,23e6d05f8f3793a05d542668fbfa82c9999c7d2d3bf0ee9c6f1587398a0aa195,250000,1,16312,"{""九黎"": 32, ""共工"": 278, ""共工氏"": 17, ""句龙"": 17, ""后土"": 399, ""太昊"": 50, ""女娃"": 75, ""女娲"": 330, ""少昊"": 64, ""帝江"": 6, ""帝鸿"": 4, ""应龙"": 292, ""有熊氏"": 6, ""榆罔"": 18, ""涿鹿"": 360, ""炎帝"": 482, ""神农"": 793, ""禹"": 10573, ""精卫"": 630, ""缙云氏"": 4, ""蚩尤"": 50, ""赤帝"": 61, ""轩辕"": 207, ""轩辕氏"": 17, ""阪泉"": 32, ""雨师"": 36, ""颛顼"": 4, ""风伯"": 19, ""鲧"": 1, ""黄帝"": 1449, ""黄帝氏"": 6}"
GCI-HOLD-0001,72,literature_zh-00072-of-00233.parquet,838162313,fbd155ac8ed04bd33518d89facd7ec52c6ff74ef7cbcd4819de3cac3a61fcc79,250000,1,20179,"{""九黎"": 33, ""共工"": 310, ""共工氏"": 19, ""句龙"": 18, ""后土"": 376, ""太昊"": 60, ""女娃"": 62, ""女娲"": 342, ""少昊"": 141, ""帝江"": 4, ""帝鸿"": 13, ""帝鸿氏"": 1, ""应龙"": 428, ""有熊氏"": 7, ""榆罔"": 15, ""涿鹿"": 385, ""炎帝"": 787, ""神农"": 1492, ""禹"": 12737, ""精卫"": 472, ""缙云氏"": 3, ""蚩尤"": 42, ""赤帝"": 48, ""轩辕"": 239, ""轩辕氏"": 26, ""阪泉"": 201, ""雨师"": 24, ""颛顼"": 5, ""风伯"": 12, ""鲧"": 4, ""黄帝"": 1868, ""黄帝氏"": 5}"
GCI-HOLD-0001,73,literature_zh-00073-of-00233.parquet,819338960,dcc6bbbfaa354df579d115750cde278c936a2d7a71480095e53f43ef854727a0,250000,1,19623,"{""九黎"": 32, ""共工"": 300, ""共工氏"": 17, ""句龙"": 1, ""后土"": 224, ""太昊"": 1408, ""女娃"": 36, ""女娲"": 419, ""少昊"": 65, ""帝江"": 3, ""帝鸿"": 2, ""应龙"": 226, ""有熊氏"": 5, ""榆罔"": 4, ""涿鹿"": 335, ""炎帝"": 288, ""神农"": 713, ""禹"": 10903, ""精卫"": 337, ""缙云氏"": 1, ""蚩尤"": 145, ""赤帝"": 19, ""轩辕"": 2531, ""轩辕氏"": 16, ""阪泉"": 9, ""雨师"": 12, ""颛顼"": 1, ""风伯"": 15, ""鲧"": 2, ""黄帝"": 1545, ""黄帝氏"": 9}"
GCI-HOLD-0001,74,literature_zh-00074-of-00233.parquet,823014534,51e5129545fbe00a2fc44ad3bcb1642fd9c4b1f90b54f1809da922a7d75b43b6,250000,1,17740,"{""九黎"": 35, ""共工"": 208, ""共工氏"": 23, ""句龙"": 4, ""后土"": 198, ""太昊"": 52, ""女娃"": 63, ""女娲"": 251, ""少昊"": 91, ""帝江"": 2, ""帝鸿"": 5, ""帝鸿氏"": 2, ""应龙"": 232, ""有熊氏"": 2, ""榆罔"": 1, ""涿鹿"": 410, ""炎帝"": 585, ""神农"": 2655, ""禹"": 10131, ""精卫"": 377, ""缙云氏"": 7, ""蚩尤"": 60, ""赤帝"": 68, ""轩辕"": 255, ""轩辕氏"": 14, ""阪泉"": 18, ""雨师"": 45, ""颛顼"": 35, ""风伯"": 43, ""鲧"": 3, ""黄帝"": 1860, ""黄帝氏"": 5}"
GCI-HOLD-0001,75,literature_zh-00075-of-00233.parquet,835408012,6f016edb194e3027296875c8766297cae8b98766702539a2b406162a507d3882,250000,1,15774,"{""九黎"": 29, ""共工"": 421, ""共工氏"": 18, ""句龙"": 4, ""后土"": 279, ""太昊"": 27, ""太皞"": 1, ""女娃"": 46, ""女娲"": 404, ""少昊"": 70, ""帝江"": 134, ""帝鸿"": 31, ""帝鸿氏"": 12, ""应龙"": 366, ""有熊氏"": 4, ""榆罔"": 2, ""涿鹿"": 244, ""炎帝"": 343, ""神农"": 1325, ""禹"": 9486, ""精卫"": 409, ""缙云氏"": 89, ""蚩尤"": 59, ""赤帝"": 50, ""轩辕"": 216, ""轩辕氏"": 13, ""阪泉"": 17, ""雨师"": 27, ""颛顼"": 11, ""风伯"": 19, ""鲧"": 3, ""黄帝"": 1609, ""黄帝氏"": 6}"
GCI-HOLD-0001,76,literature_zh-00076-of-00233.parquet,811797874,e84fd3d4eac15f04414255e89ea729c737aeb21c29a7eab1f56ee8583e94118a,250000,1,16158,"{""九黎"": 101, ""共工"": 338, ""共工氏"": 17, ""句龙"": 4, ""后土"": 245, ""太昊"": 123, ""女娃"": 95, ""女娲"": 380, ""少昊"": 185, ""帝江"": 2, ""帝鸿"": 12, ""帝鸿氏"": 1, ""应龙"": 365, ""有熊氏"": 17, ""涿鹿"": 408, ""炎帝"": 445, ""神农"": 776, ""禹"": 9988, ""精卫"": 559, ""缙云氏"": 8, ""蚩尤"": 46, ""赤帝"": 36, ""轩辕"": 272, ""轩辕氏"": 33, ""阪泉"": 17, ""雨师"": 42, ""颛顼"": 7, ""风伯"": 24, ""鲧"": 5, ""黄帝"": 1605, ""黄帝氏"": 2}"
GCI-HOLD-0001,77,literature_zh-00077-of-00233.parquet,823424725,0ca2d61fd93d25339578acc13c01aa691c645979ef71933cf1ef7fe464c247f6,250000,1,19725,"{""九黎"": 43, ""共工"": 602, ""共工氏"": 48, ""句龙"": 24, ""后土"": 339, ""太昊"": 99, ""女娃"": 56, ""女娲"": 563, ""少昊"": 299, ""少皞"": 1, ""帝江"": 3, ""帝鸿"": 15, ""帝鸿氏"": 4, ""应龙"": 434, ""有熊氏"": 10, ""榆罔"": 8, ""涿鹿"": 330, ""炎帝"": 550, ""神农"": 950, ""禹"": 12408, ""精卫"": 467, ""缙云氏"": 5, ""蚩尤"": 76, ""赤帝"": 50, ""轩辕"": 253, ""轩辕氏"": 26, ""阪泉"": 15, ""雨师"": 77, ""颛顼"": 26, ""风伯"": 47, ""鲧"": 6, ""黄帝"": 1888, ""黄帝氏"": 3}"
GCI-HOLD-0001,78,literature_zh-00078-of-00233.parquet,826022763,d8703cd7ad8c2cafe5b52a883242043d417c3af0ab30c183f0769c4253dab680,250000,1,18924,"{""九黎"": 49, ""共工"": 385, ""共工氏"": 30, ""句龙"": 14, ""后土"": 280, ""太昊"": 89, ""太皞"": 2, ""女娃"": 147, ""女娲"": 578, ""少昊"": 103, ""少皞"": 3, ""帝江"": 24, ""帝鸿"": 10, ""帝鸿氏"": 5, ""应龙"": 439, ""有熊氏"": 18, ""榆罔"": 4, ""涿鹿"": 318, ""炎帝"": 573, ""神农"": 1100, ""禹"": 11331, ""精卫"": 398, ""缙云氏"": 8, ""蚩尤"": 69, ""赤帝"": 52, ""轩辕"": 268, ""轩辕氏"": 24, ""阪泉"": 23, ""雨师"": 46, ""颛顼"": 44, ""风伯"": 36, ""鲧"": 21, ""黄帝"": 2420, ""黄帝氏"": 13}"
GCI-HOLD-0001,79,literature_zh-00079-of-00233.parquet,810258967,33e73f20a0f9bc89b3d78da7571e7e94680c272838c45cfc2cdf24f638a29363,250000,1,16033,"{""九黎"": 55, ""共工"": 273, ""共工氏"": 15, ""句龙"": 14, ""后土"": 213, ""太昊"": 64, ""女娃"": 92, ""女娲"": 421, ""少昊"": 142, ""帝江"": 8, ""帝鸿"": 3, ""应龙"": 283, ""有熊氏"": 6, ""榆罔"": 3, ""涿鹿"": 627, ""炎帝"": 241, ""神农"": 1147, ""禹"": 9460, ""精卫"": 551, ""缙云氏"": 3, ""蚩尤"": 64, ""赤帝"": 35, ""轩辕"": 214, ""轩辕氏"": 15, ""阪泉"": 16, ""雨师"": 58, ""颛顼"": 15, ""风伯"": 24, ""鲧"": 78, ""黄帝"": 1885, ""黄帝氏"": 8}"
GCI-HOLD-0001,80,literature_zh-00080-of-00233.parquet,830714362,ad6db57afe42f88bb08a5e91d6e9cb21c7289e520308cde3dc4b7528cd211e16,250000,1,16593,"{""九黎"": 39, ""共工"": 293, ""共工氏"": 53, ""句龙"": 39, ""后土"": 493, ""太昊"": 143, ""太皞"": 1, ""女娃"": 61, ""女娲"": 1089, ""少昊"": 141, ""少皞"": 2, ""帝江"": 30, ""帝鸿"": 13, ""帝鸿氏"": 3, ""应龙"": 239, ""有熊氏"": 19, ""榆罔"": 28, ""涿鹿"": 359, ""炎帝"": 386, ""神农"": 895, ""禹"": 9379, ""精卫"": 472, ""缙云氏"": 5, ""蚩尤"": 74, ""赤帝"": 46, ""轩辕"": 317, ""轩辕氏"": 27, ""阪泉"": 30, ""雨师"": 30, ""颛顼"": 18, ""风伯"": 23, ""鲧"": 4, ""黄帝"": 1826, ""黄帝氏"": 16}"
GCI-HOLD-0001,81,literature_zh-00081-of-00233.parquet,821332435,ae46cb64dfd0bbe17552b878ebbb8da5af1c658d37b12351e5f0ed7cb70b7c5b,250000,1,17022,"{""九黎"": 17, ""共工"": 298, ""共工氏"": 14, ""句龙"": 2, ""后土"": 278, ""太昊"": 121, ""女娃"": 56, ""女娲"": 434, ""少昊"": 85, ""帝江"": 15, ""帝鸿"": 7, ""帝鸿氏"": 1, ""应龙"": 353, ""有熊氏"": 21, ""榆罔"": 30, ""涿鹿"": 420, ""炎帝"": 336, ""神农"": 927, ""禹"": 9906, ""精卫"": 413, ""缙云氏"": 4, ""蚩尤"": 65, ""赤帝"": 60, ""轩辕"": 778, ""轩辕氏"": 29, ""阪泉"": 30, ""雨师"": 33, ""颛顼"": 9, ""风伯"": 416, ""鲧"": 1, ""黄帝"": 1854, ""黄帝氏"": 9}"
GCI-HOLD-0001,82,literature_zh-00082-of-00233.parquet,825641524,6e7ad868a2eb1981bb2f9e316f703a5686341287953bfd7671e8e5a2536e8c92,250000,1,14918,"{""九黎"": 20, ""共工"": 307, ""共工氏"": 12, ""句龙"": 5, ""后土"": 248, ""太昊"": 130, ""女娃"": 62, ""女娲"": 344, ""少昊"": 114, ""帝江"": 5, ""帝鸿"": 5, ""帝鸿氏"": 1, ""应龙"": 192, ""有熊氏"": 7, ""榆罔"": 3, ""涿鹿"": 405, ""炎帝"": 236, ""神农"": 951, ""禹"": 9654, ""精卫"": 392, ""缙云氏"": 3, ""蚩尤"": 25, ""赤帝"": 15, ""轩辕"": 220, ""轩辕氏"": 8, ""阪泉"": 6, ""雨师"": 20, ""颛顼"": 3, ""风伯"": 16, ""鲧"": 5, ""黄帝"": 1499, ""黄帝氏"": 5}"
GCI-HOLD-0001,83,literature_zh-00083-of-00233.parquet,821603978,d58f25399c1aab07303934b51d9bfdca35cf079ec1b007930ae4ff58c16021ec,250000,1,17254,"{""九黎"": 34, ""共工"": 289, ""共工氏"": 38, ""句龙"": 13, ""后土"": 259, ""太昊"": 400, ""女娃"": 51, ""女娲"": 394, ""少昊"": 66, ""帝江"": 7, ""帝鸿"": 9, ""应龙"": 282, ""有熊氏"": 11, ""榆罔"": 1, ""涿鹿"": 308, ""炎帝"": 234, ""神农"": 863, ""禹"": 11855, ""精卫"": 406, ""缙云氏"": 5, ""蚩尤"": 36, ""赤帝"": 42, ""轩辕"": 211, ""轩辕氏"": 19, ""阪泉"": 16, ""雨师"": 41, ""颛顼"": 10, ""风伯"": 35, ""鲧"": 5, ""黄帝"": 1306, ""黄帝氏"": 8}"
GCI-HOLD-0001,84,literature_zh-00084-of-00233.parquet,806036147,16f9b1cc1eb27555419dba3a003077bb6ad1e693267321e471ed52f585759896,250000,1,21003,"{""九黎"": 77, ""共工"": 301, ""共工氏"": 18, ""句龙"": 9, ""后土"": 306, ""太昊"": 134, ""女娃"": 26, ""女娲"": 324, ""少昊"": 115, ""帝江"": 5, ""帝鸿"": 12, ""帝鸿氏"": 2, ""应龙"": 296, ""有熊氏"": 20, ""榆罔"": 22, ""涿鹿"": 421, ""炎帝"": 743, ""神农"": 1003, ""禹"": 9398, ""精卫"": 430, ""缙云氏"": 6, ""蚩尤"": 100, ""赤帝"": 52, ""轩辕"": 550, ""轩辕氏"": 55, ""阪泉"": 71, ""雨师"": 67, ""颛顼"": 3, ""风伯"": 54, ""鲧"": 3, ""黄帝"": 6359, ""黄帝氏"": 21}"
GCI-HOLD-0001,85,literature_zh-00085-of-00233.parquet,837211903,5f00991e0a5a944d30297240240e6b396f42acd65e64c89c29cc2a049d9a7381,250000,1,18099,"{""九黎"": 69, ""共工"": 566, ""共工氏"": 18, ""句龙"": 3, ""后土"": 278, ""太昊"": 64, ""太皞"": 3, ""女娃"": 32, ""女娲"": 550, ""少昊"": 132, ""帝江"": 3, ""帝鸿"": 8, ""帝鸿氏"": 2, ""应龙"": 217, ""有熊氏"": 3, ""榆罔"": 6, ""涿鹿"": 422, ""炎帝"": 473, ""神农"": 1172, ""禹"": 11116, ""精卫"": 423, ""缙云氏"": 8, ""蚩尤"": 66, ""赤帝"": 67, ""轩辕"": 724, ""轩辕氏"": 16, ""阪泉"": 35, ""雨师"": 62, ""颛顼"": 9, ""风伯"": 49, ""鲧"": 9, ""黄帝"": 1485, ""黄帝氏"": 9}"
GCI-HOLD-0001,86,literature_zh-00086-of-00233.parquet,798020653,79691a0dc93b3582de929e390768d42bc35c94c7ff74c98a7ed274f3ea6e8681,250000,1,14816,"{""九黎"": 28, ""共工"": 282, ""共工氏"": 35, ""句龙"": 15, ""后土"": 222, ""太昊"": 35, ""女娃"": 29, ""女娲"": 208, ""少昊"": 83, ""帝江"": 8, ""帝鸿"": 16, ""帝鸿氏"": 8, ""应龙"": 379, ""有熊氏"": 7, ""榆罔"": 3, ""涿鹿"": 427, ""炎帝"": 397, ""神农"": 1026, ""禹"": 9478, ""精卫"": 315, ""缙云氏"": 7, ""蚩尤"": 59, ""赤帝"": 46, ""轩辕"": 223, ""轩辕氏"": 14, ""阪泉"": 87, ""雨师"": 22, ""颛顼"": 10, ""风伯"": 17, ""鲧"": 1, ""黄帝"": 1323, ""黄帝氏"": 6}"
GCI-HOLD-0001,87,literature_zh-00087-of-00233.parquet,823727144,69123e0e2594a49f64251cf2e5a53365c5fb04ad012b73d61b54f2a5d7794ed2,250000,1,14713,"{""九黎"": 33, ""共工"": 262, ""共工氏"": 11, ""句龙"": 3, ""后土"": 250, ""太昊"": 139, ""女娃"": 57, ""女娲"": 423, ""少昊"": 114, ""帝江"": 17, ""帝鸿"": 12, ""帝鸿氏"": 1, ""应龙"": 283, ""有熊氏"": 10, ""涿鹿"": 295, ""炎帝"": 299, ""神农"": 647, ""禹"": 9760, ""精卫"": 291, ""缙云氏"": 1, ""蚩尤"": 23, ""赤帝"": 55, ""轩辕"": 169, ""轩辕氏"": 11, ""阪泉"": 17, ""雨师"": 70, ""颛顼"": 2, ""风伯"": 139, ""鲧"": 7, ""黄帝"": 1308, ""黄帝氏"": 4}"
GCI-HOLD-0001,88,literature_zh-00088-of-00233.parquet,812810700,6a4e376e39a85996c165b6ff8c881179342624ecd4a7f36b1ba3b1ec3fd44c3a,250000,1,16470,"{""九黎"": 45, ""共工"": 340, ""共工氏"": 23, ""句龙"": 3, ""后土"": 248, ""太昊"": 91, ""太皞"": 7, ""女娃"": 47, ""女娲"": 424, ""少昊"": 114, ""少皞"": 1, ""帝江"": 12, ""帝鸿"": 23, ""帝鸿氏"": 2, ""应龙"": 316, ""有熊氏"": 9, ""榆罔"": 2, ""涿鹿"": 405, ""炎帝"": 340, ""神农"": 838, ""禹"": 10712, ""精卫"": 375, ""缙云氏"": 3, ""蚩尤"": 126, ""赤帝"": 40, ""轩辕"": 364, ""轩辕氏"": 17, ""阪泉"": 25, ""雨师"": 42, ""颛顼"": 48, ""风伯"": 29, ""鲧"": 4, ""黄帝"": 1388, ""黄帝氏"": 7}"
GCI-HOLD-0001,89,literature_zh-00089-of-00233.parquet,801472502,ee040da692e6a71b839df94058841a59e3a615b5abf9b1801e0a6cb97842eb28,250000,1,17039,"{""九黎"": 24, ""共工"": 584, ""共工氏"": 108, ""句龙"": 40, ""后土"": 301, ""太昊"": 34, ""女娃"": 82, ""女娲"": 301, ""少昊"": 63, ""帝江"": 8, ""帝鸿"": 7, ""帝鸿氏"": 2, ""应龙"": 227, ""有熊氏"": 15, ""涿鹿"": 406, ""炎帝"": 1535, ""神农"": 1000, ""禹"": 9791, ""精卫"": 454, ""缙云氏"": 5, ""蚩尤"": 101, ""赤帝"": 33, ""轩辕"": 223, ""轩辕氏"": 20, ""阪泉"": 13, ""雨师"": 71, ""颛顼"": 21, ""风伯"": 41, ""鲧"": 10, ""黄帝"": 1511, ""黄帝氏"": 8}"
GCI-HOLD-0001,90,literature_zh-00090-of-00233.parquet,805068984,e4f1786c27300c1bc09ba823d7f98299ccd40b8cc17f284c5012467211c9d71a,250000,1,14263,"{""九黎"": 22, ""共工"": 323, ""共工氏"": 25, ""句龙"": 6, ""后土"": 234, ""太昊"": 44, ""女娃"": 78, ""女娲"": 206, ""少昊"": 55, ""帝江"": 4, ""帝鸿"": 10, ""帝鸿氏"": 2, ""应龙"": 338, ""有熊氏"": 7, ""榆罔"": 2, ""涿鹿"": 361, ""炎帝"": 229, ""神农"": 583, ""禹"": 9771, ""精卫"": 505, ""缙云氏"": 7, ""蚩尤"": 28, ""赤帝"": 13, ""轩辕"": 202, ""轩辕氏"": 13, ""阪泉"": 20, ""雨师"": 17, ""颛顼"": 7, ""风伯"": 34, ""鲧"": 2, ""黄帝"": 1105, ""黄帝氏"": 10}"
GCI-HOLD-0001,91,literature_zh-00091-of-00233.parquet,816019783,de0634b92cdd298f8e049aeff6fd7c6412813c006ae6bb4863c4484482450f1e,250000,1,15621,"{""九黎"": 25, ""共工"": 307, ""共工氏"": 25, ""句龙"": 17, ""后土"": 227, ""太昊"": 32, ""女娃"": 51, ""女娲"": 365, ""少昊"": 76, ""帝江"": 2, ""帝鸿"": 4, ""帝鸿氏"": 1, ""应龙"": 224, ""有熊氏"": 8, ""榆罔"": 19, ""涿鹿"": 334, ""炎帝"": 544, ""神农"": 698, ""禹"": 10210, ""精卫"": 388, ""缙云氏"": 1, ""蚩尤"": 28, ""赤帝"": 31, ""轩辕"": 238, ""轩辕氏"": 19, ""阪泉"": 27, ""雨师"": 27, ""颛顼"": 19, ""风伯"": 26, ""鲧"": 10, ""黄帝"": 1631, ""黄帝氏"": 7}"
GCI-HOLD-0001,92,literature_zh-00092-of-00233.parquet,802337128,788170ecb3b72e3b4cd531aeb3e08ab6d13ecd6129ba3d8fab1c043a94cdafea,250000,1,16145,"{""九黎"": 18, ""共工"": 240, ""共工氏"": 18, ""句龙"": 6, ""后土"": 234, ""太昊"": 76, ""女娃"": 50, ""女娲"": 456, ""少昊"": 655, ""帝江"": 4, ""帝鸿"": 9, ""应龙"": 378, ""有熊氏"": 6, ""榆罔"": 5, ""涿鹿"": 402, ""炎帝"": 304, ""神农"": 557, ""禹"": 10434, ""精卫"": 551, ""缙云氏"": 3, ""蚩尤"": 39, ""赤帝"": 37, ""轩辕"": 189, ""轩辕氏"": 11, ""阪泉"": 16, ""雨师"": 32, ""颛顼"": 5, ""风伯"": 20, ""黄帝"": 1385, ""黄帝氏"": 5}"
GCI-HOLD-0001,93,literature_zh-00093-of-00233.parquet,809558048,529eaf650ad24d6868a57ce8e82b44c84911c9d98688455dacb0f8c4a958682a,250000,1,15686,"{""九黎"": 39, ""共工"": 271, ""共工氏"": 43, ""句龙"": 14, ""后土"": 207, ""太昊"": 135, ""女娃"": 103, ""女娲"": 335, ""少昊"": 88, ""帝江"": 6, ""帝鸿"": 7, ""帝鸿氏"": 4, ""应龙"": 275, ""有熊氏"": 13, ""榆罔"": 4, ""涿鹿"": 491, ""炎帝"": 483, ""神农"": 953, ""禹"": 9579, ""精卫"": 323, ""缙云氏"": 4, ""蚩尤"": 88, ""赤帝"": 40, ""轩辕"": 290, ""轩辕氏"": 27, ""阪泉"": 38, ""雨师"": 58, ""颛顼"": 8, ""风伯"": 41, ""鲧"": 3, ""黄帝"": 1701, ""黄帝氏"": 15}"
GCI-HOLD-0001,94,literature_zh-00094-of-00233.parquet,794801779,00fb0e79f9cfd346ff220a904923fd889d87e65eb8e649b2ceefa4494c15ebe2,250000,1,15788,"{""九黎"": 34, ""共工"": 300, ""共工氏"": 23, ""句龙"": 11, ""后土"": 225, ""太昊"": 117, ""女娃"": 22, ""女娲"": 364, ""少昊"": 33, ""帝鸿"": 10, ""帝鸿氏"": 3, ""应龙"": 226, ""有熊氏"": 6, ""涿鹿"": 320, ""炎帝"": 328, ""神农"": 958, ""禹"": 9905, ""精卫"": 444, ""缙云氏"": 8, ""蚩尤"": 46, ""赤帝"": 51, ""轩辕"": 207, ""轩辕氏"": 10, ""阪泉"": 23, ""雨师"": 30, ""颛顼"": 4, ""风伯"": 28, ""鲧"": 6, ""黄帝"": 2033, ""黄帝氏"": 13}"
GCI-HOLD-0001,95,literature_zh-00095-of-00233.parquet,814305772,41626f077c9dc6306c4ae8dc964c2f690b444f5b1df1b326e1a91c9a591d96f2,250000,1,15893,"{""九黎"": 40, ""共工"": 304, ""共工氏"": 19, ""句龙"": 20, ""后土"": 220, ""太昊"": 60, ""女娃"": 109, ""女娲"": 266, ""少昊"": 77, ""帝江"": 3, ""帝鸿"": 13, ""应龙"": 206, ""有熊氏"": 13, ""榆罔"": 2, ""涿鹿"": 452, ""炎帝"": 572, ""神农"": 723, ""禹"": 10430, ""精卫"": 387, ""缙云氏"": 1, ""蚩尤"": 42, ""赤帝"": 29, ""轩辕"": 210, ""轩辕氏"": 26, ""阪泉"": 20, ""雨师"": 23, ""颛顼"": 6, ""风伯"": 16, ""鲧"": 5, ""黄帝"": 1591, ""黄帝氏"": 8}"
GCI-HOLD-0001,96,literature_zh-00096-of-00233.parquet,809256308,99be61f9b8e8c83f2f0d0c9095542904cf7d26f4fe6838b5cd08613334c1020d,250000,1,14537,"{""九黎"": 38, ""共工"": 223, ""共工氏"": 10, ""句龙"": 19, ""后土"": 240, ""太昊"": 145, ""女娃"": 67, ""女娲"": 509, ""少昊"": 143, ""帝江"": 2, ""帝鸿"": 8, ""应龙"": 206, ""有熊氏"": 8, ""榆罔"": 3, ""涿鹿"": 345, ""炎帝"": 455, ""神农"": 926, ""禹"": 9324, ""精卫"": 307, ""蚩尤"": 43, ""赤帝"": 25, ""轩辕"": 192, ""轩辕氏"": 17, ""阪泉"": 30, ""雨师"": 15, ""风伯"": 11, ""鲧"": 1, ""黄帝"": 1217, ""黄帝氏"": 8}"
GCI-HOLD-0001,97,literature_zh-00097-of-00233.parquet,788591355,426b20d8d71bc328906ed6fe80b6d7c56edba5d123a1115d9c6e5079f3e80634,250000,1,15294,"{""九黎"": 70, ""共工"": 240, ""共工氏"": 4, ""句龙"": 3, ""后土"": 516, ""太昊"": 41, ""女娃"": 37, ""女娲"": 336, ""少昊"": 70, ""帝江"": 8, ""帝鸿"": 10, ""帝鸿氏"": 2, ""应龙"": 204, ""有熊氏"": 5, ""涿鹿"": 286, ""炎帝"": 384, ""神农"": 674, ""禹"": 9612, ""精卫"": 364, ""缙云氏"": 3, ""蚩尤"": 215, ""赤帝"": 40, ""轩辕"": 393, ""轩辕氏"": 31, ""阪泉"": 16, ""雨师"": 29, ""颛顼"": 5, ""风伯"": 32, ""鲧"": 4, ""黄帝"": 1657, ""黄帝氏"": 3}"
GCI-HOLD-0001,98,literature_zh-00098-of-00233.parquet,810352892,2e4dbd7f28904a731b7e919bf8f71494f765e4e5317935084cf254af11c728c3,250000,1,16799,"{""九黎"": 24, ""共工"": 991, ""共工氏"": 12, ""句龙"": 13, ""后土"": 668, ""太昊"": 66, ""女娃"": 62, ""女娲"": 805, ""少昊"": 121, ""帝江"": 222, ""帝鸿"": 52, ""帝鸿氏"": 8, ""应龙"": 157, ""有熊氏"": 6, ""涿鹿"": 333, ""炎帝"": 388, ""神农"": 713, ""禹"": 10287, ""精卫"": 323, ""缙云氏"": 4, ""蚩尤"": 25, ""赤帝"": 32, ""轩辕"": 138, ""轩辕氏"": 7, ""阪泉"": 13, ""雨师"": 65, ""颛顼"": 5, ""风伯"": 12, ""黄帝"": 1243, ""黄帝氏"": 4}"
GCI-HOLD-0001,99,literature_zh-00099-of-00233.parquet,801834173,a7833902768bfec944f6a2403fe3be7b04ed29c68c05723310b0db4587e38868,250000,1,18671,"{""九黎"": 158, ""共工"": 283, ""共工氏"": 18, ""句龙"": 5, ""后土"": 709, ""太昊"": 96, ""女娃"": 52, ""女娲"": 1236, ""少昊"": 59, ""帝江"": 31, ""帝鸿"": 11, ""帝鸿氏"": 5, ""应龙"": 408, ""有熊氏"": 20, ""涿鹿"": 307, ""炎帝"": 341, ""神农"": 928, ""禹"": 10319, ""精卫"": 292, ""缙云氏"": 7, ""蚩尤"": 535, ""赤帝"": 27, ""轩辕"": 947, ""轩辕氏"": 17, ""阪泉"": 14, ""雨师"": 45, ""颛顼"": 8, ""风伯"": 34, ""鲧"": 29, ""黄帝"": 1719, ""黄帝氏"": 11}"
GCI-HOLD-0001,100,literature_zh-00100-of-00233.parquet,797992236,0991bca8ad81d1e2017ab1c3460804b1e21872ad9e6836190a2b5de083d5e5ae,250000,1,14174,"{""九黎"": 19, ""共工"": 273, ""共工氏"": 15, ""句龙"": 6, ""后土"": 211, ""太昊"": 45, ""女娃"": 96, ""女娲"": 200, ""少昊"": 67, ""帝江"": 44, ""帝鸿"": 13, ""帝鸿氏"": 3, ""应龙"": 297, ""有熊氏"": 6, ""涿鹿"": 291, ""炎帝"": 252, ""神农"": 718, ""禹"": 9273, ""精卫"": 357, ""缙云氏"": 1, ""蚩尤"": 20, ""赤帝"": 97, ""轩辕"": 570, ""轩辕氏"": 11, ""阪泉"": 10, ""雨师"": 19, ""颛顼"": 4, ""风伯"": 31, ""鲧"": 16, ""黄帝"": 1204, ""黄帝氏"": 5}"
GCI-HOLD-0001,101,literature_zh-00101-of-00233.parquet,795329094,636b1dd7a28ce94e6bf6eda24740cfc95deefe81f099276e8ed7706c1914c027,250000,1,18339,"{""九黎"": 83, ""共工"": 301, ""共工氏"": 23, ""句龙"": 20, ""后土"": 220, ""太昊"": 87, ""太皞"": 1, ""女娃"": 74, ""女娲"": 439, ""少昊"": 93, ""帝江"": 2, ""帝鸿"": 9, ""帝鸿氏"": 2, ""应龙"": 296, ""有熊氏"": 8, ""榆罔"": 9, ""涿鹿"": 423, ""炎帝"": 1943, ""神农"": 1338, ""禹"": 10292, ""精卫"": 638, ""缙云氏"": 5, ""蚩尤"": 90, ""赤帝"": 45, ""轩辕"": 184, ""轩辕氏"": 13, ""阪泉"": 43, ""雨师"": 35, ""颛顼"": 13, ""风伯"": 25, ""鲧"": 6, ""黄帝"": 1573, ""黄帝氏"": 6}"
GCI-HOLD-0001,102,literature_zh-00102-of-00233.parquet,801398554,ceabdc045b1a3bffd47b2c27a22151e23050399409aad0ad7699ec2764e871da,250000,1,16422,"{""九黎"": 29, ""共工"": 461, ""共工氏"": 50, ""句龙"": 42, ""后土"": 401, ""太昊"": 85, ""女娃"": 84, ""女娲"": 257, ""少昊"": 140, ""帝江"": 2, ""帝鸿"": 10, ""帝鸿氏"": 8, ""应龙"": 363, ""有熊氏"": 12, ""榆罔"": 8, ""涿鹿"": 343, ""炎帝"": 370, ""神农"": 723, ""禹"": 10969, ""精卫"": 454, ""缙云氏"": 13, ""蚩尤"": 62, ""赤帝"": 20, ""轩辕"": 163, ""轩辕氏"": 18, ""阪泉"": 30, ""雨师"": 26, ""颛顼"": 1, ""风伯"": 21, ""鲧"": 7, ""黄帝"": 1249, ""黄帝氏"": 1}"
GCI-HOLD-0001,103,literature_zh-00103-of-00233.parquet,800642501,2c541e36ed6b15e485cfd1ab33f40a51ab23f74ef8325edb761401b303e9eb06,250000,1,14841,"{""九黎"": 57, ""共工"": 370, ""共工氏"": 30, ""句龙"": 60, ""后土"": 195, ""太昊"": 42, ""女娃"": 50, ""女娲"": 434, ""少昊"": 68, ""少皞"": 1, ""帝江"": 6, ""帝鸿"": 6, ""帝鸿氏"": 1, ""应龙"": 222, ""有熊氏"": 12, ""榆罔"": 30, ""涿鹿"": 326, ""炎帝"": 374, ""神农"": 771, ""禹"": 9194, ""精卫"": 445, ""蚩尤"": 251, ""赤帝"": 14, ""轩辕"": 337, ""轩辕氏"": 11, ""阪泉"": 17, ""雨师"": 13, ""颛顼"": 12, ""风伯"": 10, ""黄帝"": 1464, ""黄帝氏"": 18}"
GCI-HOLD-0001,104,literature_zh-00104-of-00233.parquet,805673407,6ca9b00582db4de1e9d276d7de2d479ad2f50356e8dd883f590d4e2b31ff4725,250000,1,15194,"{""九黎"": 33, ""共工"": 217, ""共工氏"": 9, ""句龙"": 14, ""后土"": 245, ""太昊"": 67, ""女娃"": 32, ""女娲"": 258, ""少昊"": 114, ""少皞"": 1, ""帝江"": 3, ""帝鸿"": 7, ""帝鸿氏"": 3, ""应龙"": 295, ""有熊氏"": 7, ""涿鹿"": 386, ""炎帝"": 220, ""神农"": 738, ""禹"": 10493, ""精卫"": 392, ""缙云氏"": 4, ""蚩尤"": 47, ""赤帝"": 22, ""轩辕"": 221, ""轩辕氏"": 38, ""阪泉"": 21, ""雨师"": 52, ""颛顼"": 8, ""风伯"": 27, ""黄帝"": 1216, ""黄帝氏"": 4}"
GCI-HOLD-0001,105,literature_zh-00105-of-00233.parquet,799042919,ac05673991ca29bf393e25d134c90db8beecbf3bc536ab206b5b3ac970144b54,250000,1,14247,"{""九黎"": 41, ""共工"": 256, ""共工氏"": 15, ""句龙"": 6, ""后土"": 207, ""太昊"": 126, ""女娃"": 73, ""女娲"": 237, ""少昊"": 162, ""少皞"": 2, ""帝江"": 7, ""帝鸿"": 7, ""帝鸿氏"": 1, ""应龙"": 261, ""有熊氏"": 4, ""涿鹿"": 378, ""炎帝"": 392, ""神农"": 644, ""禹"": 9385, ""精卫"": 404, ""缙云氏"": 1, ""蚩尤"": 29, ""赤帝"": 26, ""轩辕"": 226, ""轩辕氏"": 23, ""阪泉"": 10, ""雨师"": 18, ""颛顼"": 7, ""风伯"": 21, ""鲧"": 2, ""黄帝"": 1270, ""黄帝氏"": 6}"
GCI-HOLD-0001,106,literature_zh-00106-of-00233.parquet,798052272,481db1434c51ef7d8849246016f83a03addb7d62b5257cf09a90da6c34a800db,250000,1,18797,"{""九黎"": 562, ""共工"": 280, ""共工氏"": 15, ""句龙"": 4, ""后土"": 190, ""太昊"": 65, ""女娃"": 30, ""女娲"": 496, ""少昊"": 88, ""帝江"": 11, ""帝鸿"": 7, ""帝鸿氏"": 3, ""应龙"": 290, ""有熊氏"": 10, ""涿鹿"": 359, ""炎帝"": 233, ""神农"": 692, ""禹"": 9921, ""精卫"": 360, ""缙云氏"": 1, ""蚩尤"": 710, ""赤帝"": 35, ""轩辕"": 2116, ""轩辕氏"": 21, ""阪泉"": 20, ""雨师"": 24, ""颛顼"": 14, ""风伯"": 17, ""黄帝"": 2213, ""黄帝氏"": 10}"
GCI-HOLD-0001,107,literature_zh-00107-of-00233.parquet,797610242,b02f3619e23f4b03ce14103c070576bc77e8207f8af87a1ef162d9d8bd68754c,250000,1,19378,"{""九黎"": 147, ""共工"": 660, ""共工氏"": 13, ""句龙"": 10, ""后土"": 551, ""太昊"": 53, ""女娃"": 94, ""女娲"": 1335, ""少昊"": 78, ""帝江"": 200, ""帝鸿"": 14, ""帝鸿氏"": 1, ""应龙"": 241, ""有熊氏"": 5, ""榆罔"": 63, ""涿鹿"": 374, ""炎帝"": 499, ""神农"": 1228, ""禹"": 9557, ""精卫"": 575, ""蚩尤"": 1285, ""赤帝"": 22, ""轩辕"": 732, ""轩辕氏"": 22, ""阪泉"": 29, ""雨师"": 48, ""颛顼"": 50, ""风伯"": 29, ""鲧"": 30, ""黄帝"": 1430, ""黄帝氏"": 3}"
GCI-HOLD-0001,108,literature_zh-00108-of-00233.parquet,802178380,cc676931e5b56b12bf8cdecbd0778a089e03c3aa95b9a4254989addbca7fd007,250000,1,15200,"{""九黎"": 52, ""共工"": 370, ""共工氏"": 8, ""句龙"": 9, ""后土"": 217, ""太昊"": 47, ""女娃"": 41, ""女娲"": 358, ""少昊"": 59, ""帝江"": 6, ""帝鸿"": 14, ""帝鸿氏"": 6, ""应龙"": 204, ""有熊氏"": 7, ""榆罔"": 9, ""涿鹿"": 259, ""炎帝"": 484, ""神农"": 1020, ""禹"": 10103, ""精卫"": 311, ""缙云氏"": 3, ""蚩尤"": 45, ""赤帝"": 26, ""轩辕"": 167, ""轩辕氏"": 13, ""阪泉"": 12, ""雨师"": 40, ""颛顼"": 19, ""风伯"": 24, ""鲧"": 7, ""黄帝"": 1256, ""黄帝氏"": 4}"
GCI-HOLD-0001,109,literature_zh-00109-of-00233.parquet,794830529,ce590ac5bc203d0b73a7a1b68e8dfa85199a33d25ec05682c7624cae00eb0ba4,250000,1,16739,"{""九黎"": 40, ""共工"": 514, ""共工氏"": 23, ""句龙"": 7, ""后土"": 253, ""太昊"": 63, ""女娃"": 73, ""女娲"": 271, ""少昊"": 205, ""帝江"": 5, ""帝鸿"": 34, ""帝鸿氏"": 5, ""应龙"": 530, ""有熊氏"": 18, ""榆罔"": 33, ""涿鹿"": 466, ""炎帝"": 652, ""神农"": 663, ""禹"": 9764, ""精卫"": 220, ""缙云氏"": 7, ""蚩尤"": 75, ""赤帝"": 66, ""轩辕"": 439, ""轩辕氏"": 31, ""阪泉"": 53, ""雨师"": 36, ""颛顼"": 4, ""风伯"": 28, ""鲧"": 3, ""黄帝"": 2142, ""黄帝氏"": 16}"
GCI-HOLD-0001,110,literature_zh-00110-of-00233.parquet,792944441,26440452ec06c788e57efb26cac34f73b6a02452335d813f0dbc39a418040a74,250000,1,13944,"{""九黎"": 43, ""共工"": 232, ""共工氏"": 6, ""句龙"": 5, ""后土"": 232, ""太昊"": 113, ""女娃"": 65, ""女娲"": 551, ""少昊"": 137, ""帝江"": 10, ""帝鸿"": 3, ""帝鸿氏"": 2, ""应龙"": 287, ""有熊氏"": 4, ""榆罔"": 2, ""涿鹿"": 275, ""炎帝"": 594, ""神农"": 775, ""禹"": 9156, ""精卫"": 267, ""缙云氏"": 1, ""蚩尤"": 16, ""赤帝"": 20, ""轩辕"": 172, ""轩辕氏"": 10, ""阪泉"": 7, ""雨师"": 14, ""颛顼"": 12, ""风伯"": 14, ""黄帝"": 917, ""黄帝氏"": 2}"
GCI-HOLD-0001,111,literature_zh-00111-of-00233.parquet,800800725,3a6d67c4ae4f66d35a33580578cfd4096115a75df96b559516d7cf833b8d2895,250000,1,18830,"{""九黎"": 24, ""共工"": 391, ""共工氏"": 17, ""句龙"": 12, ""后土"": 1275, ""太昊"": 388, ""女娃"": 76, ""女娲"": 1452, ""少昊"": 92, ""少皞"": 1, ""帝江"": 329, ""帝鸿"": 10, ""帝鸿氏"": 2, ""应龙"": 241, ""有熊氏"": 11, ""榆罔"": 6, ""涿鹿"": 495, ""炎帝"": 237, ""神农"": 897, ""禹"": 10169, ""精卫"": 526, ""缙云氏"": 2, ""蚩尤"": 52, ""赤帝"": 66, ""轩辕"": 179, ""轩辕氏"": 21, ""阪泉"": 38, ""雨师"": 29, ""风伯"": 23, ""鲧"": 8, ""黄帝"": 1756, ""黄帝氏"": 5}"
GCI-HOLD-0001,112,literature_zh-00112-of-00233.parquet,797057172,ae2d1c9b5af73554846fab2c30238543c97bc5a5907fb29f272e4bacac982a9e,250000,1,16145,"{""九黎"": 20, ""共工"": 278, ""共工氏"": 22, ""句龙"": 11, ""后土"": 418, ""太昊"": 44, ""女娃"": 63, ""女娲"": 569, ""少昊"": 48, ""帝江"": 29, ""帝鸿"": 10, ""帝鸿氏"": 4, ""应龙"": 871, ""有熊氏"": 11, ""榆罔"": 23, ""涿鹿"": 301, ""炎帝"": 392, ""神农"": 697, ""禹"": 10064, ""精卫"": 351, ""缙云氏"": 4, ""蚩尤"": 46, ""赤帝"": 78, ""轩辕"": 183, ""轩辕氏"": 18, ""阪泉"": 30, ""雨师"": 24, ""颛顼"": 2, ""风伯"": 16, ""鲧"": 4, ""黄帝"": 1507, ""黄帝氏"": 7}"
GCI-HOLD-0001,113,literature_zh-00113-of-00233.parquet,786513065,3a51366fb0f823b892eaf903f863d80dc88d4b043794c065a832668c799ae863,250000,1,15208,"{""九黎"": 56, ""共工"": 227, ""共工氏"": 19, ""句龙"": 5, ""后土"": 282, ""太昊"": 58, ""女娃"": 118, ""女娲"": 507, ""少昊"": 89, ""帝江"": 8, ""帝鸿"": 6, ""应龙"": 336, ""有熊氏"": 3, ""榆罔"": 6, ""涿鹿"": 414, ""炎帝"": 374, ""神农"": 923, ""禹"": 9999, ""精卫"": 298, ""缙云氏"": 1, ""蚩尤"": 33, ""赤帝"": 28, ""轩辕"": 177, ""轩辕氏"": 13, ""阪泉"": 21, ""雨师"": 66, ""颛顼"": 16, ""风伯"": 46, ""鲧"": 2, ""黄帝"": 1071, ""黄帝氏"": 6}"
GCI-HOLD-0001,114,literature_zh-00114-of-00233.parquet,800702849,44f36045ea9c2fd0ae5750c3da9599143e6613826078c6018df495ad740a6577,250000,1,17522,"{""九黎"": 358, ""共工"": 350, ""共工氏"": 41, ""句龙"": 16, ""后土"": 200, ""太昊"": 66, ""女娃"": 88, ""女娲"": 311, ""少昊"": 102, ""帝江"": 5, ""帝鸿"": 16, ""帝鸿氏"": 5, ""应龙"": 272, ""有熊氏"": 2, ""榆罔"": 2, ""涿鹿"": 408, ""炎帝"": 360, ""神农"": 907, ""禹"": 11322, ""精卫"": 510, ""缙云氏"": 3, ""蚩尤"": 363, ""赤帝"": 17, ""轩辕"": 471, ""轩辕氏"": 27, ""阪泉"": 17, ""雨师"": 38, ""颛顼"": 7, ""风伯"": 27, ""鲧"": 2, ""黄帝"": 1203, ""黄帝氏"": 6}"
GCI-HOLD-0001,115,literature_zh-00115-of-00233.parquet,787885113,08069e38dd066a941a70fadef8742b3a75b04409d3023d2da265b7d4b0caab6a,250000,1,14945,"{""九黎"": 28, ""共工"": 178, ""共工氏"": 13, ""句龙"": 7, ""后土"": 224, ""太昊"": 67, ""女娃"": 50, ""女娲"": 1297, ""少昊"": 51, ""帝鸿"": 10, ""帝鸿氏"": 1, ""应龙"": 312, ""有熊氏"": 6, ""榆罔"": 6, ""涿鹿"": 413, ""炎帝"": 255, ""神农"": 904, ""禹"": 9293, ""精卫"": 284, ""蚩尤"": 19, ""赤帝"": 30, ""轩辕"": 207, ""轩辕氏"": 19, ""阪泉"": 5, ""雨师"": 14, ""风伯"": 12, ""鲧"": 3, ""黄帝"": 1235, ""黄帝氏"": 2}"
GCI-HOLD-0001,116,literature_zh-00116-of-00233.parquet,777738012,4c3437fa7c5f449fca44b23574dcff89b0fa1963e4480627cf2e8b62a180a88f,250000,1,14467,"{""九黎"": 32, ""共工"": 294, ""共工氏"": 14, ""句龙"": 13, ""后土"": 208, ""太昊"": 63, ""女娃"": 49, ""女娲"": 175, ""少昊"": 86, ""帝江"": 1, ""帝鸿"": 3, ""应龙"": 169, ""有熊氏"": 8, ""榆罔"": 1, ""涿鹿"": 286, ""炎帝"": 398, ""神农"": 818, ""禹"": 9821, ""精卫"": 419, ""蚩尤"": 17, ""赤帝"": 30, ""轩辕"": 224, ""轩辕氏"": 13, ""阪泉"": 20, ""雨师"": 74, ""颛顼"": 6, ""风伯"": 43, ""黄帝"": 1177, ""黄帝氏"": 5}"
GCI-HOLD-0001,117,literature_zh-00117-of-00233.parquet,811732938,dc2ad8b2a0969d8523cc9fcd22773f369d1f2e537bdb63c66b25170c5e660759,250000,1,20079,"{""九黎"": 37, ""共工"": 300, ""共工氏"": 11, ""句龙"": 9, ""后土"": 216, ""太昊"": 47, ""太皞"": 3, ""女娃"": 49, ""女娲"": 1629, ""少昊"": 43, ""帝江"": 77, ""帝鸿"": 2, ""帝鸿氏"": 1, ""应龙"": 268, ""有熊氏"": 7, ""榆罔"": 7, ""涿鹿"": 484, ""炎帝"": 553, ""神农"": 1052, ""禹"": 10148, ""精卫"": 584, ""缙云氏"": 2, ""蚩尤"": 28, ""赤帝"": 291, ""轩辕"": 2761, ""轩辕氏"": 21, ""阪泉"": 14, ""雨师"": 42, ""颛顼"": 9, ""风伯"": 34, ""鲧"": 3, ""黄帝"": 1343, ""黄帝氏"": 4}"
GCI-HOLD-0001,118,literature_zh-00118-of-00233.parquet,795965020,96f61d28501bdfccf62202f01d77ea295ad42900d54994f6af0e9875505f7e71,250000,1,15089,"{""九黎"": 21, ""共工"": 268, ""共工氏"": 6, ""句龙"": 8, ""后土"": 224, ""太昊"": 101, ""女娃"": 101, ""女娲"": 337, ""少昊"": 65, ""帝江"": 18, ""帝鸿"": 10, ""帝鸿氏"": 3, ""应龙"": 431, ""有熊氏"": 10, ""榆罔"": 1, ""涿鹿"": 410, ""炎帝"": 406, ""神农"": 753, ""禹"": 9983, ""精卫"": 387, ""缙云氏"": 6, ""蚩尤"": 49, ""赤帝"": 28, ""轩辕"": 250, ""轩辕氏"": 12, ""阪泉"": 16, ""雨师"": 67, ""颛顼"": 1, ""风伯"": 40, ""黄帝"": 1075, ""黄帝氏"": 2}"
GCI-HOLD-0001,119,literature_zh-00119-of-00233.parquet,786544078,7fa77d9b7ad8e4937582ec88b709a0bd504662251afe5aee40a99752ed2dd679,250000,1,15034,"{""九黎"": 37, ""共工"": 250, ""共工氏"": 27, ""句龙"": 41, ""后土"": 384, ""太昊"": 91, ""女娃"": 49, ""女娲"": 294, ""少昊"": 127, ""帝鸿"": 18, ""帝鸿氏"": 8, ""应龙"": 140, ""有熊氏"": 6, ""榆罔"": 1, ""涿鹿"": 415, ""炎帝"": 298, ""神农"": 767, ""禹"": 10165, ""精卫"": 316, ""缙云氏"": 4, ""蚩尤"": 27, ""赤帝"": 12, ""轩辕"": 210, ""轩辕氏"": 24, ""阪泉"": 20, ""雨师"": 25, ""颛顼"": 1, ""风伯"": 16, ""鲧"": 1, ""黄帝"": 1253, ""黄帝氏"": 7}"
GCI-HOLD-0001,120,literature_zh-00120-of-00233.parquet,799557812,5e8849e6f9f40c421f37cdced53b7aedfbf6a88827431d12b83e9c7d276bff14,250000,1,14715,"{""九黎"": 23, ""共工"": 204, ""共工氏"": 10, ""句龙"": 5, ""后土"": 223, ""太昊"": 29, ""女娃"": 39, ""女娲"": 602, ""少昊"": 49, ""帝江"": 5, ""帝鸿"": 2, ""应龙"": 256, ""有熊氏"": 4, ""涿鹿"": 466, ""炎帝"": 249, ""神农"": 520, ""禹"": 9836, ""精卫"": 391, ""缙云氏"": 23, ""蚩尤"": 30, ""赤帝"": 30, ""轩辕"": 204, ""轩辕氏"": 12, ""阪泉"": 4, ""雨师"": 24, ""颛顼"": 5, ""风伯"": 17, ""鲧"": 1, ""黄帝"": 1448, ""黄帝氏"": 4}"
GCI-HOLD-0001,121,literature_zh-00121-of-00233.parquet,783670557,fd89cad845b6d0848dc2d310cf9a58c2287fd09a78a7a092c7d3d2d2ceff8e55,250000,1,14229,"{""九黎"": 101, ""共工"": 253, ""共工氏"": 21, ""句龙"": 6, ""后土"": 235, ""太昊"": 33, ""太皞"": 1, ""女娃"": 56, ""女娲"": 179, ""少昊"": 39, ""帝江"": 4, ""帝鸿"": 1, ""帝鸿氏"": 1, ""应龙"": 308, ""有熊氏"": 1, ""榆罔"": 1, ""涿鹿"": 376, ""炎帝"": 225, ""神农"": 749, ""禹"": 9607, ""精卫"": 385, ""蚩尤"": 51, ""赤帝"": 5, ""轩辕"": 365, ""轩辕氏"": 22, ""阪泉"": 18, ""雨师"": 31, ""颛顼"": 2, ""风伯"": 21, ""黄帝"": 1124, ""黄帝氏"": 8}"
GCI-HOLD-0001,122,literature_zh-00122-of-00233.parquet,789943146,1d82730ef735731d1ad22a964a2c293f93571b33edd78d828b137c6c5f89a445,250000,1,14670,"{""九黎"": 37, ""共工"": 240, ""共工氏"": 3, ""句龙"": 5, ""后土"": 368, ""太昊"": 64, ""女娃"": 78, ""女娲"": 208, ""少昊"": 47, ""帝江"": 7, ""帝鸿"": 5, ""应龙"": 181, ""有熊氏"": 9, ""榆罔"": 2, ""涿鹿"": 389, ""炎帝"": 361, ""神农"": 764, ""禹"": 9684, ""精卫"": 350, ""蚩尤"": 50, ""赤帝"": 20, ""轩辕"": 396, ""轩辕氏"": 10, ""阪泉"": 36, ""雨师"": 33, ""颛顼"": 4, ""风伯"": 27, ""黄帝"": 1273, ""黄帝氏"": 19}"
GCI-HOLD-0001,123,literature_zh-00123-of-00233.parquet,790868052,cd740a8081b1f16d328276d055518875d8f789dbc8da5d651ee6ea18b1b7d6d1,250000,1,15964,"{""九黎"": 21, ""共工"": 459, ""共工氏"": 29, ""句龙"": 10, ""后土"": 202, ""太昊"": 109, ""女娃"": 45, ""女娲"": 354, ""少昊"": 67, ""帝江"": 4, ""帝鸿"": 7, ""应龙"": 402, ""有熊氏"": 5, ""榆罔"": 9, ""涿鹿"": 338, ""炎帝"": 340, ""神农"": 597, ""禹"": 11306, ""精卫"": 284, ""蚩尤"": 66, ""赤帝"": 35, ""轩辕"": 188, ""轩辕氏"": 9, ""阪泉"": 18, ""雨师"": 33, ""颛顼"": 10, ""风伯"": 29, ""鲧"": 5, ""黄帝"": 975, ""黄帝氏"": 8}"
GCI-HOLD-0001,124,literature_zh-00124-of-00233.parquet,788977133,50f2208b2f5641645e5b9501ca80e44621092981311ebdfc2c9ae3d1c482faa9,250000,1,15193,"{""九黎"": 45, ""共工"": 265, ""共工氏"": 38, ""句龙"": 6, ""后土"": 333, ""太昊"": 61, ""女娃"": 51, ""女娲"": 381, ""少昊"": 73, ""帝江"": 3, ""帝鸿"": 6, ""帝鸿氏"": 1, ""应龙"": 198, ""有熊氏"": 9, ""榆罔"": 17, ""涿鹿"": 600, ""炎帝"": 376, ""神农"": 741, ""禹"": 9626, ""精卫"": 446, ""缙云氏"": 3, ""蚩尤"": 16, ""赤帝"": 38, ""轩辕"": 287, ""轩辕氏"": 17, ""阪泉"": 16, ""雨师"": 23, ""风伯"": 20, ""黄帝"": 1492, ""黄帝氏"": 5}"
GCI-HOLD-0001,125,literature_zh-00125-of-00233.parquet,794988806,7781cd27e814b34d764b52101386a2f8584751acb0062ce20f37a1a56d1b2985,250000,1,13416,"{""九黎"": 44, ""共工"": 246, ""共工氏"": 19, ""句龙"": 6, ""后土"": 267, ""太昊"": 72, ""女娃"": 69, ""女娲"": 224, ""少昊"": 39, ""帝江"": 1, ""帝鸿"": 2, ""应龙"": 269, ""有熊氏"": 8, ""榆罔"": 4, ""涿鹿"": 522, ""炎帝"": 310, ""神农"": 534, ""禹"": 8622, ""精卫"": 329, ""缙云氏"": 3, ""蚩尤"": 58, ""赤帝"": 15, ""轩辕"": 323, ""轩辕氏"": 21, ""阪泉"": 34, ""雨师"": 24, ""颛顼"": 15, ""风伯"": 23, ""鲧"": 19, ""黄帝"": 1290, ""黄帝氏"": 4}"
GCI-HOLD-0001,126,literature_zh-00126-of-00233.parquet,798899843,3a4772a1283aff0a738fb09d96615598525f577a9d3b3196b869a2e25094cffe,250000,1,15269,"{""九黎"": 28, ""共工"": 326, ""共工氏"": 19, ""句龙"": 6, ""后土"": 225, ""太昊"": 91, ""女娃"": 67, ""女娲"": 290, ""少昊"": 164, ""帝江"": 4, ""帝鸿"": 9, ""帝鸿氏"": 4, ""应龙"": 247, ""有熊氏"": 10, ""涿鹿"": 274, ""炎帝"": 258, ""神农"": 1041, ""禹"": 9962, ""精卫"": 411, ""缙云氏"": 6, ""蚩尤"": 101, ""赤帝"": 50, ""轩辕"": 246, ""轩辕氏"": 12, ""阪泉"": 25, ""雨师"": 26, ""颛顼"": 5, ""风伯"": 25, ""黄帝"": 1332, ""黄帝氏"": 5}"
GCI-HOLD-0001,127,literature_zh-00127-of-00233.parquet,776345227,05dca6cf2b078175608ce13f5c902a444278aa8a820a1727a95cf4444966a5b2,250000,1,13814,"{""九黎"": 16, ""共工"": 161, ""共工氏"": 4, ""句龙"": 4, ""后土"": 169, ""太昊"": 56, ""女娃"": 146, ""女娲"": 364, ""少昊"": 32, ""帝鸿"": 4, ""应龙"": 307, ""有熊氏"": 6, ""榆罔"": 1, ""涿鹿"": 207, ""炎帝"": 171, ""神农"": 511, ""禹"": 10108, ""精卫"": 276, ""缙云氏"": 4, ""蚩尤"": 35, ""赤帝"": 15, ""轩辕"": 154, ""轩辕氏"": 10, ""阪泉"": 9, ""雨师"": 26, ""颛顼"": 1, ""风伯"": 24, ""黄帝"": 990, ""黄帝氏"": 3}"
GCI-HOLD-0001,128,literature_zh-00128-of-00233.parquet,789879955,8f9edc56fcfa0130340f97dbccb870c3b69a4b69c438a5fd76dc6707b0d3d836,250000,1,14142,"{""九黎"": 23, ""共工"": 296, ""共工氏"": 25, ""句龙"": 4, ""后土"": 200, ""太昊"": 65, ""女娃"": 114, ""女娲"": 295, ""少昊"": 51, ""帝江"": 6, ""帝鸿"": 8, ""帝鸿氏"": 3, ""应龙"": 178, ""有熊氏"": 3, ""榆罔"": 3, ""涿鹿"": 259, ""炎帝"": 520, ""神农"": 695, ""禹"": 9159, ""精卫"": 344, ""缙云氏"": 1, ""蚩尤"": 47, ""赤帝"": 34, ""轩辕"": 478, ""轩辕氏"": 18, ""阪泉"": 30, ""雨师"": 29, ""颛顼"": 4, ""风伯"": 12, ""鲧"": 6, ""黄帝"": 1226, ""黄帝氏"": 6}"
GCI-HOLD-0001,129,literature_zh-00129-of-00233.parquet,787591916,22560ab36ab9d2a4b7451901d4186fc51a548a096d1074aa66b51d508cfad4be,250000,1,14274,"{""九黎"": 20, ""共工"": 270, ""共工氏"": 18, ""句龙"": 2, ""后土"": 251, ""太昊"": 67, ""女娃"": 60, ""女娲"": 364, ""少昊"": 72, ""帝江"": 4, ""帝鸿"": 5, ""应龙"": 194, ""有熊氏"": 8, ""涿鹿"": 397, ""炎帝"": 230, ""神农"": 632, ""禹"": 9636, ""精卫"": 346, ""缙云氏"": 3, ""蚩尤"": 27, ""赤帝"": 54, ""轩辕"": 290, ""轩辕氏"": 7, ""阪泉"": 19, ""雨师"": 35, ""颛顼"": 3, ""风伯"": 17, ""鲧"": 30, ""黄帝"": 1207, ""黄帝氏"": 6}"
GCI-HOLD-0001,130,literature_zh-00130-of-00233.parquet,779661590,d71339bff0789ffc0d3edc16d273f93d6442f92e9f4c0907ae5b481c7663bd16,250000,1,13687,"{""九黎"": 20, ""共工"": 322, ""共工氏"": 16, ""句龙"": 8, ""后土"": 426, ""太昊"": 62, ""女娃"": 55, ""女娲"": 158, ""少昊"": 27, ""帝江"": 4, ""帝鸿"": 12, ""应龙"": 152, ""有熊氏"": 9, ""榆罔"": 8, ""涿鹿"": 311, ""炎帝"": 326, ""神农"": 808, ""禹"": 9152, ""精卫"": 332, ""缙云氏"": 2, ""蚩尤"": 28, ""赤帝"": 27, ""轩辕"": 121, ""轩辕氏"": 9, ""阪泉"": 15, ""雨师"": 34, ""颛顼"": 16, ""风伯"": 21, ""鲧"": 1, ""黄帝"": 1201, ""黄帝氏"": 4}"
GCI-HOLD-0001,131,literature_zh-00131-of-00233.parquet,793801537,8aaaf66a5ed973b81cfcfc7d065f2b40fd5135f1197c3e24852031ba1c5357a7,250000,1,17662,"{""九黎"": 57, ""共工"": 223, ""共工氏"": 28, ""句龙"": 41, ""后土"": 436, ""太昊"": 77, ""女娃"": 81, ""女娲"": 371, ""少昊"": 70, ""帝江"": 17, ""帝鸿"": 8, ""帝鸿氏"": 2, ""应龙"": 255, ""有熊氏"": 7, ""榆罔"": 6, ""涿鹿"": 695, ""炎帝"": 2060, ""神农"": 1123, ""禹"": 10093, ""精卫"": 298, ""缙云氏"": 1, ""蚩尤"": 25, ""赤帝"": 32, ""轩辕"": 190, ""轩辕氏"": 20, ""阪泉"": 74, ""雨师"": 31, ""颛顼"": 3, ""风伯"": 19, ""鲧"": 4, ""黄帝"": 1311, ""黄帝氏"": 4}"
GCI-HOLD-0001,132,literature_zh-00132-of-00233.parquet,793350523,7fdce113a3915b644c9257bd25087f14c12ce2a3c319b46aca41322cf21510e2,250000,1,14706,"{""九黎"": 163, ""共工"": 222, ""共工氏"": 11, ""句龙"": 8, ""后土"": 301, ""太昊"": 65, ""女娃"": 41, ""女娲"": 305, ""少昊"": 35, ""帝江"": 1, ""帝鸿"": 5, ""应龙"": 302, ""有熊氏"": 6, ""榆罔"": 3, ""涿鹿"": 367, ""炎帝"": 236, ""神农"": 739, ""禹"": 10037, ""精卫"": 354, ""缙云氏"": 1, ""蚩尤"": 55, ""赤帝"": 30, ""轩辕"": 185, ""轩辕氏"": 21, ""阪泉"": 13, ""雨师"": 23, ""颛顼"": 4, ""风伯"": 12, ""黄帝"": 1157, ""黄帝氏"": 4}"
GCI-HOLD-0001,133,literature_zh-00133-of-00233.parquet,777581584,6e7bcb4300112541fc671cc03999246a66ce38df96038ace3bb17366aa2edaf9,250000,1,14279,"{""九黎"": 16, ""共工"": 196, ""共工氏"": 9, ""句龙"": 12, ""后土"": 368, ""太昊"": 72, ""女娃"": 42, ""女娲"": 441, ""少昊"": 45, ""帝江"": 6, ""帝鸿"": 3, ""帝鸿氏"": 1, ""应龙"": 178, ""有熊氏"": 12, ""榆罔"": 4, ""涿鹿"": 436, ""炎帝"": 490, ""神农"": 902, ""禹"": 9159, ""精卫"": 191, ""缙云氏"": 2, ""蚩尤"": 35, ""赤帝"": 38, ""轩辕"": 284, ""轩辕氏"": 18, ""阪泉"": 10, ""雨师"": 56, ""颛顼"": 6, ""风伯"": 30, ""鲧"": 5, ""黄帝"": 1210, ""黄帝氏"": 2}"
GCI-HOLD-0001,134,literature_zh-00134-of-00233.parquet,792206894,df5a242f7fe2e9ab58989485cbec907d1ce9c532acea672654aca4fe8c0a9758,250000,1,16029,"{""九黎"": 115, ""共工"": 224, ""共工氏"": 11, ""句龙"": 2, ""后土"": 712, ""太昊"": 25, ""女娃"": 28, ""女娲"": 773, ""少昊"": 112, ""帝江"": 129, ""帝鸿"": 4, ""帝鸿氏"": 1, ""应龙"": 333, ""有熊氏"": 16, ""榆罔"": 6, ""涿鹿"": 353, ""炎帝"": 471, ""神农"": 1025, ""禹"": 9019, ""精卫"": 240, ""缙云氏"": 2, ""蚩尤"": 326, ""赤帝"": 76, ""轩辕"": 462, ""轩辕氏"": 22, ""阪泉"": 33, ""雨师"": 26, ""颛顼"": 46, ""风伯"": 29, ""鲧"": 4, ""黄帝"": 1399, ""黄帝氏"": 5}"
GCI-HOLD-0001,135,literature_zh-00135-of-00233.parquet,777998697,5a5608e1d075925462d79052a9acbfb24cad7eecd2ccfc02d1cb8e9d31fefeb8,250000,1,15004,"{""九黎"": 15, ""共工"": 244, ""共工氏"": 9, ""后土"": 225, ""太昊"": 44, ""女娃"": 54, ""女娲"": 1019, ""少昊"": 47, ""帝江"": 7, ""帝鸿"": 3, ""帝鸿氏"": 1, ""应龙"": 246, ""有熊氏"": 9, ""榆罔"": 1, ""涿鹿"": 296, ""炎帝"": 200, ""神农"": 798, ""禹"": 9707, ""精卫"": 388, ""缙云氏"": 2, ""蚩尤"": 29, ""赤帝"": 18, ""轩辕"": 245, ""轩辕氏"": 24, ""阪泉"": 8, ""雨师"": 19, ""颛顼"": 4, ""风伯"": 17, ""黄帝"": 1320, ""黄帝氏"": 5}"
GCI-HOLD-0001,136,literature_zh-00136-of-00233.parquet,782816061,dff90cc7f28683fb64fbc00b90e391e737c67b1dbedf1235f63383608124a314,250000,1,14428,"{""九黎"": 13, ""共工"": 273, ""共工氏"": 7, ""句龙"": 10, ""后土"": 308, ""太昊"": 54, ""女娃"": 23, ""女娲"": 256, ""少昊"": 37, ""帝江"": 12, ""帝鸿"": 8, ""帝鸿氏"": 1, ""应龙"": 350, ""有熊氏"": 7, ""涿鹿"": 231, ""炎帝"": 362, ""神农"": 529, ""禹"": 9524, ""精卫"": 554, ""缙云氏"": 14, ""蚩尤"": 27, ""赤帝"": 29, ""轩辕"": 310, ""轩辕氏"": 14, ""阪泉"": 21, ""雨师"": 16, ""颛顼"": 8, ""风伯"": 14, ""鲧"": 3, ""黄帝"": 1410, ""黄帝氏"": 3}"
GCI-HOLD-0001,137,literature_zh-00137-of-00233.parquet,793074002,33dbc7c08407abfc41cb4e4e3bd814ba437f1f05ca224d2abd6b7f778912a82e,250000,1,16209,"{""九黎"": 47, ""共工"": 319, ""共工氏"": 15, ""句龙"": 8, ""后土"": 206, ""太昊"": 151, ""女娃"": 136, ""女娲"": 366, ""少昊"": 117, ""帝江"": 6, ""帝鸿"": 14, ""帝鸿氏"": 2, ""应龙"": 233, ""有熊氏"": 6, ""榆罔"": 7, ""涿鹿"": 414, ""炎帝"": 679, ""神农"": 896, ""禹"": 10203, ""精卫"": 283, ""缙云氏"": 18, ""蚩尤"": 47, ""赤帝"": 60, ""轩辕"": 192, ""轩辕氏"": 18, ""阪泉"": 25, ""雨师"": 18, ""颛顼"": 5, ""风伯"": 20, ""黄帝"": 1693, ""黄帝氏"": 5}"
GCI-HOLD-0001,138,literature_zh-00138-of-00233.parquet,770586916,df5a15b15cdff9b1fcc6ffe704f1fedaa77b964e02c0a17858f81c27d6be82e0,250000,1,13553,"{""九黎"": 11, ""共工"": 242, ""共工氏"": 3, ""句龙"": 4, ""后土"": 203, ""太昊"": 199, ""女娃"": 46, ""女娲"": 334, ""少昊"": 50, ""帝江"": 7, ""帝鸿"": 1, ""帝鸿氏"": 1, ""应龙"": 177, ""有熊氏"": 16, ""榆罔"": 14, ""涿鹿"": 290, ""炎帝"": 376, ""神农"": 699, ""禹"": 9325, ""精卫"": 342, ""缙云氏"": 2, ""蚩尤"": 19, ""赤帝"": 28, ""轩辕"": 162, ""轩辕氏"": 20, ""阪泉"": 17, ""雨师"": 8, ""颛顼"": 3, ""风伯"": 17, ""鲧"": 36, ""黄帝"": 900, ""黄帝氏"": 1}"
GCI-HOLD-0001,139,literature_zh-00139-of-00233.parquet,781742503,dd35a9f207ca972bf64a6235a3af840ca1d1127d3062510cb46446bbf4706964,250000,1,15355,"{""九黎"": 94, ""共工"": 290, ""共工氏"": 21, ""句龙"": 4, ""后土"": 332, ""太昊"": 111, ""太皞"": 1, ""女娃"": 66, ""女娲"": 321, ""少昊"": 104, ""帝江"": 14, ""帝鸿"": 58, ""帝鸿氏"": 3, ""应龙"": 249, ""有熊氏"": 3, ""榆罔"": 5, ""涿鹿"": 322, ""炎帝"": 369, ""神农"": 832, ""禹"": 9640, ""精卫"": 358, ""蚩尤"": 22, ""赤帝"": 34, ""轩辕"": 327, ""轩辕氏"": 5, ""阪泉"": 6, ""雨师"": 45, ""颛顼"": 1, ""风伯"": 25, ""鲧"": 4, ""黄帝"": 1687, ""黄帝氏"": 2}"
GCI-HOLD-0001,140,literature_zh-00140-of-00233.parquet,778653376,1c23ae2f3d3c8cf83d47b47b3c8184a6f94850095575efedadd06365ffdca89b,250000,1,13979,"{""九黎"": 68, ""共工"": 332, ""共工氏"": 22, ""句龙"": 12, ""后土"": 225, ""太昊"": 92, ""女娃"": 52, ""女娲"": 249, ""少昊"": 67, ""帝江"": 20, ""帝鸿"": 9, ""帝鸿氏"": 4, ""应龙"": 219, ""有熊氏"": 5, ""榆罔"": 2, ""涿鹿"": 349, ""炎帝"": 154, ""神农"": 664, ""禹"": 9559, ""精卫"": 274, ""缙云氏"": 3, ""蚩尤"": 27, ""赤帝"": 21, ""轩辕"": 203, ""轩辕氏"": 21, ""阪泉"": 11, ""雨师"": 22, ""颛顼"": 6, ""风伯"": 22, ""黄帝"": 1263, ""黄帝氏"": 2}"
GCI-HOLD-0001,141,literature_zh-00141-of-00233.parquet,366597686,bd7b4c46f9e21a4b462c17e46082b41ff85af9224da16358c6b0bc33c8d687f2,118306,1,6816,"{""九黎"": 5, ""共工"": 82, ""共工氏"": 5, ""句龙"": 4, ""后土"": 83, ""太昊"": 93, ""女娃"": 42, ""女娲"": 142, ""少昊"": 19, ""帝江"": 4, ""帝鸿"": 1, ""帝鸿氏"": 1, ""应龙"": 107, ""有熊氏"": 1, ""涿鹿"": 125, ""炎帝"": 118, ""神农"": 408, ""禹"": 4865, ""精卫"": 198, ""缙云氏"": 6, ""蚩尤"": 2, ""赤帝"": 18, ""轩辕"": 91, ""轩辕氏"": 4, ""阪泉"": 2, ""雨师"": 6, ""颛顼"": 3, ""风伯"": 4, ""黄帝"": 367, ""黄帝氏"": 10}"
GCI-HOLD-0001,142,literature_zh-00142-of-00233.parquet,2231231897,62ac0e9b5a5dd6562d8bcec3b0239647063bf2bf66ee84a0481156d000f058cd,1701,1,72633,"{""九黎"": 167, ""共工"": 2332, ""共工氏"": 337, ""句龙"": 188, ""后土"": 1706, ""太昊"": 191, ""太皞"": 144, ""女娃"": 318, ""女娲"": 2042, ""少昊"": 597, ""少皞"": 225, ""帝江"": 85, ""帝鸿"": 92, ""帝鸿氏"": 23, ""应龙"": 1073, ""有熊氏"": 71, ""榆罔"": 32, ""涿鹿"": 548, ""炎帝"": 1450, ""神农"": 3183, ""禹"": 25967, ""精卫"": 7176, ""缙云氏"": 23, ""蚩尤"": 1693, ""赤帝"": 396, ""轩辕"": 4442, ""轩辕氏"": 302, ""阪泉"": 162, ""雨师"": 598, ""颛顼"": 1940, ""风伯"": 341, ""鲧"": 1794, ""黄帝"": 12965, ""黄帝氏"": 30}"
GCI-HOLD-0001,143,literature_zh-00143-of-00233.parquet,1500006077,a39a286adee8547d45be8ac08a24521ea33946cd0ce365a89baaa44f542ebf3d,1710,1,56386,"{""九黎"": 194, ""共工"": 2075, ""共工氏"": 217, ""句龙"": 74, ""后土"": 1261, ""太昊"": 175, ""太皞"": 161, ""女娃"": 322, ""女娲"": 1683, ""少昊"": 1001, ""少皞"": 399, ""帝江"": 54, ""帝鸿"": 269, ""帝鸿氏"": 64, ""应龙"": 719, ""有熊氏"": 46, ""榆罔"": 53, ""涿鹿"": 602, ""炎帝"": 2412, ""神农"": 2813, ""禹"": 19501, ""精卫"": 1626, ""缙云氏"": 106, ""蚩尤"": 2238, ""赤帝"": 349, ""轩辕"": 1267, ""轩辕氏"": 158, ""阪泉"": 188, ""雨师"": 374, ""颛顼"": 2986, ""风伯"": 132, ""鲧"": 2067, ""黄帝"": 10771, ""黄帝氏"": 29}"
GCI-HOLD-0001,144,literature_zh-00144-of-00233.parquet,1851359048,3591a72923d08886763643bf3ce82f04127bd45854cf7de0c0e7e748ea926a62,1749,1,51904,"{""九黎"": 189, ""共工"": 1812, ""共工氏"": 136, ""句龙"": 133, ""后土"": 1352, ""太昊"": 200, ""太皞"": 104, ""女娃"": 591, ""女娲"": 1212, ""少昊"": 2094, ""少皞"": 309, ""帝江"": 35, ""帝鸿"": 50, ""帝鸿氏"": 17, ""应龙"": 841, ""有熊氏"": 61, ""榆罔"": 20, ""涿鹿"": 684, ""炎帝"": 1143, ""神农"": 2809, ""禹"": 15095, ""精卫"": 4201, ""缙云氏"": 15, ""蚩尤"": 2325, ""赤帝"": 325, ""轩辕"": 2641, ""轩辕氏"": 99, ""阪泉"": 208, ""雨师"": 604, ""颛顼"": 1447, ""风伯"": 607, ""鲧"": 1252, ""黄帝"": 9280, ""黄帝氏"": 13}"
GCI-HOLD-0001,145,literature_zh-00145-of-00233.parquet,1627798621,d6c87c34c72cfb200e5187688aaa5774121d656392523b7f98a1a4c02972924a,1454,1,37496,"{""九黎"": 289, ""共工"": 1177, ""共工氏"": 79, ""句龙"": 45, ""后土"": 548, ""太昊"": 105, ""太皞"": 49, ""女娃"": 1041, ""女娲"": 1271, ""少昊"": 497, ""少皞"": 53, ""帝江"": 35, ""帝鸿"": 463, ""帝鸿氏"": 14, ""应龙"": 990, ""有熊氏"": 20, ""榆罔"": 3, ""涿鹿"": 178, ""炎帝"": 628, ""神农"": 1772, ""禹"": 12416, ""精卫"": 1457, ""缙云氏"": 8, ""蚩尤"": 2158, ""赤帝"": 236, ""轩辕"": 2555, ""轩辕氏"": 104, ""阪泉"": 72, ""雨师"": 708, ""颛顼"": 742, ""风伯"": 122, ""鲧"": 722, ""黄帝"": 6932, ""黄帝氏"": 7}"
GCI-HOLD-0001,146,literature_zh-00146-of-00233.parquet,1386337484,a068954ce0208437686091de02a4cc2cb7ca1a031b9a964368cb501a1f2c9c32,83319,1,11194,"{""九黎"": 126, ""共工"": 29, ""句龙"": 4, ""后土"": 537, ""太昊"": 232, ""女娃"": 1334, ""女娲"": 1491, ""少昊"": 4, ""帝江"": 12, ""应龙"": 142, ""涿鹿"": 11, ""炎帝"": 76, ""神农"": 122, ""禹"": 2929, ""精卫"": 75, ""蚩尤"": 170, ""赤帝"": 201, ""轩辕"": 3265, ""轩辕氏"": 7, ""雨师"": 160, ""颛顼"": 5, ""风伯"": 6, ""鲧"": 14, ""黄帝"": 242}"
GCI-HOLD-0001,147,literature_zh-00147-of-00233.parquet,1731610857,e71468f7ad9f02d8b6fca10944b96014216451d9a97334c683f33ce2519fc3b1,57403,1,26099,"{""九黎"": 36, ""共工"": 110, ""共工氏"": 4, ""句龙"": 3, ""后土"": 180, ""太昊"": 334, ""女娃"": 2004, ""女娲"": 3757, ""少昊"": 282, ""少皞"": 16, ""帝江"": 51, ""帝鸿"": 1, ""应龙"": 497, ""有熊氏"": 1, ""榆罔"": 1, ""涿鹿"": 4, ""炎帝"": 488, ""神农"": 1111, ""禹"": 4203, ""精卫"": 501, ""蚩尤"": 1921, ""赤帝"": 179, ""轩辕"": 8001, ""轩辕氏"": 42, ""雨师"": 1391, ""颛顼"": 63, ""风伯"": 37, ""鲧"": 21, ""黄帝"": 860}"
GCI-HOLD-0001,148,literature_zh-00148-of-00233.parquet,1987003999,292e0af5401b670e8a13e948cda707c092324755937e5478aacecb7977eb272c,57094,1,30170,"{""九黎"": 275, ""共工"": 952, ""共工氏"": 6, ""句龙"": 10, ""后土"": 683, ""太昊"": 244, ""女娃"": 2280, ""女娲"": 5185, ""少昊"": 29, ""少皞"": 16, ""帝江"": 130, ""帝鸿"": 3, ""帝鸿氏"": 2, ""应龙"": 1525, ""有熊氏"": 1, ""涿鹿"": 21, ""炎帝"": 470, ""神农"": 388, ""禹"": 4620, ""精卫"": 158, ""蚩尤"": 874, ""赤帝"": 43, ""轩辕"": 10889, ""轩辕氏"": 47, ""阪泉"": 14, ""雨师"": 346, ""颛顼"": 10, ""风伯"": 35, ""鲧"": 14, ""黄帝"": 900}"
GCI-HOLD-0001,149,literature_zh-00149-of-00233.parquet,1502935226,2cf8f69775f28402490b0c289d8451c5631e932aa9b4822094e23f57fb53ccf4,47518,1,24836,"{""九黎"": 57, ""共工"": 653, ""共工氏"": 10, ""句龙"": 13, ""后土"": 682, ""太昊"": 669, ""女娃"": 1729, ""女娲"": 3064, ""少昊"": 16, ""帝江"": 192, ""应龙"": 515, ""有熊氏"": 2, ""榆罔"": 1, ""涿鹿"": 9, ""炎帝"": 153, ""神农"": 765, ""禹"": 2027, ""精卫"": 1034, ""蚩尤"": 1611, ""赤帝"": 159, ""轩辕"": 9205, ""轩辕氏"": 9, ""阪泉"": 6, ""雨师"": 788, ""颛顼"": 13, ""风伯"": 114, ""鲧"": 215, ""黄帝"": 1124, ""黄帝氏"": 1}"
GCI-HOLD-0001,150,literature_zh-00150-of-00233.parquet,1136465347,8b8c603dbcb05bafd6424b5a6a2f3b6d98e1893b83ce9331d5b5edef3e8ab8e6,2000,1,20461,"{""九黎"": 56, ""共工"": 408, ""共工氏"": 1, ""句龙"": 7, ""后土"": 134, ""太昊"": 338, ""女娃"": 1315, ""女娲"": 840, ""少昊"": 55, ""帝江"": 1, ""帝鸿"": 1, ""应龙"": 1013, ""涿鹿"": 21, ""炎帝"": 207, ""神农"": 535, ""禹"": 3156, ""精卫"": 653, ""蚩尤"": 237, ""赤帝"": 3, ""轩辕"": 10436, ""轩辕氏"": 3, ""雨师"": 462, ""颛顼"": 5, ""风伯"": 21, ""鲧"": 1, ""黄帝"": 552}"
GCI-HOLD-0001,151,literature_zh-00151-of-00233.parquet,1284749882,92f5c330c267ffe0950ecfae7cc49531e5ba741a2dca2f06b046bfb814761087,2000,1,17610,"{""九黎"": 25, ""共工"": 48, ""共工氏"": 3, ""句龙"": 9, ""后土"": 533, ""太昊"": 9, ""女娃"": 1078, ""女娲"": 1848, ""少昊"": 82, ""帝江"": 28, ""帝鸿"": 1, ""应龙"": 320, ""有熊氏"": 3, ""涿鹿"": 6, ""炎帝"": 208, ""神农"": 848, ""禹"": 2221, ""精卫"": 145, ""蚩尤"": 1661, ""赤帝"": 130, ""轩辕"": 6070, ""轩辕氏"": 9, ""阪泉"": 3, ""雨师"": 1472, ""颛顼"": 6, ""风伯"": 58, ""黄帝"": 786}"
GCI-HOLD-0001,152,literature_zh-00152-of-00233.parquet,1352490067,479dce03805db28f45a2b7dba7ae1826550c8e81bbd0d9bb3b48e0ebbace94cb,2000,1,20085,"{""九黎"": 246, ""共工"": 29, ""共工氏"": 17, ""句龙"": 8, ""后土"": 775, ""太昊"": 149, ""女娃"": 1371, ""女娲"": 1801, ""少昊"": 212, ""帝江"": 9, ""帝鸿"": 121, ""应龙"": 651, ""有熊氏"": 16, ""涿鹿"": 55, ""炎帝"": 223, ""神农"": 447, ""禹"": 3022, ""精卫"": 1173, ""蚩尤"": 849, ""赤帝"": 32, ""轩辕"": 7720, ""轩辕氏"": 79, ""阪泉"": 3, ""雨师"": 450, ""颛顼"": 8, ""风伯"": 10, ""鲧"": 7, ""黄帝"": 602}"
GCI-HOLD-0001,153,literature_zh-00153-of-00233.parquet,1267487398,3a15975fda688d2e581f28b1394d471d507634201244d6f00dd36db7db5f403a,1756,1,20673,"{""九黎"": 194, ""共工"": 79, ""句龙"": 11, ""后土"": 410, ""太昊"": 3, ""女娃"": 1080, ""女娲"": 1397, ""帝江"": 241, ""帝鸿"": 2, ""帝鸿氏"": 1, ""应龙"": 555, ""涿鹿"": 4, ""炎帝"": 257, ""神农"": 297, ""禹"": 2855, ""精卫"": 146, ""蚩尤"": 276, ""赤帝"": 190, ""轩辕"": 10983, ""轩辕氏"": 10, ""雨师"": 135, ""颛顼"": 3, ""风伯"": 26, ""鲧"": 4, ""黄帝"": 1514}"
GCI-HOLD-0001,154,literature_zh-00154-of-00233.parquet,135975290,7d7547a8d3a7e8b5f1b421a1164b7c28a2ef0e87efddeb222eac39655782cf5a,138,1,0,{}
GCI-HOLD-0001,155,literature_zh-00155-of-00233.parquet,1139412525,0f695b9dd38014693a4271affbf0a5fa23ea1fdf62374dd26f9ff79ca9f0f1c6,150000,1,13913,"{""九黎"": 57, ""共工"": 655, ""共工氏"": 36, ""句龙"": 11, ""后土"": 497, ""太昊"": 73, ""女娃"": 54, ""女娲"": 1066, ""少昊"": 91, ""帝江"": 16, ""帝鸿"": 6, ""帝鸿氏"": 1, ""应龙"": 178, ""有熊氏"": 17, ""榆罔"": 8, ""涿鹿"": 95, ""炎帝"": 833, ""神农"": 1055, ""禹"": 5480, ""精卫"": 687, ""缙云氏"": 6, ""赤帝"": 73, ""轩辕"": 197, ""轩辕氏"": 29, ""阪泉"": 90, ""雨师"": 95, ""风伯"": 53, ""黄帝"": 2439, ""黄帝氏"": 15}"
GCI-HOLD-0001,156,literature_zh-00156-of-00233.parquet,1142719782,3a7f201f3aea98376fc1c8b5223bef1aa14529d3c00d10a6d9c5f82c65205686,150000,1,13727,"{""九黎"": 75, ""共工"": 485, ""共工氏"": 22, ""句龙"": 79, ""后土"": 469, ""太昊"": 84, ""女娃"": 53, ""女娲"": 1067, ""少昊"": 91, ""帝江"": 17, ""帝鸿"": 38, ""帝鸿氏"": 8, ""应龙"": 210, ""有熊氏"": 8, ""榆罔"": 38, ""涿鹿"": 87, ""炎帝"": 694, ""神农"": 1128, ""禹"": 5574, ""精卫"": 648, ""缙云氏"": 9, ""蚩尤"": 1, ""赤帝"": 67, ""轩辕"": 193, ""轩辕氏"": 28, ""阪泉"": 36, ""雨师"": 63, ""风伯"": 45, ""黄帝"": 2403, ""黄帝氏"": 7}"
GCI-HOLD-0001,157,literature_zh-00157-of-00233.parquet,1147303793,bcd09b16d9945381848dcf2b0a56b466da5c8271d821875acf5a87878166194b,150000,1,14467,"{""九黎"": 50, ""共工"": 482, ""共工氏"": 28, ""句龙"": 11, ""后土"": 443, ""太昊"": 97, ""女娃"": 52, ""女娲"": 1002, ""少昊"": 142, ""帝江"": 7, ""帝鸿"": 30, ""帝鸿氏"": 7, ""应龙"": 188, ""有熊氏"": 22, ""榆罔"": 17, ""涿鹿"": 78, ""炎帝"": 775, ""神农"": 883, ""禹"": 6130, ""精卫"": 900, ""缙云氏"": 4, ""赤帝"": 39, ""轩辕"": 212, ""轩辕氏"": 22, ""阪泉"": 59, ""雨师"": 91, ""风伯"": 225, ""黄帝"": 2452, ""黄帝氏"": 19}"
GCI-HOLD-0001,158,literature_zh-00158-of-00233.parquet,1142161936,ea4346f9813e78f664d5453efaa23b5895a8dc91087ee046ec270b5cd4aacbde,150000,1,12657,"{""九黎"": 63, ""共工"": 623, ""共工氏"": 30, ""句龙"": 9, ""后土"": 401, ""太昊"": 57, ""女娃"": 36, ""女娲"": 869, ""少昊"": 100, ""帝江"": 13, ""帝鸿"": 18, ""帝鸿氏"": 4, ""应龙"": 223, ""有熊氏"": 8, ""榆罔"": 32, ""涿鹿"": 226, ""炎帝"": 616, ""神农"": 795, ""禹"": 4745, ""精卫"": 633, ""缙云氏"": 6, ""赤帝"": 46, ""轩辕"": 246, ""轩辕氏"": 25, ""阪泉"": 65, ""雨师"": 51, ""风伯"": 37, ""黄帝"": 2665, ""黄帝氏"": 15}"
GCI-HOLD-0001,159,literature_zh-00159-of-00233.parquet,1145608660,b687046048570c580852492d42f558506c7464347d6886101226b6c75137e9b9,150000,1,13314,"{""九黎"": 58, ""共工"": 594, ""共工氏"": 23, ""句龙"": 12, ""后土"": 409, ""太昊"": 100, ""女娃"": 55, ""女娲"": 851, ""少昊"": 178, ""帝江"": 9, ""帝鸿"": 11, ""帝鸿氏"": 4, ""应龙"": 137, ""有熊氏"": 22, ""榆罔"": 17, ""涿鹿"": 115, ""炎帝"": 753, ""神农"": 1008, ""禹"": 5062, ""精卫"": 731, ""缙云氏"": 6, ""赤帝"": 85, ""轩辕"": 249, ""轩辕氏"": 24, ""阪泉"": 49, ""雨师"": 57, ""风伯"": 44, ""黄帝"": 2644, ""黄帝氏"": 7}"
GCI-HOLD-0001,160,literature_zh-00160-of-00233.parquet,1144095429,cd2efbe115c2555ede8443175d187d44db737bd630040b66bdf722402f18fab2,150000,1,13586,"{""九黎"": 96, ""共工"": 579, ""共工氏"": 47, ""句龙"": 6, ""后土"": 546, ""太昊"": 77, ""女娃"": 60, ""女娲"": 803, ""少昊"": 171, ""帝江"": 7, ""帝鸿"": 16, ""帝鸿氏"": 9, ""应龙"": 193, ""有熊氏"": 26, ""榆罔"": 8, ""涿鹿"": 94, ""炎帝"": 584, ""神农"": 791, ""禹"": 5852, ""精卫"": 536, ""缙云氏"": 10, ""赤帝"": 66, ""轩辕"": 215, ""轩辕氏"": 26, ""阪泉"": 52, ""雨师"": 63, ""颛顼"": 2, ""风伯"": 51, ""黄帝"": 2582, ""黄帝氏"": 18}"
GCI-HOLD-0001,161,literature_zh-00161-of-00233.parquet,1147765732,224bf5c161ea2aafe5e046e0e3016fafacdad57c1b50bb636c87bdd01e808c6c,150000,1,13158,"{""九黎"": 93, ""共工"": 638, ""共工氏"": 58, ""句龙"": 42, ""后土"": 624, ""太昊"": 71, ""女娃"": 39, ""女娲"": 813, ""少昊"": 75, ""帝江"": 2, ""帝鸿"": 5, ""帝鸿氏"": 1, ""应龙"": 224, ""有熊氏"": 4, ""涿鹿"": 86, ""炎帝"": 540, ""神农"": 856, ""禹"": 5594, ""精卫"": 740, ""缙云氏"": 4, ""赤帝"": 91, ""轩辕"": 164, ""轩辕氏"": 22, ""阪泉"": 19, ""雨师"": 53, ""风伯"": 29, ""黄帝"": 2257, ""黄帝氏"": 14}"
GCI-HOLD-0001,162,literature_zh-00162-of-00233.parquet,1146695154,469212ef68e26c3879f0608fd8a70c526fd48c8eb09fe3ef43e67e28492acf88,150000,1,13581,"{""九黎"": 120, ""共工"": 522, ""共工氏"": 26, ""句龙"": 5, ""后土"": 392, ""太昊"": 87, ""女娃"": 33, ""女娲"": 915, ""少昊"": 98, ""帝江"": 6, ""帝鸿"": 7, ""帝鸿氏"": 2, ""应龙"": 125, ""有熊氏"": 13, ""榆罔"": 11, ""涿鹿"": 152, ""炎帝"": 740, ""神农"": 707, ""禹"": 5583, ""精卫"": 758, ""缙云氏"": 2, ""赤帝"": 37, ""轩辕"": 328, ""轩辕氏"": 18, ""阪泉"": 51, ""雨师"": 44, ""风伯"": 35, ""黄帝"": 2759, ""黄帝氏"": 5}"
GCI-HOLD-0001,163,literature_zh-00163-of-00233.parquet,1152963153,0e5968d5b27e51866279c31b7e45d017e09ea4393e8d3ec5a54e5f309adb0301,150000,1,12823,"{""九黎"": 43, ""共工"": 507, ""共工氏"": 40, ""句龙"": 11, ""后土"": 477, ""太昊"": 83, ""女娃"": 44, ""女娲"": 722, ""少昊"": 188, ""帝江"": 6, ""帝鸿"": 5, ""应龙"": 139, ""有熊氏"": 11, ""榆罔"": 9, ""涿鹿"": 123, ""炎帝"": 772, ""神农"": 876, ""禹"": 4602, ""精卫"": 729, ""缙云氏"": 4, ""赤帝"": 57, ""轩辕"": 232, ""轩辕氏"": 27, ""阪泉"": 63, ""雨师"": 60, ""风伯"": 35, ""黄帝"": 2944, ""黄帝氏"": 14}"
GCI-HOLD-0001,164,literature_zh-00164-of-00233.parquet,1146451972,23381e6fe676c58c797d6dfb894111bebf09506adb83720ca360b4b6d312e31b,150000,1,13049,"{""九黎"": 42, ""共工"": 527, ""共工氏"": 23, ""句龙"": 11, ""后土"": 472, ""太昊"": 111, ""女娃"": 71, ""女娲"": 1001, ""少昊"": 95, ""帝江"": 5, ""帝鸿"": 12, ""帝鸿氏"": 3, ""应龙"": 147, ""有熊氏"": 13, ""榆罔"": 1, ""涿鹿"": 81, ""炎帝"": 646, ""神农"": 1043, ""禹"": 5274, ""精卫"": 819, ""缙云氏"": 25, ""赤帝"": 87, ""轩辕"": 224, ""轩辕氏"": 22, ""阪泉"": 14, ""雨师"": 60, ""风伯"": 56, ""黄帝"": 2158, ""黄帝氏"": 6}"
GCI-HOLD-0001,165,literature_zh-00165-of-00233.parquet,1148807239,24ffae00fe41d81e41a40699f928fdddf9a6f873d7644f3d2738eb686944c4cb,150000,1,13941,"{""九黎"": 93, ""共工"": 524, ""共工氏"": 30, ""句龙"": 13, ""后土"": 363, ""太昊"": 105, ""女娃"": 33, ""女娲"": 791, ""少昊"": 219, ""帝江"": 6, ""帝鸿"": 21, ""帝鸿氏"": 6, ""应龙"": 141, ""有熊氏"": 27, ""榆罔"": 27, ""涿鹿"": 166, ""炎帝"": 550, ""神农"": 856, ""禹"": 5675, ""精卫"": 742, ""缙云氏"": 12, ""赤帝"": 45, ""轩辕"": 260, ""轩辕氏"": 62, ""阪泉"": 26, ""雨师"": 81, ""风伯"": 44, ""黄帝"": 3010, ""黄帝氏"": 13}"
GCI-HOLD-0001,166,literature_zh-00166-of-00233.parquet,1155863025,f9539a9712532abf8d8efbc943467746c516142d5e0a47d7bb89b385e8ff6606,150000,1,13841,"{""九黎"": 115, ""共工"": 464, ""共工氏"": 29, ""句龙"": 13, ""后土"": 480, ""太昊"": 150, ""女娃"": 45, ""女娲"": 839, ""少昊"": 121, ""帝江"": 13, ""帝鸿"": 9, ""帝鸿氏"": 3, ""应龙"": 176, ""有熊氏"": 5, ""榆罔"": 10, ""涿鹿"": 64, ""炎帝"": 646, ""神农"": 959, ""禹"": 5580, ""精卫"": 1069, ""缙云氏"": 9, ""赤帝"": 77, ""轩辕"": 189, ""轩辕氏"": 14, ""阪泉"": 22, ""雨师"": 53, ""风伯"": 56, ""黄帝"": 2623, ""黄帝氏"": 8}"
GCI-HOLD-0001,167,literature_zh-00167-of-00233.parquet,1147250482,61ea54f5550988eee035884afc5b0607f431fc5a592a66b6b5e7b976c36b6496,150000,1,11908,"{""九黎"": 43, ""共工"": 553, ""共工氏"": 25, ""句龙"": 16, ""后土"": 372, ""太昊"": 119, ""女娃"": 34, ""女娲"": 904, ""少昊"": 139, ""帝江"": 9, ""帝鸿"": 21, ""帝鸿氏"": 6, ""应龙"": 177, ""有熊氏"": 7, ""榆罔"": 1, ""涿鹿"": 69, ""炎帝"": 455, ""神农"": 736, ""禹"": 5101, ""精卫"": 793, ""缙云氏"": 8, ""赤帝"": 70, ""轩辕"": 212, ""轩辕氏"": 13, ""阪泉"": 28, ""雨师"": 53, ""风伯"": 36, ""黄帝"": 1898, ""黄帝氏"": 10}"
GCI-HOLD-0001,168,literature_zh-00168-of-00233.parquet,1156444295,1eefb3e8871a1119d97a499f7c53bddf2b5944ce7a6c749b12f6d368f2de8e7c,150000,1,13997,"{""九黎"": 91, ""共工"": 505, ""共工氏"": 31, ""句龙"": 15, ""后土"": 354, ""太昊"": 47, ""女娃"": 49, ""女娲"": 725, ""少昊"": 102, ""帝江"": 5, ""帝鸿"": 7, ""帝鸿氏"": 3, ""应龙"": 218, ""有熊氏"": 10, ""榆罔"": 4, ""涿鹿"": 83, ""炎帝"": 954, ""神农"": 1391, ""禹"": 5272, ""精卫"": 693, ""缙云氏"": 15, ""赤帝"": 78, ""轩辕"": 242, ""轩辕氏"": 20, ""阪泉"": 37, ""雨师"": 71, ""风伯"": 44, ""黄帝"": 2918, ""黄帝氏"": 13}"
GCI-HOLD-0001,169,literature_zh-00169-of-00233.parquet,1153774071,2a4ea5f1cee903fe7b1a44976dc4f6de60220a58836fccf1eec04c3144a132ad,150000,1,14333,"{""九黎"": 139, ""共工"": 603, ""共工氏"": 38, ""句龙"": 21, ""后土"": 404, ""太昊"": 108, ""女娃"": 79, ""女娲"": 811, ""少昊"": 178, ""帝江"": 6, ""帝鸿"": 15, ""帝鸿氏"": 4, ""应龙"": 213, ""有熊氏"": 15, ""榆罔"": 2, ""涿鹿"": 177, ""炎帝"": 681, ""神农"": 972, ""禹"": 5670, ""精卫"": 596, ""缙云氏"": 13, ""赤帝"": 77, ""轩辕"": 246, ""轩辕氏"": 33, ""阪泉"": 55, ""雨师"": 92, ""风伯"": 101, ""黄帝"": 2965, ""黄帝氏"": 19}"
GCI-HOLD-0001,170,literature_zh-00170-of-00233.parquet,1153970098,54f6c6664f5d0c892c83dc6df0b18a9f0fd1e60d38ff0dc5efe3ac072b36b797,150000,1,14566,"{""九黎"": 57, ""共工"": 540, ""共工氏"": 40, ""句龙"": 15, ""后土"": 409, ""太昊"": 249, ""女娃"": 45, ""女娲"": 1306, ""少昊"": 121, ""帝江"": 4, ""帝鸿"": 21, ""帝鸿氏"": 3, ""应龙"": 136, ""有熊氏"": 6, ""榆罔"": 10, ""涿鹿"": 104, ""炎帝"": 620, ""神农"": 960, ""禹"": 6242, ""精卫"": 592, ""缙云氏"": 7, ""赤帝"": 37, ""轩辕"": 243, ""轩辕氏"": 36, ""阪泉"": 35, ""雨师"": 71, ""风伯"": 49, ""黄帝"": 2598, ""黄帝氏"": 10}"
GCI-HOLD-0001,171,literature_zh-00171-of-00233.parquet,1158563763,0bc8b436b91cfc338b7cfc906e6daab1c2749a5d18d781c6ec07b6d53624e8e5,150000,1,14575,"{""九黎"": 87, ""共工"": 684, ""共工氏"": 105, ""句龙"": 24, ""后土"": 626, ""太昊"": 88, ""女娃"": 68, ""女娲"": 1101, ""少昊"": 91, ""帝江"": 10, ""帝鸿"": 12, ""帝鸿氏"": 4, ""应龙"": 307, ""有熊氏"": 19, ""榆罔"": 30, ""涿鹿"": 151, ""炎帝"": 862, ""神农"": 946, ""禹"": 5390, ""精卫"": 774, ""缙云氏"": 31, ""赤帝"": 70, ""轩辕"": 189, ""轩辕氏"": 21, ""阪泉"": 62, ""雨师"": 57, ""风伯"": 54, ""黄帝"": 2702, ""黄帝氏"": 10}"
GCI-HOLD-0001,172,literature_zh-00172-of-00233.parquet,1159079742,3cbe4f7792acd69271100faec28babf7ccbfaeb5f0825c833b22f84b8caf2d44,150000,1,13780,"{""九黎"": 63, ""共工"": 664, ""共工氏"": 81, ""句龙"": 14, ""后土"": 459, ""太昊"": 154, ""女娃"": 52, ""女娲"": 946, ""少昊"": 103, ""帝江"": 8, ""帝鸿"": 31, ""帝鸿氏"": 15, ""应龙"": 139, ""有熊氏"": 15, ""榆罔"": 34, ""涿鹿"": 92, ""炎帝"": 498, ""神农"": 903, ""禹"": 5645, ""精卫"": 747, ""缙云氏"": 89, ""赤帝"": 59, ""轩辕"": 303, ""轩辕氏"": 28, ""阪泉"": 33, ""雨师"": 66, ""风伯"": 66, ""黄帝"": 2464, ""黄帝氏"": 9}"
GCI-HOLD-0001,173,literature_zh-00173-of-00233.parquet,1157747312,e7c0ed59b7b6ca972d689545eb2dbe15db543ce070fc3185898a4f27653e0ddf,150000,1,14866,"{""九黎"": 48, ""共工"": 607, ""共工氏"": 101, ""句龙"": 24, ""后土"": 558, ""太昊"": 65, ""女娃"": 66, ""女娲"": 1203, ""少昊"": 184, ""帝江"": 9, ""帝鸿"": 12, ""帝鸿氏"": 2, ""应龙"": 137, ""有熊氏"": 11, ""榆罔"": 47, ""涿鹿"": 67, ""炎帝"": 804, ""神农"": 1123, ""禹"": 5956, ""精卫"": 924, ""缙云氏"": 10, ""赤帝"": 47, ""轩辕"": 203, ""轩辕氏"": 33, ""阪泉"": 34, ""雨师"": 66, ""风伯"": 55, ""黄帝"": 2457, ""黄帝氏"": 13}"
GCI-HOLD-0001,174,literature_zh-00174-of-00233.parquet,1156841051,f51c0cab266d478ac97c9540c8c2438d0c8313b42a19cf81ee507e2ca9f47a94,150000,1,15020,"{""九黎"": 35, ""共工"": 760, ""共工氏"": 41, ""句龙"": 11, ""后土"": 400, ""太昊"": 93, ""女娃"": 37, ""女娲"": 1123, ""少昊"": 200, ""帝江"": 2, ""帝鸿"": 6, ""帝鸿氏"": 1, ""应龙"": 257, ""有熊氏"": 27, ""榆罔"": 5, ""涿鹿"": 88, ""炎帝"": 659, ""神农"": 1025, ""禹"": 6093, ""精卫"": 649, ""缙云氏"": 14, ""赤帝"": 55, ""轩辕"": 229, ""轩辕氏"": 30, ""阪泉"": 52, ""雨师"": 78, ""风伯"": 58, ""黄帝"": 2976, ""黄帝氏"": 16}"
GCI-HOLD-0001,175,literature_zh-00175-of-00233.parquet,1158952826,b99e6a21b00df42d4576b703e10eae432494ab45cb56b2f549af47d98bdabcee,150000,1,12999,"{""九黎"": 43, ""共工"": 542, ""共工氏"": 38, ""句龙"": 9, ""后土"": 484, ""太昊"": 138, ""女娃"": 59, ""女娲"": 761, ""少昊"": 272, ""帝江"": 9, ""帝鸿"": 13, ""帝鸿氏"": 4, ""应龙"": 115, ""有熊氏"": 13, ""榆罔"": 16, ""涿鹿"": 81, ""炎帝"": 657, ""神农"": 962, ""禹"": 5462, ""精卫"": 567, ""缙云氏"": 26, ""赤帝"": 90, ""轩辕"": 163, ""轩辕氏"": 13, ""阪泉"": 22, ""雨师"": 74, ""风伯"": 80, ""黄帝"": 2267, ""黄帝氏"": 19}"
GCI-HOLD-0001,176,literature_zh-00176-of-00233.parquet,1159351830,14a8653a53558f9471bfb6284bebe897738fac59c7a6d27422af7bd3e5433e60,150000,1,14251,"{""九黎"": 91, ""共工"": 520, ""共工氏"": 24, ""句龙"": 11, ""后土"": 461, ""太昊"": 88, ""女娃"": 37, ""女娲"": 1083, ""少昊"": 143, ""帝江"": 12, ""帝鸿"": 18, ""帝鸿氏"": 7, ""应龙"": 114, ""有熊氏"": 7, ""榆罔"": 12, ""涿鹿"": 96, ""炎帝"": 794, ""神农"": 1009, ""禹"": 6170, ""精卫"": 799, ""缙云氏"": 4, ""赤帝"": 66, ""轩辕"": 203, ""轩辕氏"": 18, ""阪泉"": 38, ""雨师"": 57, ""风伯"": 67, ""黄帝"": 2295, ""黄帝氏"": 7}"
GCI-HOLD-0001,177,literature_zh-00177-of-00233.parquet,1165284098,5e8d4ffb294d8e59401976d2481ef27ca43195a324a2529f3065a4676949e157,150000,1,14424,"{""九黎"": 131, ""共工"": 479, ""共工氏"": 28, ""句龙"": 11, ""后土"": 461, ""太昊"": 108, ""女娃"": 38, ""女娲"": 854, ""少昊"": 142, ""帝江"": 7, ""帝鸿"": 16, ""帝鸿氏"": 4, ""应龙"": 264, ""有熊氏"": 15, ""榆罔"": 4, ""涿鹿"": 100, ""炎帝"": 490, ""神农"": 751, ""禹"": 6522, ""精卫"": 634, ""缙云氏"": 2, ""赤帝"": 65, ""轩辕"": 230, ""轩辕氏"": 16, ""阪泉"": 42, ""雨师"": 34, ""风伯"": 94, ""黄帝"": 2863, ""黄帝氏"": 19}"
GCI-HOLD-0001,178,literature_zh-00178-of-00233.parquet,1161589821,f62a17f415bb1e4f16db4dd815eb829fc904fdb4088b370d3baa58ecdfd7c271,150000,1,14793,"{""九黎"": 48, ""共工"": 672, ""共工氏"": 31, ""句龙"": 8, ""后土"": 405, ""太昊"": 110, ""女娃"": 58, ""女娲"": 915, ""少昊"": 130, ""帝江"": 13, ""帝鸿"": 13, ""帝鸿氏"": 3, ""应龙"": 364, ""有熊氏"": 17, ""榆罔"": 22, ""涿鹿"": 148, ""炎帝"": 1182, ""神农"": 1069, ""禹"": 5214, ""精卫"": 729, ""缙云氏"": 8, ""蚩尤"": 1, ""赤帝"": 107, ""轩辕"": 255, ""轩辕氏"": 21, ""阪泉"": 65, ""雨师"": 83, ""风伯"": 55, ""黄帝"": 3013, ""黄帝氏"": 34}"
GCI-HOLD-0001,179,literature_zh-00179-of-00233.parquet,1164288332,b71a21cd6cc7d90baea43be3afc696f414b1325afb52d0d1b502b5f8129c155b,150000,1,12731,"{""九黎"": 36, ""共工"": 486, ""共工氏"": 38, ""句龙"": 8, ""后土"": 447, ""太昊"": 78, ""女娃"": 32, ""女娲"": 880, ""少昊"": 67, ""帝江"": 7, ""帝鸿"": 9, ""帝鸿氏"": 3, ""应龙"": 130, ""有熊氏"": 20, ""涿鹿"": 53, ""炎帝"": 408, ""神农"": 781, ""禹"": 5780, ""精卫"": 678, ""缙云氏"": 7, ""赤帝"": 43, ""轩辕"": 193, ""轩辕氏"": 21, ""阪泉"": 33, ""雨师"": 47, ""风伯"": 45, ""黄帝"": 2395, ""黄帝氏"": 6}"
GCI-HOLD-0001,180,literature_zh-00180-of-00233.parquet,1167479648,4caa32b96251c4ec36cc73ebd3d35dce4e0c660e90c7e5099cea10abbc9c5ea7,150000,1,15779,"{""九黎"": 68, ""共工"": 810, ""共工氏"": 129, ""句龙"": 27, ""后土"": 833, ""太昊"": 85, ""女娃"": 48, ""女娲"": 1304, ""少昊"": 190, ""帝江"": 12, ""帝鸿"": 10, ""帝鸿氏"": 4, ""应龙"": 252, ""有熊氏"": 33, ""榆罔"": 7, ""涿鹿"": 107, ""炎帝"": 665, ""神农"": 951, ""禹"": 6005, ""精卫"": 739, ""缙云氏"": 7, ""赤帝"": 55, ""轩辕"": 271, ""轩辕氏"": 28, ""阪泉"": 33, ""雨师"": 122, ""风伯"": 176, ""黄帝"": 2798, ""黄帝氏"": 10}"
GCI-HOLD-0001,181,literature_zh-00181-of-00233.parquet,1169910121,6377a0f1e9e5158443d3726e5ee956651e6ac03e501e91dc6e49f9b25a104f1f,150000,1,13968,"{""九黎"": 44, ""共工"": 446, ""共工氏"": 20, ""句龙"": 8, ""后土"": 403, ""太昊"": 46, ""女娃"": 73, ""女娲"": 1031, ""少昊"": 70, ""帝江"": 9, ""帝鸿"": 7, ""帝鸿氏"": 1, ""应龙"": 302, ""有熊氏"": 15, ""榆罔"": 2, ""涿鹿"": 147, ""炎帝"": 547, ""神农"": 1034, ""禹"": 5838, ""精卫"": 666, ""缙云氏"": 4, ""赤帝"": 99, ""轩辕"": 237, ""轩辕氏"": 23, ""阪泉"": 71, ""雨师"": 75, ""风伯"": 63, ""黄帝"": 2679, ""黄帝氏"": 8}"
GCI-HOLD-0001,182,literature_zh-00182-of-00233.parquet,1169256420,ddbc42b34344602d1afbec960382249a86ee62616d012ab49c70aa3e24959f57,150000,1,13378,"{""九黎"": 80, ""共工"": 527, ""共工氏"": 28, ""句龙"": 20, ""后土"": 373, ""太昊"": 95, ""女娃"": 49, ""女娲"": 654, ""少昊"": 180, ""帝江"": 15, ""帝鸿"": 10, ""帝鸿氏"": 3, ""应龙"": 162, ""有熊氏"": 21, ""榆罔"": 9, ""涿鹿"": 70, ""炎帝"": 472, ""神农"": 724, ""禹"": 5636, ""精卫"": 756, ""缙云氏"": 3, ""赤帝"": 48, ""轩辕"": 382, ""轩辕氏"": 36, ""阪泉"": 27, ""雨师"": 70, ""风伯"": 49, ""黄帝"": 2869, ""黄帝氏"": 10}"
GCI-HOLD-0001,183,literature_zh-00183-of-00233.parquet,1164646637,e7c5d97071b3dd4013374a0b3c8c14bbd703625f3aae102bcd6cd0aa36e011bb,150000,1,14894,"{""九黎"": 52, ""共工"": 568, ""共工氏"": 29, ""句龙"": 13, ""后土"": 398, ""太昊"": 110, ""女娃"": 52, ""女娲"": 1352, ""少昊"": 167, ""帝江"": 11, ""帝鸿"": 15, ""帝鸿氏"": 6, ""应龙"": 152, ""有熊氏"": 15, ""榆罔"": 9, ""涿鹿"": 114, ""炎帝"": 940, ""神农"": 1093, ""禹"": 6040, ""精卫"": 686, ""缙云氏"": 5, ""赤帝"": 49, ""轩辕"": 222, ""轩辕氏"": 29, ""阪泉"": 41, ""雨师"": 50, ""风伯"": 48, ""黄帝"": 2615, ""黄帝氏"": 13}"
GCI-HOLD-0001,184,literature_zh-00184-of-00233.parquet,1171653279,4e590194c00308c26defc0fcb091b0f71ed6f60ed04e579d574822a352ab204e,150000,1,13815,"{""九黎"": 37, ""共工"": 462, ""共工氏"": 19, ""句龙"": 28, ""后土"": 492, ""太昊"": 126, ""女娃"": 58, ""女娲"": 1187, ""少昊"": 142, ""帝江"": 18, ""帝鸿"": 26, ""帝鸿氏"": 10, ""应龙"": 246, ""有熊氏"": 14, ""榆罔"": 5, ""涿鹿"": 66, ""炎帝"": 578, ""神农"": 749, ""禹"": 5315, ""精卫"": 711, ""缙云氏"": 18, ""蚩尤"": 3, ""赤帝"": 43, ""轩辕"": 273, ""轩辕氏"": 40, ""阪泉"": 37, ""雨师"": 79, ""颛顼"": 6, ""风伯"": 112, ""黄帝"": 2897, ""黄帝氏"": 18}"
GCI-HOLD-0001,185,literature_zh-00185-of-00233.parquet,1168381979,4091808a02a7edf38368c987722e5eee045a24b72584dc4e9845a2cf94a27a94,150000,1,12875,"{""九黎"": 85, ""共工"": 478, ""共工氏"": 19, ""句龙"": 14, ""后土"": 433, ""太昊"": 46, ""女娃"": 24, ""女娲"": 988, ""少昊"": 81, ""帝江"": 12, ""帝鸿"": 9, ""帝鸿氏"": 2, ""应龙"": 157, ""有熊氏"": 18, ""榆罔"": 14, ""涿鹿"": 72, ""炎帝"": 690, ""神农"": 765, ""禹"": 5439, ""精卫"": 566, ""缙云氏"": 6, ""赤帝"": 81, ""轩辕"": 245, ""轩辕氏"": 28, ""阪泉"": 31, ""雨师"": 77, ""风伯"": 74, ""黄帝"": 2410, ""黄帝氏"": 11}"
GCI-HOLD-0001,186,literature_zh-00186-of-00233.parquet,1175436331,dd0fec14df7b6047a4694248adebded307a860526dc529f17d720be05f5a2a1f,150000,1,15227,"{""九黎"": 122, ""共工"": 618, ""共工氏"": 30, ""句龙"": 22, ""后土"": 474, ""太昊"": 89, ""女娃"": 65, ""女娲"": 690, ""少昊"": 139, ""帝江"": 13, ""帝鸿"": 18, ""帝鸿氏"": 7, ""应龙"": 137, ""有熊氏"": 21, ""榆罔"": 17, ""涿鹿"": 183, ""炎帝"": 939, ""神农"": 981, ""禹"": 5713, ""精卫"": 871, ""缙云氏"": 7, ""赤帝"": 63, ""轩辕"": 407, ""轩辕氏"": 100, ""阪泉"": 57, ""雨师"": 77, ""风伯"": 49, ""黄帝"": 3301, ""黄帝氏"": 17}"
GCI-HOLD-0001,187,literature_zh-00187-of-00233.parquet,1170536544,accb77d0c693bc600368478a31cb54abe42b2930da19e8a46fdd1f2a98178759,150000,1,14326,"{""九黎"": 98, ""共工"": 504, ""共工氏"": 27, ""句龙"": 11, ""后土"": 659, ""太昊"": 136, ""女娃"": 46, ""女娲"": 738, ""少昊"": 222, ""帝江"": 7, ""帝鸿"": 9, ""帝鸿氏"": 5, ""应龙"": 131, ""有熊氏"": 45, ""榆罔"": 15, ""涿鹿"": 147, ""炎帝"": 824, ""神农"": 964, ""禹"": 5453, ""精卫"": 620, ""缙云氏"": 8, ""赤帝"": 75, ""轩辕"": 359, ""轩辕氏"": 25, ""阪泉"": 33, ""雨师"": 81, ""风伯"": 68, ""黄帝"": 3005, ""黄帝氏"": 11}"
GCI-HOLD-0001,188,literature_zh-00188-of-00233.parquet,1168705271,4f95091996c92e26272f2fd98cbb8e7f0c40b474a3b03d0286b85cdac09ceec7,150000,1,14329,"{""九黎"": 87, ""共工"": 537, ""共工氏"": 47, ""句龙"": 12, ""后土"": 511, ""太昊"": 111, ""女娃"": 104, ""女娲"": 947, ""少昊"": 230, ""帝江"": 25, ""帝鸿"": 22, ""帝鸿氏"": 12, ""应龙"": 130, ""有熊氏"": 19, ""榆罔"": 5, ""涿鹿"": 92, ""炎帝"": 760, ""神农"": 989, ""禹"": 6137, ""精卫"": 558, ""缙云氏"": 10, ""赤帝"": 77, ""轩辕"": 239, ""轩辕氏"": 17, ""阪泉"": 31, ""雨师"": 41, ""风伯"": 39, ""黄帝"": 2533, ""黄帝氏"": 7}"
GCI-HOLD-0001,189,literature_zh-00189-of-00233.parquet,1175365671,8687ef51d45baafa4b9024608a4d19524f8f29f1d930443fa102d58be9df6a21,150000,1,15345,"{""九黎"": 51, ""共工"": 522, ""共工氏"": 37, ""句龙"": 13, ""后土"": 428, ""太昊"": 96, ""女娃"": 42, ""女娲"": 1214, ""少昊"": 132, ""帝江"": 12, ""帝鸿"": 7, ""帝鸿氏"": 2, ""应龙"": 276, ""有熊氏"": 22, ""榆罔"": 15, ""涿鹿"": 117, ""炎帝"": 546, ""神农"": 997, ""禹"": 6088, ""精卫"": 823, ""缙云氏"": 12, ""赤帝"": 49, ""轩辕"": 304, ""轩辕氏"": 37, ""阪泉"": 77, ""雨师"": 41, ""风伯"": 30, ""黄帝"": 3342, ""黄帝氏"": 13}"
GCI-HOLD-0001,190,literature_zh-00190-of-00233.parquet,1176875823,c876db98faf2b7d6cddb46a8304a8b04cdeee29c94e73901f4a6f4f0373e7a7a,150000,1,14350,"{""九黎"": 120, ""共工"": 619, ""共工氏"": 44, ""句龙"": 18, ""后土"": 379, ""太昊"": 92, ""女娃"": 33, ""女娲"": 1211, ""少昊"": 156, ""帝江"": 2, ""帝鸿"": 52, ""帝鸿氏"": 14, ""应龙"": 183, ""有熊氏"": 17, ""榆罔"": 11, ""涿鹿"": 105, ""炎帝"": 573, ""神农"": 790, ""禹"": 6015, ""精卫"": 750, ""缙云氏"": 8, ""赤帝"": 46, ""轩辕"": 192, ""轩辕氏"": 18, ""阪泉"": 54, ""雨师"": 54, ""风伯"": 38, ""黄帝"": 2745, ""黄帝氏"": 11}"
GCI-HOLD-0001,191,literature_zh-00191-of-00233.parquet,1176244945,e1adaebea60df924d0489d94b1d50330e88d458527eafc0f1485e25459eec867,150000,1,13120,"{""九黎"": 29, ""共工"": 580, ""共工氏"": 48, ""句龙"": 13, ""后土"": 516, ""太昊"": 120, ""女娃"": 49, ""女娲"": 828, ""少昊"": 123, ""帝江"": 8, ""帝鸿"": 11, ""帝鸿氏"": 3, ""应龙"": 284, ""有熊氏"": 9, ""榆罔"": 5, ""涿鹿"": 77, ""炎帝"": 605, ""神农"": 968, ""禹"": 5184, ""精卫"": 643, ""缙云氏"": 21, ""赤帝"": 113, ""轩辕"": 298, ""轩辕氏"": 30, ""阪泉"": 26, ""雨师"": 82, ""风伯"": 51, ""黄帝"": 2390, ""黄帝氏"": 6}"
GCI-HOLD-0001,192,literature_zh-00192-of-00233.parquet,1176198371,cf846b975810668721e7f7104005cad6d54c6e840ab23d23f05b533b9f77f97e,150000,1,14682,"{""九黎"": 145, ""共工"": 542, ""共工氏"": 29, ""句龙"": 10, ""后土"": 518, ""太昊"": 137, ""女娃"": 63, ""女娲"": 1038, ""少昊"": 177, ""帝江"": 11, ""帝鸿"": 13, ""帝鸿氏"": 8, ""应龙"": 246, ""有熊氏"": 10, ""榆罔"": 6, ""涿鹿"": 81, ""炎帝"": 990, ""神农"": 1029, ""禹"": 5512, ""精卫"": 915, ""缙云氏"": 15, ""赤帝"": 75, ""轩辕"": 184, ""轩辕氏"": 18, ""阪泉"": 45, ""雨师"": 87, ""风伯"": 50, ""黄帝"": 2712, ""黄帝氏"": 16}"
GCI-HOLD-0001,193,literature_zh-00193-of-00233.parquet,1182668563,68cadbfa5a65f60d0f99793951bf2f919d5863a63c78ef904840b1f7e83f807c,150000,1,14386,"{""九黎"": 80, ""共工"": 504, ""共工氏"": 31, ""句龙"": 17, ""后土"": 428, ""太昊"": 169, ""女娃"": 85, ""女娲"": 877, ""少昊"": 103, ""帝江"": 15, ""帝鸿"": 69, ""帝鸿氏"": 5, ""应龙"": 121, ""有熊氏"": 12, ""榆罔"": 13, ""涿鹿"": 81, ""炎帝"": 654, ""神农"": 854, ""禹"": 6037, ""精卫"": 639, ""缙云氏"": 8, ""赤帝"": 64, ""轩辕"": 250, ""轩辕氏"": 23, ""阪泉"": 25, ""雨师"": 68, ""风伯"": 63, ""黄帝"": 3068, ""黄帝氏"": 23}"
GCI-HOLD-0001,194,literature_zh-00194-of-00233.parquet,1182100171,8d23a09fa6deee3e7e81fae7515ab6847ceba5661bca90975057034d2c0067a9,150000,1,14979,"{""九黎"": 66, ""共工"": 603, ""共工氏"": 36, ""句龙"": 10, ""后土"": 526, ""太昊"": 180, ""女娃"": 50, ""女娲"": 1059, ""少昊"": 164, ""帝江"": 13, ""帝鸿"": 30, ""帝鸿氏"": 11, ""应龙"": 200, ""有熊氏"": 23, ""涿鹿"": 125, ""炎帝"": 661, ""神农"": 901, ""禹"": 5941, ""精卫"": 851, ""缙云氏"": 9, ""赤帝"": 83, ""轩辕"": 303, ""轩辕氏"": 33, ""阪泉"": 50, ""雨师"": 68, ""风伯"": 54, ""黄帝"": 2919, ""黄帝氏"": 10}"
GCI-HOLD-0001,195,literature_zh-00195-of-00233.parquet,1181954910,9ce1dc85f24e93827bcf2d6b83fc25e250ddac6cbbaf98b8e8cc8ee2c94a4db3,150000,1,12977,"{""九黎"": 97, ""共工"": 584, ""共工氏"": 22, ""句龙"": 13, ""后土"": 388, ""太昊"": 77, ""女娃"": 43, ""女娲"": 940, ""少昊"": 142, ""帝江"": 9, ""帝鸿"": 19, ""帝鸿氏"": 5, ""应龙"": 182, ""有熊氏"": 14, ""榆罔"": 1, ""涿鹿"": 93, ""炎帝"": 409, ""神农"": 823, ""禹"": 5736, ""精卫"": 636, ""缙云氏"": 4, ""赤帝"": 69, ""轩辕"": 180, ""轩辕氏"": 25, ""阪泉"": 16, ""雨师"": 60, ""风伯"": 55, ""黄帝"": 2325, ""黄帝氏"": 10}"
GCI-HOLD-0001,196,literature_zh-00196-of-00233.parquet,1178387740,a1a71f650fe583cb8b5d22bd982e3e725f8cab37cd75705c15c663484d04ae39,150000,1,14822,"{""九黎"": 91, ""共工"": 754, ""共工氏"": 35, ""句龙"": 18, ""后土"": 409, ""太昊"": 119, ""女娃"": 112, ""女娲"": 1282, ""少昊"": 137, ""帝江"": 7, ""帝鸿"": 19, ""帝鸿氏"": 9, ""应龙"": 143, ""有熊氏"": 17, ""榆罔"": 7, ""涿鹿"": 61, ""炎帝"": 840, ""神农"": 1174, ""禹"": 5855, ""精卫"": 720, ""缙云氏"": 2, ""赤帝"": 54, ""轩辕"": 225, ""轩辕氏"": 32, ""阪泉"": 20, ""雨师"": 67, ""风伯"": 57, ""黄帝"": 2542, ""黄帝氏"": 14}"
GCI-HOLD-0001,197,literature_zh-00197-of-00233.parquet,1185172267,c4eed28dc60fd70390b2096ff8a93bfbffc6117cfd08e71dce7424e62326b563,150000,1,13806,"{""九黎"": 38, ""共工"": 507, ""共工氏"": 31, ""句龙"": 36, ""后土"": 573, ""太昊"": 89, ""女娃"": 71, ""女娲"": 974, ""少昊"": 118, ""帝江"": 16, ""帝鸿"": 31, ""帝鸿氏"": 6, ""应龙"": 135, ""有熊氏"": 15, ""榆罔"": 2, ""涿鹿"": 89, ""炎帝"": 688, ""神农"": 728, ""禹"": 5679, ""精卫"": 651, ""缙云氏"": 4, ""赤帝"": 65, ""轩辕"": 269, ""轩辕氏"": 19, ""阪泉"": 42, ""雨师"": 78, ""风伯"": 64, ""黄帝"": 2780, ""黄帝氏"": 8}"
GCI-HOLD-0001,198,literature_zh-00198-of-00233.parquet,1185501620,049215fc95cc3cf979c26f0794d5ed83205d40a4224b8f5b4de02bccd5ec5629,150000,1,13516,"{""九黎"": 64, ""共工"": 500, ""共工氏"": 41, ""句龙"": 29, ""后土"": 493, ""太昊"": 105, ""女娃"": 45, ""女娲"": 929, ""少昊"": 135, ""帝江"": 2, ""帝鸿"": 9, ""帝鸿氏"": 3, ""应龙"": 188, ""有熊氏"": 18, ""榆罔"": 10, ""涿鹿"": 82, ""炎帝"": 698, ""神农"": 945, ""禹"": 5420, ""精卫"": 702, ""缙云氏"": 6, ""蚩尤"": 3, ""赤帝"": 57, ""轩辕"": 294, ""轩辕氏"": 28, ""阪泉"": 25, ""雨师"": 43, ""风伯"": 33, ""黄帝"": 2595, ""黄帝氏"": 14}"
GCI-HOLD-0001,199,literature_zh-00199-of-00233.parquet,1182369056,77851045bf3bfc8ce85af0f659a519516c8151c8dde03aa481ac43912a780f39,150000,1,13615,"{""九黎"": 43, ""共工"": 647, ""共工氏"": 82, ""句龙"": 4, ""后土"": 383, ""太昊"": 107, ""女娃"": 46, ""女娲"": 912, ""少昊"": 159, ""帝江"": 22, ""帝鸿"": 14, ""帝鸿氏"": 5, ""应龙"": 141, ""有熊氏"": 21, ""榆罔"": 37, ""涿鹿"": 100, ""炎帝"": 671, ""神农"": 1192, ""禹"": 5183, ""精卫"": 647, ""缙云氏"": 9, ""赤帝"": 110, ""轩辕"": 311, ""轩辕氏"": 19, ""阪泉"": 36, ""雨师"": 54, ""风伯"": 40, ""黄帝"": 2610, ""黄帝氏"": 10}"
GCI-HOLD-0001,200,literature_zh-00200-of-00233.parquet,1184580338,e54632e1f662c597bbdd17af24a37e786a5d0a556b18219ccafeef0a72e2655a,150000,1,13969,"{""九黎"": 54, ""共工"": 638, ""共工氏"": 25, ""句龙"": 11, ""后土"": 474, ""太昊"": 62, ""女娃"": 106, ""女娲"": 621, ""少昊"": 102, ""帝江"": 25, ""帝鸿"": 40, ""帝鸿氏"": 14, ""应龙"": 260, ""有熊氏"": 17, ""榆罔"": 11, ""涿鹿"": 100, ""炎帝"": 458, ""神农"": 735, ""禹"": 6384, ""精卫"": 650, ""缙云氏"": 13, ""赤帝"": 77, ""轩辕"": 207, ""轩辕氏"": 14, ""阪泉"": 20, ""雨师"": 70, ""风伯"": 44, ""黄帝"": 2714, ""黄帝氏"": 23}"
GCI-HOLD-0001,201,literature_zh-00201-of-00233.parquet,1189217255,b4c9bb5d1790c062ebe68269e223a09a911de9534696773fdadad41ac6e3a593,150000,1,14609,"{""九黎"": 93, ""共工"": 509, ""共工氏"": 40, ""句龙"": 65, ""后土"": 478, ""太昊"": 56, ""女娃"": 51, ""女娲"": 1033, ""少昊"": 90, ""帝江"": 3, ""帝鸿"": 9, ""帝鸿氏"": 3, ""应龙"": 132, ""有熊氏"": 11, ""涿鹿"": 116, ""炎帝"": 618, ""神农"": 859, ""禹"": 6257, ""精卫"": 857, ""缙云氏"": 7, ""赤帝"": 80, ""轩辕"": 190, ""轩辕氏"": 31, ""阪泉"": 51, ""雨师"": 67, ""风伯"": 170, ""黄帝"": 2724, ""黄帝氏"": 9}"
GCI-HOLD-0001,202,literature_zh-00202-of-00233.parquet,1188121625,9b7718286631ee5a8a23d298f62d570ed45f9dec6861f777ba66bbd4d6b89afd,150000,1,14427,"{""九黎"": 116, ""共工"": 929, ""共工氏"": 55, ""句龙"": 25, ""后土"": 512, ""太昊"": 145, ""女娃"": 56, ""女娲"": 1233, ""少昊"": 147, ""帝江"": 15, ""帝鸿"": 14, ""帝鸿氏"": 5, ""应龙"": 251, ""有熊氏"": 19, ""榆罔"": 17, ""涿鹿"": 82, ""炎帝"": 767, ""神农"": 875, ""禹"": 5410, ""精卫"": 776, ""缙云氏"": 12, ""赤帝"": 68, ""轩辕"": 269, ""轩辕氏"": 33, ""阪泉"": 45, ""雨师"": 63, ""风伯"": 50, ""黄帝"": 2421, ""黄帝氏"": 17}"
GCI-HOLD-0001,203,literature_zh-00203-of-00233.parquet,1187468485,c57a1e627e0df4fd5f9098ecd687d7ab242de88df07ea19a6881639b48657187,150000,1,14490,"{""九黎"": 89, ""共工"": 574, ""共工氏"": 41, ""句龙"": 33, ""后土"": 402, ""太昊"": 144, ""女娃"": 50, ""女娲"": 1269, ""少昊"": 148, ""帝江"": 6, ""帝鸿"": 15, ""帝鸿氏"": 5, ""应龙"": 150, ""有熊氏"": 21, ""涿鹿"": 63, ""炎帝"": 656, ""神农"": 857, ""禹"": 6194, ""精卫"": 592, ""缙云氏"": 4, ""赤帝"": 70, ""轩辕"": 281, ""轩辕氏"": 24, ""阪泉"": 24, ""雨师"": 53, ""风伯"": 39, ""黄帝"": 2675, ""黄帝氏"": 11}"
GCI-HOLD-0001,204,literature_zh-00204-of-00233.parquet,1194819123,e11184e3e7033549ff7ca3c54509e4b21919c8b5dba88adaeb44d0526811c302,150000,1,15348,"{""九黎"": 107, ""共工"": 589, ""共工氏"": 50, ""句龙"": 38, ""后土"": 689, ""太昊"": 186, ""女娃"": 55, ""女娲"": 1177, ""少昊"": 169, ""帝江"": 19, ""帝鸿"": 10, ""帝鸿氏"": 3, ""应龙"": 200, ""有熊氏"": 7, ""榆罔"": 1, ""涿鹿"": 96, ""炎帝"": 603, ""神农"": 906, ""禹"": 6360, ""精卫"": 697, ""缙云氏"": 28, ""赤帝"": 40, ""轩辕"": 227, ""轩辕氏"": 36, ""阪泉"": 31, ""雨师"": 82, ""风伯"": 50, ""黄帝"": 2877, ""黄帝氏"": 15}"
GCI-HOLD-0001,205,literature_zh-00205-of-00233.parquet,1192995569,31a5950087f48efa7f5f92050ab80ca7adcb0c7425fc5754061165b4053d7072,150000,1,15365,"{""九黎"": 41, ""共工"": 552, ""共工氏"": 30, ""句龙"": 9, ""后土"": 416, ""太昊"": 183, ""女娃"": 67, ""女娲"": 1187, ""少昊"": 125, ""帝江"": 16, ""帝鸿"": 34, ""帝鸿氏"": 8, ""应龙"": 162, ""有熊氏"": 12, ""榆罔"": 22, ""涿鹿"": 168, ""炎帝"": 663, ""神农"": 894, ""禹"": 6053, ""精卫"": 1191, ""缙云氏"": 2, ""赤帝"": 52, ""轩辕"": 311, ""轩辕氏"": 33, ""阪泉"": 47, ""雨师"": 66, ""风伯"": 62, ""黄帝"": 2934, ""黄帝氏"": 25}"
GCI-HOLD-0001,206,literature_zh-00206-of-00233.parquet,1191815775,a40a26376661b086b87091ba69e3bf10607560c42fcce3c8557ca7be407af17b,150000,1,13768,"{""九黎"": 99, ""共工"": 628, ""共工氏"": 53, ""句龙"": 18, ""后土"": 445, ""太昊"": 135, ""女娃"": 29, ""女娲"": 879, ""少昊"": 235, ""帝江"": 16, ""帝鸿"": 18, ""帝鸿氏"": 7, ""应龙"": 142, ""有熊氏"": 15, ""榆罔"": 2, ""涿鹿"": 115, ""炎帝"": 494, ""神农"": 843, ""禹"": 5855, ""精卫"": 819, ""缙云氏"": 6, ""赤帝"": 52, ""轩辕"": 223, ""轩辕氏"": 39, ""阪泉"": 32, ""雨师"": 35, ""风伯"": 31, ""黄帝"": 2489, ""黄帝氏"": 14}"
GCI-HOLD-0001,207,literature_zh-00207-of-00233.parquet,1190818660,6c68059ffbefe7a8ce02a9f78f8fee887c9e293a996c20d457227b75649c0805,150000,1,13767,"{""九黎"": 102, ""共工"": 566, ""共工氏"": 45, ""句龙"": 25, ""后土"": 484, ""太昊"": 191, ""女娃"": 35, ""女娲"": 924, ""少昊"": 236, ""帝江"": 5, ""帝鸿"": 17, ""帝鸿氏"": 1, ""应龙"": 136, ""有熊氏"": 14, ""榆罔"": 6, ""涿鹿"": 96, ""炎帝"": 592, ""神农"": 880, ""禹"": 5978, ""精卫"": 837, ""缙云氏"": 7, ""赤帝"": 83, ""轩辕"": 170, ""轩辕氏"": 20, ""阪泉"": 22, ""雨师"": 45, ""风伯"": 34, ""黄帝"": 2205, ""黄帝氏"": 11}"
GCI-HOLD-0001,208,literature_zh-00208-of-00233.parquet,1193712146,b82a9c6902ad9ee6b4c194da91c65611b67721acb2396bcb35a9c8dd6da23339,150000,1,14883,"{""九黎"": 84, ""共工"": 499, ""共工氏"": 40, ""句龙"": 24, ""后土"": 750, ""太昊"": 189, ""女娃"": 52, ""女娲"": 908, ""少昊"": 218, ""帝江"": 8, ""帝鸿"": 13, ""帝鸿氏"": 4, ""应龙"": 262, ""有熊氏"": 11, ""榆罔"": 10, ""涿鹿"": 202, ""炎帝"": 617, ""神农"": 963, ""禹"": 5675, ""精卫"": 798, ""缙云氏"": 3, ""赤帝"": 82, ""轩辕"": 241, ""轩辕氏"": 36, ""阪泉"": 116, ""雨师"": 55, ""风伯"": 52, ""黄帝"": 2957, ""黄帝氏"": 14}"
GCI-HOLD-0001,209,literature_zh-00209-of-00233.parquet,1199689000,7c73dcc2c1605e109941a55db5fccfaf5137b5dbb95515b48b95764a1a605353,150000,1,14603,"{""九黎"": 120, ""共工"": 775, ""共工氏"": 80, ""句龙"": 12, ""后土"": 592, ""太昊"": 90, ""女娃"": 44, ""女娲"": 1093, ""少昊"": 175, ""帝江"": 10, ""帝鸿"": 22, ""帝鸿氏"": 9, ""应龙"": 170, ""有熊氏"": 12, ""榆罔"": 3, ""涿鹿"": 72, ""炎帝"": 611, ""神农"": 961, ""禹"": 5770, ""精卫"": 740, ""缙云氏"": 9, ""赤帝"": 63, ""轩辕"": 208, ""轩辕氏"": 18, ""阪泉"": 50, ""雨师"": 47, ""风伯"": 56, ""黄帝"": 2776, ""黄帝氏"": 15}"
GCI-HOLD-0001,210,literature_zh-00210-of-00233.parquet,1196958386,86c80b089d780dbdd750b605a85ee44666d183f47e18b0968730584e99910f78,150000,1,16141,"{""九黎"": 140, ""共工"": 688, ""共工氏"": 77, ""句龙"": 27, ""后土"": 549, ""太昊"": 106, ""女娃"": 75, ""女娲"": 1068, ""少昊"": 195, ""帝江"": 5, ""帝鸿"": 20, ""帝鸿氏"": 4, ""应龙"": 254, ""有熊氏"": 27, ""榆罔"": 15, ""涿鹿"": 268, ""炎帝"": 721, ""神农"": 837, ""禹"": 6268, ""精卫"": 760, ""缙云氏"": 7, ""赤帝"": 90, ""轩辕"": 251, ""轩辕氏"": 36, ""阪泉"": 100, ""雨师"": 80, ""风伯"": 69, ""黄帝"": 3381, ""黄帝氏"": 23}"
GCI-HOLD-0001,211,literature_zh-00211-of-00233.parquet,1199771923,8349f5da725bd4ab8d6bc55c3c89099652b8e71978fd9881d49795fafaae5717,150000,1,14390,"{""九黎"": 85, ""共工"": 627, ""共工氏"": 32, ""句龙"": 9, ""后土"": 496, ""太昊"": 122, ""女娃"": 55, ""女娲"": 1114, ""少昊"": 184, ""帝江"": 7, ""帝鸿"": 9, ""帝鸿氏"": 3, ""应龙"": 187, ""有熊氏"": 10, ""榆罔"": 2, ""涿鹿"": 93, ""炎帝"": 820, ""神农"": 940, ""禹"": 5807, ""精卫"": 703, ""缙云氏"": 5, ""赤帝"": 44, ""轩辕"": 281, ""轩辕氏"": 23, ""阪泉"": 20, ""雨师"": 68, ""风伯"": 74, ""黄帝"": 2542, ""黄帝氏"": 28}"
GCI-HOLD-0001,212,literature_zh-00212-of-00233.parquet,1201588175,89e4356236b2cd5399cd6f1621d76cee00a0e809cbbd127bf4c963a97cfd0b89,150000,1,15301,"{""九黎"": 115, ""共工"": 629, ""共工氏"": 40, ""句龙"": 10, ""后土"": 436, ""太昊"": 211, ""女娃"": 51, ""女娲"": 1026, ""少昊"": 205, ""帝江"": 11, ""帝鸿"": 12, ""帝鸿氏"": 1, ""应龙"": 210, ""有熊氏"": 16, ""榆罔"": 4, ""涿鹿"": 133, ""炎帝"": 765, ""神农"": 902, ""禹"": 6161, ""精卫"": 621, ""缙云氏"": 4, ""赤帝"": 91, ""轩辕"": 281, ""轩辕氏"": 43, ""阪泉"": 43, ""雨师"": 78, ""风伯"": 61, ""黄帝"": 3132, ""黄帝氏"": 9}"
GCI-HOLD-0001,213,literature_zh-00213-of-00233.parquet,1206897347,c31be01003573e94bf214da2e13cdb21004f9869571cdc557224e3d878a06d5b,150000,1,17211,"{""九黎"": 74, ""共工"": 864, ""共工氏"": 25, ""句龙"": 10, ""后土"": 536, ""太昊"": 180, ""女娃"": 51, ""女娲"": 1233, ""少昊"": 161, ""帝江"": 15, ""帝鸿"": 20, ""帝鸿氏"": 4, ""应龙"": 212, ""有熊氏"": 15, ""榆罔"": 39, ""涿鹿"": 154, ""炎帝"": 1096, ""神农"": 1284, ""禹"": 6891, ""精卫"": 691, ""缙云氏"": 5, ""赤帝"": 87, ""轩辕"": 280, ""轩辕氏"": 54, ""阪泉"": 57, ""雨师"": 117, ""风伯"": 100, ""黄帝"": 2939, ""黄帝氏"": 17}"
GCI-HOLD-0001,214,literature_zh-00214-of-00233.parquet,1200679811,878a0ba34fc9edcedc5468d1988cef29b111dc20b2b38f5464b3e910859c10a2,150000,1,13739,"{""九黎"": 93, ""共工"": 481, ""共工氏"": 22, ""句龙"": 15, ""后土"": 439, ""太昊"": 223, ""女娃"": 42, ""女娲"": 651, ""少昊"": 161, ""帝江"": 12, ""帝鸿"": 18, ""帝鸿氏"": 3, ""应龙"": 181, ""有熊氏"": 20, ""榆罔"": 15, ""涿鹿"": 160, ""炎帝"": 555, ""神农"": 834, ""禹"": 5818, ""精卫"": 766, ""缙云氏"": 11, ""赤帝"": 60, ""轩辕"": 230, ""轩辕氏"": 30, ""阪泉"": 54, ""雨师"": 91, ""风伯"": 69, ""黄帝"": 2667, ""黄帝氏"": 18}"
GCI-HOLD-0001,215,literature_zh-00215-of-00233.parquet,1202284473,5ac2ead4f8fa9a4258662d8865cea73db8b156b0c462326d8df7425c64643ce0,150000,1,14279,"{""九黎"": 92, ""共工"": 628, ""共工氏"": 46, ""句龙"": 15, ""后土"": 437, ""太昊"": 87, ""女娃"": 39, ""女娲"": 878, ""少昊"": 123, ""帝江"": 3, ""帝鸿"": 23, ""帝鸿氏"": 8, ""应龙"": 223, ""有熊氏"": 18, ""榆罔"": 4, ""涿鹿"": 117, ""炎帝"": 587, ""神农"": 861, ""禹"": 6065, ""精卫"": 708, ""缙云氏"": 13, ""赤帝"": 66, ""轩辕"": 248, ""轩辕氏"": 21, ""阪泉"": 45, ""雨师"": 56, ""风伯"": 40, ""黄帝"": 2815, ""黄帝氏"": 13}"
GCI-HOLD-0001,216,literature_zh-00216-of-00233.parquet,1206194086,688cfcd0696b75f3dbc23cdd87b589179df5541049c097e8997f318068f206f1,150000,1,14308,"{""九黎"": 62, ""共工"": 626, ""共工氏"": 58, ""句龙"": 9, ""后土"": 427, ""太昊"": 100, ""女娃"": 50, ""女娲"": 891, ""少昊"": 144, ""帝江"": 15, ""帝鸿"": 5, ""帝鸿氏"": 1, ""应龙"": 229, ""有熊氏"": 11, ""榆罔"": 14, ""涿鹿"": 66, ""炎帝"": 877, ""神农"": 1005, ""禹"": 5475, ""精卫"": 783, ""缙云氏"": 4, ""赤帝"": 83, ""轩辕"": 205, ""轩辕氏"": 19, ""阪泉"": 25, ""雨师"": 52, ""风伯"": 47, ""黄帝"": 3013, ""黄帝氏"": 12}"
GCI-HOLD-0001,217,literature_zh-00217-of-00233.parquet,1206748783,92b87e9745065697bfc8736cfd2cc32c4764e1d238f86dbb83f0083e95929d27,150000,1,14239,"{""九黎"": 64, ""共工"": 790, ""共工氏"": 126, ""句龙"": 17, ""后土"": 373, ""太昊"": 85, ""女娃"": 45, ""女娲"": 1020, ""少昊"": 204, ""帝江"": 15, ""帝鸿"": 31, ""帝鸿氏"": 10, ""应龙"": 273, ""有熊氏"": 16, ""榆罔"": 1, ""涿鹿"": 84, ""炎帝"": 377, ""神农"": 712, ""禹"": 5971, ""精卫"": 997, ""缙云氏"": 10, ""赤帝"": 80, ""轩辕"": 183, ""轩辕氏"": 27, ""阪泉"": 33, ""雨师"": 91, ""风伯"": 59, ""黄帝"": 2537, ""黄帝氏"": 8}"
GCI-HOLD-0001,218,literature_zh-00218-of-00233.parquet,1203073115,cc78d65b2a7da71d376c3979f7c501dc212cb97537b9d2fa2367d4bfc621120a,150000,1,13932,"{""九黎"": 35, ""共工"": 496, ""共工氏"": 17, ""句龙"": 33, ""后土"": 426, ""太昊"": 95, ""女娃"": 38, ""女娲"": 1071, ""少昊"": 150, ""帝江"": 6, ""帝鸿"": 6, ""帝鸿氏"": 2, ""应龙"": 192, ""有熊氏"": 16, ""榆罔"": 3, ""涿鹿"": 135, ""炎帝"": 624, ""神农"": 789, ""禹"": 5758, ""精卫"": 727, ""缙云氏"": 3, ""赤帝"": 57, ""轩辕"": 224, ""轩辕氏"": 19, ""阪泉"": 106, ""雨师"": 74, ""风伯"": 50, ""黄帝"": 2758, ""黄帝氏"": 22}"
GCI-HOLD-0001,219,literature_zh-00219-of-00233.parquet,1207815641,e390c342a6f80b06809831ba3b24bed074fdfba876ee8b8ae52a0f3b4c661ce7,150000,1,13832,"{""九黎"": 135, ""共工"": 468, ""共工氏"": 14, ""句龙"": 12, ""后土"": 386, ""太昊"": 111, ""女娃"": 92, ""女娲"": 759, ""少昊"": 169, ""帝江"": 10, ""帝鸿"": 11, ""帝鸿氏"": 3, ""应龙"": 195, ""有熊氏"": 18, ""榆罔"": 6, ""涿鹿"": 149, ""炎帝"": 821, ""神农"": 1007, ""禹"": 5157, ""精卫"": 1084, ""缙云氏"": 3, ""赤帝"": 61, ""轩辕"": 234, ""轩辕氏"": 24, ""阪泉"": 40, ""雨师"": 89, ""风伯"": 64, ""黄帝"": 2703, ""黄帝氏"": 7}"
GCI-HOLD-0001,220,literature_zh-00220-of-00233.parquet,1209016444,fd2a9a37d32cae388acb84e548610a3d3d2799891443e70e4a29fec5f87ada7a,150000,1,15164,"{""九黎"": 130, ""共工"": 590, ""共工氏"": 39, ""句龙"": 19, ""后土"": 453, ""太昊"": 94, ""女娃"": 86, ""女娲"": 1219, ""少昊"": 220, ""帝江"": 3, ""帝鸿"": 18, ""帝鸿氏"": 1, ""应龙"": 150, ""有熊氏"": 9, ""榆罔"": 3, ""涿鹿"": 95, ""炎帝"": 586, ""神农"": 867, ""禹"": 6688, ""精卫"": 699, ""缙云氏"": 3, ""赤帝"": 68, ""轩辕"": 230, ""轩辕氏"": 14, ""阪泉"": 36, ""雨师"": 68, ""风伯"": 42, ""黄帝"": 2723, ""黄帝氏"": 11}"
GCI-HOLD-0001,221,literature_zh-00221-of-00233.parquet,1206741057,4e0e69be3f8338164dfb7c87adcedc295715837563460a350465f22fb0d7890a,150000,1,15018,"{""九黎"": 47, ""共工"": 574, ""共工氏"": 37, ""句龙"": 17, ""后土"": 416, ""太昊"": 131, ""女娃"": 50, ""女娲"": 989, ""少昊"": 106, ""帝江"": 7, ""帝鸿"": 6, ""帝鸿氏"": 1, ""应龙"": 101, ""有熊氏"": 20, ""榆罔"": 12, ""涿鹿"": 186, ""炎帝"": 580, ""神农"": 967, ""禹"": 6695, ""精卫"": 865, ""缙云氏"": 2, ""赤帝"": 57, ""轩辕"": 234, ""轩辕氏"": 19, ""阪泉"": 197, ""雨师"": 86, ""风伯"": 65, ""黄帝"": 2540, ""黄帝氏"": 11}"
GCI-HOLD-0001,222,literature_zh-00222-of-00233.parquet,1211237553,40333c26692e9b2250b469325b1174e0d28dade74ce5fcccb6b2161c4e112417,150000,1,14938,"{""九黎"": 65, ""共工"": 799, ""共工氏"": 81, ""句龙"": 12, ""后土"": 437, ""太昊"": 174, ""女娃"": 53, ""女娲"": 1086, ""少昊"": 176, ""帝江"": 15, ""帝鸿"": 12, ""帝鸿氏"": 7, ""应龙"": 156, ""有熊氏"": 19, ""榆罔"": 6, ""涿鹿"": 78, ""炎帝"": 464, ""神农"": 836, ""禹"": 6519, ""精卫"": 687, ""缙云氏"": 7, ""赤帝"": 67, ""轩辕"": 224, ""轩辕氏"": 34, ""阪泉"": 31, ""雨师"": 77, ""风伯"": 62, ""黄帝"": 2742, ""黄帝氏"": 12}"
GCI-HOLD-0001,223,literature_zh-00223-of-00233.parquet,1211119665,c0a11320d9a49a13f630f24522c56b879069fdb44b94074bfb28dbbcd8068351,150000,1,15085,"{""九黎"": 50, ""共工"": 748, ""共工氏"": 74, ""句龙"": 28, ""后土"": 553, ""太昊"": 177, ""女娃"": 59, ""女娲"": 881, ""少昊"": 330, ""帝江"": 5, ""帝鸿"": 11, ""帝鸿氏"": 1, ""应龙"": 195, ""有熊氏"": 18, ""榆罔"": 14, ""涿鹿"": 101, ""炎帝"": 615, ""神农"": 909, ""禹"": 6506, ""精卫"": 837, ""缙云氏"": 5, ""赤帝"": 72, ""轩辕"": 218, ""轩辕氏"": 30, ""阪泉"": 23, ""雨师"": 66, ""风伯"": 45, ""黄帝"": 2502, ""黄帝氏"": 12}"
GCI-HOLD-0001,224,literature_zh-00224-of-00233.parquet,1210686288,5bda658a179989526672e28c68df7e75456c9146a0e5114357043f3e79ee0399,150000,1,15074,"{""九黎"": 64, ""共工"": 533, ""共工氏"": 38, ""句龙"": 12, ""后土"": 494, ""太昊"": 113, ""女娃"": 77, ""女娲"": 896, ""少昊"": 129, ""帝江"": 11, ""帝鸿"": 23, ""帝鸿氏"": 11, ""应龙"": 220, ""有熊氏"": 19, ""榆罔"": 6, ""涿鹿"": 72, ""炎帝"": 695, ""神农"": 980, ""禹"": 6682, ""精卫"": 683, ""缙云氏"": 4, ""赤帝"": 47, ""轩辕"": 219, ""轩辕氏"": 25, ""阪泉"": 48, ""雨师"": 71, ""风伯"": 82, ""黄帝"": 2803, ""黄帝氏"": 17}"
GCI-HOLD-0001,225,literature_zh-00225-of-00233.parquet,1217775037,4918c3bb999f746365ab1587b28a3a2033856f52a072b41844f8e30fe73243be,150000,1,13695,"{""九黎"": 68, ""共工"": 607, ""共工氏"": 46, ""句龙"": 10, ""后土"": 513, ""太昊"": 83, ""女娃"": 45, ""女娲"": 1079, ""少昊"": 142, ""帝江"": 10, ""帝鸿"": 17, ""帝鸿氏"": 5, ""应龙"": 141, ""有熊氏"": 12, ""榆罔"": 2, ""涿鹿"": 57, ""炎帝"": 457, ""神农"": 753, ""禹"": 5881, ""精卫"": 724, ""缙云氏"": 6, ""赤帝"": 55, ""轩辕"": 205, ""轩辕氏"": 34, ""阪泉"": 50, ""雨师"": 71, ""风伯"": 49, ""黄帝"": 2569, ""黄帝氏"": 4}"
GCI-HOLD-0001,226,literature_zh-00226-of-00233.parquet,1216636497,74ecf6a179c5aaef363496e532eedf86d35846a0ff62adc464eb42aedbeb7cae,150000,1,14458,"{""九黎"": 53, ""共工"": 621, ""共工氏"": 44, ""句龙"": 14, ""后土"": 424, ""太昊"": 110, ""女娃"": 46, ""女娲"": 938, ""少昊"": 99, ""帝江"": 9, ""帝鸿"": 15, ""帝鸿氏"": 3, ""应龙"": 337, ""有熊氏"": 21, ""榆罔"": 17, ""涿鹿"": 100, ""炎帝"": 791, ""神农"": 931, ""禹"": 5789, ""精卫"": 575, ""缙云氏"": 6, ""赤帝"": 91, ""轩辕"": 226, ""轩辕氏"": 37, ""阪泉"": 52, ""雨师"": 48, ""风伯"": 43, ""黄帝"": 3007, ""黄帝氏"": 11}"
GCI-HOLD-0001,227,literature_zh-00227-of-00233.parquet,1216375037,2a319b7bd8d1b9b48e9ba106238edf2db777699c4d6a13ef6b945409af3b1a71,150000,1,16873,"{""九黎"": 59, ""共工"": 610, ""共工氏"": 53, ""句龙"": 27, ""后土"": 492, ""太昊"": 108, ""女娃"": 47, ""女娲"": 1340, ""少昊"": 165, ""帝江"": 16, ""帝鸿"": 20, ""帝鸿氏"": 2, ""应龙"": 210, ""有熊氏"": 15, ""榆罔"": 3, ""涿鹿"": 155, ""炎帝"": 1107, ""神农"": 1136, ""禹"": 6307, ""精卫"": 905, ""缙云氏"": 8, ""赤帝"": 71, ""轩辕"": 322, ""轩辕氏"": 38, ""阪泉"": 58, ""雨师"": 96, ""风伯"": 110, ""黄帝"": 3380, ""黄帝氏"": 13}"
GCI-HOLD-0001,228,literature_zh-00228-of-00233.parquet,1214928025,ae70ba1509470236c4ef9a3d26227f2556c380ec6d43e432d611fedddd8f81e5,150000,1,14475,"{""九黎"": 84, ""共工"": 519, ""共工氏"": 15, ""句龙"": 15, ""后土"": 570, ""太昊"": 68, ""女娃"": 50, ""女娲"": 1037, ""少昊"": 139, ""帝江"": 8, ""帝鸿"": 23, ""帝鸿氏"": 5, ""应龙"": 121, ""有熊氏"": 21, ""榆罔"": 2, ""涿鹿"": 88, ""炎帝"": 807, ""神农"": 902, ""禹"": 5889, ""精卫"": 788, ""缙云氏"": 5, ""赤帝"": 99, ""轩辕"": 228, ""轩辕氏"": 26, ""阪泉"": 43, ""雨师"": 57, ""风伯"": 51, ""黄帝"": 2806, ""黄帝氏"": 9}"
GCI-HOLD-0001,229,literature_zh-00229-of-00233.parquet,1219103200,0bbef766beefe36d0944f9eefda0e5534c89585b4b109c6f0e9008be3655a379,150000,1,14286,"{""九黎"": 41, ""共工"": 502, ""共工氏"": 34, ""句龙"": 4, ""后土"": 428, ""太昊"": 79, ""女娃"": 43, ""女娲"": 878, ""少昊"": 98, ""帝江"": 5, ""帝鸿"": 18, ""帝鸿氏"": 6, ""应龙"": 240, ""有熊氏"": 9, ""榆罔"": 6, ""涿鹿"": 128, ""炎帝"": 687, ""神农"": 1059, ""禹"": 5715, ""精卫"": 933, ""缙云氏"": 10, ""赤帝"": 65, ""轩辕"": 199, ""轩辕氏"": 26, ""阪泉"": 51, ""雨师"": 72, ""风伯"": 61, ""黄帝"": 2874, ""黄帝氏"": 15}"
GCI-HOLD-0001,230,literature_zh-00230-of-00233.parquet,1218899225,6b701d50c10d586209117a4e3de76c3b8d24cd491ffe9d195b8bb7e765841e92,150000,1,14089,"{""九黎"": 56, ""共工"": 592, ""共工氏"": 65, ""句龙"": 53, ""后土"": 410, ""太昊"": 79, ""女娃"": 60, ""女娲"": 838, ""少昊"": 134, ""帝江"": 9, ""帝鸿"": 32, ""帝鸿氏"": 6, ""应龙"": 145, ""有熊氏"": 18, ""榆罔"": 15, ""涿鹿"": 119, ""炎帝"": 529, ""神农"": 813, ""禹"": 6037, ""精卫"": 706, ""缙云氏"": 12, ""赤帝"": 75, ""轩辕"": 235, ""轩辕氏"": 26, ""阪泉"": 29, ""雨师"": 99, ""风伯"": 70, ""黄帝"": 2813, ""黄帝氏"": 14}"
GCI-HOLD-0001,231,literature_zh-00231-of-00233.parquet,1220524431,39eeecbd92a5bc2f039fcd5f148c5f8ebd9f7e25e1cef9e73bb75ab2c2d68358,150000,1,14434,"{""九黎"": 40, ""共工"": 650, ""共工氏"": 21, ""句龙"": 5, ""后土"": 485, ""太昊"": 143, ""女娃"": 64, ""女娲"": 1057, ""少昊"": 208, ""帝江"": 11, ""帝鸿"": 15, ""帝鸿氏"": 5, ""应龙"": 174, ""有熊氏"": 27, ""榆罔"": 34, ""涿鹿"": 91, ""炎帝"": 754, ""神农"": 886, ""禹"": 5718, ""精卫"": 943, ""缙云氏"": 22, ""赤帝"": 37, ""轩辕"": 307, ""轩辕氏"": 26, ""阪泉"": 41, ""雨师"": 71, ""风伯"": 37, ""黄帝"": 2555, ""黄帝氏"": 7}"
GCI-HOLD-0001,232,literature_zh-00232-of-00233.parquet,1223042607,ace81668f9e7464f13ca271c390f950e961335ada3caf34cfe90905f1aefce96,150000,1,14239,"{""九黎"": 76, ""共工"": 576, ""共工氏"": 22, ""句龙"": 14, ""后土"": 563, ""太昊"": 116, ""女娃"": 58, ""女娲"": 1101, ""少昊"": 174, ""帝江"": 15, ""帝鸿"": 19, ""帝鸿氏"": 11, ""应龙"": 163, ""有熊氏"": 16, ""榆罔"": 20, ""涿鹿"": 95, ""炎帝"": 719, ""神农"": 996, ""禹"": 5781, ""精卫"": 689, ""缙云氏"": 2, ""赤帝"": 38, ""轩辕"": 259, ""轩辕氏"": 32, ""阪泉"": 19, ""雨师"": 61, ""风伯"": 61, ""黄帝"": 2515, ""黄帝氏"": 28}"
GCI-HOLD-0001,233,literature_zh-00233-of-00233.parquet,80314697,d452713dfc7fecf65e713541a5c85c2f772f51e46b5cd3d6bb34b0aff3b6693e,9660,1,1134,"{""九黎"": 5, ""共工"": 58, ""共工氏"": 7, ""后土"": 14, ""太昊"": 17, ""女娃"": 5, ""女娲"": 35, ""少昊"": 11, ""帝江"": 2, ""帝鸿"": 1, ""帝鸿氏"": 1, ""应龙"": 18, ""有熊氏"": 1, ""榆罔"": 1, ""涿鹿"": 8, ""炎帝"": 93, ""神农"": 135, ""禹"": 361, ""精卫"": 94, ""缙云氏"": 1, ""赤帝"": 7, ""轩辕"": 28, ""轩辕氏"": 6, ""雨师"": 4, ""风伯"": 8, ""黄帝"": 211, ""黄帝氏"": 2}"
GCI-HOLD-0002,0,data/CASIA-LM_ChineseWebText2.0_partial-000000.parquet,127629302,b0713004c9664cbcb40613c51d742b0030bee0fbbdc774f21131f06f3ec222b1,100000,1,2072,"{""九黎"": 29, ""共工"": 22, ""共工氏"": 1, ""后土"": 31, ""太昊"": 15, ""太皞"": 2, ""女娃"": 42, ""女娲"": 76, ""少昊"": 13, ""少皞"": 1, ""帝江"": 1, ""帝鸿"": 2, ""应龙"": 45, ""有熊氏"": 1, ""榆罔"": 1, ""涿鹿"": 31, ""炎帝"": 70, ""神农"": 169, ""禹"": 711, ""精卫"": 48, ""蚩尤"": 54, ""赤帝"": 4, ""轩辕"": 255, ""轩辕氏"": 7, ""雨师"": 10, ""颛顼"": 18, ""风伯"": 3, ""鲧"": 15, ""黄帝"": 394, ""黄帝氏"": 1}"
GCI-HOLD-0002,1,data/CASIA-LM_ChineseWebText2.0_partial-000001.parquet,127135306,2b01f79a7324f36115ecd7ac658a66b9a052dd37d355da5a83662c56aa5552c5,100000,1,1773,"{""九黎"": 4, ""共工"": 41, ""共工氏"": 4, ""后土"": 30, ""太昊"": 9, ""女娃"": 35, ""女娲"": 90, ""少昊"": 4, ""帝江"": 5, ""应龙"": 30, ""有熊氏"": 2, ""榆罔"": 4, ""涿鹿"": 15, ""炎帝"": 37, ""神农"": 160, ""禹"": 605, ""精卫"": 55, ""缙云氏"": 2, ""蚩尤"": 22, ""赤帝"": 5, ""轩辕"": 261, ""轩辕氏"": 1, ""阪泉"": 1, ""雨师"": 3, ""颛顼"": 34, ""鲧"": 21, ""黄帝"": 293}"
GCI-HOLD-0002,2,data/CASIA-LM_ChineseWebText2.0_partial-000002.parquet,126904802,7306c88c1cc5acca89c138fde03b067aea92ee9fa505527d58f872b689de9376,100000,1,1797,"{""九黎"": 3, ""共工"": 29, ""共工氏"": 2, ""后土"": 27, ""太昊"": 13, ""太皞"": 5, ""女娃"": 10, ""女娲"": 85, ""少昊"": 13, ""帝江"": 2, ""应龙"": 35, ""有熊氏"": 5, ""榆罔"": 1, ""涿鹿"": 22, ""炎帝"": 37, ""神农"": 189, ""禹"": 703, ""精卫"": 29, ""蚩尤"": 36, ""赤帝"": 4, ""轩辕"": 203, ""轩辕氏"": 1, ""雨师"": 28, ""颛顼"": 24, ""风伯"": 11, ""鲧"": 9, ""黄帝"": 271}"
GCI-HOLD-0002,3,data/CASIA-LM_ChineseWebText2.0_partial-000003.parquet,126592840,d71bd51b33c29fe3f89b54f51f85e5edf1ad0ae7e660247c20437ebbe7495462,100000,1,2168,"{""九黎"": 25, ""共工"": 32, ""共工氏"": 1, ""后土"": 24, ""太昊"": 8, ""女娃"": 23, ""女娲"": 68, ""少昊"": 14, ""帝江"": 14, ""帝鸿"": 1, ""应龙"": 42, ""有熊氏"": 2, ""涿鹿"": 50, ""炎帝"": 69, ""神农"": 178, ""禹"": 703, ""精卫"": 29, ""缙云氏"": 1, ""蚩尤"": 105, ""赤帝"": 20, ""轩辕"": 329, ""轩辕氏"": 4, ""阪泉"": 9, ""雨师"": 2, ""颛顼"": 27, ""风伯"": 3, ""鲧"": 4, ""黄帝"": 381}"
GCI-HOLD-0002,4,data/CASIA-LM_ChineseWebText2.0_partial-000004.parquet,126827150,43fb4449818d6bc73c8e3546f3fed1650536c84094d1ce9d191bf93a45a526a1,100000,1,1862,"{""九黎"": 5, ""共工"": 25, ""共工氏"": 1, ""后土"": 17, ""太昊"": 7, ""女娃"": 18, ""女娲"": 72, ""少昊"": 18, ""帝江"": 5, ""帝鸿"": 4, ""帝鸿氏"": 3, ""应龙"": 15, ""有熊氏"": 1, ""涿鹿"": 22, ""炎帝"": 38, ""神农"": 171, ""禹"": 703, ""精卫"": 32, ""蚩尤"": 64, ""赤帝"": 4, ""轩辕"": 173, ""轩辕氏"": 3, ""阪泉"": 2, ""雨师"": 8, ""颛顼"": 14, ""风伯"": 2, ""鲧"": 20, ""黄帝"": 415}"
GCI-HOLD-0002,5,data/CASIA-LM_ChineseWebText2.0_partial-000005.parquet,126465228,c7c6aa52562f0c996337af707b477be51894251dd95333bbefde5473090780bf,100000,1,2174,"{""九黎"": 17, ""共工"": 27, ""共工氏"": 1, ""后土"": 103, ""太昊"": 37, ""女娃"": 26, ""女娲"": 62, ""少昊"": 15, ""帝江"": 2, ""帝鸿"": 1, ""应龙"": 38, ""有熊氏"": 2, ""涿鹿"": 24, ""炎帝"": 34, ""神农"": 163, ""禹"": 732, ""精卫"": 51, ""缙云氏"": 3, ""蚩尤"": 47, ""赤帝"": 2, ""轩辕"": 339, ""轩辕氏"": 4, ""阪泉"": 1, ""雨师"": 3, ""颛顼"": 18, ""风伯"": 1, ""鲧"": 30, ""黄帝"": 391}"
GCI-HOLD-0002,6,data/CASIA-LM_ChineseWebText2.0_partial-000006.parquet,127493420,45cafad0032ba94224b1071815f7b290941625a4d271a1023323f27443d70519,100000,1,2093,"{""九黎"": 28, ""共工"": 38, ""共工氏"": 4, ""后土"": 27, ""太昊"": 8, ""女娃"": 17, ""女娲"": 75, ""少昊"": 14, ""帝江"": 8, ""帝鸿"": 1, ""帝鸿氏"": 1, ""应龙"": 27, ""有熊氏"": 1, ""涿鹿"": 32, ""炎帝"": 46, ""神农"": 174, ""禹"": 802, ""精卫"": 37, ""蚩尤"": 88, ""赤帝"": 6, ""轩辕"": 263, ""轩辕氏"": 3, ""阪泉"": 2, ""颛顼"": 16, ""风伯"": 1, ""鲧"": 24, ""黄帝"": 350}"
GCI-HOLD-0002,7,data/CASIA-LM_ChineseWebText2.0_partial-000007.parquet,127212958,e0c6c2c4514eb3f46e8888eb34429b5e51d0e3fae94c0209bca5c7047271fa66,100000,1,1986,"{""九黎"": 17, ""共工"": 23, ""句龙"": 2, ""后土"": 20, ""太昊"": 1, ""女娃"": 26, ""女娲"": 71, ""少昊"": 13, ""帝江"": 2, ""帝鸿"": 7, ""帝鸿氏"": 4, ""应龙"": 70, ""有熊氏"": 1, ""涿鹿"": 21, ""炎帝"": 82, ""神农"": 170, ""禹"": 851, ""精卫"": 31, ""缙云氏"": 21, ""蚩尤"": 49, ""赤帝"": 4, ""轩辕"": 154, ""轩辕氏"": 2, ""阪泉"": 5, ""雨师"": 4, ""颛顼"": 19, ""风伯"": 2, ""鲧"": 8, ""黄帝"": 306}"
GCI-HOLD-0002,8,data/CASIA-LM_ChineseWebText2.0_partial-000008.parquet,127489951,e7714cc4bafa5be2d7df4a43ee5073eebbeab79e3e13a4d07473f5e5406869f1,100000,1,2211,"{""九黎"": 11, ""共工"": 58, ""共工氏"": 17, ""句龙"": 2, ""后土"": 27, ""太昊"": 8, ""女娃"": 23, ""女娲"": 133, ""少昊"": 39, ""帝江"": 2, ""帝鸿"": 2, ""应龙"": 7, ""有熊氏"": 1, ""涿鹿"": 16, ""炎帝"": 72, ""神农"": 212, ""禹"": 785, ""精卫"": 25, ""蚩尤"": 38, ""赤帝"": 4, ""轩辕"": 300, ""轩辕氏"": 2, ""雨师"": 5, ""颛顼"": 33, ""风伯"": 4, ""鲧"": 22, ""黄帝"": 363}"
GCI-HOLD-0002,9,data/CASIA-LM_ChineseWebText2.0_partial-000009.parquet,126953027,f64c0737b3b39e1642ad2e19ef63e23d0ba7d68b216ac54e720943b4f99407b3,100000,1,1948,"{""九黎"": 9, ""共工"": 66, ""共工氏"": 4, ""句龙"": 1, ""后土"": 31, ""太昊"": 11, ""女娃"": 29, ""女娲"": 57, ""少昊"": 9, ""帝江"": 1, ""应龙"": 17, ""有熊氏"": 2, ""榆罔"": 2, ""涿鹿"": 17, ""炎帝"": 68, ""神农"": 182, ""禹"": 664, ""精卫"": 24, ""缙云氏"": 6, ""蚩尤"": 87, ""赤帝"": 2, ""轩辕"": 156, ""轩辕氏"": 5, ""阪泉"": 4, ""雨师"": 15, ""颛顼"": 21, ""风伯"": 2, ""鲧"": 41, ""黄帝"": 413, ""黄帝氏"": 2}"
GCI-HOLD-0002,10,data/CASIA-LM_ChineseWebText2.0_partial-000010.parquet,126912655,1b63cc8d69b5d33124a79c0665dc13e340e4f06f86f8f3825b82eaff1bd7ffa2,100000,1,1976,"{""九黎"": 14, ""共工"": 59, ""共工氏"": 2, ""后土"": 21, ""太昊"": 4, ""太皞"": 1, ""女娃"": 14, ""女娲"": 78, ""少昊"": 4, ""帝江"": 8, ""应龙"": 48, ""涿鹿"": 11, ""炎帝"": 55, ""神农"": 190, ""禹"": 841, ""精卫"": 20, ""蚩尤"": 22, ""赤帝"": 2, ""轩辕"": 255, ""轩辕氏"": 5, ""雨师"": 4, ""颛顼"": 34, ""风伯"": 1, ""鲧"": 17, ""黄帝"": 266}"
GCI-HOLD-0002,11,data/CASIA-LM_ChineseWebText2.0_partial-000011.parquet,126741400,874d8a71ab3dc2646f3ec10dab7a1d4674a3ae592e9f75eb9223d9339a6a4a34,100000,1,2116,"{""九黎"": 18, ""共工"": 28, ""共工氏"": 2, ""句龙"": 1, ""后土"": 39, ""太昊"": 7, ""太皞"": 2, ""女娃"": 25, ""女娲"": 84, ""少昊"": 3, ""少皞"": 2, ""帝鸿"": 2, ""帝鸿氏"": 1, ""应龙"": 21, ""有熊氏"": 2, ""榆罔"": 7, ""涿鹿"": 15, ""炎帝"": 84, ""神农"": 275, ""禹"": 752, ""精卫"": 20, ""缙云氏"": 1, ""蚩尤"": 50, ""赤帝"": 6, ""轩辕"": 173, ""轩辕氏"": 8, ""阪泉"": 6, ""雨师"": 6, ""颛顼"": 22, ""风伯"": 2, ""鲧"": 24, ""黄帝"": 427, ""黄帝氏"": 1}"
GCI-HOLD-0002,12,data/CASIA-LM_ChineseWebText2.0_partial-000012.parquet,126516209,20cf9a66f1acb713560400d4f99c0a0e777d62eaca12615d1417855e6589d6fd,100000,1,2176,"{""九黎"": 17, ""共工"": 49, ""共工氏"": 7, ""后土"": 35, ""太昊"": 29, ""太皞"": 4, ""女娃"": 19, ""女娲"": 68, ""少昊"": 5, ""少皞"": 10, ""帝江"": 1, ""应龙"": 9, ""榆罔"": 4, ""涿鹿"": 46, ""炎帝"": 69, ""神农"": 150, ""禹"": 775, ""精卫"": 25, ""缙云氏"": 1, ""蚩尤"": 77, ""赤帝"": 6, ""轩辕"": 354, ""轩辕氏"": 1, ""阪泉"": 3, ""雨师"": 7, ""颛顼"": 40, ""风伯"": 4, ""鲧"": 9, ""黄帝"": 352}"
GCI-HOLD-0002,13,data/CASIA-LM_ChineseWebText2.0_partial-000013.parquet,127261280,40c18522c9728b8bcc30a85d8a5ef616b35b2add2278e24d71669597bf821d15,100000,1,1972,"{""九黎"": 12, ""共工"": 30, ""共工氏"": 3, ""后土"": 35, ""太昊"": 6, ""女娃"": 19, ""女娲"": 76, ""少昊"": 30, ""帝江"": 1, ""帝鸿"": 2, ""应龙"": 25, ""有熊氏"": 2, ""榆罔"": 3, ""涿鹿"": 11, ""炎帝"": 60, ""神农"": 184, ""禹"": 748, ""精卫"": 28, ""蚩尤"": 26, ""赤帝"": 2, ""轩辕"": 260, ""轩辕氏"": 6, ""阪泉"": 1, ""雨师"": 2, ""颛顼"": 47, ""风伯"": 2, ""鲧"": 24, ""黄帝"": 327}"
GCI-HOLD-0002,14,data/CASIA-LM_ChineseWebText2.0_partial-000014.parquet,127044175,d6270a11281f8845956f4f6352ecfa8e7f2daa17b408632bc2a0d28826991aec,100000,1,2026,"{""九黎"": 8, ""共工"": 44, ""共工氏"": 1, ""后土"": 19, ""太昊"": 9, ""女娃"": 23, ""女娲"": 105, ""少昊"": 2, ""少皞"": 2, ""帝江"": 1, ""帝鸿"": 2, ""帝鸿氏"": 1, ""应龙"": 41, ""有熊氏"": 1, ""涿鹿"": 27, ""炎帝"": 50, ""神农"": 250, ""禹"": 725, ""精卫"": 25, ""蚩尤"": 46, ""赤帝"": 6, ""轩辕"": 290, ""轩辕氏"": 3, ""阪泉"": 1, ""雨师"": 7, ""颛顼"": 18, ""风伯"": 1, ""鲧"": 32, ""黄帝"": 285, ""黄帝氏"": 1}"
GCI-HOLD-0002,15,data/CASIA-LM_ChineseWebText2.0_partial-000015.parquet,127620665,afbd7033dab73cf769d8ff26fee8b8d012bfc726dfd85396180bb9ee15fcdc6a,100000,1,1882,"{""九黎"": 13, ""共工"": 33, ""后土"": 21, ""太昊"": 22, ""太皞"": 1, ""女娃"": 15, ""女娲"": 57, ""少昊"": 9, ""帝江"": 3, ""帝鸿"": 1, ""应龙"": 21, ""榆罔"": 5, ""涿鹿"": 13, ""炎帝"": 73, ""神农"": 210, ""禹"": 697, ""精卫"": 34, ""蚩尤"": 46, ""赤帝"": 5, ""轩辕"": 191, ""轩辕氏"": 17, ""雨师"": 5, ""颛顼"": 37, ""风伯"": 4, ""鲧"": 18, ""黄帝"": 329, ""黄帝氏"": 2}"
GCI-HOLD-0002,16,data/CASIA-LM_ChineseWebText2.0_partial-000016.parquet,127423602,86d048e61b60b433dfaa6bbfac8b44f384e3833d48c66800aa44130b12403abe,100000,1,1947,"{""九黎"": 4, ""共工"": 34, ""共工氏"": 6, ""句龙"": 2, ""后土"": 23, ""太昊"": 8, ""太皞"": 1, ""女娃"": 23, ""女娲"": 105, ""少昊"": 3, ""少皞"": 2, ""帝江"": 2, ""帝鸿"": 2, ""应龙"": 61, ""有熊氏"": 1, ""涿鹿"": 13, ""炎帝"": 50, ""神农"": 182, ""禹"": 750, ""精卫"": 19, ""蚩尤"": 58, ""赤帝"": 3, ""轩辕"": 233, ""轩辕氏"": 4, ""阪泉"": 3, ""雨师"": 2, ""颛顼"": 25, ""风伯"": 1, ""鲧"": 12, ""黄帝"": 315}"
GCI-HOLD-0002,17,data/CASIA-LM_ChineseWebText2.0_partial-000017.parquet,126448330,739070ca7e792eac34650c5d0b590a7881d8e1c64582ab60135f235c8e6915ec,100000,1,1958,"{""九黎"": 10, ""共工"": 19, ""共工氏"": 3, ""句龙"": 1, ""后土"": 20, ""太昊"": 11, ""女娃"": 13, ""女娲"": 65, ""少昊"": 6, ""帝江"": 1, ""帝鸿"": 2, ""帝鸿氏"": 1, ""应龙"": 34, ""有熊氏"": 5, ""涿鹿"": 48, ""炎帝"": 48, ""神农"": 143, ""禹"": 710, ""精卫"": 26, ""缙云氏"": 5, ""蚩尤"": 59, ""赤帝"": 2, ""轩辕"": 307, ""阪泉"": 1, ""雨师"": 6, ""颛顼"": 19, ""风伯"": 3, ""鲧"": 9, ""黄帝"": 381}"
GCI-HOLD-0002,18,data/CASIA-LM_ChineseWebText2.0_partial-000018.parquet,126611925,f320c87603d10d572803b471132eb54c54c9c20b331d91a0eed20035550bc827,100000,1,2043,"{""九黎"": 19, ""共工"": 53, ""共工氏"": 6, ""句龙"": 3, ""后土"": 37, ""太昊"": 23, ""太皞"": 1, ""女娃"": 38, ""女娲"": 92, ""少昊"": 17, ""少皞"": 1, ""帝江"": 12, ""帝鸿"": 11, ""应龙"": 16, ""榆罔"": 1, ""涿鹿"": 28, ""炎帝"": 55, ""神农"": 181, ""禹"": 683, ""精卫"": 41, ""蚩尤"": 88, ""赤帝"": 6, ""轩辕"": 247, ""轩辕氏"": 1, ""阪泉"": 5, ""雨师"": 5, ""颛顼"": 36, ""风伯"": 4, ""鲧"": 4, ""黄帝"": 329}"
GCI-HOLD-0002,19,data/CASIA-LM_ChineseWebText2.0_partial-000019.parquet,127249715,a4061707c87e284be30ed15145964331a8ff174e8135344c78ffb143cb7813e1,100000,1,2092,"{""九黎"": 21, ""共工"": 50, ""共工氏"": 6, ""后土"": 21, ""太昊"": 4, ""女娃"": 11, ""女娲"": 156, ""少昊"": 5, ""少皞"": 2, ""帝江"": 3, ""帝鸿"": 1, ""应龙"": 23, ""榆罔"": 5, ""涿鹿"": 21, ""炎帝"": 69, ""神农"": 275, ""禹"": 783, ""精卫"": 50, ""蚩尤"": 75, ""赤帝"": 3, ""轩辕"": 164, ""轩辕氏"": 1, ""阪泉"": 7, ""雨师"": 2, ""颛顼"": 25, ""鲧"": 6, ""黄帝"": 303}"
GCI-HOLD-0002,20,data/CASIA-LM_ChineseWebText2.0_partial-000020.parquet,126984711,3c04b36c7bd93d0be22097752d83186fc58d95d1da3cfc753777a3fdd9c992ea,100000,1,2253,"{""九黎"": 41, ""共工"": 51, ""共工氏"": 3, ""句龙"": 1, ""后土"": 29, ""太昊"": 11, ""太皞"": 8, ""女娃"": 7, ""女娲"": 83, ""少昊"": 3, ""少皞"": 13, ""帝江"": 1, ""应龙"": 36, ""有熊氏"": 2, ""榆罔"": 2, ""涿鹿"": 25, ""炎帝"": 150, ""神农"": 217, ""禹"": 794, ""精卫"": 52, ""缙云氏"": 1, ""蚩尤"": 54, ""赤帝"": 6, ""轩辕"": 244, ""轩辕氏"": 13, ""阪泉"": 3, ""雨师"": 2, ""颛顼"": 28, ""风伯"": 1, ""鲧"": 8, ""黄帝"": 362, ""黄帝氏"": 2}"
GCI-HOLD-0002,21,data/CASIA-LM_ChineseWebText2.0_partial-000021.parquet,126864418,caa1838cb1cefc82ee47a35ad8ae340063f7e1780d3623d76f31cdfb1bacac15,100000,1,2351,"{""九黎"": 26, ""共工"": 27, ""共工氏"": 1, ""后土"": 26, ""太昊"": 15, ""女娃"": 10, ""女娲"": 76, ""少昊"": 15, ""少皞"": 1, ""帝江"": 1, ""帝鸿"": 4, ""帝鸿氏"": 1, ""应龙"": 23, ""有熊氏"": 2, ""榆罔"": 6, ""涿鹿"": 54, ""炎帝"": 134, ""神农"": 212, ""禹"": 773, ""精卫"": 36, ""缙云氏"": 2, ""蚩尤"": 212, ""赤帝"": 2, ""轩辕"": 236, ""轩辕氏"": 3, ""阪泉"": 6, ""雨师"": 5, ""颛顼"": 21, ""风伯"": 6, ""鲧"": 7, ""黄帝"": 407, ""黄帝氏"": 1}"
GCI-HOLD-0002,22,data/CASIA-LM_ChineseWebText2.0_partial-000022.parquet,127517880,39bd289f955997fa69ad2429653765e8f24ed08551814aba018c55afed1cd237,100000,1,2055,"{""九黎"": 4, ""共工"": 48, ""共工氏"": 2, ""后土"": 38, ""太昊"": 6, ""女娃"": 26, ""女娲"": 149, ""少昊"": 7, ""帝鸿"": 1, ""帝鸿氏"": 1, ""应龙"": 11, ""有熊氏"": 1, ""榆罔"": 1, ""涿鹿"": 30, ""炎帝"": 67, ""神农"": 187, ""禹"": 694, ""精卫"": 37, ""蚩尤"": 28, ""赤帝"": 8, ""轩辕"": 284, ""轩辕氏"": 5, ""阪泉"": 9, ""雨师"": 8, ""颛顼"": 34, ""风伯"": 3, ""鲧"": 19, ""黄帝"": 347}"
GCI-HOLD-0002,23,data/CASIA-LM_ChineseWebText2.0_partial-000023.parquet,127321872,522e623f2df714766b7c97e8731c33683fa610436835c1b893337a50a9da7b66,100000,1,2016,"{""九黎"": 15, ""共工"": 29, ""共工氏"": 2, ""句龙"": 2, ""后土"": 41, ""太昊"": 4, ""女娃"": 10, ""女娲"": 86, ""少昊"": 27, ""帝江"": 15, ""帝鸿"": 3, ""应龙"": 20, ""有熊氏"": 1, ""榆罔"": 2, ""涿鹿"": 20, ""炎帝"": 29, ""神农"": 183, ""禹"": 781, ""精卫"": 20, ""蚩尤"": 58, ""赤帝"": 4, ""轩辕"": 235, ""轩辕氏"": 5, ""阪泉"": 1, ""雨师"": 5, ""颛顼"": 24, ""风伯"": 5, ""鲧"": 20, ""黄帝"": 366, ""黄帝氏"": 3}"
GCI-HOLD-0002,24,data/CASIA-LM_ChineseWebText2.0_partial-000024.parquet,127250411,97b452091550a7b7db192fc0842fbbc5dd0e949a6670d2ea195d296c57ac2e0d,100000,1,1836,"{""九黎"": 7, ""共工"": 28, ""句龙"": 1, ""后土"": 23, ""太昊"": 9, ""女娃"": 25, ""女娲"": 54, ""少昊"": 33, ""少皞"": 1, ""帝江"": 4, ""帝鸿"": 3, ""帝鸿氏"": 2, ""应龙"": 29, ""涿鹿"": 29, ""炎帝"": 46, ""神农"": 159, ""禹"": 688, ""精卫"": 37, ""缙云氏"": 3, ""蚩尤"": 66, ""赤帝"": 2, ""轩辕"": 213, ""轩辕氏"": 1, ""阪泉"": 1, ""雨师"": 3, ""颛顼"": 29, ""风伯"": 4, ""鲧"": 21, ""黄帝"": 315}"
GCI-HOLD-0002,25,data/CASIA-LM_ChineseWebText2.0_partial-000025.parquet,126565463,1ca99dbb76de5887e6c98cd683c9c907e6553d12a71cf806645e2f7823f0ff36,100000,1,1935,"{""九黎"": 12, ""共工"": 28, ""共工氏"": 2, ""后土"": 26, ""太昊"": 20, ""太皞"": 6, ""女娃"": 22, ""女娲"": 74, ""少昊"": 7, ""帝江"": 1, ""应龙"": 63, ""有熊氏"": 8, ""涿鹿"": 29, ""炎帝"": 57, ""神农"": 159, ""禹"": 628, ""精卫"": 52, ""缙云氏"": 2, ""蚩尤"": 63, ""赤帝"": 2, ""轩辕"": 249, ""轩辕氏"": 5, ""阪泉"": 1, ""雨师"": 3, ""颛顼"": 31, ""风伯"": 2, ""鲧"": 18, ""黄帝"": 364, ""黄帝氏"": 1}"
GCI-HOLD-0002,26,data/CASIA-LM_ChineseWebText2.0_partial-000026.parquet,126712422,47ac18d87dabc7fdff5c5d7cb81c040e14386853f2b922e73c9a7659ac66021f,100000,1,2082,"{""九黎"": 8, ""共工"": 19, ""共工氏"": 1, ""后土"": 29, ""太昊"": 15, ""女娃"": 22, ""女娲"": 78, ""少昊"": 18, ""帝江"": 1, ""应龙"": 35, ""有熊氏"": 7, ""榆罔"": 1, ""涿鹿"": 14, ""炎帝"": 49, ""神农"": 203, ""禹"": 770, ""精卫"": 46, ""蚩尤"": 31, ""赤帝"": 2, ""轩辕"": 279, ""轩辕氏"": 4, ""阪泉"": 5, ""雨师"": 12, ""颛顼"": 54, ""风伯"": 4, ""鲧"": 18, ""黄帝"": 357}"
GCI-HOLD-0002,27,data/CASIA-LM_ChineseWebText2.0_partial-000027.parquet,126371603,1fb6232405f5d51ead8c79b16b4a44b4e998740e753a9299a1ce44dd618490ad,100000,1,1856,"{""九黎"": 6, ""共工"": 53, ""共工氏"": 1, ""后土"": 22, ""太昊"": 5, ""女娃"": 15, ""女娲"": 98, ""少昊"": 5, ""少皞"": 2, ""帝江"": 4, ""应龙"": 19, ""有熊氏"": 2, ""涿鹿"": 13, ""炎帝"": 48, ""神农"": 173, ""禹"": 808, ""精卫"": 29, ""缙云氏"": 3, ""蚩尤"": 65, ""赤帝"": 4, ""轩辕"": 196, ""轩辕氏"": 2, ""阪泉"": 1, ""雨师"": 2, ""颛顼"": 28, ""风伯"": 2, ""鲧"": 9, ""黄帝"": 241}"
GCI-HOLD-0002,28,data/CASIA-LM_ChineseWebText2.0_partial-000028.parquet,126995658,3309f0d30bf1757ec5e058c69f3b9d6b957272f407c6069a6a1d4dd7e5a68e67,100000,1,1938,"{""九黎"": 32, ""共工"": 19, ""共工氏"": 1, ""句龙"": 7, ""后土"": 22, ""太昊"": 8, ""太皞"": 15, ""女娃"": 25, ""女娲"": 78, ""少昊"": 5, ""少皞"": 14, ""帝江"": 3, ""应龙"": 47, ""涿鹿"": 16, ""炎帝"": 72, ""神农"": 180, ""禹"": 800, ""精卫"": 27, ""缙云氏"": 2, ""蚩尤"": 24, ""赤帝"": 1, ""轩辕"": 185, ""轩辕氏"": 3, ""阪泉"": 1, ""雨师"": 3, ""颛顼"": 17, ""风伯"": 3, ""鲧"": 8, ""黄帝"": 320}"
GCI-HOLD-0002,29,data/CASIA-LM_ChineseWebText2.0_partial-000029.parquet,127141841,0745162ad3f9f904aca260506d6fbec89ee4cf65bbe41941ec6823498b9f0685,100000,1,2211,"{""九黎"": 7, ""共工"": 36, ""共工氏"": 3, ""后土"": 29, ""太昊"": 16, ""太皞"": 1, ""女娃"": 18, ""女娲"": 119, ""少昊"": 49, ""少皞"": 1, ""帝江"": 6, ""帝鸿"": 1, ""应龙"": 39, ""有熊氏"": 5, ""榆罔"": 1, ""涿鹿"": 11, ""炎帝"": 103, ""神农"": 175, ""禹"": 754, ""精卫"": 34, ""蚩尤"": 68, ""赤帝"": 7, ""轩辕"": 247, ""轩辕氏"": 4, ""阪泉"": 4, ""雨师"": 5, ""颛顼"": 66, ""风伯"": 3, ""鲧"": 8, ""黄帝"": 390, ""黄帝氏"": 1}"
GCI-HOLD-0002,30,data/CASIA-LM_ChineseWebText2.0_partial-000030.parquet,127007657,1fffc678ebb72742a6cacc56b5164c354f14857a159884ce0c842236751ee5e1,100000,1,2531,"{""九黎"": 4, ""共工"": 37, ""共工氏"": 1, ""句龙"": 2, ""后土"": 22, ""太昊"": 12, ""女娃"": 13, ""女娲"": 69, ""少昊"": 27, ""少皞"": 1, ""帝鸿"": 2, ""帝鸿氏"": 2, ""应龙"": 36, ""有熊氏"": 5, ""涿鹿"": 34, ""炎帝"": 107, ""神农"": 229, ""禹"": 1076, ""精卫"": 32, ""缙云氏"": 1, ""蚩尤"": 68, ""赤帝"": 2, ""轩辕"": 184, ""轩辕氏"": 5, ""阪泉"": 5, ""雨师"": 8, ""颛顼"": 52, ""风伯"": 8, ""鲧"": 34, ""黄帝"": 450, ""黄帝氏"": 3}"
GCI-HOLD-0002,31,data/CASIA-LM_ChineseWebText2.0_partial-000031.parquet,127064710,8a2a9cbe28aba37393b72edea754c29b0d467cf0d53259b412f2813de9463ce6,100000,1,1908,"{""九黎"": 29, ""共工"": 28, ""共工氏"": 2, ""后土"": 33, ""太昊"": 6, ""太皞"": 2, ""女娃"": 23, ""女娲"": 90, ""少昊"": 1, ""少皞"": 1, ""帝江"": 2, ""帝鸿"": 1, ""应龙"": 23, ""涿鹿"": 29, ""炎帝"": 58, ""神农"": 125, ""禹"": 726, ""精卫"": 27, ""缙云氏"": 1, ""蚩尤"": 18, ""赤帝"": 6, ""轩辕"": 301, ""轩辕氏"": 2, ""雨师"": 53, ""颛顼"": 28, ""风伯"": 1, ""鲧"": 6, ""黄帝"": 285, ""黄帝氏"": 1}"
GCI-HOLD-0002,32,data/CASIA-LM_ChineseWebText2.0_partial-000032.parquet,127782375,4db3f9472890326763adfaccd326183153d052ec47abe116bb8eebb0520b05ef,100000,1,2011,"{""九黎"": 15, ""共工"": 46, ""共工氏"": 1, ""句龙"": 3, ""后土"": 38, ""太昊"": 6, ""太皞"": 2, ""女娃"": 10, ""女娲"": 117, ""少昊"": 11, ""少皞"": 2, ""帝江"": 2, ""应龙"": 17, ""有熊氏"": 1, ""涿鹿"": 10, ""炎帝"": 39, ""神农"": 199, ""禹"": 720, ""精卫"": 21, ""蚩尤"": 44, ""赤帝"": 3, ""轩辕"": 220, ""轩辕氏"": 3, ""阪泉"": 3, ""雨师"": 4, ""颛顼"": 34, ""风伯"": 6, ""鲧"": 6, ""黄帝"": 427, ""黄帝氏"": 1}"
GCI-HOLD-0002,33,data/CASIA-LM_ChineseWebText2.0_partial-000033.parquet,127331100,fd778c54a2a44cfe537508804978b8c136e7d0705ab91f3ef0673c708d3e1d94,100000,1,1647,"{""九黎"": 10, ""共工"": 17, ""后土"": 26, ""太昊"": 4, ""太皞"": 2, ""女娃"": 15, ""女娲"": 85, ""少昊"": 7, ""少皞"": 6, ""帝江"": 3, ""应龙"": 45, ""有熊氏"": 4, ""涿鹿"": 17, ""炎帝"": 34, ""神农"": 168, ""禹"": 599, ""精卫"": 61, ""蚩尤"": 23, ""赤帝"": 2, ""轩辕"": 226, ""轩辕氏"": 1, ""阪泉"": 1, ""雨师"": 9, ""颛顼"": 25, ""风伯"": 2, ""鲧"": 13, ""黄帝"": 241, ""黄帝氏"": 1}"
GCI-HOLD-0002,34,data/CASIA-LM_ChineseWebText2.0_partial-000034.parquet,127433490,2dc1e80566e8e798c982d4ec93fb29e67611f7f38d423163bc8ab9450a8a54af,100000,1,2387,"{""九黎"": 18, ""共工"": 30, ""共工氏"": 1, ""后土"": 18, ""太昊"": 3, ""女娃"": 13, ""女娲"": 75, ""少昊"": 35, ""少皞"": 4, ""帝江"": 5, ""应龙"": 69, ""有熊氏"": 2, ""涿鹿"": 15, ""炎帝"": 34, ""神农"": 236, ""禹"": 1071, ""精卫"": 70, ""缙云氏"": 1, ""蚩尤"": 72, ""赤帝"": 3, ""轩辕"": 190, ""轩辕氏"": 1, ""雨师"": 6, ""颛顼"": 54, ""鲧"": 26, ""黄帝"": 335}"
GCI-HOLD-0002,35,data/CASIA-LM_ChineseWebText2.0_partial-000035.parquet,126750469,a903b4bb193446004e0a2287c1f23dea7d5416c643a7e279fafb6212918d8243,100000,1,2360,"{""九黎"": 9, ""共工"": 73, ""共工氏"": 6, ""句龙"": 1, ""后土"": 45, ""太昊"": 14, ""太皞"": 3, ""女娃"": 19, ""女娲"": 75, ""少昊"": 16, ""帝江"": 7, ""帝鸿"": 6, ""帝鸿氏"": 4, ""应龙"": 33, ""有熊氏"": 4, ""涿鹿"": 6, ""炎帝"": 36, ""神农"": 159, ""禹"": 970, ""精卫"": 31, ""缙云氏"": 3, ""蚩尤"": 92, ""轩辕"": 370, ""轩辕氏"": 9, ""阪泉"": 3, ""雨师"": 3, ""颛顼"": 15, ""风伯"": 4, ""鲧"": 14, ""黄帝"": 330}"
GCI-HOLD-0002,36,data/CASIA-LM_ChineseWebText2.0_partial-000036.parquet,126986583,b3160fd2bd84473ea76a98501fdf99e42645a0cc1c7a88df5f64f2320e18521e,100000,1,2444,"{""九黎"": 30, ""共工"": 29, ""共工氏"": 8, ""句龙"": 2, ""后土"": 30, ""太昊"": 7, ""太皞"": 1, ""女娃"": 26, ""女娲"": 60, ""少昊"": 10, ""少皞"": 5, ""帝江"": 1, ""应龙"": 30, ""榆罔"": 2, ""涿鹿"": 49, ""炎帝"": 108, ""神农"": 219, ""禹"": 692, ""精卫"": 57, ""蚩尤"": 249, ""赤帝"": 12, ""轩辕"": 293, ""轩辕氏"": 1, ""阪泉"": 10, ""雨师"": 50, ""颛顼"": 26, ""风伯"": 7, ""鲧"": 11, ""黄帝"": 419}"
GCI-HOLD-0002,37,data/CASIA-LM_ChineseWebText2.0_partial-000037.parquet,127256709,781edeca8a33d4955659542eb7a8a3532519a8eabccb892dee408a2366b8c7cf,100000,1,2130,"{""九黎"": 11, ""共工"": 80, ""共工氏"": 21, ""句龙"": 1, ""后土"": 26, ""太昊"": 6, ""女娃"": 20, ""女娲"": 156, ""少昊"": 7, ""少皞"": 1, ""帝江"": 2, ""帝鸿"": 4, ""应龙"": 8, ""有熊氏"": 1, ""涿鹿"": 9, ""炎帝"": 88, ""神农"": 182, ""禹"": 712, ""精卫"": 28, ""蚩尤"": 108, ""赤帝"": 4, ""轩辕"": 237, ""轩辕氏"": 3, ""阪泉"": 4, ""雨师"": 7, ""颛顼"": 51, ""风伯"": 6, ""鲧"": 27, ""黄帝"": 320}"
GCI-HOLD-0002,38,data/CASIA-LM_ChineseWebText2.0_partial-000038.parquet,126610854,8af1f5725a1a5732bb185ac1fed90aa44c0dec541453ea40beddb3782b81043f,100000,1,2022,"{""九黎"": 9, ""共工"": 32, ""共工氏"": 3, ""句龙"": 8, ""后土"": 24, ""太昊"": 15, ""太皞"": 3, ""女娃"": 12, ""女娲"": 122, ""少昊"": 13, ""少皞"": 1, ""帝江"": 2, ""帝鸿"": 1, ""帝鸿氏"": 1, ""应龙"": 20, ""榆罔"": 2, ""涿鹿"": 52, ""炎帝"": 84, ""神农"": 199, ""禹"": 663, ""精卫"": 52, ""蚩尤"": 50, ""赤帝"": 3, ""轩辕"": 307, ""轩辕氏"": 5, ""阪泉"": 1, ""雨师"": 5, ""颛顼"": 24, ""风伯"": 3, ""鲧"": 11, ""黄帝"": 295}"
GCI-HOLD-0002,39,data/CASIA-LM_ChineseWebText2.0_partial-000039.parquet,127315082,4c4f73f538383b15ed3c5e2762dc93df663f5ffb162557c17b9c8866ca3e3c61,100000,1,2064,"{""九黎"": 13, ""共工"": 19, ""共工氏"": 3, ""句龙"": 1, ""后土"": 29, ""太昊"": 3, ""太皞"": 1, ""女娃"": 20, ""女娲"": 91, ""少昊"": 9, ""帝江"": 3, ""帝鸿"": 2, ""应龙"": 31, ""有熊氏"": 1, ""榆罔"": 1, ""涿鹿"": 30, ""炎帝"": 47, ""神农"": 173, ""禹"": 786, ""精卫"": 50, ""缙云氏"": 5, ""蚩尤"": 42, ""赤帝"": 2, ""轩辕"": 312, ""轩辕氏"": 1, ""阪泉"": 1, ""雨师"": 1, ""颛顼"": 26, ""风伯"": 5, ""鲧"": 9, ""黄帝"": 347}"
GCI-HOLD-0002,40,data/CASIA-LM_ChineseWebText2.0_partial-000040.parquet,126498209,9b896e1c7ca2f1f0097e407ef0369d5d88ae7c39c667e98ce1a72888195c3c6f,100000,1,1751,"{""九黎"": 9, ""共工"": 24, ""共工氏"": 6, ""句龙"": 1, ""后土"": 20, ""太昊"": 9, ""女娃"": 11, ""女娲"": 91, ""少昊"": 5, ""少皞"": 6, ""帝江"": 1, ""帝鸿"": 1, ""应龙"": 25, ""有熊氏"": 1, ""涿鹿"": 29, ""炎帝"": 39, ""神农"": 156, ""禹"": 736, ""精卫"": 29, ""蚩尤"": 15, ""轩辕"": 224, ""轩辕氏"": 3, ""阪泉"": 1, ""雨师"": 2, ""颛顼"": 36, ""风伯"": 6, ""鲧"": 6, ""黄帝"": 258, ""黄帝氏"": 1}"
GCI-HOLD-0002,41,data/CASIA-LM_ChineseWebText2.0_partial-000041.parquet,127646586,e8d515015c41029233ce715bb3584c8c4273fd0cc2013327481a922e99c8f4b4,100000,1,2032,"{""九黎"": 18, ""共工"": 30, ""共工氏"": 1, ""句龙"": 1, ""后土"": 53, ""太昊"": 12, ""太皞"": 2, ""女娃"": 20, ""女娲"": 100, ""少昊"": 12, ""少皞"": 4, ""帝鸿"": 5, ""帝鸿氏"": 3, ""应龙"": 27, ""涿鹿"": 23, ""炎帝"": 94, ""神农"": 157, ""禹"": 729, ""精卫"": 44, ""缙云氏"": 4, ""蚩尤"": 29, ""赤帝"": 9, ""轩辕"": 192, ""轩辕氏"": 5, ""雨师"": 6, ""颛顼"": 47, ""风伯"": 8, ""鲧"": 45, ""黄帝"": 351, ""黄帝氏"": 1}"
GCI-HOLD-0002,42,data/CASIA-LM_ChineseWebText2.0_partial-000042.parquet,126979645,ab2587f20a5c2d9c355c903f8507d5e6e5e59370127266d2be4fba4ccf0de1e7,100000,1,2199,"{""九黎"": 14, ""共工"": 61, ""共工氏"": 1, ""句龙"": 4, ""后土"": 23, ""太昊"": 14, ""太皞"": 4, ""女娃"": 8, ""女娲"": 81, ""少昊"": 10, ""少皞"": 2, ""帝江"": 16, ""帝鸿"": 4, ""应龙"": 15, ""有熊氏"": 2, ""涿鹿"": 42, ""炎帝"": 104, ""神农"": 259, ""禹"": 728, ""精卫"": 51, ""蚩尤"": 64, ""赤帝"": 7, ""轩辕"": 214, ""轩辕氏"": 2, ""阪泉"": 6, ""雨师"": 5, ""颛顼"": 36, ""风伯"": 2, ""鲧"": 67, ""黄帝"": 353}"
GCI-HOLD-0002,43,data/CASIA-LM_ChineseWebText2.0_partial-000043.parquet,127184366,fe220b2cabd65e57db7f03271db7633a26d49066352958f79cc2cb750dd10b79,100000,1,1936,"{""九黎"": 17, ""共工"": 31, ""共工氏"": 5, ""句龙"": 3, ""后土"": 51, ""太昊"": 5, ""女娃"": 10, ""女娲"": 89, ""少昊"": 17, ""少皞"": 5, ""帝江"": 3, ""应龙"": 18, ""有熊氏"": 1, ""榆罔"": 1, ""涿鹿"": 21, ""炎帝"": 60, ""神农"": 164, ""禹"": 680, ""精卫"": 30, ""蚩尤"": 58, ""赤帝"": 1, ""轩辕"": 216, ""轩辕氏"": 3, ""阪泉"": 4, ""雨师"": 3, ""颛顼"": 26, ""风伯"": 4, ""鲧"": 21, ""黄帝"": 388, ""黄帝氏"": 1}"
GCI-HOLD-0002,44,data/CASIA-LM_ChineseWebText2.0_partial-000044.parquet,126768619,0fd0826c8ffa758d8012b8c81a55dbcbc27b0a65fc78f9a1b7e63fa3ee24307b,100000,1,1913,"{""九黎"": 8, ""共工"": 40, ""共工氏"": 8, ""后土"": 31, ""太昊"": 8, ""太皞"": 2, ""女娃"": 17, ""女娲"": 119, ""少昊"": 22, ""应龙"": 23, ""有熊氏"": 1, ""榆罔"": 1, ""涿鹿"": 18, ""炎帝"": 61, ""神农"": 184, ""禹"": 689, ""精卫"": 48, ""缙云氏"": 1, ""蚩尤"": 59, ""轩辕"": 228, ""轩辕氏"": 3, ""阪泉"": 1, ""雨师"": 4, ""颛顼"": 15, ""风伯"": 2, ""鲧"": 27, ""黄帝"": 293}"
GCI-HOLD-0002,45,data/CASIA-LM_ChineseWebText2.0_partial-000045.parquet,126620188,7490e1f1f1533966405417c52f801cd46d632b6cb48017943af9cb22d04a289c,100000,1,2035,"{""九黎"": 31, ""共工"": 27, ""共工氏"": 3, ""句龙"": 2, ""后土"": 22, ""太昊"": 5, ""太皞"": 1, ""女娃"": 16, ""女娲"": 132, ""少昊"": 14, ""少皞"": 1, ""帝江"": 2, ""应龙"": 13, ""有熊氏"": 2, ""涿鹿"": 26, ""炎帝"": 92, ""神农"": 184, ""禹"": 760, ""精卫"": 15, ""蚩尤"": 68, ""赤帝"": 5, ""轩辕"": 239, ""轩辕氏"": 10, ""阪泉"": 1, ""雨师"": 3, ""颛顼"": 28, ""风伯"": 3, ""鲧"": 23, ""黄帝"": 307}"
GCI-HOLD-0002,46,data/CASIA-LM_ChineseWebText2.0_partial-000046.parquet,127209848,41dbbcfc34c9042cd63862b6a5fdbf3ed0500c6068c8342ed679567527b67ff1,100000,1,2249,"{""九黎"": 41, ""共工"": 41, ""共工氏"": 8, ""后土"": 26, ""太昊"": 5, ""太皞"": 2, ""女娃"": 16, ""女娲"": 71, ""少昊"": 12, ""少皞"": 4, ""帝江"": 8, ""帝鸿"": 2, ""帝鸿氏"": 2, ""应龙"": 17, ""有熊氏"": 3, ""榆罔"": 7, ""涿鹿"": 19, ""炎帝"": 75, ""神农"": 169, ""禹"": 728, ""精卫"": 39, ""缙云氏"": 1, ""蚩尤"": 50, ""赤帝"": 7, ""轩辕"": 341, ""轩辕氏"": 12, ""阪泉"": 2, ""雨师"": 18, ""颛顼"": 60, ""风伯"": 29, ""鲧"": 21, ""黄帝"": 412, ""黄帝氏"": 1}"
GCI-HOLD-0002,47,data/CASIA-LM_ChineseWebText2.0_partial-000047.parquet,126844312,af805fc84031a5f4f357e1f046fcc4c0de4a018db4feba41c5e406a3e06897ac,100000,1,2457,"{""九黎"": 10, ""共工"": 41, ""共工氏"": 1, ""后土"": 23, ""太昊"": 26, ""太皞"": 1, ""女娃"": 8, ""女娲"": 84, ""少昊"": 9, ""帝鸿"": 3, ""应龙"": 26, ""有熊氏"": 2, ""榆罔"": 7, ""涿鹿"": 26, ""炎帝"": 134, ""神农"": 294, ""禹"": 947, ""精卫"": 24, ""蚩尤"": 91, ""赤帝"": 5, ""轩辕"": 194, ""轩辕氏"": 7, ""阪泉"": 16, ""雨师"": 6, ""颛顼"": 27, ""风伯"": 1, ""鲧"": 34, ""黄帝"": 409, ""黄帝氏"": 1}"
GCI-HOLD-0002,48,data/CASIA-LM_ChineseWebText2.0_partial-000048.parquet,125984756,1ce4c2ba03fa387f1a25226ee152799d036c6b357e8c5a234ff949a2bc3bf90d,100000,1,2407,"{""九黎"": 9, ""共工"": 43, ""共工氏"": 3, ""句龙"": 1, ""后土"": 26, ""太昊"": 25, ""女娃"": 28, ""女娲"": 86, ""少昊"": 41, ""少皞"": 3, ""帝江"": 1, ""帝鸿"": 4, ""帝鸿氏"": 4, ""应龙"": 29, ""有熊氏"": 5, ""榆罔"": 21, ""涿鹿"": 39, ""炎帝"": 177, ""神农"": 233, ""禹"": 655, ""精卫"": 54, ""缙云氏"": 2, ""蚩尤"": 171, ""赤帝"": 15, ""轩辕"": 264, ""轩辕氏"": 1, ""阪泉"": 8, ""雨师"": 2, ""颛顼"": 43, ""风伯"": 2, ""鲧"": 20, ""黄帝"": 390, ""黄帝氏"": 2}"
GCI-HOLD-0002,49,data/CASIA-LM_ChineseWebText2.0_partial-000049.parquet,126257449,61e1dcd3e99c1578d49f43d79f755f1184db33e79ee68681605a3099ce9e2e51,100000,1,2116,"{""九黎"": 10, ""共工"": 44, ""后土"": 27, ""太昊"": 8, ""太皞"": 9, ""女娃"": 5, ""女娲"": 108, ""少昊"": 7, ""少皞"": 2, ""帝江"": 2, ""应龙"": 21, ""有熊氏"": 3, ""涿鹿"": 47, ""炎帝"": 56, ""神农"": 255, ""禹"": 817, ""精卫"": 54, ""缙云氏"": 1, ""蚩尤"": 87, ""赤帝"": 14, ""轩辕"": 154, ""轩辕氏"": 5, ""阪泉"": 6, ""雨师"": 5, ""颛顼"": 39, ""风伯"": 3, ""鲧"": 22, ""黄帝"": 305}"
GCI-HOLD-0002,50,data/CASIA-LM_ChineseWebText2.0_partial-000050.parquet,126888120,0d7218f02e38b9915a26c4667c60313f273a37b8acfb9c8c5aa04cbfbaf7845b,100000,1,2103,"{""九黎"": 10, ""共工"": 22, ""共工氏"": 3, ""句龙"": 2, ""后土"": 23, ""太昊"": 8, ""太皞"": 3, ""女娃"": 33, ""女娲"": 83, ""少昊"": 13, ""少皞"": 6, ""帝江"": 3, ""应龙"": 21, ""有熊氏"": 5, ""涿鹿"": 46, ""炎帝"": 56, ""神农"": 159, ""禹"": 708, ""精卫"": 17, ""缙云氏"": 3, ""蚩尤"": 108, ""赤帝"": 5, ""轩辕"": 226, ""轩辕氏"": 5, ""阪泉"": 7, ""雨师"": 15, ""颛顼"": 32, ""风伯"": 4, ""鲧"": 20, ""黄帝"": 457}"
GCI-HOLD-0002,51,data/CASIA-LM_ChineseWebText2.0_partial-000051.parquet,126428816,5cdd88e1b3fcd545e48941e1dbfdb12d0fa0e1886b56ed5953c950355be5a0ba,100000,1,1771,"{""九黎"": 8, ""共工"": 50, ""共工氏"": 5, ""后土"": 19, ""太昊"": 7, ""女娃"": 45, ""女娲"": 88, ""少昊"": 9, ""帝江"": 2, ""帝鸿"": 1, ""应龙"": 24, ""榆罔"": 2, ""涿鹿"": 26, ""炎帝"": 46, ""神农"": 223, ""禹"": 609, ""精卫"": 56, ""蚩尤"": 72, ""赤帝"": 3, ""轩辕"": 210, ""轩辕氏"": 5, ""雨师"": 8, ""颛顼"": 18, ""风伯"": 3, ""鲧"": 12, ""黄帝"": 220}"
GCI-HOLD-0002,52,data/CASIA-LM_ChineseWebText2.0_partial-000052.parquet,126980774,df8ca03b08beef598043d44384af8de1836469fd2db52dd2d083a3c0beed065c,100000,1,1664,"{""九黎"": 12, ""共工"": 20, ""后土"": 28, ""太昊"": 6, ""女娃"": 14, ""女娲"": 95, ""少昊"": 29, ""帝鸿"": 1, ""应龙"": 25, ""有熊氏"": 1, ""榆罔"": 1, ""涿鹿"": 25, ""炎帝"": 69, ""神农"": 221, ""禹"": 611, ""精卫"": 18, ""蚩尤"": 28, ""赤帝"": 7, ""轩辕"": 189, ""轩辕氏"": 4, ""阪泉"": 2, ""雨师"": 2, ""颛顼"": 22, ""风伯"": 10, ""鲧"": 2, ""黄帝"": 222}"
GCI-HOLD-0002,53,data/CASIA-LM_ChineseWebText2.0_partial-000053.parquet,128033362,1afca27eecd8a96eca9c0668caad7f9cf215fda2b3d2bd4ebbc81c6f30e1d3ea,100000,1,2070,"{""九黎"": 17, ""共工"": 39, ""共工氏"": 11, ""后土"": 28, ""太昊"": 4, ""太皞"": 1, ""女娃"": 27, ""女娲"": 71, ""少昊"": 15, ""少皞"": 14, ""帝江"": 2, ""帝鸿"": 3, ""帝鸿氏"": 3, ""应龙"": 25, ""有熊氏"": 2, ""涿鹿"": 52, ""炎帝"": 80, ""神农"": 191, ""禹"": 783, ""精卫"": 32, ""缙云氏"": 2, ""蚩尤"": 51, ""赤帝"": 6, ""轩辕"": 164, ""轩辕氏"": 4, ""阪泉"": 4, ""雨师"": 7, ""颛顼"": 57, ""风伯"": 2, ""鲧"": 30, ""黄帝"": 343}"
GCI-HOLD-0002,54,data/CASIA-LM_ChineseWebText2.0_partial-000054.parquet,127293211,afab28456ae8cc950d2b9270310537c6be156025ad47719ac4a750ae7788ac56,100000,1,1704,"{""九黎"": 4, ""共工"": 28, ""共工氏"": 3, ""后土"": 20, ""太昊"": 15, ""女娃"": 23, ""女娲"": 56, ""少昊"": 4, ""帝江"": 1, ""帝鸿"": 1, ""应龙"": 29, ""有熊氏"": 1, ""涿鹿"": 10, ""炎帝"": 63, ""神农"": 160, ""禹"": 694, ""精卫"": 45, ""蚩尤"": 33, ""赤帝"": 5, ""轩辕"": 195, ""轩辕氏"": 3, ""阪泉"": 2, ""雨师"": 6, ""颛顼"": 22, ""风伯"": 2, ""鲧"": 23, ""黄帝"": 256}"
GCI-HOLD-0002,55,data/CASIA-LM_ChineseWebText2.0_partial-000055.parquet,127294414,e9991fb3fd9b23b041f9207435c51096bbcc351eedaafad14bea2cf2cfd869ea,100000,1,2408,"{""九黎"": 10, ""共工"": 21, ""共工氏"": 1, ""后土"": 44, ""太昊"": 18, ""女娃"": 12, ""女娲"": 109, ""少昊"": 17, ""少皞"": 1, ""帝江"": 5, ""帝鸿"": 1, ""帝鸿氏"": 1, ""应龙"": 84, ""有熊氏"": 7, ""涿鹿"": 29, ""炎帝"": 78, ""神农"": 198, ""禹"": 883, ""精卫"": 29, ""蚩尤"": 82, ""赤帝"": 6, ""轩辕"": 259, ""轩辕氏"": 3, ""阪泉"": 6, ""雨师"": 15, ""颛顼"": 19, ""风伯"": 2, ""鲧"": 9, ""黄帝"": 459}"
GCI-HOLD-0002,56,data/CASIA-LM_ChineseWebText2.0_partial-000056.parquet,126622667,db22fb54534d2523f16616b6575d063740500cafb6dfea2d3e9a06ef923b84b3,100000,1,1971,"{""九黎"": 10, ""共工"": 34, ""共工氏"": 1, ""后土"": 27, ""太昊"": 44, ""太皞"": 1, ""女娃"": 20, ""女娲"": 71, ""少昊"": 9, ""帝江"": 6, ""应龙"": 22, ""有熊氏"": 4, ""涿鹿"": 9, ""炎帝"": 36, ""神农"": 174, ""禹"": 769, ""精卫"": 35, ""缙云氏"": 2, ""蚩尤"": 34, ""赤帝"": 9, ""轩辕"": 214, ""轩辕氏"": 3, ""阪泉"": 3, ""雨师"": 3, ""颛顼"": 32, ""风伯"": 8, ""鲧"": 18, ""黄帝"": 370, ""黄帝氏"": 3}"
GCI-HOLD-0002,57,data/CASIA-LM_ChineseWebText2.0_partial-000057.parquet,127028641,23908805344abc5921d094d7b9dd481803ca4c898ff3b3023ef42956b5daee10,100000,1,2039,"{""九黎"": 6, ""共工"": 38, ""后土"": 31, ""太昊"": 16, ""太皞"": 7, ""女娃"": 39, ""女娲"": 85, ""少昊"": 18, ""少皞"": 3, ""帝江"": 5, ""帝鸿"": 3, ""帝鸿氏"": 2, ""应龙"": 17, ""有熊氏"": 1, ""榆罔"": 1, ""涿鹿"": 32, ""炎帝"": 78, ""神农"": 222, ""禹"": 672, ""精卫"": 27, ""缙云氏"": 2, ""蚩尤"": 55, ""赤帝"": 9, ""轩辕"": 182, ""轩辕氏"": 4, ""阪泉"": 6, ""颛顼"": 25, ""风伯"": 9, ""鲧"": 28, ""黄帝"": 416}"
GCI-HOLD-0002,58,data/CASIA-LM_ChineseWebText2.0_partial-000058.parquet,127434092,10d0ae3856833f003d63420d8771e9920b4fe71bcd600d1e6d744fb3a46aa449,100000,1,2345,"{""九黎"": 14, ""共工"": 44, ""共工氏"": 2, ""后土"": 29, ""太昊"": 10, ""太皞"": 3, ""女娃"": 20, ""女娲"": 57, ""少昊"": 69, ""少皞"": 6, ""帝江"": 1, ""应龙"": 40, ""有熊氏"": 2, ""涿鹿"": 22, ""炎帝"": 77, ""神农"": 153, ""禹"": 929, ""精卫"": 38, ""蚩尤"": 78, ""赤帝"": 6, ""轩辕"": 251, ""轩辕氏"": 2, ""阪泉"": 1, ""雨师"": 7, ""颛顼"": 43, ""风伯"": 4, ""鲧"": 12, ""黄帝"": 425}"
GCI-HOLD-0002,59,data/CASIA-LM_ChineseWebText2.0_partial-000059.parquet,127194569,75491fb93a5eb2b262a28cd4ba88cd2c1a285fd385184a57ef713873630e72e6,100000,1,1878,"{""九黎"": 6, ""共工"": 37, ""共工氏"": 6, ""后土"": 66, ""太昊"": 4, ""太皞"": 1, ""女娃"": 16, ""女娲"": 87, ""少昊"": 3, ""少皞"": 1, ""应龙"": 17, ""有熊氏"": 1, ""涿鹿"": 21, ""炎帝"": 48, ""神农"": 172, ""禹"": 702, ""精卫"": 15, ""缙云氏"": 1, ""蚩尤"": 46, ""赤帝"": 10, ""轩辕"": 187, ""轩辕氏"": 9, ""阪泉"": 7, ""雨师"": 25, ""颛顼"": 12, ""风伯"": 9, ""鲧"": 17, ""黄帝"": 352}"
GCI-HOLD-0002,60,data/CASIA-LM_ChineseWebText2.0_partial-000060.parquet,126873295,3eb3b33770d7d5f398028ed36958947d84df9623aa4ce1179fc25eec91489c92,100000,1,2280,"{""九黎"": 9, ""共工"": 25, ""共工氏"": 2, ""后土"": 45, ""太昊"": 18, ""太皞"": 5, ""女娃"": 13, ""女娲"": 150, ""少昊"": 21, ""少皞"": 2, ""帝江"": 3, ""帝鸿"": 3, ""应龙"": 25, ""有熊氏"": 1, ""榆罔"": 1, ""涿鹿"": 13, ""炎帝"": 111, ""神农"": 260, ""禹"": 801, ""精卫"": 49, ""蚩尤"": 54, ""赤帝"": 6, ""轩辕"": 235, ""轩辕氏"": 1, ""雨师"": 4, ""颛顼"": 41, ""风伯"": 1, ""鲧"": 24, ""黄帝"": 357}"
GCI-HOLD-0002,61,data/CASIA-LM_ChineseWebText2.0_partial-000061.parquet,126412989,7efd0cceb63e0c51b4afb6fff993af6c8dd86d1dd2863ef8890cb3d0be80006b,100000,1,2323,"{""九黎"": 14, ""共工"": 22, ""共工氏"": 3, ""句龙"": 1, ""后土"": 36, ""太昊"": 7, ""太皞"": 3, ""女娃"": 16, ""女娲"": 77, ""少昊"": 15, ""帝江"": 2, ""应龙"": 53, ""有熊氏"": 2, ""涿鹿"": 9, ""炎帝"": 46, ""神农"": 186, ""禹"": 989, ""精卫"": 26, ""缙云氏"": 1, ""蚩尤"": 60, ""赤帝"": 2, ""轩辕"": 293, ""轩辕氏"": 10, ""阪泉"": 2, ""雨师"": 7, ""颛顼"": 24, ""风伯"": 3, ""鲧"": 10, ""黄帝"": 404}"
GCI-HOLD-0002,62,data/CASIA-LM_ChineseWebText2.0_partial-000062.parquet,127445586,33fdbbb78677f47b69ed726afb5494de4505e2e7507d590260b0fe46fc69ff4b,100000,1,2039,"{""九黎"": 4, ""共工"": 30, ""共工氏"": 5, ""句龙"": 3, ""后土"": 31, ""太昊"": 7, ""女娃"": 39, ""女娲"": 81, ""少昊"": 31, ""帝江"": 1, ""应龙"": 49, ""涿鹿"": 35, ""炎帝"": 58, ""神农"": 136, ""禹"": 734, ""精卫"": 101, ""蚩尤"": 39, ""赤帝"": 3, ""轩辕"": 330, ""轩辕氏"": 13, ""阪泉"": 2, ""雨师"": 6, ""颛顼"": 16, ""风伯"": 3, ""鲧"": 12, ""黄帝"": 269, ""黄帝氏"": 1}"
GCI-HOLD-0002,63,data/CASIA-LM_ChineseWebText2.0_partial-000063.parquet,126620963,64d6762b416f875a23e0e31fd0bdc81884352ebb0871ad9b09f8c71042ff2b52,100000,1,2053,"{""九黎"": 1, ""共工"": 59, ""共工氏"": 16, ""后土"": 21, ""太昊"": 10, ""女娃"": 17, ""女娲"": 85, ""少昊"": 5, ""应龙"": 21, ""涿鹿"": 26, ""炎帝"": 58, ""神农"": 204, ""禹"": 795, ""精卫"": 34, ""蚩尤"": 42, ""赤帝"": 2, ""轩辕"": 224, ""轩辕氏"": 4, ""阪泉"": 2, ""雨师"": 2, ""颛顼"": 16, ""风伯"": 2, ""鲧"": 46, ""黄帝"": 361}"
GCI-HOLD-0002,64,data/CASIA-LM_ChineseWebText2.0_partial-000064.parquet,126789100,cb9648f4d0043d8ca197eac1ccae772f8c12cf5aa8812628f0ff9598aa1c9423,100000,1,2204,"{""九黎"": 9, ""共工"": 37, ""共工氏"": 3, ""句龙"": 2, ""后土"": 32, ""太昊"": 24, ""女娃"": 16, ""女娲"": 104, ""少昊"": 76, ""少皞"": 2, ""帝江"": 3, ""帝鸿"": 3, ""应龙"": 27, ""有熊氏"": 1, ""涿鹿"": 15, ""炎帝"": 46, ""神农"": 225, ""禹"": 703, ""精卫"": 53, ""蚩尤"": 50, ""赤帝"": 2, ""轩辕"": 352, ""轩辕氏"": 4, ""阪泉"": 1, ""雨师"": 2, ""颛顼"": 57, ""风伯"": 11, ""鲧"": 11, ""黄帝"": 332, ""黄帝氏"": 1}"
GCI-HOLD-0002,65,data/CASIA-LM_ChineseWebText2.0_partial-000065.parquet,126602689,fce0c3fdfd2b43f26bb77951a4792ca2ff84b7085a33b5e94d336de8cfa410f9,100000,1,2355,"{""九黎"": 11, ""共工"": 31, ""后土"": 15, ""太昊"": 9, ""太皞"": 3, ""女娃"": 21, ""女娲"": 115, ""少昊"": 6, ""少皞"": 1, ""帝江"": 2, ""帝鸿"": 1, ""应龙"": 28, ""有熊氏"": 2, ""涿鹿"": 43, ""炎帝"": 69, ""神农"": 208, ""禹"": 824, ""精卫"": 50, ""蚩尤"": 145, ""赤帝"": 5, ""轩辕"": 244, ""轩辕氏"": 9, ""阪泉"": 3, ""雨师"": 11, ""颛顼"": 35, ""风伯"": 14, ""鲧"": 20, ""黄帝"": 430}"
GCI-HOLD-0002,66,data/CASIA-LM_ChineseWebText2.0_partial-000066.parquet,127197552,d8c9f36650b1db0cea0c97dbcfc6165e48f1703a5aac6fb1b9d054c29e0f0443,100000,1,1729,"{""九黎"": 4, ""共工"": 25, ""共工氏"": 6, ""句龙"": 3, ""后土"": 20, ""太昊"": 14, ""太皞"": 1, ""女娃"": 12, ""女娲"": 80, ""少昊"": 14, ""少皞"": 1, ""应龙"": 23, ""有熊氏"": 4, ""榆罔"": 2, ""涿鹿"": 27, ""炎帝"": 72, ""神农"": 136, ""禹"": 620, ""精卫"": 62, ""缙云氏"": 1, ""蚩尤"": 46, ""赤帝"": 8, ""轩辕"": 178, ""轩辕氏"": 1, ""雨师"": 2, ""颛顼"": 17, ""风伯"": 4, ""鲧"": 8, ""黄帝"": 336, ""黄帝氏"": 2}"
GCI-HOLD-0002,67,data/CASIA-LM_ChineseWebText2.0_partial-000067.parquet,125937226,37aa493a94c3a63b814970d234d302d80701dbf28ff238dbddae929e98833dea,100000,1,2068,"{""九黎"": 14, ""共工"": 55, ""共工氏"": 3, ""句龙"": 1, ""后土"": 25, ""太昊"": 1, ""女娃"": 15, ""女娲"": 68, ""少昊"": 31, ""少皞"": 8, ""帝江"": 2, ""应龙"": 53, ""有熊氏"": 1, ""涿鹿"": 18, ""炎帝"": 46, ""神农"": 177, ""禹"": 785, ""精卫"": 36, ""缙云氏"": 1, ""蚩尤"": 36, ""赤帝"": 5, ""轩辕"": 286, ""轩辕氏"": 4, ""阪泉"": 4, ""雨师"": 2, ""颛顼"": 43, ""风伯"": 1, ""鲧"": 24, ""黄帝"": 322, ""黄帝氏"": 1}"
GCI-HOLD-0002,68,data/CASIA-LM_ChineseWebText2.0_partial-000068.parquet,127172044,f5e16206861f20c8b3ee46d81140b0dc64f1e3a2bc8d59210592d66d1c6586c7,100000,1,2077,"{""九黎"": 7, ""共工"": 32, ""共工氏"": 2, ""句龙"": 1, ""后土"": 39, ""太昊"": 28, ""太皞"": 1, ""女娃"": 18, ""女娲"": 71, ""少昊"": 10, ""帝江"": 5, ""应龙"": 55, ""涿鹿"": 15, ""炎帝"": 76, ""神农"": 256, ""禹"": 716, ""精卫"": 39, ""缙云氏"": 4, ""蚩尤"": 105, ""赤帝"": 2, ""轩辕"": 177, ""轩辕氏"": 1, ""阪泉"": 2, ""雨师"": 4, ""颛顼"": 19, ""风伯"": 3, ""鲧"": 27, ""黄帝"": 362}"
GCI-HOLD-0002,69,data/CASIA-LM_ChineseWebText2.0_partial-000069.parquet,126371167,edf8961061c395b325da5e4c676f60548c82d97856a928b3dba92b75efcd8849,100000,1,2206,"{""九黎"": 45, ""共工"": 28, ""共工氏"": 2, ""后土"": 26, ""太昊"": 10, ""太皞"": 1, ""女娃"": 17, ""女娲"": 86, ""少昊"": 43, ""少皞"": 5, ""帝江"": 3, ""帝鸿"": 4, ""帝鸿氏"": 3, ""应龙"": 17, ""有熊氏"": 2, ""涿鹿"": 21, ""炎帝"": 53, ""神农"": 231, ""禹"": 812, ""精卫"": 40, ""缙云氏"": 13, ""蚩尤"": 98, ""赤帝"": 9, ""轩辕"": 198, ""轩辕氏"": 3, ""阪泉"": 2, ""颛顼"": 33, ""风伯"": 2, ""鲧"": 25, ""黄帝"": 374}"
GCI-HOLD-0002,70,data/CASIA-LM_ChineseWebText2.0_partial-000070.parquet,127170452,5600b997da886771053631a1ce7629e1502941b6826e6682bdf97b55af4ccd2d,100000,1,2136,"{""九黎"": 16, ""共工"": 45, ""共工氏"": 3, ""句龙"": 2, ""后土"": 21, ""太昊"": 11, ""女娃"": 12, ""女娲"": 91, ""少昊"": 25, ""帝江"": 1, ""帝鸿"": 2, ""应龙"": 20, ""有熊氏"": 2, ""涿鹿"": 26, ""炎帝"": 74, ""神农"": 222, ""禹"": 685, ""精卫"": 32, ""蚩尤"": 118, ""赤帝"": 4, ""轩辕"": 260, ""轩辕氏"": 13, ""阪泉"": 3, ""雨师"": 3, ""颛顼"": 28, ""风伯"": 3, ""鲧"": 15, ""黄帝"": 397, ""黄帝氏"": 2}"
GCI-HOLD-0002,71,data/CASIA-LM_ChineseWebText2.0_partial-000071.parquet,127134840,f36749d1c7195e985d4cad5e9412d2a15a480a5629d5e6b672ab64f360e00428,100000,1,1753,"{""九黎"": 11, ""共工"": 56, ""共工氏"": 8, ""句龙"": 2, ""后土"": 20, ""太昊"": 8, ""女娃"": 9, ""女娲"": 102, ""少昊"": 8, ""少皞"": 2, ""帝江"": 1, ""帝鸿"": 1, ""帝鸿氏"": 1, ""应龙"": 28, ""有熊氏"": 1, ""榆罔"": 1, ""涿鹿"": 25, ""炎帝"": 40, ""神农"": 155, ""禹"": 668, ""精卫"": 26, ""蚩尤"": 44, ""赤帝"": 4, ""轩辕"": 164, ""轩辕氏"": 4, ""雨师"": 4, ""颛顼"": 36, ""风伯"": 7, ""鲧"": 24, ""黄帝"": 293}"
GCI-HOLD-0002,72,data/CASIA-LM_ChineseWebText2.0_partial-000072.parquet,127227517,da7258b56a46cc39f33ee8be15febc428fc98c901c4b410b4fe564305948f416,100000,1,2092,"{""九黎"": 13, ""共工"": 38, ""共工氏"": 5, ""句龙"": 2, ""后土"": 38, ""太昊"": 9, ""女娃"": 26, ""女娲"": 83, ""少昊"": 25, ""帝江"": 7, ""应龙"": 30, ""有熊氏"": 1, ""榆罔"": 2, ""涿鹿"": 21, ""炎帝"": 102, ""神农"": 283, ""禹"": 709, ""精卫"": 42, ""缙云氏"": 1, ""蚩尤"": 58, ""赤帝"": 9, ""轩辕"": 168, ""轩辕氏"": 1, ""阪泉"": 4, ""雨师"": 12, ""颛顼"": 41, ""风伯"": 4, ""鲧"": 21, ""黄帝"": 337}"
GCI-HOLD-0002,73,data/CASIA-LM_ChineseWebText2.0_partial-000073.parquet,126971057,8ee814b91c6cc05ab5cd6a6350825f3d4b28f2843bd74fe0bc372f61d309f263,100000,1,2265,"{""九黎"": 14, ""共工"": 23, ""句龙"": 1, ""后土"": 12, ""太昊"": 24, ""太皞"": 1, ""女娃"": 12, ""女娲"": 98, ""少昊"": 40, ""应龙"": 16, ""有熊氏"": 2, ""榆罔"": 1, ""涿鹿"": 47, ""炎帝"": 63, ""神农"": 163, ""禹"": 784, ""精卫"": 30, ""蚩尤"": 83, ""赤帝"": 5, ""轩辕"": 275, ""轩辕氏"": 10, ""阪泉"": 4, ""雨师"": 6, ""颛顼"": 28, ""风伯"": 3, ""鲧"": 88, ""黄帝"": 432}"
GCI-HOLD-0002,74,data/CASIA-LM_ChineseWebText2.0_partial-000074.parquet,126569877,e0bce6fde176883acc04d8d158afe558bc415c7995b178453f389fdfd41eb68d,100000,1,2310,"{""九黎"": 38, ""共工"": 36, ""共工氏"": 3, ""后土"": 15, ""太昊"": 3, ""太皞"": 1, ""女娃"": 15, ""女娲"": 50, ""少昊"": 6, ""少皞"": 1, ""帝鸿"": 7, ""帝鸿氏"": 4, ""应龙"": 35, ""有熊氏"": 1, ""榆罔"": 6, ""涿鹿"": 40, ""炎帝"": 66, ""神农"": 229, ""禹"": 766, ""精卫"": 47, ""缙云氏"": 1, ""蚩尤"": 69, ""赤帝"": 3, ""轩辕"": 396, ""轩辕氏"": 4, ""阪泉"": 1, ""雨师"": 9, ""颛顼"": 36, ""风伯"": 8, ""鲧"": 106, ""黄帝"": 308}"
GCI-HOLD-0002,75,data/CASIA-LM_ChineseWebText2.0_partial-000075.parquet,126982901,c6cd550177b3f7c6dd4a6bd3c76f99f532546eecef79b7292f015b7667ce25e2,100000,1,2244,"{""九黎"": 30, ""共工"": 26, ""共工氏"": 4, ""句龙"": 1, ""后土"": 43, ""太昊"": 12, ""太皞"": 1, ""女娃"": 28, ""女娲"": 115, ""少昊"": 8, ""少皞"": 1, ""帝江"": 7, ""帝鸿"": 2, ""帝鸿氏"": 2, ""应龙"": 37, ""有熊氏"": 2, ""榆罔"": 2, ""涿鹿"": 53, ""炎帝"": 101, ""神农"": 211, ""禹"": 870, ""精卫"": 51, ""蚩尤"": 78, ""赤帝"": 10, ""轩辕"": 207, ""轩辕氏"": 3, ""阪泉"": 1, ""颛顼"": 27, ""风伯"": 2, ""鲧"": 4, ""黄帝"": 305}"
GCI-HOLD-0002,76,data/CASIA-LM_ChineseWebText2.0_partial-000076.parquet,127881740,229b9b032e8c8e1f3e3b42d9803c6487d062e53236e5627f7734a88faa0e34ac,100000,1,2069,"{""九黎"": 32, ""共工"": 26, ""共工氏"": 2, ""后土"": 23, ""太昊"": 2, ""女娃"": 13, ""女娲"": 61, ""少昊"": 5, ""帝江"": 3, ""帝鸿"": 2, ""应龙"": 108, ""涿鹿"": 27, ""炎帝"": 40, ""神农"": 209, ""禹"": 825, ""精卫"": 18, ""蚩尤"": 77, ""赤帝"": 6, ""轩辕"": 195, ""轩辕氏"": 2, ""阪泉"": 9, ""雨师"": 10, ""颛顼"": 27, ""风伯"": 14, ""鲧"": 24, ""黄帝"": 307, ""黄帝氏"": 2}"
GCI-HOLD-0002,77,data/CASIA-LM_ChineseWebText2.0_partial-000077.parquet,126414141,d50c0e3a3b24afbed48483be119f61af7fe2c8f7af64d05a5cea041c9bc2ba36,100000,1,1843,"{""九黎"": 13, ""共工"": 31, ""共工氏"": 1, ""后土"": 54, ""太昊"": 6, ""女娃"": 10, ""女娲"": 93, ""少昊"": 14, ""少皞"": 1, ""帝江"": 8, ""帝鸿"": 1, ""帝鸿氏"": 1, ""应龙"": 18, ""涿鹿"": 14, ""炎帝"": 28, ""神农"": 173, ""禹"": 681, ""精卫"": 23, ""缙云氏"": 1, ""蚩尤"": 30, ""赤帝"": 5, ""轩辕"": 267, ""轩辕氏"": 5, ""雨师"": 20, ""颛顼"": 33, ""风伯"": 3, ""鲧"": 13, ""黄帝"": 295, ""黄帝氏"": 1}"
GCI-HOLD-0002,78,data/CASIA-LM_ChineseWebText2.0_partial-000078.parquet,126861449,9e3d2651cdf869fb0147cfb9ab6ec1b0f2b0b9d27e1c918b727d11594dfc8680,100000,1,2008,"{""九黎"": 8, ""共工"": 50, ""共工氏"": 2, ""后土"": 22, ""太昊"": 8, ""女娃"": 24, ""女娲"": 61, ""少昊"": 10, ""少皞"": 1, ""帝江"": 3, ""帝鸿"": 1, ""应龙"": 43, ""有熊氏"": 2, ""涿鹿"": 84, ""炎帝"": 38, ""神农"": 122, ""禹"": 778, ""精卫"": 22, ""蚩尤"": 56, ""赤帝"": 12, ""轩辕"": 228, ""轩辕氏"": 2, ""阪泉"": 1, ""雨师"": 6, ""颛顼"": 27, ""风伯"": 19, ""鲧"": 7, ""黄帝"": 370, ""黄帝氏"": 1}"
GCI-HOLD-0002,79,data/CASIA-LM_ChineseWebText2.0_partial-000079.parquet,126866029,445ad22dcc4e49da39e237cb3fec79dc35542c571211986ad49625b088f339af,100000,1,1792,"{""九黎"": 28, ""共工"": 20, ""后土"": 16, ""太昊"": 10, ""太皞"": 3, ""女娃"": 23, ""女娲"": 61, ""少昊"": 36, ""帝江"": 2, ""应龙"": 16, ""有熊氏"": 1, ""涿鹿"": 12, ""炎帝"": 85, ""神农"": 254, ""禹"": 493, ""精卫"": 27, ""蚩尤"": 74, ""赤帝"": 10, ""轩辕"": 242, ""轩辕氏"": 2, ""阪泉"": 5, ""雨师"": 11, ""颛顼"": 43, ""风伯"": 7, ""鲧"": 1, ""黄帝"": 310}"
GCI-HOLD-0002,80,data/CASIA-LM_ChineseWebText2.0_partial-000080.parquet,126509494,fdc68a58f4b6c70d643febc2f0d04ade0c326ef000cde10352c977fbb261ec82,100000,1,2230,"{""九黎"": 6, ""共工"": 31, ""共工氏"": 4, ""句龙"": 4, ""后土"": 32, ""太昊"": 12, ""女娃"": 15, ""女娲"": 102, ""少昊"": 6, ""少皞"": 2, ""帝江"": 2, ""应龙"": 79, ""有熊氏"": 1, ""涿鹿"": 27, ""炎帝"": 26, ""神农"": 160, ""禹"": 752, ""精卫"": 23, ""蚩尤"": 90, ""赤帝"": 3, ""轩辕"": 402, ""轩辕氏"": 5, ""阪泉"": 4, ""雨师"": 7, ""颛顼"": 25, ""风伯"": 1, ""鲧"": 14, ""黄帝"": 395}"
GCI-HOLD-0002,81,data/CASIA-LM_ChineseWebText2.0_partial-000081.parquet,126828437,c670d8581fe82ee07f1a2c6ab07e8e49ad5b9c33325db4ad1598531967a92ef5,100000,1,2063,"{""九黎"": 28, ""共工"": 29, ""后土"": 29, ""太昊"": 5, ""女娃"": 21, ""女娲"": 45, ""少昊"": 11, ""帝鸿"": 1, ""应龙"": 38, ""涿鹿"": 25, ""炎帝"": 56, ""神农"": 243, ""禹"": 616, ""精卫"": 18, ""蚩尤"": 112, ""赤帝"": 2, ""轩辕"": 302, ""轩辕氏"": 13, ""阪泉"": 4, ""雨师"": 8, ""颛顼"": 11, ""风伯"": 2, ""鲧"": 34, ""黄帝"": 409, ""黄帝氏"": 1}"
GCI-HOLD-0002,82,data/CASIA-LM_ChineseWebText2.0_partial-000082.parquet,127544323,9fa6a416762fd0705269bff528fc727d1138e37bdd8b6c517aea2ec14b74040d,100000,1,1694,"{""九黎"": 8, ""共工"": 29, ""后土"": 27, ""太昊"": 4, ""女娃"": 10, ""女娲"": 50, ""少昊"": 9, ""帝江"": 2, ""帝鸿"": 1, ""应龙"": 21, ""有熊氏"": 2, ""榆罔"": 1, ""涿鹿"": 34, ""炎帝"": 18, ""神农"": 126, ""禹"": 574, ""精卫"": 48, ""蚩尤"": 45, ""赤帝"": 6, ""轩辕"": 362, ""轩辕氏"": 5, ""雨师"": 1, ""颛顼"": 7, ""风伯"": 1, ""鲧"": 6, ""黄帝"": 297}"
GCI-HOLD-0002,83,data/CASIA-LM_ChineseWebText2.0_partial-000083.parquet,126788160,4c0c8ce3d207d6190cf3ddf886020aa5c0d4afae13d813e88608000a3e1b394b,100000,1,2194,"{""九黎"": 4, ""共工"": 43, ""共工氏"": 2, ""后土"": 27, ""太昊"": 33, ""太皞"": 4, ""女娃"": 17, ""女娲"": 83, ""少昊"": 17, ""少皞"": 3, ""帝江"": 4, ""应龙"": 35, ""有熊氏"": 2, ""涿鹿"": 49, ""炎帝"": 88, ""神农"": 240, ""禹"": 691, ""精卫"": 25, ""蚩尤"": 56, ""赤帝"": 2, ""轩辕"": 288, ""轩辕氏"": 8, ""阪泉"": 7, ""雨师"": 5, ""颛顼"": 38, ""鲧"": 16, ""黄帝"": 404, ""黄帝氏"": 3}"
GCI-HOLD-0002,84,data/CASIA-LM_ChineseWebText2.0_partial-000084.parquet,127253858,07c435b0443392b1209878de0f4c6147e7464483f4e12a2ea4275cab08edfec4,100000,1,2009,"{""九黎"": 27, ""共工"": 38, ""共工氏"": 3, ""句龙"": 1, ""后土"": 43, ""太昊"": 7, ""女娃"": 23, ""女娲"": 115, ""少昊"": 10, ""少皞"": 2, ""帝江"": 4, ""帝鸿"": 3, ""帝鸿氏"": 3, ""应龙"": 28, ""有熊氏"": 2, ""涿鹿"": 1, ""炎帝"": 88, ""神农"": 177, ""禹"": 680, ""精卫"": 39, ""缙云氏"": 1, ""蚩尤"": 41, ""轩辕"": 309, ""雨师"": 7, ""颛顼"": 49, ""风伯"": 1, ""鲧"": 7, ""黄帝"": 300}"
GCI-HOLD-0002,85,data/CASIA-LM_ChineseWebText2.0_partial-000085.parquet,126864631,a51dbd85809254bf39af60b414a9ace97ece5b8ac03daad697aff0ddc3ac2a27,100000,1,2795,"{""九黎"": 18, ""共工"": 58, ""共工氏"": 5, ""句龙"": 3, ""后土"": 20, ""太昊"": 14, ""女娃"": 21, ""女娲"": 91, ""少昊"": 15, ""少皞"": 6, ""应龙"": 36, ""有熊氏"": 26, ""榆罔"": 4, ""涿鹿"": 44, ""炎帝"": 158, ""神农"": 216, ""禹"": 777, ""精卫"": 40, ""蚩尤"": 129, ""赤帝"": 11, ""轩辕"": 345, ""轩辕氏"": 14, ""阪泉"": 4, ""雨师"": 20, ""颛顼"": 38, ""风伯"": 15, ""鲧"": 18, ""黄帝"": 647, ""黄帝氏"": 2}"
GCI-HOLD-0002,86,data/CASIA-LM_ChineseWebText2.0_partial-000086.parquet,127185897,64d50ebced0be241269ceea6fe5bc926de6d85ec0f49e01f4223c60782c58717,100000,1,2131,"{""九黎"": 10, ""共工"": 67, ""共工氏"": 11, ""句龙"": 1, ""后土"": 79, ""太昊"": 9, ""太皞"": 3, ""女娃"": 24, ""女娲"": 127, ""少昊"": 23, ""少皞"": 1, ""帝江"": 2, ""帝鸿"": 1, ""帝鸿氏"": 1, ""应龙"": 26, ""有熊氏"": 2, ""榆罔"": 1, ""涿鹿"": 18, ""炎帝"": 64, ""神农"": 231, ""禹"": 679, ""精卫"": 24, ""蚩尤"": 43, ""赤帝"": 7, ""轩辕"": 258, ""轩辕氏"": 6, ""阪泉"": 1, ""雨师"": 5, ""颛顼"": 49, ""风伯"": 9, ""鲧"": 22, ""黄帝"": 327}"
GCI-HOLD-0002,87,data/CASIA-LM_ChineseWebText2.0_partial-000087.parquet,127483937,1c6a681554092f14520d392265c06d26504d79ba06405489fa1eb4426dbf2d2f,100000,1,1910,"{""九黎"": 21, ""共工"": 24, ""共工氏"": 4, ""句龙"": 2, ""后土"": 21, ""太昊"": 14, ""女娃"": 11, ""女娲"": 77, ""少昊"": 9, ""少皞"": 1, ""帝江"": 2, ""应龙"": 23, ""有熊氏"": 5, ""涿鹿"": 21, ""炎帝"": 77, ""神农"": 202, ""禹"": 650, ""精卫"": 22, ""蚩尤"": 48, ""赤帝"": 10, ""轩辕"": 179, ""轩辕氏"": 5, ""阪泉"": 2, ""雨师"": 10, ""颛顼"": 23, ""风伯"": 6, ""鲧"": 4, ""黄帝"": 437}"
GCI-HOLD-0002,88,data/CASIA-LM_ChineseWebText2.0_partial-000088.parquet,127125496,871303c545e58c0cddd8701c6618fc5637cf08f3e5c4906f1f1ee1331b711276,100000,1,1974,"{""九黎"": 13, ""共工"": 59, ""共工氏"": 1, ""后土"": 38, ""太昊"": 6, ""女娃"": 7, ""女娲"": 91, ""少昊"": 69, ""帝江"": 1, ""帝鸿"": 1, ""帝鸿氏"": 1, ""应龙"": 33, ""有熊氏"": 4, ""涿鹿"": 53, ""炎帝"": 34, ""神农"": 160, ""禹"": 615, ""精卫"": 37, ""蚩尤"": 50, ""赤帝"": 1, ""轩辕"": 185, ""轩辕氏"": 7, ""阪泉"": 6, ""雨师"": 3, ""颛顼"": 23, ""风伯"": 1, ""鲧"": 35, ""黄帝"": 440}"
GCI-HOLD-0002,89,data/CASIA-LM_ChineseWebText2.0_partial-000089.parquet,126837733,7502a5090f9d4c3da7bec45f9d3ee1271dd518223562ab9382d0e0fefe7bfe24,100000,1,2068,"{""九黎"": 10, ""共工"": 31, ""后土"": 19, ""太昊"": 10, ""女娃"": 18, ""女娲"": 69, ""少昊"": 13, ""少皞"": 2, ""应龙"": 16, ""有熊氏"": 1, ""涿鹿"": 12, ""炎帝"": 63, ""神农"": 218, ""禹"": 776, ""精卫"": 62, ""蚩尤"": 61, ""赤帝"": 1, ""轩辕"": 267, ""轩辕氏"": 2, ""阪泉"": 4, ""雨师"": 1, ""颛顼"": 39, ""风伯"": 2, ""鲧"": 14, ""黄帝"": 357}"
GCI-HOLD-0002,90,data/CASIA-LM_ChineseWebText2.0_partial-000090.parquet,127147464,a6c01fe3abb82abe88e4416da2724650b614f150d7a61f094f01379ad2bf0473,100000,1,2515,"{""九黎"": 16, ""共工"": 30, ""共工氏"": 4, ""后土"": 16, ""太昊"": 17, ""太皞"": 1, ""女娃"": 25, ""女娲"": 100, ""少昊"": 7, ""少皞"": 2, ""帝江"": 6, ""帝鸿"": 3, ""帝鸿氏"": 2, ""应龙"": 35, ""涿鹿"": 34, ""炎帝"": 112, ""神农"": 178, ""禹"": 942, ""精卫"": 40, ""蚩尤"": 90, ""赤帝"": 6, ""轩辕"": 284, ""轩辕氏"": 5, ""阪泉"": 46, ""雨师"": 32, ""颛顼"": 24, ""风伯"": 10, ""鲧"": 15, ""黄帝"": 433}"
GCI-HOLD-0002,91,data/CASIA-LM_ChineseWebText2.0_partial-000091.parquet,126713216,9e5b826520810fa8d49a93c54fba3f67247713b8ac6fe89642cce471c17db3d0,100000,1,2346,"{""九黎"": 10, ""共工"": 33, ""共工氏"": 2, ""后土"": 31, ""太昊"": 4, ""太皞"": 2, ""女娃"": 9, ""女娲"": 82, ""少昊"": 15, ""少皞"": 3, ""帝江"": 2, ""帝鸿"": 3, ""帝鸿氏"": 3, ""应龙"": 38, ""有熊氏"": 5, ""榆罔"": 8, ""涿鹿"": 46, ""炎帝"": 143, ""神农"": 309, ""禹"": 789, ""精卫"": 29, ""缙云氏"": 2, ""蚩尤"": 89, ""赤帝"": 3, ""轩辕"": 224, ""轩辕氏"": 12, ""阪泉"": 14, ""雨师"": 7, ""颛顼"": 41, ""风伯"": 18, ""鲧"": 12, ""黄帝"": 358}"
GCI-HOLD-0002,92,data/CASIA-LM_ChineseWebText2.0_partial-000092.parquet,126825470,e7229cd75cf7ce351444a0a71470c1c297340bb07795965315cf926a2a54af1f,100000,1,1953,"{""九黎"": 4, ""共工"": 18, ""后土"": 18, ""太昊"": 16, ""女娃"": 16, ""女娲"": 100, ""少昊"": 9, ""少皞"": 2, ""帝江"": 1, ""应龙"": 62, ""有熊氏"": 1, ""榆罔"": 1, ""涿鹿"": 12, ""炎帝"": 95, ""神农"": 212, ""禹"": 780, ""精卫"": 20, ""蚩尤"": 19, ""赤帝"": 3, ""轩辕"": 175, ""轩辕氏"": 4, ""阪泉"": 1, ""雨师"": 13, ""颛顼"": 37, ""风伯"": 1, ""鲧"": 5, ""黄帝"": 328}"
GCI-HOLD-0002,93,data/CASIA-LM_ChineseWebText2.0_partial-000093.parquet,127223256,d8b42d4453466a8b52c4273ddd016aefb3636cf44b255990e0f85681b72022e7,100000,1,1827,"{""九黎"": 4, ""共工"": 35, ""后土"": 24, ""太昊"": 8, ""女娃"": 2, ""女娲"": 84, ""少昊"": 8, ""少皞"": 2, ""帝江"": 4, ""帝鸿"": 1, ""应龙"": 60, ""有熊氏"": 2, ""涿鹿"": 20, ""炎帝"": 15, ""神农"": 137, ""禹"": 744, ""精卫"": 19, ""缙云氏"": 2, ""蚩尤"": 45, ""赤帝"": 1, ""轩辕"": 178, ""轩辕氏"": 2, ""阪泉"": 1, ""雨师"": 8, ""颛顼"": 15, ""风伯"": 7, ""鲧"": 21, ""黄帝"": 376, ""黄帝氏"": 2}"
GCI-HOLD-0002,94,data/CASIA-LM_ChineseWebText2.0_partial-000094.parquet,127498637,94907a3ea603e82e78b0c96ea5044cd6a3edcc33dcd451fead151c2784688823,100000,1,2069,"{""九黎"": 5, ""共工"": 40, ""共工氏"": 2, ""后土"": 42, ""太昊"": 22, ""太皞"": 1, ""女娃"": 10, ""女娲"": 68, ""少昊"": 3, ""少皞"": 1, ""帝江"": 11, ""帝鸿"": 5, ""帝鸿氏"": 2, ""应龙"": 10, ""有熊氏"": 3, ""榆罔"": 1, ""涿鹿"": 29, ""炎帝"": 66, ""神农"": 195, ""禹"": 748, ""精卫"": 32, ""缙云氏"": 7, ""蚩尤"": 88, ""赤帝"": 10, ""轩辕"": 214, ""轩辕氏"": 4, ""阪泉"": 6, ""雨师"": 1, ""颛顼"": 23, ""鲧"": 15, ""黄帝"": 404, ""黄帝氏"": 1}"
GCI-HOLD-0002,95,data/CASIA-LM_ChineseWebText2.0_partial-000095.parquet,126334807,a08cbb9f071ded4b92930758bbaf155cef7936dd67e8c1e3811e95927fd30f24,100000,1,1980,"{""九黎"": 10, ""共工"": 36, ""后土"": 24, ""太昊"": 7, ""女娃"": 21, ""女娲"": 219, ""少昊"": 24, ""应龙"": 46, ""有熊氏"": 5, ""涿鹿"": 10, ""炎帝"": 83, ""神农"": 141, ""禹"": 713, ""精卫"": 76, ""蚩尤"": 28, ""赤帝"": 5, ""轩辕"": 176, ""轩辕氏"": 1, ""阪泉"": 1, ""雨师"": 5, ""颛顼"": 18, ""风伯"": 4, ""鲧"": 9, ""黄帝"": 315, ""黄帝氏"": 3}"
GCI-HOLD-0002,96,data/CASIA-LM_ChineseWebText2.0_partial-000096.parquet,127131285,6fcb9beb0c5f581a3e7a36db19620181a73834ed1e79cc088c86b325c7fa8372,100000,1,2159,"{""九黎"": 2, ""共工"": 51, ""共工氏"": 5, ""句龙"": 1, ""后土"": 24, ""太昊"": 16, ""女娃"": 14, ""女娲"": 117, ""少昊"": 29, ""少皞"": 2, ""帝江"": 3, ""应龙"": 23, ""有熊氏"": 3, ""榆罔"": 2, ""涿鹿"": 12, ""炎帝"": 87, ""神农"": 222, ""禹"": 826, ""精卫"": 44, ""蚩尤"": 36, ""赤帝"": 4, ""轩辕"": 228, ""轩辕氏"": 2, ""阪泉"": 1, ""雨师"": 11, ""颛顼"": 28, ""风伯"": 1, ""鲧"": 17, ""黄帝"": 348}"
GCI-HOLD-0002,97,data/CASIA-LM_ChineseWebText2.0_partial-000097.parquet,127540158,eb67432ce6581f15b319bb1f837d346b5a8d134660302fb9b196a63b51792247,100000,1,1917,"{""九黎"": 5, ""共工"": 40, ""句龙"": 1, ""后土"": 32, ""太昊"": 10, ""女娃"": 22, ""女娲"": 72, ""少昊"": 15, ""帝江"": 2, ""应龙"": 27, ""涿鹿"": 5, ""炎帝"": 34, ""神农"": 173, ""禹"": 822, ""精卫"": 28, ""缙云氏"": 1, ""蚩尤"": 42, ""赤帝"": 2, ""轩辕"": 240, ""轩辕氏"": 3, ""阪泉"": 2, ""雨师"": 14, ""颛顼"": 18, ""风伯"": 15, ""鲧"": 10, ""黄帝"": 281, ""黄帝氏"": 1}"
GCI-HOLD-0002,98,data/CASIA-LM_ChineseWebText2.0_partial-000098.parquet,126901641,bbf8afa8d6107788f7ec1a34e840b0bca8b8615633f558452e4e41fb22478373,100000,1,2043,"{""九黎"": 3, ""共工"": 21, ""共工氏"": 2, ""后土"": 38, ""太昊"": 10, ""太皞"": 2, ""女娃"": 28, ""女娲"": 84, ""少昊"": 27, ""少皞"": 2, ""帝江"": 16, ""帝鸿"": 1, ""帝鸿氏"": 1, ""应龙"": 44, ""有熊氏"": 2, ""涿鹿"": 15, ""炎帝"": 66, ""神农"": 208, ""禹"": 674, ""精卫"": 24, ""缙云氏"": 1, ""蚩尤"": 65, ""赤帝"": 3, ""轩辕"": 188, ""阪泉"": 2, ""雨师"": 1, ""颛顼"": 73, ""风伯"": 1, ""鲧"": 21, ""黄帝"": 419, ""黄帝氏"": 1}"
GCI-HOLD-0002,99,data/CASIA-LM_ChineseWebText2.0_partial-000099.parquet,126755942,b6f52fb2f4635b91eb821aa370014e3c8a8a04f702504a9eaf6445c68af2efbc,100000,1,2017,"{""九黎"": 9, ""共工"": 30, ""共工氏"": 1, ""后土"": 36, ""太昊"": 6, ""女娃"": 10, ""女娲"": 76, ""少昊"": 7, ""帝江"": 1, ""帝鸿"": 4, ""帝鸿氏"": 1, ""应龙"": 27, ""有熊氏"": 3, ""涿鹿"": 34, ""炎帝"": 64, ""神农"": 216, ""禹"": 673, ""精卫"": 18, ""缙云氏"": 1, ""蚩尤"": 158, ""赤帝"": 10, ""轩辕"": 151, ""轩辕氏"": 3, ""阪泉"": 3, ""雨师"": 6, ""颛顼"": 29, ""风伯"": 4, ""鲧"": 11, ""黄帝"": 424, ""黄帝氏"": 1}"
GCI-HOLD-0002,100,data/CASIA-LM_ChineseWebText2.0_partial-000100.parquet,127625856,b547c52b43a95d98327cf09b0701369dc2a399d30f1020b76d3a25b12aff7045,100000,1,2127,"{""九黎"": 27, ""共工"": 41, ""共工氏"": 4, ""后土"": 41, ""太昊"": 4, ""太皞"": 1, ""女娃"": 22, ""女娲"": 76, ""少昊"": 7, ""少皞"": 2, ""帝江"": 1, ""帝鸿"": 2, ""应龙"": 21, ""有熊氏"": 2, ""榆罔"": 2, ""涿鹿"": 14, ""炎帝"": 84, ""神农"": 239, ""禹"": 710, ""精卫"": 36, ""缙云氏"": 1, ""蚩尤"": 68, ""赤帝"": 5, ""轩辕"": 292, ""阪泉"": 9, ""雨师"": 13, ""颛顼"": 25, ""风伯"": 5, ""鲧"": 70, ""黄帝"": 303}"
GCI-HOLD-0002,101,data/CASIA-LM_ChineseWebText2.0_partial-000101.parquet,126619208,e1ad041d7fbca171a9fd8db66580a680cf29a0335c6ff5c3fc79b9a14ec39ea2,100000,1,1924,"{""九黎"": 16, ""共工"": 46, ""共工氏"": 2, ""后土"": 30, ""太昊"": 5, ""太皞"": 2, ""女娃"": 19, ""女娲"": 60, ""少昊"": 9, ""帝江"": 4, ""帝鸿"": 1, ""应龙"": 35, ""涿鹿"": 22, ""炎帝"": 45, ""神农"": 171, ""禹"": 752, ""精卫"": 27, ""缙云氏"": 4, ""蚩尤"": 65, ""赤帝"": 4, ""轩辕"": 223, ""轩辕氏"": 3, ""雨师"": 6, ""颛顼"": 44, ""风伯"": 5, ""鲧"": 13, ""黄帝"": 308, ""黄帝氏"": 3}"
GCI-HOLD-0002,102,data/CASIA-LM_ChineseWebText2.0_partial-000102.parquet,126506848,2f414d8fb7492203ee382534dc24734e0379a753d4985feb5679297b5e08ea36,100000,1,2246,"{""九黎"": 44, ""共工"": 30, ""共工氏"": 6, ""句龙"": 5, ""后土"": 36, ""太昊"": 15, ""太皞"": 1, ""女娃"": 20, ""女娲"": 82, ""少昊"": 12, ""少皞"": 1, ""帝江"": 1, ""应龙"": 19, ""涿鹿"": 56, ""炎帝"": 64, ""神农"": 206, ""禹"": 826, ""精卫"": 31, ""蚩尤"": 132, ""赤帝"": 7, ""轩辕"": 140, ""轩辕氏"": 1, ""阪泉"": 3, ""雨师"": 8, ""颛顼"": 42, ""风伯"": 11, ""鲧"": 18, ""黄帝"": 429}"
GCI-HOLD-0002,103,data/CASIA-LM_ChineseWebText2.0_partial-000103.parquet,126616001,13e40e54bfd217e4e48e1911dd66cb4008f7f61c8839854f8efc9599d7f962e3,100000,1,2078,"{""九黎"": 16, ""共工"": 58, ""句龙"": 1, ""后土"": 20, ""太昊"": 6, ""女娃"": 7, ""女娲"": 50, ""少昊"": 12, ""少皞"": 1, ""帝江"": 2, ""帝鸿"": 2, ""应龙"": 16, ""有熊氏"": 3, ""榆罔"": 2, ""涿鹿"": 26, ""炎帝"": 62, ""神农"": 181, ""禹"": 683, ""精卫"": 45, ""蚩尤"": 54, ""赤帝"": 4, ""轩辕"": 238, ""轩辕氏"": 8, ""阪泉"": 2, ""雨师"": 7, ""颛顼"": 59, ""风伯"": 5, ""鲧"": 17, ""黄帝"": 491}"
GCI-HOLD-0002,104,data/CASIA-LM_ChineseWebText2.0_partial-000104.parquet,126877584,769d7a90de6f4b45c63d5043732633daac92e42f2a69206c08ec2a2e44716696,100000,1,2002,"{""九黎"": 17, ""共工"": 33, ""句龙"": 1, ""后土"": 19, ""太昊"": 9, ""太皞"": 2, ""女娃"": 11, ""女娲"": 78, ""少昊"": 14, ""帝江"": 4, ""帝鸿"": 2, ""帝鸿氏"": 2, ""应龙"": 32, ""有熊氏"": 5, ""涿鹿"": 21, ""炎帝"": 46, ""神农"": 190, ""禹"": 634, ""精卫"": 32, ""缙云氏"": 1, ""蚩尤"": 102, ""赤帝"": 4, ""轩辕"": 281, ""轩辕氏"": 14, ""阪泉"": 3, ""雨师"": 5, ""颛顼"": 49, ""风伯"": 6, ""鲧"": 6, ""黄帝"": 379}"
GCI-HOLD-0002,105,data/CASIA-LM_ChineseWebText2.0_partial-000105.parquet,127175831,5f04942a8e5bd97ac6678373025edc9469c6f7a0a66b05c534b4e2eba85abd0b,100000,1,2282,"{""九黎"": 47, ""共工"": 23, ""共工氏"": 3, ""句龙"": 9, ""后土"": 39, ""太昊"": 29, ""太皞"": 2, ""女娃"": 12, ""女娲"": 61, ""少昊"": 19, ""少皞"": 3, ""帝江"": 3, ""应龙"": 38, ""有熊氏"": 2, ""涿鹿"": 48, ""炎帝"": 67, ""神农"": 203, ""禹"": 777, ""精卫"": 18, ""缙云氏"": 5, ""蚩尤"": 98, ""赤帝"": 1, ""轩辕"": 316, ""轩辕氏"": 2, ""阪泉"": 12, ""颛顼"": 20, ""鲧"": 29, ""黄帝"": 396}"
GCI-HOLD-0002,106,data/CASIA-LM_ChineseWebText2.0_partial-000106.parquet,126847284,59830b4c3f2160ad9f578060a3b4b15c1dced17ef07f34ef961dc809bda846b8,100000,1,1945,"{""九黎"": 15, ""共工"": 22, ""后土"": 27, ""太昊"": 20, ""太皞"": 1, ""女娃"": 23, ""女娲"": 108, ""少昊"": 8, ""少皞"": 7, ""帝江"": 4, ""帝鸿"": 1, ""帝鸿氏"": 1, ""应龙"": 53, ""涿鹿"": 14, ""炎帝"": 30, ""神农"": 147, ""禹"": 700, ""精卫"": 11, ""缙云氏"": 1, ""蚩尤"": 49, ""赤帝"": 1, ""轩辕"": 351, ""阪泉"": 1, ""雨师"": 3, ""颛顼"": 22, ""风伯"": 2, ""鲧"": 9, ""黄帝"": 314}"
GCI-HOLD-0002,107,data/CASIA-LM_ChineseWebText2.0_partial-000107.parquet,127182248,c2f4884bb008662b20cb8e14e1b5e1f03142c12898ed41298b819c6426fac653,100000,1,2052,"{""九黎"": 6, ""共工"": 48, ""共工氏"": 3, ""句龙"": 1, ""后土"": 20, ""太昊"": 41, ""女娃"": 13, ""女娲"": 75, ""少昊"": 14, ""帝江"": 1, ""帝鸿"": 8, ""帝鸿氏"": 2, ""应龙"": 23, ""有熊氏"": 2, ""榆罔"": 1, ""涿鹿"": 22, ""炎帝"": 35, ""神农"": 173, ""禹"": 806, ""精卫"": 55, ""缙云氏"": 1, ""蚩尤"": 38, ""赤帝"": 6, ""轩辕"": 161, ""轩辕氏"": 1, ""阪泉"": 4, ""雨师"": 25, ""颛顼"": 45, ""风伯"": 4, ""鲧"": 8, ""黄帝"": 408, ""黄帝氏"": 2}"
GCI-HOLD-0002,108,data/CASIA-LM_ChineseWebText2.0_partial-000108.parquet,127050323,b86d03c091090ee2144982dee77019938f3d53f9838188a0f23c51b935419f74,100000,1,2389,"{""九黎"": 6, ""共工"": 61, ""共工氏"": 8, ""后土"": 30, ""太昊"": 7, ""太皞"": 2, ""女娃"": 9, ""女娲"": 111, ""少昊"": 6, ""少皞"": 1, ""帝江"": 2, ""应龙"": 32, ""有熊氏"": 1, ""榆罔"": 1, ""涿鹿"": 16, ""炎帝"": 92, ""神农"": 218, ""禹"": 787, ""精卫"": 68, ""缙云氏"": 6, ""蚩尤"": 52, ""赤帝"": 13, ""轩辕"": 290, ""轩辕氏"": 8, ""阪泉"": 3, ""雨师"": 25, ""颛顼"": 44, ""风伯"": 3, ""鲧"": 16, ""黄帝"": 471}"
GCI-HOLD-0002,109,data/CASIA-LM_ChineseWebText2.0_partial-000109.parquet,127118672,aa2c38914deb2babbaaa7e6978edc23159e6269534347b7d29278a80732f4908,100000,1,1868,"{""九黎"": 45, ""共工"": 41, ""共工氏"": 9, ""后土"": 49, ""太昊"": 3, ""女娃"": 12, ""女娲"": 93, ""少昊"": 8, ""少皞"": 3, ""帝江"": 2, ""应龙"": 11, ""有熊氏"": 6, ""涿鹿"": 34, ""炎帝"": 56, ""神农"": 167, ""禹"": 590, ""精卫"": 35, ""蚩尤"": 110, ""赤帝"": 6, ""轩辕"": 213, ""轩辕氏"": 6, ""阪泉"": 3, ""颛顼"": 30, ""风伯"": 1, ""鲧"": 13, ""黄帝"": 321, ""黄帝氏"": 1}"
GCI-HOLD-0002,110,data/CASIA-LM_ChineseWebText2.0_partial-000110.parquet,126816488,d83ae82347696336a02dea9c1aae36b23767e8d8f2a9b9265e4c088ddbc58148,100000,1,1866,"{""九黎"": 33, ""共工"": 29, ""后土"": 11, ""太昊"": 4, ""女娃"": 33, ""女娲"": 111, ""少昊"": 13, ""少皞"": 2, ""帝江"": 5, ""应龙"": 34, ""有熊氏"": 1, ""榆罔"": 1, ""涿鹿"": 27, ""炎帝"": 61, ""神农"": 166, ""禹"": 617, ""精卫"": 55, ""蚩尤"": 37, ""赤帝"": 1, ""轩辕"": 206, ""轩辕氏"": 3, ""阪泉"": 1, ""雨师"": 9, ""颛顼"": 41, ""风伯"": 9, ""鲧"": 2, ""黄帝"": 354}"
GCI-HOLD-0002,111,data/CASIA-LM_ChineseWebText2.0_partial-000111.parquet,127404163,7b9cae2c886636fd4526c75a7c52a19650ef81f6fd530a44be2fd57d42a64ab7,100000,1,2071,"{""九黎"": 14, ""共工"": 31, ""共工氏"": 1, ""句龙"": 1, ""后土"": 38, ""太昊"": 9, ""女娃"": 14, ""女娲"": 95, ""帝江"": 13, ""应龙"": 14, ""涿鹿"": 21, ""炎帝"": 63, ""神农"": 211, ""禹"": 858, ""精卫"": 51, ""蚩尤"": 78, ""赤帝"": 2, ""轩辕"": 189, ""轩辕氏"": 5, ""阪泉"": 4, ""雨师"": 4, ""颛顼"": 12, ""风伯"": 5, ""鲧"": 7, ""黄帝"": 331}"
GCI-HOLD-0002,112,data/CASIA-LM_ChineseWebText2.0_partial-000112.parquet,126960412,66c24f368fab273f9a85d4141ba638acede075a19c0eb6c5345e65435c4dc513,100000,1,2333,"{""九黎"": 23, ""共工"": 79, ""共工氏"": 5, ""句龙"": 4, ""后土"": 19, ""太昊"": 15, ""女娃"": 15, ""女娲"": 85, ""少昊"": 71, ""帝江"": 9, ""帝鸿"": 17, ""帝鸿氏"": 3, ""应龙"": 22, ""有熊氏"": 1, ""涿鹿"": 32, ""炎帝"": 54, ""神农"": 167, ""禹"": 757, ""精卫"": 32, ""缙云氏"": 6, ""蚩尤"": 132, ""赤帝"": 7, ""轩辕"": 327, ""轩辕氏"": 5, ""阪泉"": 7, ""雨师"": 11, ""颛顼"": 41, ""风伯"": 5, ""鲧"": 13, ""黄帝"": 369}"
GCI-HOLD-0002,113,data/CASIA-LM_ChineseWebText2.0_partial-000113.parquet,127708349,1d74bb99c3e6cd4bdfa52a040fca99b2e2600b78c2bf58e988af9d992f07ef4d,100000,1,2206,"{""九黎"": 2, ""共工"": 31, ""后土"": 38, ""太昊"": 1, ""女娃"": 14, ""女娲"": 52, ""少昊"": 7, ""帝江"": 7, ""应龙"": 42, ""有熊氏"": 1, ""涿鹿"": 26, ""炎帝"": 46, ""神农"": 232, ""禹"": 777, ""精卫"": 22, ""蚩尤"": 45, ""赤帝"": 1, ""轩辕"": 315, ""轩辕氏"": 7, ""阪泉"": 4, ""雨师"": 10, ""颛顼"": 12, ""风伯"": 6, ""鲧"": 33, ""黄帝"": 475}"
GCI-HOLD-0002,114,data/CASIA-LM_ChineseWebText2.0_partial-000114.parquet,127003280,c465ea5ce1a95ff7dc25bd000d1835920a7070f5f97d0d43bed8ea42e0e06086,100000,1,1953,"{""九黎"": 15, ""共工"": 42, ""句龙"": 1, ""后土"": 27, ""太昊"": 4, ""太皞"": 1, ""女娃"": 29, ""女娲"": 101, ""少昊"": 27, ""少皞"": 1, ""帝江"": 1, ""应龙"": 11, ""有熊氏"": 5, ""涿鹿"": 28, ""炎帝"": 66, ""神农"": 173, ""禹"": 738, ""精卫"": 30, ""蚩尤"": 48, ""赤帝"": 3, ""轩辕"": 195, ""轩辕氏"": 8, ""阪泉"": 2, ""雨师"": 11, ""颛顼"": 43, ""风伯"": 1, ""鲧"": 9, ""黄帝"": 333}"
GCI-HOLD-0002,115,data/CASIA-LM_ChineseWebText2.0_partial-000115.parquet,126600828,19cd0b515c0709f16ec5f817b1576eac1a128e2b841956f1262a1359dcb13137,100000,1,2028,"{""九黎"": 27, ""共工"": 23, ""后土"": 12, ""太昊"": 20, ""女娃"": 13, ""女娲"": 137, ""少昊"": 14, ""帝江"": 2, ""应龙"": 22, ""有熊氏"": 3, ""榆罔"": 1, ""涿鹿"": 10, ""炎帝"": 53, ""神农"": 190, ""禹"": 711, ""精卫"": 32, ""缙云氏"": 1, ""蚩尤"": 85, ""赤帝"": 6, ""轩辕"": 226, ""轩辕氏"": 6, ""阪泉"": 5, ""雨师"": 7, ""颛顼"": 34, ""风伯"": 6, ""鲧"": 11, ""黄帝"": 371}"
GCI-HOLD-0002,116,data/CASIA-LM_ChineseWebText2.0_partial-000116.parquet,127128161,a068dc5263c90c38e65233917faf0768c79b6bf14b0c9e4c9ae680945618a398,100000,1,1927,"{""九黎"": 7, ""共工"": 37, ""共工氏"": 1, ""句龙"": 2, ""后土"": 34, ""太昊"": 12, ""女娃"": 15, ""女娲"": 51, ""少昊"": 16, ""少皞"": 3, ""帝江"": 1, ""应龙"": 39, ""有熊氏"": 1, ""榆罔"": 2, ""涿鹿"": 7, ""炎帝"": 48, ""神农"": 230, ""禹"": 814, ""精卫"": 34, ""蚩尤"": 63, ""赤帝"": 8, ""轩辕"": 151, ""轩辕氏"": 2, ""阪泉"": 7, ""雨师"": 1, ""颛顼"": 10, ""风伯"": 3, ""鲧"": 32, ""黄帝"": 296}"
GCI-HOLD-0002,117,data/CASIA-LM_ChineseWebText2.0_partial-000117.parquet,127034995,87421171a856a9122963d7c052f5c6dcac0152dc1b12c4dc1159f76cfbb235c4,100000,1,1831,"{""九黎"": 16, ""共工"": 37, ""后土"": 33, ""太昊"": 7, ""女娃"": 19, ""女娲"": 63, ""少昊"": 3, ""少皞"": 3, ""帝江"": 2, ""应龙"": 51, ""涿鹿"": 11, ""炎帝"": 58, ""神农"": 165, ""禹"": 724, ""精卫"": 28, ""蚩尤"": 85, ""轩辕"": 206, ""阪泉"": 2, ""雨师"": 4, ""颛顼"": 5, ""风伯"": 3, ""鲧"": 39, ""黄帝"": 267}"
GCI-HOLD-0002,118,data/CASIA-LM_ChineseWebText2.0_partial-000118.parquet,126960340,23ae55f65cf18fabe19aafb71ac49bd4289dbf29a23412b1757afe047b61af2c,100000,1,1857,"{""九黎"": 31, ""共工"": 19, ""共工氏"": 1, ""后土"": 24, ""太昊"": 7, ""女娃"": 16, ""女娲"": 91, ""少昊"": 10, ""帝江"": 1, ""帝鸿"": 1, ""帝鸿氏"": 1, ""应龙"": 14, ""有熊氏"": 3, ""榆罔"": 1, ""涿鹿"": 17, ""炎帝"": 40, ""神农"": 176, ""禹"": 748, ""精卫"": 21, ""蚩尤"": 76, ""赤帝"": 2, ""轩辕"": 152, ""轩辕氏"": 8, ""阪泉"": 5, ""雨师"": 5, ""颛顼"": 21, ""风伯"": 5, ""鲧"": 12, ""黄帝"": 349}"
GCI-HOLD-0002,119,data/CASIA-LM_ChineseWebText2.0_partial-000119.parquet,128106153,ab848be67eea7d826d5ff4ce823fbfa99fdba2a88a397cc8a6d596f98db2ff01,100000,1,1962,"{""九黎"": 17, ""共工"": 38, ""共工氏"": 5, ""后土"": 18, ""太昊"": 4, ""女娃"": 11, ""女娲"": 107, ""少昊"": 18, ""少皞"": 3, ""帝江"": 3, ""帝鸿"": 1, ""应龙"": 21, ""榆罔"": 3, ""涿鹿"": 12, ""炎帝"": 21, ""神农"": 162, ""禹"": 785, ""精卫"": 33, ""蚩尤"": 13, ""赤帝"": 2, ""轩辕"": 201, ""雨师"": 2, ""颛顼"": 28, ""鲧"": 42, ""黄帝"": 411, ""黄帝氏"": 1}"
GCI-HOLD-0002,120,data/CASIA-LM_ChineseWebText2.0_partial-000120.parquet,127407058,b681062a9fa6e21909d492d90e3b7d91342decef6860e247a74ec8658d985017,100000,1,2163,"{""九黎"": 7, ""共工"": 13, ""共工氏"": 1, ""后土"": 31, ""太昊"": 11, ""太皞"": 3, ""女娃"": 18, ""女娲"": 111, ""少昊"": 3, ""少皞"": 1, ""帝江"": 2, ""帝鸿"": 7, ""应龙"": 26, ""榆罔"": 17, ""涿鹿"": 49, ""炎帝"": 89, ""神农"": 199, ""禹"": 676, ""精卫"": 52, ""蚩尤"": 75, ""赤帝"": 2, ""轩辕"": 310, ""轩辕氏"": 2, ""阪泉"": 14, ""雨师"": 12, ""颛顼"": 25, ""风伯"": 6, ""鲧"": 5, ""黄帝"": 395, ""黄帝氏"": 1}"
GCI-HOLD-0002,121,data/CASIA-LM_ChineseWebText2.0_partial-000121.parquet,127743949,9ac8f7eef07fab935696f75ddcff52d6fe901b8d4fb00b717af722fe89b410eb,100000,1,2315,"{""九黎"": 10, ""共工"": 57, ""共工氏"": 5, ""后土"": 24, ""太昊"": 22, ""女娃"": 25, ""女娲"": 96, ""少昊"": 8, ""少皞"": 5, ""帝江"": 1, ""应龙"": 51, ""有熊氏"": 3, ""榆罔"": 2, ""涿鹿"": 10, ""炎帝"": 160, ""神农"": 211, ""禹"": 803, ""精卫"": 52, ""蚩尤"": 33, ""赤帝"": 6, ""轩辕"": 309, ""轩辕氏"": 10, ""雨师"": 3, ""颛顼"": 20, ""风伯"": 2, ""鲧"": 14, ""黄帝"": 373}"
GCI-HOLD-0002,122,data/CASIA-LM_ChineseWebText2.0_partial-000122.parquet,127642484,93e158b303eac52bec19ea5c0e91f7daba249ce5c6a3debdebe878f9e5461014,100000,1,2123,"{""九黎"": 7, ""共工"": 57, ""共工氏"": 4, ""句龙"": 1, ""后土"": 26, ""太昊"": 9, ""女娃"": 15, ""女娲"": 78, ""少昊"": 18, ""帝江"": 6, ""帝鸿"": 1, ""应龙"": 33, ""榆罔"": 12, ""涿鹿"": 70, ""炎帝"": 86, ""神农"": 196, ""禹"": 750, ""精卫"": 35, ""蚩尤"": 72, ""赤帝"": 11, ""轩辕"": 250, ""轩辕氏"": 15, ""阪泉"": 5, ""雨师"": 5, ""颛顼"": 28, ""风伯"": 12, ""鲧"": 22, ""黄帝"": 298, ""黄帝氏"": 1}"
GCI-HOLD-0002,123,data/CASIA-LM_ChineseWebText2.0_partial-000123.parquet,126662888,dafa1e16a162ea437a9cd94a405545c46a6363b643d1895c15e996778ae645b1,100000,1,2134,"{""九黎"": 14, ""共工"": 24, ""后土"": 22, ""太昊"": 13, ""太皞"": 2, ""女娃"": 37, ""女娲"": 82, ""少昊"": 13, ""应龙"": 24, ""有熊氏"": 4, ""榆罔"": 5, ""涿鹿"": 32, ""炎帝"": 49, ""神农"": 187, ""禹"": 777, ""精卫"": 24, ""蚩尤"": 80, ""赤帝"": 4, ""轩辕"": 238, ""轩辕氏"": 5, ""阪泉"": 3, ""雨师"": 27, ""颛顼"": 11, ""风伯"": 63, ""鲧"": 16, ""黄帝"": 376, ""黄帝氏"": 2}"
GCI-HOLD-0002,124,data/CASIA-LM_ChineseWebText2.0_partial-000124.parquet,175610386,b7e927799a6be556736789a0b54fe19f1510962bb3e7e1f7e5d334c723cb5848,100000,1,2984,"{""九黎"": 8, ""共工"": 39, ""共工氏"": 10, ""后土"": 45, ""太昊"": 18, ""太皞"": 4, ""女娃"": 27, ""女娲"": 167, ""少昊"": 32, ""少皞"": 9, ""应龙"": 38, ""榆罔"": 2, ""涿鹿"": 28, ""炎帝"": 77, ""神农"": 260, ""禹"": 1253, ""精卫"": 42, ""蚩尤"": 44, ""赤帝"": 14, ""轩辕"": 276, ""轩辕氏"": 6, ""阪泉"": 1, ""雨师"": 10, ""颛顼"": 68, ""风伯"": 3, ""鲧"": 25, ""黄帝"": 478}"
GCI-HOLD-0002,125,data/CASIA-LM_ChineseWebText2.0_partial-000125.parquet,222333459,29b78af759fa663f57e1922262e27fd93331596f7c7e7127d17dba072cc40212,100000,1,5388,"{""九黎"": 40, ""共工"": 75, ""共工氏"": 21, ""句龙"": 2, ""后土"": 95, ""太昊"": 35, ""太皞"": 2, ""女娃"": 42, ""女娲"": 255, ""少昊"": 123, ""少皞"": 8, ""帝江"": 13, ""帝鸿"": 3, ""帝鸿氏"": 2, ""应龙"": 55, ""有熊氏"": 9, ""榆罔"": 16, ""涿鹿"": 55, ""炎帝"": 652, ""神农"": 814, ""禹"": 1204, ""精卫"": 85, ""缙云氏"": 1, ""蚩尤"": 264, ""赤帝"": 42, ""轩辕"": 328, ""轩辕氏"": 13, ""阪泉"": 29, ""雨师"": 27, ""颛顼"": 115, ""风伯"": 6, ""鲧"": 38, ""黄帝"": 912, ""黄帝氏"": 7}"
GCI-HOLD-0002,126,data/CASIA-LM_ChineseWebText2.0_partial-000126.parquet,224099352,aaaa05e1e2a5c9a555243d3420b75377c6899c41df77b67caec56312b529958b,100000,1,4743,"{""九黎"": 34, ""共工"": 73, ""共工氏"": 7, ""后土"": 38, ""太昊"": 24, ""太皞"": 2, ""女娃"": 37, ""女娲"": 444, ""少昊"": 47, ""少皞"": 4, ""帝江"": 2, ""帝鸿"": 6, ""帝鸿氏"": 1, ""应龙"": 54, ""有熊氏"": 3, ""榆罔"": 6, ""涿鹿"": 34, ""炎帝"": 241, ""神农"": 609, ""禹"": 1453, ""精卫"": 82, ""蚩尤"": 103, ""赤帝"": 17, ""轩辕"": 414, ""轩辕氏"": 18, ""阪泉"": 7, ""雨师"": 9, ""颛顼"": 96, ""风伯"": 12, ""鲧"": 111, ""黄帝"": 755}"
GCI-HOLD-0002,127,data/CASIA-LM_ChineseWebText2.0_partial-000127.parquet,224928048,d68b2e05101296011a292eab5b7c80be5d822b2ea784ff99d879b083f9ad45e5,100000,1,4320,"{""九黎"": 28, ""共工"": 56, ""共工氏"": 5, ""句龙"": 3, ""后土"": 45, ""太昊"": 26, ""太皞"": 2, ""女娃"": 43, ""女娲"": 291, ""少昊"": 37, ""少皞"": 4, ""帝江"": 2, ""帝鸿"": 2, ""帝鸿氏"": 1, ""应龙"": 115, ""有熊氏"": 6, ""涿鹿"": 38, ""炎帝"": 180, ""神农"": 416, ""禹"": 1277, ""精卫"": 102, ""缙云氏"": 1, ""蚩尤"": 149, ""赤帝"": 18, ""轩辕"": 276, ""轩辕氏"": 11, ""阪泉"": 4, ""雨师"": 143, ""颛顼"": 73, ""风伯"": 122, ""鲧"": 45, ""黄帝"": 794, ""黄帝氏"": 5}"
GCI-HOLD-0002,128,data/CASIA-LM_ChineseWebText2.0_partial-000128.parquet,223809638,70effff4d0560f7edd29096c514a1f97597974b4b5fdbd7a1167039bc082c331,100000,1,3856,"{""九黎"": 23, ""共工"": 65, ""共工氏"": 9, ""后土"": 41, ""太昊"": 3, ""太皞"": 2, ""女娃"": 43, ""女娲"": 266, ""少昊"": 9, ""少皞"": 1, ""帝江"": 6, ""帝鸿"": 2, ""帝鸿氏"": 1, ""应龙"": 81, ""有熊氏"": 5, ""涿鹿"": 39, ""炎帝"": 181, ""神农"": 386, ""禹"": 1341, ""精卫"": 109, ""蚩尤"": 123, ""赤帝"": 15, ""轩辕"": 251, ""轩辕氏"": 12, ""阪泉"": 7, ""雨师"": 9, ""颛顼"": 67, ""风伯"": 8, ""鲧"": 46, ""黄帝"": 705}"
GCI-HOLD-0002,129,data/CASIA-LM_ChineseWebText2.0_partial-000129.parquet,225135826,d2dafd4266f92fce09a93541322efd4aa5bcbf3915f1186fa7673a5fc9d10f7e,100000,1,3899,"{""九黎"": 22, ""共工"": 69, ""共工氏"": 5, ""后土"": 63, ""太昊"": 24, ""太皞"": 2, ""女娃"": 31, ""女娲"": 251, ""少昊"": 129, ""少皞"": 6, ""帝江"": 14, ""帝鸿"": 4, ""帝鸿氏"": 2, ""应龙"": 99, ""有熊氏"": 4, ""涿鹿"": 28, ""炎帝"": 103, ""神农"": 314, ""禹"": 1190, ""精卫"": 159, ""蚩尤"": 175, ""赤帝"": 9, ""轩辕"": 323, ""轩辕氏"": 19, ""阪泉"": 8, ""雨师"": 16, ""颛顼"": 90, ""风伯"": 13, ""鲧"": 52, ""黄帝"": 675}"
GCI-HOLD-0002,130,data/CASIA-LM_ChineseWebText2.0_partial-000130.parquet,224423282,4e9a51c566e4b922e00421264aeed8e814c49ea86a2c7b6641522349321f8292,100000,1,4584,"{""九黎"": 11, ""共工"": 72, ""共工氏"": 22, ""句龙"": 1, ""后土"": 52, ""太昊"": 10, ""太皞"": 6, ""女娃"": 42, ""女娲"": 303, ""少昊"": 47, ""少皞"": 4, ""帝江"": 5, ""帝鸿"": 5, ""帝鸿氏"": 3, ""应龙"": 85, ""有熊氏"": 8, ""榆罔"": 3, ""涿鹿"": 24, ""炎帝"": 181, ""神农"": 530, ""禹"": 1627, ""精卫"": 70, ""蚩尤"": 103, ""赤帝"": 10, ""轩辕"": 286, ""轩辕氏"": 15, ""阪泉"": 6, ""雨师"": 13, ""颛顼"": 92, ""风伯"": 4, ""鲧"": 39, ""黄帝"": 905}"
GCI-HOLD-0002,131,data/CASIA-LM_ChineseWebText2.0_partial-000131.parquet,225590648,15d63cf7dbdbce3c862230632e9baf76c472cfda54b224aaa16a295a1372afe3,100000,1,3992,"{""九黎"": 28, ""共工"": 58, ""共工氏"": 7, ""后土"": 75, ""太昊"": 13, ""太皞"": 2, ""女娃"": 13, ""女娲"": 209, ""少昊"": 13, ""少皞"": 2, ""帝江"": 1, ""帝鸿"": 3, ""帝鸿氏"": 3, ""应龙"": 81, ""有熊氏"": 6, ""榆罔"": 13, ""涿鹿"": 71, ""炎帝"": 221, ""神农"": 415, ""禹"": 1207, ""精卫"": 162, ""缙云氏"": 3, ""蚩尤"": 117, ""赤帝"": 15, ""轩辕"": 303, ""轩辕氏"": 11, ""阪泉"": 9, ""雨师"": 5, ""颛顼"": 63, ""风伯"": 4, ""鲧"": 34, ""黄帝"": 824, ""黄帝氏"": 1}"
GCI-HOLD-0002,132,data/CASIA-LM_ChineseWebText2.0_partial-000132.parquet,225569374,17a9bc04de0f10422d19352fb02ccfe3e8e37c5f2d2a63244466cda917ac759a,100000,1,4551,"{""九黎"": 29, ""共工"": 88, ""共工氏"": 16, ""句龙"": 2, ""后土"": 84, ""太昊"": 29, ""太皞"": 4, ""女娃"": 39, ""女娲"": 312, ""少昊"": 32, ""少皞"": 4, ""帝江"": 51, ""帝鸿"": 12, ""应龙"": 76, ""有熊氏"": 3, ""涿鹿"": 41, ""炎帝"": 153, ""神农"": 772, ""禹"": 1248, ""精卫"": 134, ""蚩尤"": 128, ""赤帝"": 12, ""轩辕"": 369, ""轩辕氏"": 17, ""阪泉"": 6, ""雨师"": 20, ""颛顼"": 66, ""风伯"": 20, ""鲧"": 38, ""黄帝"": 746}"
GCI-HOLD-0002,133,data/CASIA-LM_ChineseWebText2.0_partial-000133.parquet,223858556,00bd56502b51fbbc7662dde0fdaec020eee8d0949dc926a933ea0c4ecc4c1f4f,100000,1,4402,"{""九黎"": 13, ""共工"": 109, ""共工氏"": 16, ""句龙"": 2, ""后土"": 119, ""太昊"": 22, ""太皞"": 8, ""女娃"": 47, ""女娲"": 304, ""少昊"": 24, ""少皞"": 18, ""帝江"": 15, ""帝鸿"": 2, ""帝鸿氏"": 1, ""应龙"": 94, ""有熊氏"": 4, ""榆罔"": 4, ""涿鹿"": 30, ""炎帝"": 304, ""神农"": 686, ""禹"": 1144, ""精卫"": 92, ""蚩尤"": 140, ""赤帝"": 8, ""轩辕"": 319, ""轩辕氏"": 17, ""阪泉"": 7, ""雨师"": 15, ""颛顼"": 70, ""风伯"": 9, ""鲧"": 31, ""黄帝"": 727, ""黄帝氏"": 1}"
GCI-HOLD-0002,134,data/CASIA-LM_ChineseWebText2.0_partial-000134.parquet,222995963,3bb941aaf9a3f068892a234408bf6e35489f0a81b55508b798b6b2c3f9bc8ae6,100000,1,4050,"{""九黎"": 15, ""共工"": 60, ""共工氏"": 7, ""句龙"": 2, ""后土"": 100, ""太昊"": 15, ""太皞"": 5, ""女娃"": 34, ""女娲"": 271, ""少昊"": 39, ""少皞"": 16, ""帝江"": 2, ""帝鸿"": 2, ""应龙"": 76, ""有熊氏"": 7, ""榆罔"": 3, ""涿鹿"": 15, ""炎帝"": 144, ""神农"": 510, ""禹"": 1228, ""精卫"": 152, ""缙云氏"": 1, ""蚩尤"": 109, ""赤帝"": 4, ""轩辕"": 318, ""轩辕氏"": 15, ""阪泉"": 8, ""雨师"": 14, ""颛顼"": 85, ""风伯"": 7, ""鲧"": 36, ""黄帝"": 750}"
GCI-HOLD-0002,135,data/CASIA-LM_ChineseWebText2.0_partial-000135.parquet,223392226,06eecd8b1bcfafa4ad03d4a45bc793171f471b54ad99e0eacd3e95599b109d6f,100000,1,3618,"{""九黎"": 10, ""共工"": 84, ""共工氏"": 3, ""句龙"": 4, ""后土"": 66, ""太昊"": 28, ""太皞"": 1, ""女娃"": 25, ""女娲"": 227, ""少昊"": 18, ""少皞"": 4, ""帝江"": 5, ""帝鸿"": 2, ""应龙"": 72, ""有熊氏"": 2, ""榆罔"": 3, ""涿鹿"": 49, ""炎帝"": 115, ""神农"": 441, ""禹"": 1116, ""精卫"": 114, ""缙云氏"": 1, ""蚩尤"": 104, ""赤帝"": 12, ""轩辕"": 271, ""轩辕氏"": 48, ""阪泉"": 5, ""雨师"": 26, ""颛顼"": 60, ""风伯"": 15, ""鲧"": 25, ""黄帝"": 662}"
GCI-HOLD-0002,136,data/CASIA-LM_ChineseWebText2.0_partial-000136.parquet,224383879,8d24a3b975aa8a405edc4756a3c7d0b093169a209d429600f77b0aa380bc22fc,100000,1,3891,"{""九黎"": 9, ""共工"": 51, ""共工氏"": 5, ""句龙"": 2, ""后土"": 88, ""太昊"": 17, ""太皞"": 1, ""女娃"": 36, ""女娲"": 235, ""少昊"": 34, ""帝江"": 1, ""帝鸿"": 2, ""应龙"": 64, ""有熊氏"": 13, ""榆罔"": 7, ""涿鹿"": 40, ""炎帝"": 149, ""神农"": 432, ""禹"": 1223, ""精卫"": 77, ""缙云氏"": 2, ""蚩尤"": 108, ""赤帝"": 4, ""轩辕"": 352, ""轩辕氏"": 19, ""阪泉"": 3, ""雨师"": 9, ""颛顼"": 70, ""风伯"": 7, ""鲧"": 30, ""黄帝"": 800, ""黄帝氏"": 1}"
GCI-HOLD-0002,137,data/CASIA-LM_ChineseWebText2.0_partial-000137.parquet,222648192,d29b2e8a419f3b8208ce14e28b228efe0f8bccda72c58f46db8be87eb7a02189,100000,1,4221,"{""九黎"": 51, ""共工"": 64, ""共工氏"": 9, ""句龙"": 2, ""后土"": 77, ""太昊"": 19, ""太皞"": 3, ""女娃"": 20, ""女娲"": 243, ""少昊"": 61, ""少皞"": 3, ""帝江"": 4, ""帝鸿"": 2, ""帝鸿氏"": 1, ""应龙"": 86, ""有熊氏"": 2, ""榆罔"": 4, ""涿鹿"": 54, ""炎帝"": 254, ""神农"": 421, ""禹"": 1148, ""精卫"": 102, ""缙云氏"": 4, ""蚩尤"": 344, ""赤帝"": 25, ""轩辕"": 297, ""轩辕氏"": 16, ""阪泉"": 36, ""雨师"": 12, ""颛顼"": 40, ""风伯"": 11, ""鲧"": 18, ""黄帝"": 787, ""黄帝氏"": 1}"
GCI-HOLD-0002,138,data/CASIA-LM_ChineseWebText2.0_partial-000138.parquet,222988739,b6f5e94b5ec6cca50a35051c19908ec13d32867d10d64798c5b55ef93f816548,100000,1,5046,"{""九黎"": 35, ""共工"": 82, ""共工氏"": 13, ""句龙"": 4, ""后土"": 65, ""太昊"": 83, ""太皞"": 2, ""女娃"": 29, ""女娲"": 226, ""少昊"": 26, ""少皞"": 4, ""帝江"": 20, ""帝鸿"": 4, ""帝鸿氏"": 2, ""应龙"": 66, ""有熊氏"": 10, ""榆罔"": 11, ""涿鹿"": 58, ""炎帝"": 473, ""神农"": 614, ""禹"": 1202, ""精卫"": 76, ""缙云氏"": 3, ""蚩尤"": 194, ""赤帝"": 16, ""轩辕"": 427, ""轩辕氏"": 13, ""阪泉"": 16, ""雨师"": 10, ""颛顼"": 71, ""风伯"": 15, ""鲧"": 34, ""黄帝"": 1140, ""黄帝氏"": 2}"
GCI-HOLD-0002,139,data/CASIA-LM_ChineseWebText2.0_partial-000139.parquet,227276572,831e242bac789bf9ee76f2b29d727b143990565af5a6704adc67fccbd5550130,100000,1,4217,"{""九黎"": 26, ""共工"": 59, ""共工氏"": 8, ""句龙"": 2, ""后土"": 95, ""太昊"": 83, ""太皞"": 6, ""女娃"": 33, ""女娲"": 204, ""少昊"": 34, ""少皞"": 3, ""帝江"": 4, ""帝鸿"": 1, ""帝鸿氏"": 1, ""应龙"": 86, ""有熊氏"": 7, ""涿鹿"": 26, ""炎帝"": 117, ""神农"": 313, ""禹"": 1355, ""精卫"": 116, ""蚩尤"": 238, ""赤帝"": 78, ""轩辕"": 325, ""轩辕氏"": 7, ""阪泉"": 5, ""雨师"": 27, ""颛顼"": 65, ""风伯"": 25, ""鲧"": 47, ""黄帝"": 820, ""黄帝氏"": 1}"
GCI-HOLD-0002,140,data/CASIA-LM_ChineseWebText2.0_partial-000140.parquet,224400672,575893e762686f4f66ace7fe61821a9a46f5c70518b61673a8bc55bd6516e7f9,100000,1,4465,"{""九黎"": 26, ""共工"": 60, ""共工氏"": 5, ""句龙"": 3, ""后土"": 102, ""太昊"": 29, ""太皞"": 2, ""女娃"": 51, ""女娲"": 284, ""少昊"": 60, ""少皞"": 4, ""帝江"": 1, ""帝鸿"": 2, ""帝鸿氏"": 2, ""应龙"": 54, ""有熊氏"": 5, ""榆罔"": 12, ""涿鹿"": 33, ""炎帝"": 276, ""神农"": 489, ""禹"": 1471, ""精卫"": 144, ""蚩尤"": 177, ""赤帝"": 30, ""轩辕"": 293, ""轩辕氏"": 8, ""阪泉"": 8, ""雨师"": 13, ""颛顼"": 64, ""风伯"": 14, ""鲧"": 21, ""黄帝"": 722}"
GCI-HOLD-0002,141,data/CASIA-LM_ChineseWebText2.0_partial-000141.parquet,180750483,9b581dd972a0fe2a8a6b684f80edefbc9f43b6dcdbe35af26a674d7e13d6da0c,100000,1,3161,"{""九黎"": 17, ""共工"": 48, ""共工氏"": 3, ""后土"": 43, ""太昊"": 79, ""太皞"": 3, ""女娃"": 36, ""女娲"": 199, ""少昊"": 15, ""少皞"": 3, ""帝江"": 2, ""帝鸿"": 3, ""帝鸿氏"": 1, ""应龙"": 63, ""有熊氏"": 4, ""涿鹿"": 27, ""炎帝"": 226, ""神农"": 277, ""禹"": 1071, ""精卫"": 40, ""缙云氏"": 4, ""蚩尤"": 93, ""赤帝"": 7, ""轩辕"": 288, ""轩辕氏"": 9, ""阪泉"": 4, ""雨师"": 3, ""颛顼"": 33, ""风伯"": 2, ""鲧"": 28, ""黄帝"": 529, ""黄帝氏"": 1}"
GCI-HOLD-0002,142,data/CASIA-LM_ChineseWebText2.0_partial-000142.parquet,127206403,49853d1a28cb5c6dad0f3ca5987193bef029aa584142434cd3bb937ca8f55c60,100000,1,2022,"{""九黎"": 19, ""共工"": 35, ""句龙"": 1, ""后土"": 36, ""太昊"": 1, ""太皞"": 1, ""女娃"": 14, ""女娲"": 46, ""少昊"": 4, ""少皞"": 3, ""帝江"": 2, ""应龙"": 45, ""有熊氏"": 1, ""涿鹿"": 7, ""炎帝"": 47, ""神农"": 238, ""禹"": 792, ""精卫"": 22, ""蚩尤"": 52, ""赤帝"": 3, ""轩辕"": 270, ""轩辕氏"": 5, ""阪泉"": 2, ""雨师"": 15, ""颛顼"": 28, ""风伯"": 4, ""鲧"": 9, ""黄帝"": 319, ""黄帝氏"": 1}"
GCI-HOLD-0002,143,data/CASIA-LM_ChineseWebText2.0_partial-000143.parquet,126498653,8f2f2b3bbcf156bbaba08551c1c182d277f76ec6013a16ff00d7d3385531bad4,100000,1,2123,"{""九黎"": 26, ""共工"": 33, ""共工氏"": 9, ""句龙"": 1, ""后土"": 20, ""太昊"": 12, ""太皞"": 1, ""女娃"": 18, ""女娲"": 87, ""少昊"": 18, ""少皞"": 4, ""帝江"": 1, ""帝鸿"": 4, ""帝鸿氏"": 2, ""应龙"": 44, ""有熊氏"": 1, ""涿鹿"": 11, ""炎帝"": 45, ""神农"": 158, ""禹"": 787, ""精卫"": 26, ""缙云氏"": 1, ""蚩尤"": 44, ""赤帝"": 1, ""轩辕"": 350, ""轩辕氏"": 14, ""阪泉"": 1, ""雨师"": 4, ""颛顼"": 31, ""风伯"": 5, ""鲧"": 38, ""黄帝"": 326}"
GCI-HOLD-0002,144,data/CASIA-LM_ChineseWebText2.0_partial-000144.parquet,127226028,5156adf6a8221901a01fd27598c720fd2036c07f56144cf9a33f757648cc2b31,100000,1,2141,"{""九黎"": 13, ""共工"": 58, ""共工氏"": 6, ""句龙"": 2, ""后土"": 32, ""太昊"": 10, ""太皞"": 7, ""女娃"": 26, ""女娲"": 45, ""少昊"": 26, ""少皞"": 4, ""帝江"": 3, ""帝鸿"": 2, ""帝鸿氏"": 1, ""应龙"": 20, ""有熊氏"": 1, ""涿鹿"": 16, ""炎帝"": 81, ""神农"": 197, ""禹"": 667, ""精卫"": 14, ""缙云氏"": 5, ""蚩尤"": 52, ""轩辕"": 411, ""轩辕氏"": 10, ""阪泉"": 2, ""雨师"": 8, ""颛顼"": 31, ""风伯"": 7, ""鲧"": 46, ""黄帝"": 338}"
GCI-HOLD-0002,145,data/CASIA-LM_ChineseWebText2.0_partial-000145.parquet,127660983,cc2b3bddc40b6ba3bf66b74ef8e0e6e0b3f7508473c0307e4a4709f27c08017e,100000,1,2332,"{""九黎"": 14, ""共工"": 43, ""共工氏"": 4, ""句龙"": 2, ""后土"": 31, ""太昊"": 11, ""女娃"": 6, ""女娲"": 57, ""少昊"": 21, ""少皞"": 3, ""帝江"": 1, ""应龙"": 21, ""有熊氏"": 3, ""榆罔"": 1, ""涿鹿"": 24, ""炎帝"": 84, ""神农"": 238, ""禹"": 779, ""精卫"": 21, ""蚩尤"": 164, ""赤帝"": 7, ""轩辕"": 227, ""轩辕氏"": 6, ""阪泉"": 7, ""雨师"": 10, ""颛顼"": 48, ""风伯"": 6, ""鲧"": 45, ""黄帝"": 447, ""黄帝氏"": 1}"
GCI-HOLD-0002,146,data/CASIA-LM_ChineseWebText2.0_partial-000146.parquet,127310406,a849dacd5cf775427881c26b9bd881914a0e53acd33fd30d1b3d5e9b96271f5c,100000,1,1946,"{""九黎"": 27, ""共工"": 24, ""后土"": 28, ""太昊"": 6, ""女娃"": 13, ""女娲"": 78, ""少昊"": 12, ""少皞"": 2, ""帝江"": 1, ""应龙"": 34, ""有熊氏"": 7, ""榆罔"": 1, ""涿鹿"": 33, ""炎帝"": 53, ""神农"": 192, ""禹"": 755, ""精卫"": 24, ""蚩尤"": 84, ""赤帝"": 2, ""轩辕"": 190, ""轩辕氏"": 4, ""阪泉"": 4, ""雨师"": 6, ""颛顼"": 47, ""风伯"": 9, ""鲧"": 7, ""黄帝"": 303}"
GCI-HOLD-0002,147,data/CASIA-LM_ChineseWebText2.0_partial-000147.parquet,127293472,eaf5c811554cc219302a374c3dd862e7670331f5b2aa6058b557563d2849885a,100000,1,2205,"{""九黎"": 15, ""共工"": 66, ""共工氏"": 3, ""句龙"": 2, ""后土"": 28, ""太昊"": 9, ""女娃"": 42, ""女娲"": 68, ""少昊"": 17, ""少皞"": 1, ""帝江"": 6, ""帝鸿"": 2, ""帝鸿氏"": 1, ""应龙"": 38, ""有熊氏"": 3, ""榆罔"": 1, ""涿鹿"": 28, ""炎帝"": 89, ""神农"": 193, ""禹"": 819, ""精卫"": 54, ""缙云氏"": 6, ""蚩尤"": 71, ""赤帝"": 5, ""轩辕"": 205, ""轩辕氏"": 2, ""阪泉"": 5, ""雨师"": 3, ""颛顼"": 72, ""风伯"": 5, ""鲧"": 14, ""黄帝"": 332}"
GCI-HOLD-0002,148,data/CASIA-LM_ChineseWebText2.0_partial-000148.parquet,127198620,6b8bd2670cab5864f6827e69b8f4c9b90969de281ffdb0bfa51b6c3b69f3e431,100000,1,2008,"{""九黎"": 15, ""共工"": 39, ""共工氏"": 4, ""后土"": 52, ""太昊"": 5, ""太皞"": 1, ""女娃"": 12, ""女娲"": 82, ""少昊"": 23, ""帝江"": 3, ""应龙"": 55, ""有熊氏"": 4, ""榆罔"": 1, ""涿鹿"": 35, ""炎帝"": 111, ""神农"": 150, ""禹"": 633, ""精卫"": 15, ""缙云氏"": 1, ""蚩尤"": 53, ""赤帝"": 7, ""轩辕"": 293, ""轩辕氏"": 1, ""阪泉"": 19, ""雨师"": 3, ""颛顼"": 38, ""风伯"": 2, ""鲧"": 16, ""黄帝"": 335}"
GCI-HOLD-0002,149,data/CASIA-LM_ChineseWebText2.0_partial-000149.parquet,127436831,464ac5df6d379196f3064f7b9989950c10c77e11cc913022cea9cad3ae6bb871,100000,1,1753,"{""九黎"": 2, ""共工"": 31, ""共工氏"": 2, ""句龙"": 2, ""后土"": 31, ""太昊"": 2, ""女娃"": 19, ""女娲"": 80, ""少昊"": 4, ""少皞"": 1, ""应龙"": 18, ""有熊氏"": 1, ""涿鹿"": 11, ""炎帝"": 25, ""神农"": 197, ""禹"": 717, ""精卫"": 28, ""蚩尤"": 51, ""赤帝"": 4, ""轩辕"": 242, ""轩辕氏"": 2, ""颛顼"": 25, ""风伯"": 2, ""鲧"": 36, ""黄帝"": 220}"
GCI-HOLD-0002,150,data/CASIA-LM_ChineseWebText2.0_partial-000150.parquet,126893238,d6e878a1f7dce1d0f7b4fd7f675d543d8cfab1c07e3831ca45954d4ef5f8d5c8,100000,1,1921,"{""九黎"": 7, ""共工"": 46, ""共工氏"": 1, ""句龙"": 1, ""后土"": 51, ""太昊"": 8, ""太皞"": 1, ""女娃"": 9, ""女娲"": 79, ""少昊"": 10, ""帝江"": 5, ""应龙"": 45, ""有熊氏"": 2, ""榆罔"": 4, ""涿鹿"": 20, ""炎帝"": 80, ""神农"": 222, ""禹"": 687, ""精卫"": 27, ""缙云氏"": 1, ""蚩尤"": 38, ""赤帝"": 7, ""轩辕"": 195, ""轩辕氏"": 6, ""阪泉"": 2, ""雨师"": 15, ""颛顼"": 18, ""风伯"": 22, ""鲧"": 26, ""黄帝"": 285, ""黄帝氏"": 1}"
GCI-HOLD-0002,151,data/CASIA-LM_ChineseWebText2.0_partial-000151.parquet,126939258,fee7f95071e5c944ef6333c9c07dbef79e1f5b3ab6a4a3a89ef2ae6e8447ade8,100000,1,1748,"{""九黎"": 9, ""共工"": 24, ""句龙"": 1, ""后土"": 12, ""太昊"": 2, ""女娃"": 10, ""女娲"": 57, ""少昊"": 15, ""少皞"": 1, ""帝江"": 2, ""帝鸿"": 1, ""帝鸿氏"": 1, ""应龙"": 9, ""涿鹿"": 21, ""炎帝"": 44, ""神农"": 223, ""禹"": 642, ""精卫"": 46, ""缙云氏"": 10, ""蚩尤"": 31, ""赤帝"": 4, ""轩辕"": 202, ""阪泉"": 4, ""雨师"": 6, ""颛顼"": 18, ""风伯"": 5, ""鲧"": 6, ""黄帝"": 342}"
GCI-HOLD-0002,152,data/CASIA-LM_ChineseWebText2.0_partial-000152.parquet,127563108,c46531a7ff4e64399a3baacf21b49813b7f119c55576cdc1bf6834f3f76f4a84,100000,1,2361,"{""九黎"": 21, ""共工"": 37, ""后土"": 26, ""太昊"": 6, ""太皞"": 2, ""女娃"": 19, ""女娲"": 99, ""少昊"": 16, ""少皞"": 1, ""帝江"": 3, ""应龙"": 29, ""有熊氏"": 3, ""涿鹿"": 46, ""炎帝"": 156, ""神农"": 193, ""禹"": 846, ""精卫"": 51, ""缙云氏"": 1, ""蚩尤"": 93, ""赤帝"": 6, ""轩辕"": 225, ""轩辕氏"": 5, ""阪泉"": 10, ""雨师"": 8, ""颛顼"": 100, ""风伯"": 9, ""鲧"": 8, ""黄帝"": 342}"
GCI-HOLD-0002,153,data/CASIA-LM_ChineseWebText2.0_partial-000153.parquet,127539587,f4cecf24a708b84e1ae7ee8c024c85c31a268357323264945aa6af4b41caec35,100000,1,1922,"{""九黎"": 8, ""共工"": 18, ""后土"": 46, ""太昊"": 12, ""女娃"": 19, ""女娲"": 113, ""少昊"": 6, ""帝江"": 1, ""帝鸿"": 1, ""帝鸿氏"": 1, ""应龙"": 12, ""有熊氏"": 2, ""涿鹿"": 25, ""炎帝"": 79, ""神农"": 201, ""禹"": 587, ""精卫"": 72, ""缙云氏"": 1, ""蚩尤"": 55, ""赤帝"": 5, ""轩辕"": 280, ""轩辕氏"": 2, ""阪泉"": 2, ""雨师"": 1, ""颛顼"": 20, ""风伯"": 2, ""鲧"": 4, ""黄帝"": 347}"
GCI-HOLD-0002,154,data/CASIA-LM_ChineseWebText2.0_partial-000154.parquet,127477361,91d9026b90169ee3f71fe07078bd903bbde1c266503742110d22f5fa09dd541e,100000,1,2116,"{""九黎"": 10, ""共工"": 38, ""共工氏"": 1, ""后土"": 29, ""太昊"": 29, ""太皞"": 1, ""女娃"": 21, ""女娲"": 76, ""少昊"": 12, ""帝江"": 2, ""帝鸿"": 1, ""应龙"": 50, ""有熊氏"": 1, ""涿鹿"": 33, ""炎帝"": 86, ""神农"": 222, ""禹"": 743, ""精卫"": 24, ""缙云氏"": 1, ""蚩尤"": 57, ""赤帝"": 3, ""轩辕"": 311, ""轩辕氏"": 6, ""阪泉"": 2, ""雨师"": 9, ""颛顼"": 21, ""风伯"": 1, ""鲧"": 7, ""黄帝"": 319}"
GCI-HOLD-0002,155,data/CASIA-LM_ChineseWebText2.0_partial-000155.parquet,126241634,420145145b162a8db571ff921e39b6d491ecb57da5d38e35060878c0b8f500ff,100000,1,2123,"{""九黎"": 16, ""共工"": 35, ""共工氏"": 10, ""后土"": 35, ""太昊"": 3, ""太皞"": 1, ""女娃"": 16, ""女娲"": 78, ""少昊"": 13, ""少皞"": 2, ""应龙"": 20, ""有熊氏"": 1, ""涿鹿"": 14, ""炎帝"": 64, ""神农"": 215, ""禹"": 788, ""精卫"": 32, ""缙云氏"": 10, ""蚩尤"": 35, ""赤帝"": 4, ""轩辕"": 186, ""轩辕氏"": 4, ""雨师"": 2, ""颛顼"": 59, ""风伯"": 2, ""鲧"": 28, ""黄帝"": 449, ""黄帝氏"": 1}"
GCI-HOLD-0002,156,data/CASIA-LM_ChineseWebText2.0_partial-000156.parquet,127318680,ce48e728bdd50c49c39d8dfcdbafa8c6565622ad4e567eb05ff572f163e4fab9,100000,1,1989,"{""九黎"": 30, ""共工"": 29, ""句龙"": 1, ""后土"": 37, ""太昊"": 28, ""女娃"": 16, ""女娲"": 112, ""少昊"": 6, ""应龙"": 19, ""涿鹿"": 37, ""炎帝"": 45, ""神农"": 218, ""禹"": 639, ""精卫"": 22, ""蚩尤"": 71, ""赤帝"": 4, ""轩辕"": 307, ""轩辕氏"": 3, ""颛顼"": 10, ""鲧"": 4, ""黄帝"": 351}"
GCI-HOLD-0002,157,data/CASIA-LM_ChineseWebText2.0_partial-000157.parquet,127039212,26d129058f6c0677bb302f57ff1edbba5a19548c61c0b8fa09f774ad25ae3f51,100000,1,2148,"{""九黎"": 23, ""共工"": 33, ""共工氏"": 1, ""后土"": 27, ""太昊"": 8, ""太皞"": 3, ""女娃"": 17, ""女娲"": 69, ""少昊"": 24, ""少皞"": 1, ""帝江"": 1, ""应龙"": 22, ""有熊氏"": 3, ""涿鹿"": 16, ""炎帝"": 53, ""神农"": 165, ""禹"": 876, ""精卫"": 19, ""缙云氏"": 1, ""蚩尤"": 53, ""赤帝"": 2, ""轩辕"": 314, ""轩辕氏"": 3, ""阪泉"": 3, ""雨师"": 4, ""颛顼"": 48, ""风伯"": 3, ""鲧"": 48, ""黄帝"": 308}"
GCI-HOLD-0002,158,data/CASIA-LM_ChineseWebText2.0_partial-000158.parquet,127125652,978d0bdd86dcea8af43c5b88f1a247ed586e83036d69ba4c739c39055a3334ab,100000,1,1681,"{""九黎"": 26, ""共工"": 31, ""共工氏"": 7, ""句龙"": 2, ""后土"": 33, ""太昊"": 4, ""女娃"": 17, ""女娲"": 56, ""少昊"": 7, ""少皞"": 2, ""应龙"": 30, ""榆罔"": 1, ""涿鹿"": 7, ""炎帝"": 33, ""神农"": 172, ""禹"": 664, ""精卫"": 60, ""蚩尤"": 40, ""赤帝"": 5, ""轩辕"": 183, ""轩辕氏"": 6, ""阪泉"": 1, ""雨师"": 32, ""颛顼"": 32, ""风伯"": 1, ""鲧"": 4, ""黄帝"": 225}"
GCI-HOLD-0002,159,data/CASIA-LM_ChineseWebText2.0_partial-000159.parquet,127185748,4c9a466ff7c26a98c60eb7136b92a7d5dc7ad5760a05e162e51e0a41c1c7a993,100000,1,1956,"{""九黎"": 15, ""共工"": 30, ""后土"": 21, ""太昊"": 5, ""女娃"": 15, ""女娲"": 97, ""少昊"": 21, ""帝江"": 7, ""帝鸿"": 7, ""帝鸿氏"": 1, ""应龙"": 15, ""有熊氏"": 2, ""涿鹿"": 21, ""炎帝"": 53, ""神农"": 163, ""禹"": 813, ""精卫"": 24, ""缙云氏"": 1, ""蚩尤"": 48, ""赤帝"": 1, ""轩辕"": 240, ""轩辕氏"": 6, ""阪泉"": 2, ""雨师"": 4, ""颛顼"": 35, ""风伯"": 3, ""鲧"": 16, ""黄帝"": 290}"
GCI-HOLD-0002,160,data/CASIA-LM_ChineseWebText2.0_partial-000160.parquet,126952212,b12c01a9773f05a08ccb401f4fe117a21f419bbbf08fee04803842c954de7295,100000,1,2348,"{""九黎"": 15, ""共工"": 25, ""后土"": 21, ""太昊"": 8, ""女娃"": 24, ""女娲"": 55, ""少昊"": 6, ""帝江"": 1, ""帝鸿"": 2, ""帝鸿氏"": 1, ""应龙"": 21, ""有熊氏"": 5, ""涿鹿"": 27, ""炎帝"": 110, ""神农"": 251, ""禹"": 817, ""精卫"": 47, ""蚩尤"": 144, ""赤帝"": 4, ""轩辕"": 261, ""轩辕氏"": 4, ""阪泉"": 8, ""雨师"": 27, ""颛顼"": 22, ""风伯"": 3, ""鲧"": 7, ""黄帝"": 431, ""黄帝氏"": 1}"
GCI-HOLD-0002,161,data/CASIA-LM_ChineseWebText2.0_partial-000161.parquet,127315298,4b7af22849d49786cc9c87e5ce099f65d8616fbfd326b4cded502a6175795e9b,100000,1,2488,"{""九黎"": 12, ""共工"": 28, ""共工氏"": 1, ""句龙"": 1, ""后土"": 21, ""太昊"": 25, ""太皞"": 3, ""女娃"": 15, ""女娲"": 115, ""少昊"": 17, ""少皞"": 7, ""帝江"": 2, ""帝鸿"": 3, ""帝鸿氏"": 2, ""应龙"": 32, ""有熊氏"": 2, ""榆罔"": 2, ""涿鹿"": 33, ""炎帝"": 187, ""神农"": 283, ""禹"": 799, ""精卫"": 47, ""缙云氏"": 1, ""蚩尤"": 78, ""赤帝"": 7, ""轩辕"": 258, ""轩辕氏"": 6, ""阪泉"": 11, ""雨师"": 1, ""颛顼"": 29, ""风伯"": 1, ""鲧"": 24, ""黄帝"": 435}"
GCI-HOLD-0002,162,data/CASIA-LM_ChineseWebText2.0_partial-000162.parquet,127347910,9d7c97b588edee3353011f432b33fb0e98acfc0ec34a6c0ec75a1d9a3ff13fcf,100000,1,1990,"{""九黎"": 5, ""共工"": 41, ""共工氏"": 9, ""后土"": 12, ""太昊"": 13, ""女娃"": 14, ""女娲"": 66, ""少昊"": 15, ""少皞"": 1, ""帝江"": 4, ""帝鸿"": 3, ""帝鸿氏"": 1, ""应龙"": 32, ""榆罔"": 1, ""涿鹿"": 28, ""炎帝"": 63, ""神农"": 173, ""禹"": 754, ""精卫"": 23, ""缙云氏"": 4, ""蚩尤"": 76, ""赤帝"": 1, ""轩辕"": 264, ""轩辕氏"": 11, ""阪泉"": 4, ""雨师"": 5, ""颛顼"": 19, ""风伯"": 6, ""鲧"": 16, ""黄帝"": 326}"
GCI-HOLD-0002,163,data/CASIA-LM_ChineseWebText2.0_partial-000163.parquet,127666790,df0e8d6a82d160fbfaa448814f6d3e21655e908a0017688e8d4e51bc77ea8d3b,100000,1,2224,"{""九黎"": 14, ""共工"": 20, ""共工氏"": 2, ""后土"": 20, ""太昊"": 10, ""女娃"": 21, ""女娲"": 140, ""少昊"": 14, ""应龙"": 36, ""涿鹿"": 20, ""炎帝"": 76, ""神农"": 215, ""禹"": 761, ""精卫"": 48, ""缙云氏"": 4, ""蚩尤"": 77, ""赤帝"": 2, ""轩辕"": 306, ""轩辕氏"": 4, ""阪泉"": 2, ""雨师"": 21, ""颛顼"": 25, ""风伯"": 4, ""鲧"": 25, ""黄帝"": 357}"
GCI-HOLD-0002,164,data/CASIA-LM_ChineseWebText2.0_partial-000164.parquet,127317847,d7daf8b6dbdba448150ba9100f9b1a7428d28f2b7816c3a9a4cf7897c2283ac8,100000,1,2134,"{""九黎"": 12, ""共工"": 24, ""共工氏"": 1, ""后土"": 26, ""太昊"": 3, ""女娃"": 17, ""女娲"": 125, ""少昊"": 7, ""应龙"": 23, ""有熊氏"": 5, ""涿鹿"": 32, ""炎帝"": 106, ""神农"": 208, ""禹"": 757, ""精卫"": 80, ""蚩尤"": 59, ""赤帝"": 1, ""轩辕"": 193, ""轩辕氏"": 2, ""阪泉"": 6, ""雨师"": 30, ""颛顼"": 23, ""风伯"": 10, ""鲧"": 21, ""黄帝"": 363}"
GCI-HOLD-0002,165,data/CASIA-LM_ChineseWebText2.0_partial-000165.parquet,127585181,c63aa8516c3edd867c6bd12538d95c64b71e0c8de63eff71abb92019e8a0a132,100000,1,2138,"{""九黎"": 17, ""共工"": 67, ""句龙"": 2, ""后土"": 34, ""太昊"": 24, ""女娃"": 14, ""女娲"": 112, ""少昊"": 35, ""帝江"": 1, ""应龙"": 55, ""有熊氏"": 3, ""榆罔"": 1, ""涿鹿"": 58, ""炎帝"": 68, ""神农"": 187, ""禹"": 637, ""精卫"": 23, ""缙云氏"": 1, ""蚩尤"": 129, ""赤帝"": 2, ""轩辕"": 159, ""轩辕氏"": 7, ""阪泉"": 6, ""雨师"": 26, ""颛顼"": 15, ""风伯"": 16, ""鲧"": 8, ""黄帝"": 430, ""黄帝氏"": 1}"
GCI-HOLD-0002,166,data/CASIA-LM_ChineseWebText2.0_partial-000166.parquet,127100628,f8fb5636b55d1cc5cb41f4bac5efbb84dfb2b6d27d04a2b909234336c7ed735f,100000,1,2111,"{""九黎"": 6, ""共工"": 39, ""共工氏"": 2, ""后土"": 44, ""太昊"": 7, ""太皞"": 2, ""女娃"": 24, ""女娲"": 74, ""少昊"": 27, ""帝江"": 4, ""应龙"": 74, ""有熊氏"": 1, ""榆罔"": 2, ""涿鹿"": 38, ""炎帝"": 94, ""神农"": 160, ""禹"": 795, ""精卫"": 39, ""蚩尤"": 66, ""赤帝"": 2, ""轩辕"": 166, ""轩辕氏"": 8, ""阪泉"": 9, ""雨师"": 1, ""颛顼"": 50, ""风伯"": 1, ""鲧"": 46, ""黄帝"": 330}"
GCI-HOLD-0002,167,data/CASIA-LM_ChineseWebText2.0_partial-000167.parquet,127408613,112121f2c40d6babbea94a73be589c81597023db7498284dda5aea289d25c9b3,100000,1,1956,"{""九黎"": 22, ""共工"": 47, ""共工氏"": 3, ""后土"": 25, ""太昊"": 6, ""女娃"": 21, ""女娲"": 127, ""少昊"": 5, ""帝江"": 4, ""应龙"": 48, ""榆罔"": 6, ""涿鹿"": 19, ""炎帝"": 54, ""神农"": 143, ""禹"": 716, ""精卫"": 32, ""蚩尤"": 60, ""赤帝"": 1, ""轩辕"": 243, ""轩辕氏"": 1, ""雨师"": 4, ""颛顼"": 22, ""鲧"": 26, ""黄帝"": 319, ""黄帝氏"": 2}"
GCI-HOLD-0002,168,data/CASIA-LM_ChineseWebText2.0_partial-000168.parquet,126899506,523745532d2714ac8a0c07d95a434f64048583c68297be3f21a9ae2af67d3ed5,100000,1,2196,"{""九黎"": 24, ""共工"": 37, ""共工氏"": 1, ""后土"": 26, ""太昊"": 12, ""女娃"": 15, ""女娲"": 76, ""少昊"": 14, ""少皞"": 1, ""帝江"": 8, ""帝鸿"": 1, ""帝鸿氏"": 1, ""应龙"": 63, ""有熊氏"": 4, ""涿鹿"": 25, ""炎帝"": 42, ""神农"": 251, ""禹"": 706, ""精卫"": 35, ""缙云氏"": 3, ""蚩尤"": 51, ""赤帝"": 39, ""轩辕"": 281, ""轩辕氏"": 29, ""阪泉"": 1, ""雨师"": 4, ""颛顼"": 51, ""风伯"": 7, ""鲧"": 29, ""黄帝"": 358, ""黄帝氏"": 1}"
GCI-HOLD-0002,169,data/CASIA-LM_ChineseWebText2.0_partial-000169.parquet,127090975,65b6dba182bb6288bb744a0c3bc16e02bcc55bc7a53d36602256959027d0fd4c,100000,1,2110,"{""九黎"": 19, ""共工"": 34, ""共工氏"": 8, ""后土"": 32, ""太昊"": 4, ""女娃"": 15, ""女娲"": 63, ""少昊"": 62, ""少皞"": 6, ""帝江"": 1, ""应龙"": 23, ""有熊氏"": 1, ""涿鹿"": 27, ""炎帝"": 42, ""神农"": 230, ""禹"": 630, ""精卫"": 26, ""蚩尤"": 65, ""赤帝"": 3, ""轩辕"": 282, ""轩辕氏"": 11, ""阪泉"": 9, ""雨师"": 8, ""颛顼"": 100, ""风伯"": 3, ""鲧"": 13, ""黄帝"": 392, ""黄帝氏"": 1}"
GCI-HOLD-0002,170,data/CASIA-LM_ChineseWebText2.0_partial-000170.parquet,127071739,33b30772a383b360f7f8f0f348d65fda308db28dfed4cce51d25563fb7a077f4,100000,1,2169,"{""九黎"": 13, ""共工"": 27, ""句龙"": 1, ""后土"": 37, ""太昊"": 6, ""太皞"": 1, ""女娃"": 19, ""女娲"": 59, ""少昊"": 10, ""帝江"": 3, ""帝鸿"": 4, ""应龙"": 71, ""有熊氏"": 2, ""涿鹿"": 15, ""炎帝"": 100, ""神农"": 294, ""禹"": 646, ""精卫"": 47, ""缙云氏"": 5, ""蚩尤"": 64, ""赤帝"": 4, ""轩辕"": 259, ""轩辕氏"": 4, ""阪泉"": 8, ""雨师"": 8, ""颛顼"": 25, ""风伯"": 5, ""鲧"": 6, ""黄帝"": 426}"
GCI-HOLD-0002,171,data/CASIA-LM_ChineseWebText2.0_partial-000171.parquet,127358310,62e588b0c8296fb740dd575524ae706c303bc96f86d68d7d09b610b3011bc4e1,100000,1,2274,"{""九黎"": 10, ""共工"": 32, ""共工氏"": 1, ""后土"": 21, ""太昊"": 8, ""太皞"": 1, ""女娃"": 9, ""女娲"": 83, ""少昊"": 2, ""帝江"": 8, ""应龙"": 36, ""有熊氏"": 1, ""涿鹿"": 8, ""炎帝"": 56, ""神农"": 193, ""禹"": 891, ""精卫"": 55, ""蚩尤"": 48, ""赤帝"": 3, ""轩辕"": 303, ""轩辕氏"": 6, ""阪泉"": 2, ""雨师"": 5, ""颛顼"": 20, ""风伯"": 1, ""鲧"": 33, ""黄帝"": 438}"
GCI-HOLD-0002,172,data/CASIA-LM_ChineseWebText2.0_partial-000172.parquet,127171733,db59af21a4ad3f3dea485ea51629b25cef7382e717760f5e10d95ddb7d970255,100000,1,2256,"{""九黎"": 23, ""共工"": 55, ""共工氏"": 7, ""后土"": 29, ""太昊"": 5, ""女娃"": 9, ""女娲"": 72, ""少昊"": 5, ""少皞"": 2, ""帝江"": 1, ""帝鸿"": 1, ""帝鸿氏"": 1, ""应龙"": 67, ""有熊氏"": 5, ""涿鹿"": 23, ""炎帝"": 47, ""神农"": 175, ""禹"": 927, ""精卫"": 18, ""缙云氏"": 4, ""蚩尤"": 71, ""轩辕"": 245, ""轩辕氏"": 8, ""阪泉"": 3, ""雨师"": 21, ""颛顼"": 39, ""风伯"": 19, ""鲧"": 12, ""黄帝"": 360, ""黄帝氏"": 2}"
GCI-HOLD-0002,173,data/CASIA-LM_ChineseWebText2.0_partial-000173.parquet,127520968,324d3eb2770b564ed59b43374a345ad869c54b14ba62c5c72fc421e8b10e2131,100000,1,1934,"{""九黎"": 6, ""共工"": 27, ""共工氏"": 4, ""后土"": 23, ""太昊"": 8, ""太皞"": 3, ""女娃"": 16, ""女娲"": 162, ""少昊"": 35, ""帝江"": 14, ""帝鸿"": 1, ""应龙"": 23, ""有熊氏"": 2, ""榆罔"": 8, ""涿鹿"": 48, ""炎帝"": 47, ""神农"": 207, ""禹"": 646, ""精卫"": 28, ""蚩尤"": 32, ""赤帝"": 3, ""轩辕"": 225, ""轩辕氏"": 6, ""阪泉"": 1, ""雨师"": 8, ""颛顼"": 32, ""风伯"": 2, ""鲧"": 2, ""黄帝"": 312, ""黄帝氏"": 3}"
GCI-HOLD-0002,174,data/CASIA-LM_ChineseWebText2.0_partial-000174.parquet,126851575,5859cedfa1375ca5f00ac64b971c4ff2db602604da34c25fd103ab50bd97073e,100000,1,2019,"{""九黎"": 11, ""共工"": 22, ""共工氏"": 1, ""后土"": 38, ""太昊"": 5, ""太皞"": 7, ""女娃"": 15, ""女娲"": 84, ""少昊"": 11, ""少皞"": 1, ""帝江"": 5, ""帝鸿"": 2, ""帝鸿氏"": 2, ""应龙"": 30, ""有熊氏"": 5, ""涿鹿"": 31, ""炎帝"": 33, ""神农"": 138, ""禹"": 817, ""精卫"": 17, ""缙云氏"": 2, ""蚩尤"": 104, ""赤帝"": 3, ""轩辕"": 178, ""轩辕氏"": 9, ""阪泉"": 3, ""雨师"": 17, ""颛顼"": 30, ""鲧"": 37, ""黄帝"": 359, ""黄帝氏"": 2}"
GCI-HOLD-0002,175,data/CASIA-LM_ChineseWebText2.0_partial-000175.parquet,126770716,1d8a9e3b9d19f98bc35a1d4cc0e98179fd23c57fd5a8cd5e157a5a0e00795fe3,100000,1,2029,"{""九黎"": 35, ""共工"": 35, ""共工氏"": 2, ""句龙"": 1, ""后土"": 39, ""太昊"": 9, ""女娃"": 11, ""女娲"": 100, ""少昊"": 5, ""帝江"": 5, ""应龙"": 35, ""有熊氏"": 2, ""榆罔"": 3, ""涿鹿"": 37, ""炎帝"": 87, ""神农"": 237, ""禹"": 673, ""精卫"": 31, ""蚩尤"": 67, ""赤帝"": 2, ""轩辕"": 253, ""轩辕氏"": 6, ""阪泉"": 1, ""雨师"": 3, ""颛顼"": 21, ""风伯"": 4, ""鲧"": 10, ""黄帝"": 313, ""黄帝氏"": 2}"
GCI-HOLD-0002,176,data/CASIA-LM_ChineseWebText2.0_partial-000176.parquet,126961224,c3851b6aff5cb45ecc227974f0d85cdb1298d46dd202ef2ef4703b668750ca47,100000,1,2250,"{""九黎"": 12, ""共工"": 35, ""共工氏"": 4, ""后土"": 33, ""太昊"": 42, ""太皞"": 5, ""女娃"": 38, ""女娲"": 111, ""少昊"": 47, ""少皞"": 7, ""帝江"": 4, ""帝鸿"": 1, ""应龙"": 35, ""涿鹿"": 28, ""炎帝"": 70, ""神农"": 205, ""禹"": 686, ""精卫"": 29, ""蚩尤"": 111, ""赤帝"": 5, ""轩辕"": 242, ""轩辕氏"": 7, ""阪泉"": 9, ""雨师"": 1, ""颛顼"": 81, ""风伯"": 1, ""鲧"": 28, ""黄帝"": 373}"
GCI-HOLD-0002,177,data/CASIA-LM_ChineseWebText2.0_partial-000177.parquet,127205575,cf8d3ae7e89690c1b7c71c9154d8d0fecb4a41c889055ca0ec24c20a52609f71,100000,1,2261,"{""九黎"": 18, ""共工"": 34, ""后土"": 11, ""太昊"": 5, ""太皞"": 1, ""女娃"": 20, ""女娲"": 123, ""少昊"": 4, ""少皞"": 1, ""帝江"": 1, ""应龙"": 32, ""有熊氏"": 4, ""涿鹿"": 19, ""炎帝"": 59, ""神农"": 224, ""禹"": 788, ""精卫"": 37, ""蚩尤"": 53, ""赤帝"": 11, ""轩辕"": 371, ""轩辕氏"": 6, ""阪泉"": 4, ""颛顼"": 33, ""风伯"": 1, ""鲧"": 32, ""黄帝"": 369}"
GCI-HOLD-0002,178,data/CASIA-LM_ChineseWebText2.0_partial-000178.parquet,127135282,313a1568a5e41f6ebdfef3c1f7e52d2ceeafb08c55d373ef0c56978e3ea1685d,100000,1,1819,"{""九黎"": 6, ""共工"": 39, ""后土"": 24, ""太昊"": 7, ""女娃"": 20, ""女娲"": 94, ""少昊"": 7, ""少皞"": 2, ""帝江"": 4, ""应龙"": 13, ""有熊氏"": 1, ""涿鹿"": 13, ""炎帝"": 75, ""神农"": 158, ""禹"": 765, ""精卫"": 25, ""缙云氏"": 1, ""蚩尤"": 34, ""赤帝"": 3, ""轩辕"": 196, ""轩辕氏"": 6, ""阪泉"": 1, ""雨师"": 5, ""颛顼"": 22, ""风伯"": 4, ""鲧"": 4, ""黄帝"": 290}"
GCI-HOLD-0002,179,data/CASIA-LM_ChineseWebText2.0_partial-000179.parquet,127629525,ee524646f2484f8c7a2407a3af6361e3ed6229834fdf5ddda99ae2798e138edf,100000,1,2034,"{""九黎"": 14, ""共工"": 37, ""共工氏"": 2, ""句龙"": 2, ""后土"": 24, ""太昊"": 7, ""太皞"": 4, ""女娃"": 25, ""女娲"": 106, ""少昊"": 14, ""少皞"": 1, ""帝江"": 2, ""帝鸿"": 6, ""帝鸿氏"": 3, ""应龙"": 58, ""有熊氏"": 1, ""榆罔"": 1, ""涿鹿"": 28, ""炎帝"": 53, ""神农"": 148, ""禹"": 699, ""精卫"": 28, ""蚩尤"": 94, ""赤帝"": 2, ""轩辕"": 212, ""轩辕氏"": 2, ""阪泉"": 1, ""雨师"": 11, ""颛顼"": 22, ""风伯"": 12, ""鲧"": 15, ""黄帝"": 399, ""黄帝氏"": 1}"
GCI-HOLD-0002,180,data/CASIA-LM_ChineseWebText2.0_partial-000180.parquet,126609189,30730082960b6493a6c11daca8d2bc65b5f221da4791d3a1f704327e332cb23a,100000,1,2020,"{""九黎"": 7, ""共工"": 22, ""后土"": 18, ""太昊"": 3, ""女娃"": 27, ""女娲"": 69, ""少昊"": 6, ""帝江"": 2, ""帝鸿"": 5, ""应龙"": 40, ""有熊氏"": 4, ""涿鹿"": 39, ""炎帝"": 36, ""神农"": 158, ""禹"": 884, ""精卫"": 21, ""蚩尤"": 60, ""赤帝"": 6, ""轩辕"": 282, ""轩辕氏"": 3, ""阪泉"": 3, ""雨师"": 7, ""颛顼"": 31, ""风伯"": 4, ""鲧"": 21, ""黄帝"": 262}"
GCI-HOLD-0002,181,data/CASIA-LM_ChineseWebText2.0_partial-000181.parquet,126944778,b2d2b5742a264b8618f7ce4bbaedf26f6c733d4e1fb54c4ab6583f11744de3f0,100000,1,1930,"{""九黎"": 19, ""共工"": 24, ""句龙"": 1, ""后土"": 24, ""太昊"": 25, ""女娃"": 7, ""女娲"": 82, ""少昊"": 8, ""少皞"": 1, ""帝江"": 1, ""帝鸿"": 6, ""帝鸿氏"": 1, ""应龙"": 19, ""有熊氏"": 2, ""榆罔"": 2, ""涿鹿"": 26, ""炎帝"": 64, ""神农"": 168, ""禹"": 781, ""精卫"": 22, ""蚩尤"": 59, ""赤帝"": 1, ""轩辕"": 231, ""轩辕氏"": 11, ""阪泉"": 1, ""雨师"": 5, ""颛顼"": 17, ""风伯"": 4, ""鲧"": 3, ""黄帝"": 314, ""黄帝氏"": 1}"
GCI-HOLD-0002,182,data/CASIA-LM_ChineseWebText2.0_partial-000182.parquet,127305726,d07f9f94965eb7f3a4b1fc93dbcfaa752c85ae404ba76d862770bbacadc58112,100000,1,2022,"{""九黎"": 6, ""共工"": 22, ""后土"": 22, ""太昊"": 4, ""太皞"": 1, ""女娃"": 17, ""女娲"": 95, ""少昊"": 29, ""少皞"": 1, ""帝江"": 2, ""帝鸿"": 1, ""应龙"": 14, ""有熊氏"": 1, ""榆罔"": 1, ""涿鹿"": 24, ""炎帝"": 53, ""神农"": 182, ""禹"": 789, ""精卫"": 34, ""蚩尤"": 92, ""赤帝"": 2, ""轩辕"": 256, ""轩辕氏"": 2, ""阪泉"": 2, ""雨师"": 3, ""颛顼"": 34, ""风伯"": 1, ""鲧"": 17, ""黄帝"": 315}"
GCI-HOLD-0002,183,data/CASIA-LM_ChineseWebText2.0_partial-000183.parquet,127312529,d66e7fc003700275c553fd3ec7f3d4b5beb4f6ef9c57471d1160f2e58662c4f0,100000,1,2050,"{""九黎"": 21, ""共工"": 26, ""共工氏"": 4, ""后土"": 26, ""太昊"": 7, ""太皞"": 1, ""女娃"": 35, ""女娲"": 101, ""少昊"": 7, ""帝江"": 3, ""应龙"": 39, ""榆罔"": 5, ""涿鹿"": 50, ""炎帝"": 33, ""神农"": 173, ""禹"": 691, ""精卫"": 25, ""缙云氏"": 6, ""蚩尤"": 89, ""赤帝"": 4, ""轩辕"": 244, ""轩辕氏"": 3, ""阪泉"": 10, ""雨师"": 2, ""颛顼"": 29, ""风伯"": 3, ""鲧"": 19, ""黄帝"": 394}"
GCI-HOLD-0002,184,data/CASIA-LM_ChineseWebText2.0_partial-000184.parquet,126839224,b5ca5970bf38afd09b1285d94b9a26ac73fd7abd4e16af87f750981300745355,100000,1,2335,"{""九黎"": 12, ""共工"": 52, ""共工氏"": 5, ""后土"": 22, ""太昊"": 12, ""太皞"": 1, ""女娃"": 19, ""女娲"": 82, ""少昊"": 11, ""帝鸿"": 2, ""帝鸿氏"": 2, ""应龙"": 27, ""有熊氏"": 3, ""榆罔"": 6, ""涿鹿"": 24, ""炎帝"": 74, ""神农"": 277, ""禹"": 795, ""精卫"": 42, ""缙云氏"": 4, ""蚩尤"": 71, ""赤帝"": 3, ""轩辕"": 313, ""轩辕氏"": 6, ""阪泉"": 5, ""雨师"": 17, ""颛顼"": 25, ""风伯"": 13, ""鲧"": 13, ""黄帝"": 396, ""黄帝氏"": 1}"
GCI-HOLD-0002,185,data/CASIA-LM_ChineseWebText2.0_partial-000185.parquet,126886847,162e1238b552a19e1db8c965b75ea2401c6a3d7cfcb840b4f809483960b3bff4,100000,1,2038,"{""九黎"": 5, ""共工"": 78, ""共工氏"": 10, ""句龙"": 1, ""后土"": 22, ""太昊"": 9, ""太皞"": 4, ""女娃"": 17, ""女娲"": 94, ""少昊"": 23, ""少皞"": 3, ""帝江"": 1, ""帝鸿"": 5, ""帝鸿氏"": 3, ""应龙"": 13, ""涿鹿"": 49, ""炎帝"": 81, ""神农"": 165, ""禹"": 677, ""精卫"": 13, ""缙云氏"": 4, ""蚩尤"": 49, ""赤帝"": 1, ""轩辕"": 284, ""轩辕氏"": 7, ""阪泉"": 11, ""雨师"": 8, ""颛顼"": 41, ""风伯"": 4, ""鲧"": 17, ""黄帝"": 339}"
GCI-HOLD-0002,186,data/CASIA-LM_ChineseWebText2.0_partial-000186.parquet,126735132,157014b6b34f656a953ee8935104c66ecca7b9616da5f7a538f56dfe2a0f786c,100000,1,1943,"{""九黎"": 5, ""共工"": 34, ""后土"": 18, ""太昊"": 11, ""女娃"": 29, ""女娲"": 73, ""少昊"": 15, ""少皞"": 1, ""帝江"": 8, ""帝鸿"": 3, ""帝鸿氏"": 1, ""应龙"": 20, ""有熊氏"": 1, ""涿鹿"": 27, ""炎帝"": 49, ""神农"": 177, ""禹"": 592, ""精卫"": 45, ""蚩尤"": 49, ""赤帝"": 4, ""轩辕"": 326, ""轩辕氏"": 5, ""阪泉"": 4, ""雨师"": 8, ""颛顼"": 30, ""风伯"": 3, ""鲧"": 45, ""黄帝"": 358, ""黄帝氏"": 2}"
GCI-HOLD-0002,187,data/CASIA-LM_ChineseWebText2.0_partial-000187.parquet,127376280,9b4e414b099529e50122245ebcbc2158c1ece101cd79e537af085e267c9d1526,100000,1,2065,"{""九黎"": 24, ""共工"": 39, ""共工氏"": 4, ""句龙"": 1, ""后土"": 20, ""太昊"": 5, ""太皞"": 2, ""女娃"": 33, ""女娲"": 64, ""少昊"": 25, ""帝江"": 1, ""帝鸿"": 3, ""应龙"": 47, ""有熊氏"": 1, ""榆罔"": 1, ""涿鹿"": 68, ""炎帝"": 56, ""神农"": 216, ""禹"": 747, ""精卫"": 19, ""蚩尤"": 39, ""赤帝"": 5, ""轩辕"": 242, ""轩辕氏"": 11, ""阪泉"": 9, ""雨师"": 9, ""颛顼"": 24, ""风伯"": 6, ""鲧"": 8, ""黄帝"": 334, ""黄帝氏"": 2}"
GCI-HOLD-0002,188,data/CASIA-LM_ChineseWebText2.0_partial-000188.parquet,127152511,16437ab5687df0ff27e23b5414ca889209e89800cb93cf51129bd40c75b42942,100000,1,2234,"{""九黎"": 10, ""共工"": 40, ""共工氏"": 12, ""后土"": 26, ""太昊"": 5, ""女娃"": 30, ""女娲"": 56, ""少昊"": 9, ""少皞"": 1, ""帝江"": 5, ""帝鸿"": 1, ""应龙"": 37, ""有熊氏"": 5, ""榆罔"": 1, ""涿鹿"": 25, ""炎帝"": 103, ""神农"": 196, ""禹"": 827, ""精卫"": 21, ""蚩尤"": 35, ""赤帝"": 1, ""轩辕"": 375, ""轩辕氏"": 4, ""阪泉"": 1, ""雨师"": 8, ""颛顼"": 23, ""风伯"": 7, ""鲧"": 8, ""黄帝"": 362}"
GCI-HOLD-0002,189,data/CASIA-LM_ChineseWebText2.0_partial-000189.parquet,126962358,94de2a193e335ee50b7c90572c4dc36d1ae27cc7f35b256fc6ede157d22f5d47,100000,1,1996,"{""九黎"": 7, ""共工"": 34, ""共工氏"": 2, ""后土"": 24, ""太昊"": 16, ""太皞"": 11, ""女娃"": 18, ""女娲"": 94, ""少昊"": 3, ""少皞"": 2, ""帝江"": 11, ""帝鸿"": 3, ""应龙"": 81, ""有熊氏"": 1, ""榆罔"": 1, ""涿鹿"": 22, ""炎帝"": 70, ""神农"": 180, ""禹"": 667, ""精卫"": 14, ""缙云氏"": 1, ""蚩尤"": 72, ""赤帝"": 2, ""轩辕"": 259, ""轩辕氏"": 4, ""阪泉"": 6, ""雨师"": 10, ""颛顼"": 16, ""风伯"": 10, ""鲧"": 14, ""黄帝"": 341}"
GCI-HOLD-0002,190,data/CASIA-LM_ChineseWebText2.0_partial-000190.parquet,126979859,03733e39556702737dd688587e1405dc3159a7373eaeedf17e93a39a31bb638f,100000,1,2056,"{""九黎"": 12, ""共工"": 55, ""共工氏"": 5, ""句龙"": 2, ""后土"": 22, ""太昊"": 5, ""太皞"": 2, ""女娃"": 15, ""女娲"": 94, ""少昊"": 4, ""少皞"": 4, ""帝江"": 9, ""帝鸿"": 1, ""帝鸿氏"": 1, ""应龙"": 47, ""有熊氏"": 2, ""榆罔"": 1, ""涿鹿"": 25, ""炎帝"": 42, ""神农"": 229, ""禹"": 715, ""精卫"": 28, ""蚩尤"": 62, ""赤帝"": 2, ""轩辕"": 273, ""轩辕氏"": 4, ""阪泉"": 3, ""雨师"": 8, ""颛顼"": 20, ""鲧"": 25, ""黄帝"": 337, ""黄帝氏"": 2}"
GCI-HOLD-0002,191,data/CASIA-LM_ChineseWebText2.0_partial-000191.parquet,126873357,9c2b6a6d285a442fec23e809652515ea782d5549af43eb7ee0e3947359a5a077,100000,1,2204,"{""九黎"": 22, ""共工"": 39, ""共工氏"": 3, ""后土"": 27, ""太昊"": 36, ""太皞"": 5, ""女娃"": 13, ""女娲"": 95, ""少昊"": 33, ""少皞"": 1, ""帝江"": 1, ""帝鸿"": 1, ""应龙"": 26, ""有熊氏"": 1, ""涿鹿"": 54, ""炎帝"": 70, ""神农"": 165, ""禹"": 775, ""精卫"": 19, ""蚩尤"": 73, ""赤帝"": 4, ""轩辕"": 298, ""轩辕氏"": 6, ""阪泉"": 18, ""雨师"": 11, ""颛顼"": 49, ""风伯"": 12, ""鲧"": 16, ""黄帝"": 330, ""黄帝氏"": 1}"
GCI-HOLD-0002,192,data/CASIA-LM_ChineseWebText2.0_partial-000192.parquet,126820877,cd33919e5994aa240e4b951b0c27c2182e94f0a4e7e5e3d276c48946d64cda03,100000,1,1927,"{""九黎"": 5, ""共工"": 23, ""共工氏"": 1, ""后土"": 24, ""太昊"": 17, ""女娃"": 16, ""女娲"": 92, ""少昊"": 19, ""少皞"": 1, ""帝江"": 1, ""应龙"": 43, ""有熊氏"": 1, ""涿鹿"": 25, ""炎帝"": 39, ""神农"": 163, ""禹"": 779, ""精卫"": 30, ""蚩尤"": 30, ""赤帝"": 4, ""轩辕"": 206, ""轩辕氏"": 3, ""阪泉"": 5, ""雨师"": 1, ""颛顼"": 19, ""鲧"": 13, ""黄帝"": 367}"
GCI-HOLD-0002,193,data/CASIA-LM_ChineseWebText2.0_partial-000193.parquet,127357695,4de81942c72e485a5b345fa300185ee2501690cd1617e850259ad6e9f3aa5ca3,100000,1,2349,"{""九黎"": 32, ""共工"": 40, ""共工氏"": 3, ""句龙"": 1, ""后土"": 16, ""太昊"": 15, ""太皞"": 1, ""女娃"": 25, ""女娲"": 86, ""少昊"": 14, ""帝江"": 3, ""帝鸿"": 1, ""帝鸿氏"": 1, ""应龙"": 41, ""榆罔"": 1, ""涿鹿"": 46, ""炎帝"": 85, ""神农"": 162, ""禹"": 790, ""精卫"": 28, ""缙云氏"": 1, ""蚩尤"": 208, ""赤帝"": 8, ""轩辕"": 236, ""轩辕氏"": 2, ""阪泉"": 8, ""雨师"": 5, ""颛顼"": 47, ""风伯"": 11, ""鲧"": 39, ""黄帝"": 393}"
GCI-HOLD-0002,194,data/CASIA-LM_ChineseWebText2.0_partial-000194.parquet,127243216,cf168f95c8d3b200975543bc4459a5da74d23fee314a704e8c39f5cecb2cec8c,100000,1,2256,"{""九黎"": 11, ""共工"": 30, ""共工氏"": 4, ""后土"": 35, ""太昊"": 9, ""太皞"": 1, ""女娃"": 17, ""女娲"": 85, ""少昊"": 4, ""帝江"": 5, ""帝鸿"": 1, ""应龙"": 70, ""榆罔"": 28, ""涿鹿"": 36, ""炎帝"": 219, ""神农"": 285, ""禹"": 684, ""精卫"": 20, ""蚩尤"": 87, ""赤帝"": 6, ""轩辕"": 190, ""轩辕氏"": 24, ""阪泉"": 6, ""雨师"": 19, ""颛顼"": 13, ""风伯"": 18, ""鲧"": 19, ""黄帝"": 329, ""黄帝氏"": 1}"
GCI-HOLD-0002,195,data/CASIA-LM_ChineseWebText2.0_partial-000195.parquet,126463542,fa56b0a2b6d13479a54a8c77f3101a9a354bf8b4c278af95f672caa9987e223d,100000,1,1791,"{""九黎"": 21, ""共工"": 53, ""共工氏"": 10, ""句龙"": 1, ""后土"": 21, ""太昊"": 7, ""女娃"": 18, ""女娲"": 100, ""少昊"": 5, ""帝江"": 5, ""应龙"": 17, ""涿鹿"": 26, ""炎帝"": 40, ""神农"": 146, ""禹"": 758, ""精卫"": 41, ""蚩尤"": 34, ""轩辕"": 155, ""轩辕氏"": 1, ""阪泉"": 1, ""雨师"": 2, ""颛顼"": 21, ""风伯"": 4, ""鲧"": 35, ""黄帝"": 269}"
GCI-HOLD-0002,196,data/CASIA-LM_ChineseWebText2.0_partial-000196.parquet,127467860,514bd87490d83e5b7205fd158a9381e2a6d256cbbf5ec77891df7950699053ce,100000,1,1930,"{""九黎"": 14, ""共工"": 30, ""共工氏"": 4, ""后土"": 22, ""太昊"": 3, ""太皞"": 1, ""女娃"": 11, ""女娲"": 65, ""少昊"": 19, ""少皞"": 1, ""帝江"": 1, ""应龙"": 8, ""有熊氏"": 7, ""涿鹿"": 12, ""炎帝"": 62, ""神农"": 177, ""禹"": 756, ""精卫"": 62, ""缙云氏"": 1, ""蚩尤"": 36, ""赤帝"": 1, ""轩辕"": 270, ""轩辕氏"": 2, ""雨师"": 3, ""颛顼"": 27, ""风伯"": 2, ""鲧"": 29, ""黄帝"": 304}"
GCI-HOLD-0002,197,data/CASIA-LM_ChineseWebText2.0_partial-000197.parquet,126838182,961b6bb2b130a2d9fafad0f429448f7cc67bbe956cf4fadaf9fa627c323f688c,100000,1,2184,"{""九黎"": 7, ""共工"": 24, ""后土"": 29, ""太昊"": 5, ""女娃"": 16, ""女娲"": 110, ""少昊"": 18, ""帝江"": 10, ""帝鸿"": 5, ""帝鸿氏"": 5, ""应龙"": 38, ""有熊氏"": 1, ""涿鹿"": 54, ""炎帝"": 127, ""神农"": 199, ""禹"": 629, ""精卫"": 27, ""缙云氏"": 2, ""蚩尤"": 74, ""赤帝"": 4, ""轩辕"": 270, ""轩辕氏"": 3, ""雨师"": 5, ""颛顼"": 38, ""风伯"": 3, ""鲧"": 19, ""黄帝"": 462}"
GCI-HOLD-0002,198,data/CASIA-LM_ChineseWebText2.0_partial-000198.parquet,126864308,43d088255642c0ae0bc5fef59084778c1aded40eee05246c46f76b962b876740,100000,1,2071,"{""九黎"": 33, ""共工"": 36, ""共工氏"": 2, ""句龙"": 4, ""后土"": 26, ""太昊"": 5, ""女娃"": 19, ""女娲"": 103, ""少昊"": 13, ""少皞"": 1, ""帝江"": 3, ""应龙"": 39, ""有熊氏"": 2, ""榆罔"": 1, ""涿鹿"": 11, ""炎帝"": 91, ""神农"": 194, ""禹"": 786, ""精卫"": 65, ""蚩尤"": 102, ""赤帝"": 3, ""轩辕"": 179, ""轩辕氏"": 1, ""阪泉"": 9, ""雨师"": 1, ""颛顼"": 30, ""风伯"": 1, ""鲧"": 8, ""黄帝"": 303}"
GCI-HOLD-0002,199,data/CASIA-LM_ChineseWebText2.0_partial-000199.parquet,126669360,e1ac8c75dcec62f313eea2f5c938d2952bfc5342140cf31e9ad64e52cf5f22de,100000,1,1835,"{""九黎"": 12, ""共工"": 60, ""共工氏"": 16, ""后土"": 13, ""太昊"": 10, ""女娃"": 13, ""女娲"": 73, ""少昊"": 7, ""少皞"": 1, ""帝江"": 5, ""帝鸿"": 1, ""应龙"": 18, ""涿鹿"": 13, ""炎帝"": 41, ""神农"": 192, ""禹"": 647, ""精卫"": 32, ""蚩尤"": 43, ""赤帝"": 4, ""轩辕"": 173, ""轩辕氏"": 1, ""阪泉"": 25, ""雨师"": 9, ""颛顼"": 51, ""风伯"": 5, ""鲧"": 6, ""黄帝"": 364}"
GCI-HOLD-0002,200,data/CASIA-LM_ChineseWebText2.0_partial-000200.parquet,126422164,de56fc0a649facfedd439e86c2c00cf9d13fc7a580d81306b471c2d2b933198b,100000,1,2147,"{""九黎"": 5, ""共工"": 47, ""共工氏"": 6, ""句龙"": 3, ""后土"": 36, ""太昊"": 10, ""太皞"": 1, ""女娃"": 27, ""女娲"": 120, ""少昊"": 15, ""少皞"": 6, ""帝江"": 2, ""帝鸿"": 1, ""帝鸿氏"": 1, ""应龙"": 16, ""有熊氏"": 2, ""榆罔"": 1, ""涿鹿"": 14, ""炎帝"": 71, ""神农"": 190, ""禹"": 855, ""精卫"": 47, ""蚩尤"": 85, ""赤帝"": 10, ""轩辕"": 164, ""轩辕氏"": 4, ""阪泉"": 2, ""雨师"": 11, ""颛顼"": 31, ""风伯"": 4, ""鲧"": 14, ""黄帝"": 345, ""黄帝氏"": 1}"
GCI-HOLD-0002,201,data/CASIA-LM_ChineseWebText2.0_partial-000201.parquet,127370850,4ee44c1edee97b8fe338b4f90318df2284ede10f549465ae20a2fd62675e122e,100000,1,2259,"{""九黎"": 36, ""共工"": 44, ""共工氏"": 5, ""句龙"": 5, ""后土"": 16, ""太昊"": 5, ""女娃"": 12, ""女娲"": 65, ""少昊"": 13, ""少皞"": 1, ""帝江"": 6, ""帝鸿"": 1, ""帝鸿氏"": 1, ""应龙"": 21, ""有熊氏"": 4, ""榆罔"": 17, ""涿鹿"": 31, ""炎帝"": 67, ""神农"": 194, ""禹"": 693, ""精卫"": 29, ""缙云氏"": 3, ""蚩尤"": 238, ""赤帝"": 27, ""轩辕"": 297, ""轩辕氏"": 6, ""阪泉"": 5, ""雨师"": 3, ""颛顼"": 38, ""风伯"": 2, ""鲧"": 11, ""黄帝"": 363}"
GCI-HOLD-0002,202,data/CASIA-LM_ChineseWebText2.0_partial-000202.parquet,126507081,239cf84cf2eda439c352d735ba3c85bf535322a7e1a75189cd727d9f4dc25e96,100000,1,2211,"{""九黎"": 9, ""共工"": 31, ""共工氏"": 5, ""句龙"": 1, ""后土"": 33, ""太昊"": 16, ""太皞"": 1, ""女娃"": 22, ""女娲"": 172, ""少昊"": 13, ""少皞"": 4, ""帝江"": 1, ""帝鸿"": 1, ""应龙"": 14, ""涿鹿"": 108, ""炎帝"": 43, ""神农"": 150, ""禹"": 670, ""精卫"": 30, ""蚩尤"": 108, ""赤帝"": 5, ""轩辕"": 333, ""轩辕氏"": 12, ""阪泉"": 3, ""雨师"": 2, ""颛顼"": 24, ""风伯"": 2, ""鲧"": 42, ""黄帝"": 354, ""黄帝氏"": 2}"
GCI-HOLD-0002,203,data/CASIA-LM_ChineseWebText2.0_partial-000203.parquet,127730412,bbf68e6cf4fc506c1a47f23b8d8d8e6cd4773dad61f16e045a9cc4854fb44b9e,100000,1,2174,"{""九黎"": 9, ""共工"": 38, ""共工氏"": 2, ""后土"": 48, ""太昊"": 9, ""女娃"": 13, ""女娲"": 71, ""少昊"": 9, ""帝江"": 1, ""应龙"": 33, ""有熊氏"": 4, ""涿鹿"": 94, ""炎帝"": 47, ""神农"": 152, ""禹"": 779, ""精卫"": 34, ""缙云氏"": 1, ""蚩尤"": 43, ""赤帝"": 1, ""轩辕"": 403, ""轩辕氏"": 6, ""阪泉"": 3, ""雨师"": 10, ""颛顼"": 27, ""风伯"": 2, ""鲧"": 24, ""黄帝"": 311}"
GCI-HOLD-0002,204,data/CASIA-LM_ChineseWebText2.0_partial-000204.parquet,127523851,a7ff1848279488c216693fa8813a17d21aee67bbe4e2e6953d1239309e21c917,100000,1,1948,"{""九黎"": 19, ""共工"": 25, ""共工氏"": 2, ""句龙"": 1, ""后土"": 39, ""太昊"": 14, ""女娃"": 15, ""女娲"": 102, ""少皞"": 3, ""帝江"": 16, ""帝鸿"": 1, ""帝鸿氏"": 1, ""应龙"": 17, ""有熊氏"": 2, ""涿鹿"": 18, ""炎帝"": 28, ""神农"": 138, ""禹"": 743, ""精卫"": 23, ""缙云氏"": 1, ""蚩尤"": 40, ""赤帝"": 4, ""轩辕"": 359, ""轩辕氏"": 3, ""雨师"": 8, ""颛顼"": 14, ""风伯"": 2, ""鲧"": 23, ""黄帝"": 286, ""黄帝氏"": 1}"
GCI-HOLD-0002,205,data/CASIA-LM_ChineseWebText2.0_partial-000205.parquet,127292032,35138fe763763bf1eff6f7a5fb3c89451e75caab866329f9edb5786f228ccf35,100000,1,2008,"{""九黎"": 22, ""共工"": 39, ""共工氏"": 6, ""句龙"": 1, ""后土"": 35, ""太昊"": 50, ""女娃"": 15, ""女娲"": 60, ""少昊"": 13, ""帝江"": 4, ""应龙"": 15, ""有熊氏"": 1, ""涿鹿"": 28, ""炎帝"": 38, ""神农"": 206, ""禹"": 647, ""精卫"": 32, ""蚩尤"": 66, ""轩辕"": 297, ""轩辕氏"": 8, ""阪泉"": 3, ""雨师"": 7, ""颛顼"": 64, ""鲧"": 18, ""黄帝"": 333}"
GCI-HOLD-0002,206,data/CASIA-LM_ChineseWebText2.0_partial-000206.parquet,127109330,2616505cef8180aaedad59aa615d66db3baf95e6a3dd2667db94424c55b3136b,100000,1,1976,"{""九黎"": 9, ""共工"": 51, ""共工氏"": 9, ""句龙"": 3, ""后土"": 21, ""太昊"": 3, ""女娃"": 25, ""女娲"": 91, ""少昊"": 13, ""少皞"": 1, ""应龙"": 47, ""有熊氏"": 2, ""榆罔"": 1, ""涿鹿"": 28, ""炎帝"": 63, ""神农"": 187, ""禹"": 724, ""精卫"": 26, ""蚩尤"": 41, ""赤帝"": 5, ""轩辕"": 255, ""轩辕氏"": 3, ""阪泉"": 2, ""雨师"": 18, ""颛顼"": 33, ""风伯"": 12, ""鲧"": 22, ""黄帝"": 281}"
GCI-HOLD-0002,207,data/CASIA-LM_ChineseWebText2.0_partial-000207.parquet,126590638,84b5bcf0e71347aa31591ab0aeff56129fe9fb89defea0af61c746d37bf5d845,100000,1,1983,"{""九黎"": 8, ""共工"": 20, ""后土"": 33, ""太昊"": 6, ""女娃"": 12, ""女娲"": 73, ""少昊"": 5, ""帝江"": 3, ""应龙"": 19, ""涿鹿"": 95, ""炎帝"": 38, ""神农"": 198, ""禹"": 711, ""精卫"": 38, ""缙云氏"": 1, ""蚩尤"": 48, ""赤帝"": 3, ""轩辕"": 273, ""轩辕氏"": 1, ""雨师"": 3, ""颛顼"": 13, ""风伯"": 2, ""鲧"": 44, ""黄帝"": 335, ""黄帝氏"": 1}"
GCI-HOLD-0002,208,data/CASIA-LM_ChineseWebText2.0_partial-000208.parquet,126558662,ae053c93409089cdd6f6b09246aa91a76d4bc46d50b2f5f8fe335e0b7298226a,100000,1,1834,"{""九黎"": 9, ""共工"": 37, ""共工氏"": 1, ""后土"": 19, ""太昊"": 10, ""女娃"": 13, ""女娲"": 53, ""少昊"": 8, ""帝江"": 3, ""帝鸿"": 1, ""帝鸿氏"": 1, ""应龙"": 25, ""有熊氏"": 2, ""涿鹿"": 20, ""炎帝"": 41, ""神农"": 147, ""禹"": 659, ""精卫"": 29, ""蚩尤"": 33, ""赤帝"": 4, ""轩辕"": 260, ""轩辕氏"": 4, ""雨师"": 4, ""颛顼"": 14, ""风伯"": 2, ""鲧"": 106, ""黄帝"": 329}"
GCI-HOLD-0002,209,data/CASIA-LM_ChineseWebText2.0_partial-000209.parquet,127164696,d1a0b5b5fbe711421f8eddda7b68ae50b12affa3ee7d3954f1fe9d8949b6f8ca,100000,1,2248,"{""九黎"": 30, ""共工"": 31, ""共工氏"": 1, ""后土"": 35, ""太昊"": 7, ""女娃"": 44, ""女娲"": 64, ""少昊"": 11, ""帝鸿"": 3, ""应龙"": 51, ""有熊氏"": 1, ""榆罔"": 8, ""涿鹿"": 18, ""炎帝"": 77, ""神农"": 209, ""禹"": 851, ""精卫"": 91, ""蚩尤"": 159, ""轩辕"": 221, ""轩辕氏"": 2, ""阪泉"": 2, ""雨师"": 10, ""颛顼"": 30, ""风伯"": 3, ""鲧"": 17, ""黄帝"": 272}"
GCI-HOLD-0002,210,data/CASIA-LM_ChineseWebText2.0_partial-000210.parquet,127230461,c715bd287391419da25fb8ef7e9e31686d169f9ca96f9f0da476be9002ea6e8d,100000,1,1763,"{""九黎"": 5, ""共工"": 31, ""共工氏"": 1, ""后土"": 23, ""太皞"": 1, ""女娃"": 21, ""女娲"": 82, ""少昊"": 7, ""帝江"": 5, ""帝鸿"": 2, ""应龙"": 26, ""榆罔"": 1, ""涿鹿"": 15, ""炎帝"": 38, ""神农"": 167, ""禹"": 743, ""精卫"": 51, ""蚩尤"": 56, ""赤帝"": 6, ""轩辕"": 160, ""轩辕氏"": 1, ""雨师"": 6, ""颛顼"": 28, ""风伯"": 5, ""鲧"": 2, ""黄帝"": 280}"
GCI-HOLD-0002,211,data/CASIA-LM_ChineseWebText2.0_partial-000211.parquet,126576781,21694c0f12e84d59f84c5b97635a969690351625fe3c93b17bfc3cf34395c64c,100000,1,2049,"{""九黎"": 13, ""共工"": 26, ""共工氏"": 1, ""后土"": 28, ""太昊"": 20, ""女娃"": 11, ""女娲"": 65, ""少昊"": 41, ""少皞"": 2, ""帝江"": 6, ""帝鸿"": 2, ""帝鸿氏"": 1, ""应龙"": 14, ""有熊氏"": 4, ""涿鹿"": 58, ""炎帝"": 48, ""神农"": 231, ""禹"": 681, ""精卫"": 16, ""蚩尤"": 126, ""赤帝"": 2, ""轩辕"": 211, ""轩辕氏"": 4, ""阪泉"": 10, ""雨师"": 6, ""颛顼"": 43, ""风伯"": 4, ""鲧"": 8, ""黄帝"": 367}"
GCI-HOLD-0002,212,data/CASIA-LM_ChineseWebText2.0_partial-000212.parquet,127335061,eec11d788aeb22ecfeee6ddb270a8f3e5c707742146266a6a6cf0df5bfb5b0fa,100000,1,2001,"{""九黎"": 14, ""共工"": 41, ""共工氏"": 1, ""后土"": 31, ""太昊"": 8, ""女娃"": 13, ""女娲"": 71, ""少昊"": 7, ""帝江"": 3, ""应龙"": 11, ""有熊氏"": 9, ""涿鹿"": 29, ""炎帝"": 59, ""神农"": 193, ""禹"": 705, ""精卫"": 29, ""蚩尤"": 70, ""赤帝"": 10, ""轩辕"": 270, ""轩辕氏"": 4, ""阪泉"": 3, ""雨师"": 4, ""颛顼"": 18, ""风伯"": 2, ""鲧"": 13, ""黄帝"": 383}"
GCI-HOLD-0002,213,data/CASIA-LM_ChineseWebText2.0_partial-000213.parquet,127158856,acc0a33c2e876f77ed9687e2dd33cab6a583f63931d7274ae5f025fbcc9b3b09,100000,1,2005,"{""九黎"": 8, ""共工"": 49, ""共工氏"": 4, ""句龙"": 2, ""后土"": 25, ""太昊"": 9, ""太皞"": 1, ""女娃"": 14, ""女娲"": 74, ""少昊"": 14, ""少皞"": 1, ""帝江"": 5, ""应龙"": 46, ""有熊氏"": 2, ""榆罔"": 2, ""涿鹿"": 22, ""炎帝"": 73, ""神农"": 194, ""禹"": 703, ""精卫"": 14, ""缙云氏"": 1, ""蚩尤"": 54, ""赤帝"": 2, ""轩辕"": 298, ""轩辕氏"": 4, ""阪泉"": 3, ""雨师"": 11, ""颛顼"": 20, ""风伯"": 2, ""鲧"": 11, ""黄帝"": 337}"
GCI-HOLD-0002,214,data/CASIA-LM_ChineseWebText2.0_partial-000214.parquet,126858691,d8472b4b05c84db5781ec22fc6b31a02b12d2671ea958cd98da7abe73de0ac22,100000,1,2008,"{""九黎"": 1, ""共工"": 20, ""后土"": 12, ""太昊"": 1, ""太皞"": 1, ""女娃"": 7, ""女娲"": 68, ""少昊"": 9, ""少皞"": 1, ""帝江"": 2, ""应龙"": 41, ""有熊氏"": 1, ""涿鹿"": 13, ""炎帝"": 43, ""神农"": 202, ""禹"": 754, ""精卫"": 32, ""蚩尤"": 45, ""赤帝"": 5, ""轩辕"": 260, ""轩辕氏"": 4, ""阪泉"": 3, ""雨师"": 4, ""颛顼"": 39, ""风伯"": 3, ""鲧"": 10, ""黄帝"": 426, ""黄帝氏"": 1}"
GCI-HOLD-0002,215,data/CASIA-LM_ChineseWebText2.0_partial-000215.parquet,126568770,b9bf4c5480a67bfc9da6297eb887793d859d5ab7a33df2a4f56474ec9be46868,100000,1,1838,"{""九黎"": 7, ""共工"": 27, ""后土"": 15, ""太昊"": 2, ""女娃"": 20, ""女娲"": 62, ""少昊"": 6, ""帝江"": 1, ""应龙"": 36, ""涿鹿"": 7, ""炎帝"": 24, ""神农"": 195, ""禹"": 788, ""精卫"": 40, ""蚩尤"": 29, ""赤帝"": 13, ""轩辕"": 207, ""轩辕氏"": 1, ""阪泉"": 1, ""雨师"": 3, ""颛顼"": 17, ""风伯"": 3, ""鲧"": 26, ""黄帝"": 308}"
GCI-HOLD-0002,216,data/CASIA-LM_ChineseWebText2.0_partial-000216.parquet,126650918,c492c6021cf2e862c8df310ce9c0f1ac870b8e180471375a1643febc547cce5b,100000,1,1858,"{""九黎"": 6, ""共工"": 51, ""共工氏"": 4, ""句龙"": 1, ""后土"": 18, ""太昊"": 11, ""女娃"": 21, ""女娲"": 59, ""少昊"": 8, ""少皞"": 1, ""帝江"": 1, ""应龙"": 22, ""涿鹿"": 38, ""炎帝"": 38, ""神农"": 224, ""禹"": 705, ""精卫"": 42, ""蚩尤"": 90, ""轩辕"": 136, ""轩辕氏"": 1, ""阪泉"": 2, ""雨师"": 2, ""颛顼"": 34, ""风伯"": 6, ""黄帝"": 336, ""黄帝氏"": 1}"
GCI-HOLD-0002,217,data/CASIA-LM_ChineseWebText2.0_partial-000217.parquet,126876909,ec31a0c3852d20771814be71afe9e409279dec506f919e4ef1508bbcebf13196,100000,1,2244,"{""九黎"": 22, ""共工"": 43, ""共工氏"": 8, ""句龙"": 1, ""后土"": 33, ""太昊"": 8, ""女娃"": 26, ""女娲"": 80, ""少昊"": 7, ""少皞"": 1, ""帝江"": 2, ""帝鸿"": 3, ""帝鸿氏"": 1, ""应龙"": 26, ""有熊氏"": 2, ""榆罔"": 3, ""涿鹿"": 41, ""炎帝"": 80, ""神农"": 188, ""禹"": 802, ""精卫"": 58, ""缙云氏"": 12, ""蚩尤"": 37, ""赤帝"": 4, ""轩辕"": 385, ""轩辕氏"": 2, ""阪泉"": 5, ""雨师"": 5, ""颛顼"": 31, ""风伯"": 2, ""鲧"": 9, ""黄帝"": 317}"
GCI-HOLD-0002,218,data/CASIA-LM_ChineseWebText2.0_partial-000218.parquet,127029048,ee769c913f02a53beebbe2b662f6f694ed1f06898f0c9fc102cb93c145f918c5,100000,1,2365,"{""九黎"": 15, ""共工"": 30, ""后土"": 32, ""太昊"": 28, ""女娃"": 37, ""女娲"": 78, ""少昊"": 74, ""帝江"": 3, ""帝鸿"": 1, ""应龙"": 54, ""有熊氏"": 1, ""涿鹿"": 13, ""炎帝"": 81, ""神农"": 311, ""禹"": 757, ""精卫"": 58, ""蚩尤"": 79, ""赤帝"": 2, ""轩辕"": 257, ""轩辕氏"": 5, ""阪泉"": 2, ""雨师"": 13, ""颛顼"": 27, ""风伯"": 17, ""鲧"": 11, ""黄帝"": 379}"
GCI-HOLD-0002,219,data/CASIA-LM_ChineseWebText2.0_partial-000219.parquet,126933185,fbf72dd9927fbb32b8900124c78caeb7e675e0bacad357edd3553ed90de5094a,100000,1,2305,"{""九黎"": 17, ""共工"": 58, ""共工氏"": 3, ""后土"": 16, ""太昊"": 1, ""女娃"": 30, ""女娲"": 75, ""少昊"": 6, ""帝江"": 3, ""应龙"": 34, ""有熊氏"": 6, ""涿鹿"": 38, ""炎帝"": 104, ""神农"": 220, ""禹"": 762, ""精卫"": 52, ""蚩尤"": 99, ""赤帝"": 3, ""轩辕"": 303, ""轩辕氏"": 9, ""阪泉"": 6, ""雨师"": 3, ""颛顼"": 19, ""风伯"": 4, ""鲧"": 37, ""黄帝"": 396, ""黄帝氏"": 1}"
GCI-HOLD-0002,220,data/CASIA-LM_ChineseWebText2.0_partial-000220.parquet,126787045,e726e1563f5b2828716dfdc879a1fddd109cf5ef841a1ad33ef50d01ab331ea6,100000,1,2089,"{""九黎"": 16, ""共工"": 26, ""共工氏"": 3, ""句龙"": 1, ""后土"": 38, ""太昊"": 4, ""女娃"": 19, ""女娲"": 78, ""少昊"": 14, ""少皞"": 1, ""帝江"": 9, ""应龙"": 21, ""有熊氏"": 1, ""榆罔"": 2, ""涿鹿"": 38, ""炎帝"": 77, ""神农"": 259, ""禹"": 802, ""精卫"": 13, ""蚩尤"": 66, ""赤帝"": 4, ""轩辕"": 224, ""轩辕氏"": 15, ""阪泉"": 10, ""雨师"": 4, ""颛顼"": 21, ""风伯"": 22, ""鲧"": 15, ""黄帝"": 286}"
GCI-HOLD-0002,221,data/CASIA-LM_ChineseWebText2.0_partial-000221.parquet,127262890,32b0440ad0b060bedce0527d0b8fb95e36936083410b3e2c3bd68aa6c455b51c,100000,1,2063,"{""九黎"": 41, ""共工"": 22, ""后土"": 17, ""太昊"": 3, ""女娃"": 18, ""女娲"": 65, ""少昊"": 11, ""应龙"": 15, ""有熊氏"": 2, ""涿鹿"": 40, ""炎帝"": 47, ""神农"": 168, ""禹"": 723, ""精卫"": 24, ""缙云氏"": 1, ""蚩尤"": 114, ""赤帝"": 1, ""轩辕"": 316, ""轩辕氏"": 13, ""阪泉"": 6, ""雨师"": 16, ""颛顼"": 20, ""风伯"": 15, ""鲧"": 31, ""黄帝"": 334}"
GCI-HOLD-0002,222,data/CASIA-LM_ChineseWebText2.0_partial-000222.parquet,127503335,807e7cab747bf21dcba833bd9191141148a474922e80dac0bf69bf21bb894c5d,100000,1,1903,"{""九黎"": 6, ""共工"": 87, ""共工氏"": 10, ""后土"": 9, ""太昊"": 7, ""女娃"": 19, ""女娲"": 71, ""少昊"": 9, ""帝江"": 4, ""应龙"": 21, ""有熊氏"": 3, ""涿鹿"": 38, ""炎帝"": 72, ""神农"": 207, ""禹"": 643, ""精卫"": 30, ""蚩尤"": 63, ""赤帝"": 6, ""轩辕"": 193, ""轩辕氏"": 6, ""阪泉"": 4, ""雨师"": 6, ""颛顼"": 15, ""风伯"": 4, ""鲧"": 21, ""黄帝"": 349}"
GCI-HOLD-0002,223,data/CASIA-LM_ChineseWebText2.0_partial-000223.parquet,127189025,506445fd44d4d10bd1b508ea796cc8163afe271c21f5f247a051c90da654cde5,100000,1,2106,"{""九黎"": 8, ""共工"": 61, ""共工氏"": 2, ""句龙"": 2, ""后土"": 28, ""太昊"": 9, ""女娃"": 12, ""女娲"": 69, ""少昊"": 13, ""帝江"": 2, ""应龙"": 38, ""有熊氏"": 1, ""涿鹿"": 43, ""炎帝"": 37, ""神农"": 180, ""禹"": 811, ""精卫"": 83, ""蚩尤"": 75, ""赤帝"": 5, ""轩辕"": 219, ""轩辕氏"": 4, ""阪泉"": 7, ""雨师"": 8, ""颛顼"": 29, ""风伯"": 2, ""鲧"": 8, ""黄帝"": 350}"
GCI-HOLD-0002,224,data/CASIA-LM_ChineseWebText2.0_partial-000224.parquet,126851159,cc1c00cc677f9da011b250ee95db6f08bde225069e730639b957f0849e3e6029,100000,1,1964,"{""九黎"": 6, ""共工"": 43, ""共工氏"": 5, ""后土"": 41, ""太昊"": 3, ""女娃"": 27, ""女娲"": 116, ""少昊"": 9, ""帝江"": 1, ""帝鸿"": 3, ""应龙"": 21, ""有熊氏"": 1, ""榆罔"": 2, ""涿鹿"": 25, ""炎帝"": 52, ""神农"": 212, ""禹"": 664, ""精卫"": 46, ""蚩尤"": 81, ""赤帝"": 4, ""轩辕"": 258, ""雨师"": 7, ""颛顼"": 40, ""风伯"": 2, ""鲧"": 23, ""黄帝"": 272}"
GCI-HOLD-0002,225,data/CASIA-LM_ChineseWebText2.0_partial-000225.parquet,126851372,6cbc81b3591a0f0a39d5f1881661607d73beb83be7297c1e497f2743eb774bdb,100000,1,2097,"{""九黎"": 12, ""共工"": 29, ""共工氏"": 2, ""句龙"": 3, ""后土"": 69, ""太昊"": 15, ""女娃"": 21, ""女娲"": 77, ""少昊"": 35, ""少皞"": 1, ""应龙"": 30, ""有熊氏"": 2, ""榆罔"": 1, ""涿鹿"": 31, ""炎帝"": 67, ""神农"": 133, ""禹"": 775, ""精卫"": 19, ""蚩尤"": 73, ""赤帝"": 7, ""轩辕"": 201, ""轩辕氏"": 4, ""阪泉"": 1, ""雨师"": 1, ""颛顼"": 58, ""风伯"": 1, ""鲧"": 30, ""黄帝"": 398, ""黄帝氏"": 1}"
GCI-HOLD-0002,226,data/CASIA-LM_ChineseWebText2.0_partial-000226.parquet,127355750,9c25efe743251b30afd84fe085180f0c93944088982b85bbef19ae393522c89c,100000,1,2249,"{""九黎"": 9, ""共工"": 48, ""共工氏"": 2, ""句龙"": 2, ""后土"": 44, ""太昊"": 6, ""女娃"": 28, ""女娲"": 68, ""少昊"": 43, ""帝鸿"": 1, ""应龙"": 29, ""有熊氏"": 3, ""榆罔"": 3, ""涿鹿"": 58, ""炎帝"": 62, ""神农"": 167, ""禹"": 766, ""精卫"": 58, ""蚩尤"": 61, ""赤帝"": 21, ""轩辕"": 227, ""轩辕氏"": 4, ""阪泉"": 2, ""雨师"": 31, ""颛顼"": 93, ""风伯"": 1, ""鲧"": 9, ""黄帝"": 401, ""黄帝氏"": 2}"
GCI-HOLD-0002,227,data/CASIA-LM_ChineseWebText2.0_partial-000227.parquet,127002571,478a55557a978962718fced939a46f0202ee77e7b842b29b222d2fd3ab89d660,100000,1,1779,"{""九黎"": 31, ""共工"": 37, ""共工氏"": 2, ""后土"": 52, ""太昊"": 3, ""太皞"": 1, ""女娃"": 16, ""女娲"": 89, ""少昊"": 6, ""少皞"": 3, ""应龙"": 51, ""有熊氏"": 1, ""涿鹿"": 15, ""炎帝"": 38, ""神农"": 157, ""禹"": 623, ""精卫"": 24, ""缙云氏"": 1, ""蚩尤"": 86, ""赤帝"": 2, ""轩辕"": 253, ""轩辕氏"": 2, ""阪泉"": 1, ""雨师"": 3, ""颛顼"": 38, ""风伯"": 1, ""鲧"": 23, ""黄帝"": 220}"
GCI-HOLD-0002,228,data/CASIA-LM_ChineseWebText2.0_partial-000228.parquet,127402197,0e1b90b022391bab08b0131330f5e80d78b4320d5d6bd78a547f047e9dc7a468,100000,1,2372,"{""九黎"": 13, ""共工"": 30, ""共工氏"": 1, ""后土"": 22, ""太昊"": 18, ""太皞"": 2, ""女娃"": 16, ""女娲"": 83, ""少昊"": 21, ""少皞"": 2, ""帝江"": 4, ""应龙"": 21, ""有熊氏"": 3, ""榆罔"": 2, ""涿鹿"": 29, ""炎帝"": 55, ""神农"": 252, ""禹"": 791, ""精卫"": 41, ""缙云氏"": 5, ""蚩尤"": 80, ""赤帝"": 4, ""轩辕"": 380, ""轩辕氏"": 13, ""阪泉"": 4, ""雨师"": 3, ""颛顼"": 33, ""风伯"": 6, ""鲧"": 36, ""黄帝"": 402}"
GCI-HOLD-0002,229,data/CASIA-LM_ChineseWebText2.0_partial-000229.parquet,127457034,41eb632b8bc3a2a6242f9e6bb8e0a5bee2ecfe48104cb0dd07d3b9c104057c38,100000,1,2171,"{""九黎"": 14, ""共工"": 39, ""共工氏"": 1, ""后土"": 16, ""太昊"": 6, ""太皞"": 1, ""女娃"": 11, ""女娲"": 102, ""少昊"": 11, ""帝江"": 3, ""帝鸿"": 5, ""帝鸿氏"": 1, ""应龙"": 18, ""涿鹿"": 29, ""炎帝"": 84, ""神农"": 192, ""禹"": 684, ""精卫"": 21, ""缙云氏"": 27, ""蚩尤"": 59, ""赤帝"": 5, ""轩辕"": 257, ""轩辕氏"": 2, ""阪泉"": 3, ""雨师"": 6, ""颛顼"": 27, ""风伯"": 4, ""鲧"": 23, ""黄帝"": 514, ""黄帝氏"": 6}"
GCI-HOLD-0002,230,data/CASIA-LM_ChineseWebText2.0_partial-000230.parquet,127324981,00c28fd3299dc9bf1dd461531536a66dd2f130db7a16af8e0bddc3cab2f9da86,100000,1,2304,"{""九黎"": 11, ""共工"": 75, ""共工氏"": 5, ""后土"": 28, ""太昊"": 18, ""女娃"": 17, ""女娲"": 116, ""少昊"": 8, ""帝江"": 1, ""帝鸿"": 3, ""帝鸿氏"": 1, ""应龙"": 43, ""有熊氏"": 7, ""涿鹿"": 23, ""炎帝"": 99, ""神农"": 202, ""禹"": 797, ""精卫"": 44, ""蚩尤"": 65, ""赤帝"": 2, ""轩辕"": 235, ""轩辕氏"": 15, ""阪泉"": 8, ""雨师"": 5, ""颛顼"": 66, ""风伯"": 3, ""鲧"": 20, ""黄帝"": 385, ""黄帝氏"": 2}"
GCI-HOLD-0002,231,data/CASIA-LM_ChineseWebText2.0_partial-000231.parquet,126910872,18788b0d371c680c02288d89d9af79244fccc1ed48f56cdb771a68f67f2b28bd,100000,1,2586,"{""九黎"": 37, ""共工"": 62, ""共工氏"": 17, ""后土"": 23, ""太昊"": 50, ""太皞"": 10, ""女娃"": 24, ""女娲"": 91, ""少昊"": 58, ""少皞"": 15, ""帝江"": 1, ""应龙"": 64, ""有熊氏"": 2, ""榆罔"": 1, ""涿鹿"": 54, ""炎帝"": 79, ""神农"": 225, ""禹"": 676, ""精卫"": 66, ""蚩尤"": 166, ""赤帝"": 2, ""轩辕"": 398, ""轩辕氏"": 8, ""阪泉"": 3, ""雨师"": 37, ""颛顼"": 41, ""风伯"": 8, ""鲧"": 60, ""黄帝"": 306, ""黄帝氏"": 2}"
GCI-HOLD-0002,232,data/CASIA-LM_ChineseWebText2.0_partial-000232.parquet,127508830,123d04cf5d57d22d5c8f67dd1d299ea8a670345c8a3adb34fddf4b8d4842010f,100000,1,2124,"{""九黎"": 20, ""共工"": 38, ""共工氏"": 3, ""后土"": 18, ""太昊"": 10, ""太皞"": 2, ""女娃"": 11, ""女娲"": 118, ""少昊"": 8, ""少皞"": 2, ""帝江"": 8, ""帝鸿"": 1, ""应龙"": 56, ""有熊氏"": 2, ""涿鹿"": 24, ""炎帝"": 73, ""神农"": 160, ""禹"": 698, ""精卫"": 25, ""蚩尤"": 105, ""赤帝"": 6, ""轩辕"": 299, ""轩辕氏"": 5, ""阪泉"": 3, ""雨师"": 4, ""颛顼"": 49, ""风伯"": 4, ""鲧"": 26, ""黄帝"": 345, ""黄帝氏"": 1}"
GCI-HOLD-0002,233,data/CASIA-LM_ChineseWebText2.0_partial-000233.parquet,127678275,67d5c2b337dcb42718b80b9183d71a2b671a93f52e972065cf2e0ca28a82a243,100000,1,2231,"{""九黎"": 34, ""共工"": 25, ""后土"": 20, ""太昊"": 7, ""女娃"": 26, ""女娲"": 85, ""少昊"": 12, ""少皞"": 2, ""帝鸿"": 1, ""应龙"": 20, ""涿鹿"": 32, ""炎帝"": 128, ""神农"": 217, ""禹"": 813, ""精卫"": 52, ""蚩尤"": 48, ""赤帝"": 10, ""轩辕"": 280, ""轩辕氏"": 3, ""阪泉"": 20, ""雨师"": 1, ""颛顼"": 21, ""风伯"": 3, ""鲧"": 39, ""黄帝"": 332}"
GCI-HOLD-0002,234,data/CASIA-LM_ChineseWebText2.0_partial-000234.parquet,127111083,8751b5c7fd349068ed0c139b2b87d94edef29d03a11243814b3e503eb8ef1289,100000,1,1999,"{""九黎"": 11, ""共工"": 43, ""共工氏"": 5, ""句龙"": 3, ""后土"": 28, ""太昊"": 9, ""太皞"": 1, ""女娃"": 19, ""女娲"": 102, ""少昊"": 30, ""少皞"": 1, ""帝江"": 5, ""帝鸿"": 1, ""帝鸿氏"": 1, ""应龙"": 14, ""榆罔"": 1, ""涿鹿"": 19, ""炎帝"": 54, ""神农"": 175, ""禹"": 719, ""精卫"": 25, ""缙云氏"": 1, ""蚩尤"": 54, ""赤帝"": 3, ""轩辕"": 223, ""轩辕氏"": 5, ""阪泉"": 2, ""雨师"": 10, ""颛顼"": 59, ""风伯"": 2, ""鲧"": 34, ""黄帝"": 340}"
GCI-HOLD-0002,235,data/CASIA-LM_ChineseWebText2.0_partial-000235.parquet,127354281,04ab4f764ed9f7fa3774d216f91a34231fc7ef4c3795bb99dc21eb4163c3ef2d,100000,1,2290,"{""九黎"": 9, ""共工"": 49, ""共工氏"": 5, ""后土"": 26, ""太昊"": 8, ""女娃"": 20, ""女娲"": 71, ""少昊"": 11, ""少皞"": 1, ""帝江"": 4, ""帝鸿"": 1, ""帝鸿氏"": 1, ""应龙"": 38, ""有熊氏"": 2, ""榆罔"": 2, ""涿鹿"": 34, ""炎帝"": 62, ""神农"": 281, ""禹"": 766, ""精卫"": 25, ""缙云氏"": 4, ""蚩尤"": 80, ""赤帝"": 2, ""轩辕"": 270, ""轩辕氏"": 12, ""阪泉"": 2, ""雨师"": 11, ""颛顼"": 35, ""风伯"": 3, ""鲧"": 29, ""黄帝"": 426}"
GCI-HOLD-0002,236,data/CASIA-LM_ChineseWebText2.0_partial-000236.parquet,127267630,2f46f1544aa205d5b2a11ac5c6901317f9743f544fbf13b80fcc308629ce21ce,100000,1,1838,"{""九黎"": 8, ""共工"": 40, ""共工氏"": 2, ""句龙"": 1, ""后土"": 27, ""太昊"": 3, ""女娃"": 17, ""女娲"": 76, ""少昊"": 8, ""少皞"": 1, ""应龙"": 25, ""有熊氏"": 1, ""榆罔"": 1, ""涿鹿"": 27, ""炎帝"": 67, ""神农"": 160, ""禹"": 662, ""精卫"": 76, ""蚩尤"": 70, ""赤帝"": 3, ""轩辕"": 166, ""轩辕氏"": 4, ""阪泉"": 2, ""雨师"": 33, ""颛顼"": 17, ""风伯"": 3, ""鲧"": 13, ""黄帝"": 325}"
GCI-HOLD-0002,237,data/CASIA-LM_ChineseWebText2.0_partial-000237.parquet,127057463,3aa1e8685080cfbf2512dde45fb460779582ecd6ca7c8fc35f082db4e7730a51,100000,1,1982,"{""九黎"": 24, ""共工"": 35, ""共工氏"": 2, ""句龙"": 3, ""后土"": 30, ""太昊"": 5, ""太皞"": 1, ""女娃"": 11, ""女娲"": 76, ""少昊"": 14, ""少皞"": 3, ""帝江"": 5, ""帝鸿"": 2, ""帝鸿氏"": 1, ""应龙"": 22, ""有熊氏"": 3, ""榆罔"": 1, ""涿鹿"": 14, ""炎帝"": 98, ""神农"": 219, ""禹"": 708, ""精卫"": 42, ""蚩尤"": 35, ""轩辕"": 179, ""轩辕氏"": 7, ""阪泉"": 15, ""雨师"": 3, ""颛顼"": 21, ""风伯"": 1, ""鲧"": 16, ""黄帝"": 385, ""黄帝氏"": 1}"
GCI-HOLD-0002,238,data/CASIA-LM_ChineseWebText2.0_partial-000238.parquet,126409504,4c44814b1be42e80a40b60caf948f81e07d62873e4dedc8763183b4beb739926,100000,1,1893,"{""九黎"": 12, ""共工"": 15, ""共工氏"": 1, ""句龙"": 1, ""后土"": 26, ""太昊"": 7, ""女娃"": 16, ""女娲"": 61, ""少昊"": 12, ""帝江"": 1, ""帝鸿"": 4, ""帝鸿氏"": 2, ""应龙"": 32, ""有熊氏"": 5, ""涿鹿"": 36, ""炎帝"": 50, ""神农"": 149, ""禹"": 663, ""精卫"": 70, ""缙云氏"": 8, ""蚩尤"": 44, ""赤帝"": 6, ""轩辕"": 285, ""雨师"": 15, ""颛顼"": 68, ""风伯"": 7, ""鲧"": 13, ""黄帝"": 284}"
GCI-HOLD-0002,239,data/CASIA-LM_ChineseWebText2.0_partial-000239.parquet,127343108,a0fada35c361be72f31ad60e8a9691916401840f8c5fc9b4610063102fac819b,100000,1,2137,"{""九黎"": 7, ""共工"": 49, ""共工氏"": 11, ""后土"": 8, ""太昊"": 21, ""太皞"": 3, ""女娃"": 11, ""女娲"": 116, ""少昊"": 19, ""少皞"": 1, ""帝江"": 8, ""帝鸿"": 2, ""帝鸿氏"": 1, ""应龙"": 16, ""有熊氏"": 3, ""榆罔"": 3, ""涿鹿"": 22, ""炎帝"": 69, ""神农"": 244, ""禹"": 674, ""精卫"": 21, ""蚩尤"": 72, ""赤帝"": 6, ""轩辕"": 207, ""轩辕氏"": 7, ""阪泉"": 2, ""雨师"": 23, ""颛顼"": 41, ""风伯"": 2, ""鲧"": 34, ""黄帝"": 434}"
GCI-HOLD-0002,240,data/CASIA-LM_ChineseWebText2.0_partial-000240.parquet,127099651,75ef46545982de904185565de6f0b46bb46c4bd476380f889b71dd063128cb51,100000,1,2097,"{""九黎"": 13, ""共工"": 26, ""共工氏"": 2, ""后土"": 19, ""太昊"": 6, ""女娃"": 21, ""女娲"": 105, ""少昊"": 13, ""帝江"": 13, ""帝鸿"": 3, ""应龙"": 11, ""有熊氏"": 5, ""涿鹿"": 25, ""炎帝"": 71, ""神农"": 229, ""禹"": 646, ""精卫"": 29, ""蚩尤"": 106, ""赤帝"": 4, ""轩辕"": 269, ""轩辕氏"": 2, ""阪泉"": 3, ""雨师"": 3, ""颛顼"": 31, ""风伯"": 3, ""鲧"": 6, ""黄帝"": 431, ""黄帝氏"": 2}"
GCI-HOLD-0002,241,data/CASIA-LM_ChineseWebText2.0_partial-000241.parquet,127416828,06ae4c2859a5aa635c7a055e8b3b08a9bba6cee61e7d4dd9850ed9b07c848fb8,100000,1,2357,"{""九黎"": 12, ""共工"": 22, ""共工氏"": 3, ""后土"": 16, ""太昊"": 24, ""太皞"": 2, ""女娃"": 19, ""女娲"": 170, ""少昊"": 4, ""少皞"": 2, ""帝江"": 2, ""应龙"": 20, ""有熊氏"": 8, ""榆罔"": 5, ""涿鹿"": 14, ""炎帝"": 123, ""神农"": 220, ""禹"": 778, ""精卫"": 28, ""蚩尤"": 36, ""赤帝"": 8, ""轩辕"": 361, ""轩辕氏"": 20, ""阪泉"": 1, ""雨师"": 10, ""颛顼"": 33, ""风伯"": 1, ""鲧"": 38, ""黄帝"": 377}"
GCI-HOLD-0002,242,data/CASIA-LM_ChineseWebText2.0_partial-000242.parquet,126726118,68c519dc5c60fccb858b5c2fc26ebc535f8245e6f97d58c48ac4b66409da9bf2,100000,1,2165,"{""九黎"": 38, ""共工"": 23, ""共工氏"": 1, ""句龙"": 3, ""后土"": 35, ""太昊"": 3, ""太皞"": 4, ""女娃"": 35, ""女娲"": 70, ""少昊"": 9, ""少皞"": 1, ""帝江"": 17, ""应龙"": 38, ""榆罔"": 1, ""涿鹿"": 37, ""炎帝"": 81, ""神农"": 160, ""禹"": 698, ""精卫"": 27, ""蚩尤"": 112, ""赤帝"": 4, ""轩辕"": 273, ""轩辕氏"": 4, ""阪泉"": 6, ""雨师"": 6, ""颛顼"": 25, ""风伯"": 3, ""鲧"": 10, ""黄帝"": 441}"
GCI-HOLD-0002,243,data/CASIA-LM_ChineseWebText2.0_partial-000243.parquet,127388765,ae24f5fa99b880b09775c790d862454ee950969bc75f52c259cc3ec95612a4bc,100000,1,2237,"{""九黎"": 13, ""共工"": 61, ""共工氏"": 4, ""句龙"": 1, ""后土"": 23, ""太昊"": 2, ""女娃"": 14, ""女娲"": 79, ""少昊"": 15, ""帝江"": 21, ""帝鸿"": 2, ""帝鸿氏"": 2, ""应龙"": 25, ""有熊氏"": 2, ""涿鹿"": 10, ""炎帝"": 56, ""神农"": 238, ""禹"": 1031, ""精卫"": 27, ""缙云氏"": 1, ""蚩尤"": 41, ""轩辕"": 230, ""轩辕氏"": 2, ""阪泉"": 2, ""雨师"": 3, ""颛顼"": 29, ""风伯"": 3, ""鲧"": 18, ""黄帝"": 282}"
GCI-HOLD-0002,244,data/CASIA-LM_ChineseWebText2.0_partial-000244.parquet,127201670,a6111f25733b5f9ef229a33afeae68e97ced9d7a87f31e73bdd8f2c9aa984411,100000,1,2046,"{""九黎"": 1, ""共工"": 36, ""共工氏"": 2, ""后土"": 49, ""太昊"": 6, ""女娃"": 32, ""女娲"": 64, ""少昊"": 6, ""少皞"": 5, ""帝江"": 3, ""帝鸿"": 8, ""帝鸿氏"": 4, ""应龙"": 31, ""有熊氏"": 1, ""涿鹿"": 55, ""炎帝"": 101, ""神农"": 177, ""禹"": 703, ""精卫"": 40, ""蚩尤"": 135, ""赤帝"": 1, ""轩辕"": 227, ""轩辕氏"": 4, ""阪泉"": 2, ""雨师"": 8, ""颛顼"": 26, ""风伯"": 1, ""鲧"": 10, ""黄帝"": 308}"
GCI-HOLD-0002,245,data/CASIA-LM_ChineseWebText2.0_partial-000245.parquet,127128834,e15a1914ea2f43ee15e9638de3dffd0b8277b37f824d3249e50929ca444e9571,100000,1,1930,"{""九黎"": 22, ""共工"": 26, ""共工氏"": 1, ""后土"": 20, ""太昊"": 13, ""女娃"": 52, ""女娲"": 79, ""少昊"": 5, ""少皞"": 2, ""帝江"": 2, ""应龙"": 40, ""有熊氏"": 2, ""榆罔"": 4, ""涿鹿"": 26, ""炎帝"": 64, ""神农"": 159, ""禹"": 714, ""精卫"": 41, ""缙云氏"": 2, ""蚩尤"": 42, ""赤帝"": 5, ""轩辕"": 290, ""轩辕氏"": 4, ""雨师"": 4, ""颛顼"": 24, ""鲧"": 17, ""黄帝"": 270}"
GCI-HOLD-0002,246,data/CASIA-LM_ChineseWebText2.0_partial-000246.parquet,127749811,a2a05e73ee98e5988c8d66953ef15ce6af0cfeb99c524f354604cb598316a61e,100000,1,2382,"{""九黎"": 32, ""共工"": 30, ""共工氏"": 5, ""后土"": 27, ""太昊"": 5, ""女娃"": 14, ""女娲"": 77, ""少昊"": 18, ""帝江"": 9, ""帝鸿"": 4, ""帝鸿氏"": 3, ""应龙"": 59, ""有熊氏"": 2, ""涿鹿"": 19, ""炎帝"": 118, ""神农"": 300, ""禹"": 715, ""精卫"": 49, ""缙云氏"": 1, ""蚩尤"": 148, ""赤帝"": 3, ""轩辕"": 302, ""轩辕氏"": 5, ""阪泉"": 5, ""雨师"": 11, ""颛顼"": 66, ""风伯"": 5, ""鲧"": 7, ""黄帝"": 341, ""黄帝氏"": 2}"
GCI-HOLD-0002,247,data/CASIA-LM_ChineseWebText2.0_partial-000247.parquet,126803149,910e0ae120d91507dc7d728b6773ec933c114c9337422acbf6d385454c6e27c4,100000,1,2018,"{""九黎"": 10, ""共工"": 28, ""后土"": 35, ""太昊"": 4, ""女娃"": 10, ""女娲"": 76, ""少昊"": 1, ""少皞"": 2, ""帝江"": 7, ""帝鸿"": 1, ""帝鸿氏"": 1, ""应龙"": 22, ""有熊氏"": 3, ""榆罔"": 3, ""涿鹿"": 36, ""炎帝"": 57, ""神农"": 175, ""禹"": 752, ""精卫"": 27, ""缙云氏"": 1, ""蚩尤"": 56, ""赤帝"": 2, ""轩辕"": 246, ""轩辕氏"": 10, ""阪泉"": 8, ""雨师"": 14, ""颛顼"": 19, ""风伯"": 5, ""鲧"": 14, ""黄帝"": 393}"
GCI-HOLD-0002,248,data/CASIA-LM_ChineseWebText2.0_partial-000248.parquet,127303765,ea4533fa0eca7af6701995fc40b95110fe4022b3c9f12f7505de41f3f75cf8dd,100000,1,2136,"{""九黎"": 8, ""共工"": 32, ""共工氏"": 4, ""后土"": 26, ""太昊"": 6, ""女娃"": 21, ""女娲"": 60, ""少昊"": 9, ""帝江"": 9, ""帝鸿"": 1, ""帝鸿氏"": 1, ""应龙"": 23, ""有熊氏"": 2, ""涿鹿"": 14, ""炎帝"": 64, ""神农"": 228, ""禹"": 826, ""精卫"": 35, ""蚩尤"": 36, ""赤帝"": 6, ""轩辕"": 306, ""轩辕氏"": 9, ""阪泉"": 1, ""雨师"": 9, ""颛顼"": 8, ""风伯"": 25, ""鲧"": 10, ""黄帝"": 357}"
GCI-HOLD-0002,249,data/CASIA-LM_ChineseWebText2.0_partial-000249.parquet,127025011,ac9ecead238235c19d974cf0607e2764b6f005bad46d0f4b7818cef3b5ecf27b,100000,1,2134,"{""九黎"": 12, ""共工"": 47, ""共工氏"": 4, ""后土"": 30, ""太昊"": 11, ""女娃"": 16, ""女娲"": 72, ""少昊"": 14, ""帝江"": 2, ""帝鸿"": 1, ""帝鸿氏"": 1, ""应龙"": 27, ""有熊氏"": 1, ""榆罔"": 1, ""涿鹿"": 50, ""炎帝"": 50, ""神农"": 214, ""禹"": 885, ""精卫"": 25, ""蚩尤"": 74, ""赤帝"": 4, ""轩辕"": 193, ""轩辕氏"": 3, ""阪泉"": 4, ""雨师"": 6, ""颛顼"": 35, ""风伯"": 4, ""鲧"": 32, ""黄帝"": 316}"
GCI-HOLD-0002,250,data/CASIA-LM_ChineseWebText2.0_partial-000250.parquet,127227230,0019da6af824aea195b71dc4142fc7ebdc2b66a89ba1e1a840202dadfa832b14,100000,1,2252,"{""九黎"": 27, ""共工"": 31, ""共工氏"": 4, ""后土"": 16, ""太昊"": 12, ""女娃"": 18, ""女娲"": 103, ""少昊"": 19, ""少皞"": 3, ""应龙"": 14, ""有熊氏"": 3, ""涿鹿"": 29, ""炎帝"": 91, ""神农"": 164, ""禹"": 720, ""精卫"": 13, ""缙云氏"": 3, ""蚩尤"": 83, ""赤帝"": 2, ""轩辕"": 281, ""轩辕氏"": 9, ""阪泉"": 17, ""雨师"": 11, ""颛顼"": 36, ""鲧"": 26, ""黄帝"": 515, ""黄帝氏"": 2}"
GCI-HOLD-0002,251,data/CASIA-LM_ChineseWebText2.0_partial-000251.parquet,126649811,5787c3505059375c4ec8158d41912aa498e25fb96f581f3fe8b07a7282807b52,100000,1,2029,"{""九黎"": 7, ""共工"": 29, ""共工氏"": 1, ""后土"": 18, ""太昊"": 19, ""太皞"": 1, ""女娃"": 16, ""女娲"": 72, ""少昊"": 8, ""帝鸿"": 1, ""应龙"": 40, ""涿鹿"": 5, ""炎帝"": 42, ""神农"": 180, ""禹"": 775, ""精卫"": 105, ""蚩尤"": 28, ""赤帝"": 11, ""轩辕"": 252, ""轩辕氏"": 5, ""雨师"": 30, ""颛顼"": 33, ""风伯"": 3, ""鲧"": 27, ""黄帝"": 319, ""黄帝氏"": 2}"
GCI-HOLD-0002,252,data/CASIA-LM_ChineseWebText2.0_partial-000252.parquet,127363637,6168c8395b7054ba25b55cdc740f01a344f402a1fee3e3c3a60e434aca11fee9,100000,1,2227,"{""九黎"": 4, ""共工"": 53, ""共工氏"": 2, ""句龙"": 1, ""后土"": 24, ""太昊"": 27, ""太皞"": 2, ""女娃"": 21, ""女娲"": 80, ""少昊"": 16, ""少皞"": 1, ""应龙"": 46, ""有熊氏"": 1, ""涿鹿"": 23, ""炎帝"": 51, ""神农"": 280, ""禹"": 779, ""精卫"": 37, ""缙云氏"": 5, ""蚩尤"": 66, ""赤帝"": 5, ""轩辕"": 273, ""轩辕氏"": 2, ""阪泉"": 2, ""雨师"": 4, ""颛顼"": 47, ""风伯"": 3, ""鲧"": 31, ""黄帝"": 341}"
GCI-HOLD-0002,253,data/CASIA-LM_ChineseWebText2.0_partial-000253.parquet,127369459,9645dd7e3ecf43326d8f4e1aaad93fd1107c7a47a1e74ded5fca2e8b33b19d9d,100000,1,2455,"{""九黎"": 17, ""共工"": 29, ""共工氏"": 1, ""后土"": 17, ""太昊"": 7, ""女娃"": 9, ""女娲"": 75, ""少昊"": 3, ""帝江"": 7, ""帝鸿"": 1, ""应龙"": 18, ""有熊氏"": 3, ""榆罔"": 6, ""涿鹿"": 43, ""炎帝"": 100, ""神农"": 182, ""禹"": 797, ""精卫"": 25, ""蚩尤"": 102, ""赤帝"": 3, ""轩辕"": 439, ""轩辕氏"": 6, ""阪泉"": 42, ""雨师"": 4, ""颛顼"": 12, ""风伯"": 3, ""鲧"": 26, ""黄帝"": 478}"
GCI-HOLD-0002,254,data/CASIA-LM_ChineseWebText2.0_partial-000254.parquet,126584087,0f4aa95a45833b764ac91e6d7e8d31cf52a14d569d718f433927fa4b44bf2e3f,100000,1,2016,"{""九黎"": 20, ""共工"": 46, ""共工氏"": 6, ""句龙"": 1, ""后土"": 24, ""太昊"": 10, ""太皞"": 1, ""女娃"": 17, ""女娲"": 97, ""少昊"": 10, ""少皞"": 3, ""帝江"": 2, ""帝鸿"": 2, ""帝鸿氏"": 2, ""应龙"": 30, ""有熊氏"": 4, ""榆罔"": 1, ""涿鹿"": 17, ""炎帝"": 87, ""神农"": 180, ""禹"": 676, ""精卫"": 58, ""蚩尤"": 64, ""赤帝"": 8, ""轩辕"": 240, ""轩辕氏"": 10, ""阪泉"": 3, ""雨师"": 2, ""颛顼"": 26, ""风伯"": 6, ""鲧"": 12, ""黄帝"": 351}"
GCI-HOLD-0002,255,data/CASIA-LM_ChineseWebText2.0_partial-000255.parquet,127477331,d2a9a7acea2ff9376766f25f2d22cd624fe3069a7fa9697cb824b3db3046001a,100000,1,2213,"{""九黎"": 10, ""共工"": 20, ""共工氏"": 1, ""句龙"": 1, ""后土"": 22, ""太昊"": 8, ""女娃"": 10, ""女娲"": 74, ""少昊"": 14, ""少皞"": 1, ""帝江"": 6, ""应龙"": 17, ""有熊氏"": 5, ""榆罔"": 1, ""涿鹿"": 16, ""炎帝"": 82, ""神农"": 212, ""禹"": 960, ""精卫"": 28, ""缙云氏"": 2, ""蚩尤"": 54, ""赤帝"": 5, ""轩辕"": 228, ""轩辕氏"": 8, ""阪泉"": 3, ""雨师"": 12, ""颛顼"": 14, ""风伯"": 5, ""鲧"": 13, ""黄帝"": 381}"
GCI-HOLD-0002,256,data/CASIA-LM_ChineseWebText2.0_partial-000256.parquet,127537146,429dbc181e73f08418216b292e27036e7a9692f075522be96ac30ccb1ce38ae6,100000,1,2316,"{""九黎"": 19, ""共工"": 22, ""共工氏"": 1, ""后土"": 62, ""太昊"": 15, ""女娃"": 12, ""女娲"": 100, ""少昊"": 24, ""帝江"": 2, ""帝鸿"": 1, ""帝鸿氏"": 1, ""应龙"": 22, ""有熊氏"": 2, ""榆罔"": 2, ""涿鹿"": 40, ""炎帝"": 50, ""神农"": 169, ""禹"": 899, ""精卫"": 17, ""蚩尤"": 149, ""赤帝"": 7, ""轩辕"": 296, ""轩辕氏"": 9, ""阪泉"": 6, ""雨师"": 6, ""颛顼"": 15, ""风伯"": 5, ""鲧"": 12, ""黄帝"": 351}"
GCI-HOLD-0002,257,data/CASIA-LM_ChineseWebText2.0_partial-000257.parquet,126502265,715e04a87ce7ce91309fb7993dbb06d900612b7c73f80a2c213be9e24d100600,100000,1,1911,"{""九黎"": 9, ""共工"": 27, ""共工氏"": 1, ""后土"": 21, ""太昊"": 5, ""女娃"": 7, ""女娲"": 60, ""少昊"": 3, ""少皞"": 8, ""帝江"": 3, ""帝鸿"": 1, ""应龙"": 16, ""涿鹿"": 15, ""炎帝"": 57, ""神农"": 238, ""禹"": 804, ""精卫"": 72, ""蚩尤"": 43, ""赤帝"": 3, ""轩辕"": 183, ""轩辕氏"": 6, ""阪泉"": 2, ""雨师"": 15, ""颛顼"": 12, ""风伯"": 1, ""鲧"": 24, ""黄帝"": 275}"
GCI-HOLD-0002,258,data/CASIA-LM_ChineseWebText2.0_partial-000258.parquet,126209127,53be32a8d53c17363fd743f6202fe8c4d049c0141cc29fabfb2dee54f4dd7955,100000,1,2204,"{""九黎"": 5, ""共工"": 30, ""共工氏"": 3, ""句龙"": 1, ""后土"": 17, ""太昊"": 27, ""女娃"": 16, ""女娲"": 91, ""少昊"": 9, ""少皞"": 7, ""帝江"": 5, ""帝鸿"": 3, ""帝鸿氏"": 1, ""应龙"": 29, ""涿鹿"": 23, ""炎帝"": 54, ""神农"": 204, ""禹"": 806, ""精卫"": 29, ""缙云氏"": 1, ""蚩尤"": 49, ""赤帝"": 11, ""轩辕"": 309, ""轩辕氏"": 8, ""阪泉"": 2, ""雨师"": 29, ""颛顼"": 21, ""风伯"": 7, ""鲧"": 16, ""黄帝"": 391}"
GCI-HOLD-0002,259,data/CASIA-LM_ChineseWebText2.0_partial-000259.parquet,126617511,28231d011f0c5539c8365608c2a0474686460dc21d3aa362ba24c79c2dfff26d,100000,1,2090,"{""九黎"": 14, ""共工"": 36, ""共工氏"": 1, ""后土"": 14, ""太昊"": 17, ""女娃"": 23, ""女娲"": 159, ""少昊"": 3, ""少皞"": 1, ""帝江"": 5, ""帝鸿"": 1, ""应龙"": 39, ""榆罔"": 2, ""涿鹿"": 33, ""炎帝"": 102, ""神农"": 168, ""禹"": 788, ""精卫"": 32, ""蚩尤"": 105, ""赤帝"": 1, ""轩辕"": 242, ""轩辕氏"": 8, ""阪泉"": 4, ""雨师"": 1, ""颛顼"": 15, ""风伯"": 1, ""鲧"": 8, ""黄帝"": 267}"
GCI-HOLD-0002,260,data/CASIA-LM_ChineseWebText2.0_partial-000260.parquet,127395989,fafc72a06312a164b68efae8d0a39ef0f17adefdd1df894b87a8e2ff20e5f280,100000,1,2242,"{""九黎"": 15, ""共工"": 28, ""共工氏"": 4, ""后土"": 12, ""太昊"": 10, ""女娃"": 13, ""女娲"": 75, ""少昊"": 9, ""帝江"": 1, ""应龙"": 47, ""有熊氏"": 1, ""涿鹿"": 35, ""炎帝"": 136, ""神农"": 220, ""禹"": 717, ""精卫"": 23, ""缙云氏"": 3, ""蚩尤"": 42, ""赤帝"": 5, ""轩辕"": 382, ""轩辕氏"": 1, ""阪泉"": 4, ""雨师"": 9, ""颛顼"": 15, ""风伯"": 9, ""鲧"": 31, ""黄帝"": 394, ""黄帝氏"": 1}"
GCI-HOLD-0002,261,data/CASIA-LM_ChineseWebText2.0_partial-000261.parquet,126986240,c57660498cb9df935a7eb1cee983a948b81df0d2ed032fe304b2089297c1e7ea,100000,1,2240,"{""九黎"": 6, ""共工"": 40, ""共工氏"": 3, ""句龙"": 1, ""后土"": 23, ""太昊"": 2, ""女娃"": 17, ""女娲"": 76, ""少昊"": 3, ""帝江"": 1, ""帝鸿"": 1, ""帝鸿氏"": 1, ""应龙"": 22, ""有熊氏"": 1, ""涿鹿"": 50, ""炎帝"": 31, ""神农"": 173, ""禹"": 749, ""精卫"": 11, ""蚩尤"": 157, ""赤帝"": 4, ""轩辕"": 369, ""轩辕氏"": 2, ""阪泉"": 6, ""雨师"": 23, ""颛顼"": 41, ""风伯"": 4, ""鲧"": 3, ""黄帝"": 420}"
GCI-HOLD-0002,262,data/CASIA-LM_ChineseWebText2.0_partial-000262.parquet,126985607,2d418ed9f9d6ff925adce5d315d18b983fece6cdc3d93aed27d72a6a4021c361,100000,1,2154,"{""九黎"": 23, ""共工"": 27, ""共工氏"": 5, ""后土"": 25, ""太昊"": 32, ""太皞"": 1, ""女娃"": 20, ""女娲"": 86, ""少昊"": 27, ""帝江"": 5, ""应龙"": 23, ""有熊氏"": 3, ""涿鹿"": 26, ""炎帝"": 76, ""神农"": 203, ""禹"": 721, ""精卫"": 26, ""蚩尤"": 110, ""赤帝"": 3, ""轩辕"": 245, ""轩辕氏"": 7, ""雨师"": 8, ""颛顼"": 43, ""风伯"": 15, ""鲧"": 16, ""黄帝"": 375, ""黄帝氏"": 3}"
GCI-HOLD-0002,263,data/CASIA-LM_ChineseWebText2.0_partial-000263.parquet,127194407,8a21b979165c414d0aeda6e6d5e89371ee531bd5313179ccfc0bf590881ac080,100000,1,2152,"{""九黎"": 29, ""共工"": 42, ""共工氏"": 1, ""句龙"": 1, ""后土"": 13, ""太昊"": 1, ""女娃"": 8, ""女娲"": 207, ""少昊"": 27, ""帝江"": 10, ""应龙"": 24, ""有熊氏"": 3, ""涿鹿"": 34, ""炎帝"": 43, ""神农"": 168, ""禹"": 754, ""精卫"": 31, ""缙云氏"": 1, ""蚩尤"": 90, ""赤帝"": 2, ""轩辕"": 263, ""轩辕氏"": 3, ""阪泉"": 5, ""雨师"": 5, ""颛顼"": 22, ""风伯"": 2, ""鲧"": 7, ""黄帝"": 356}"
GCI-HOLD-0002,264,data/CASIA-LM_ChineseWebText2.0_partial-000264.parquet,127332800,d79b98b8cd34be4d1c5cbffe83d9f05e12c9be48e279a2e30c0394a3b55294e4,100000,1,2249,"{""九黎"": 15, ""共工"": 34, ""共工氏"": 7, ""句龙"": 1, ""后土"": 12, ""太昊"": 27, ""太皞"": 3, ""女娃"": 21, ""女娲"": 119, ""少昊"": 12, ""帝江"": 1, ""应龙"": 41, ""有熊氏"": 2, ""涿鹿"": 18, ""炎帝"": 41, ""神农"": 202, ""禹"": 779, ""精卫"": 25, ""蚩尤"": 62, ""赤帝"": 6, ""轩辕"": 322, ""轩辕氏"": 10, ""阪泉"": 4, ""雨师"": 6, ""颛顼"": 19, ""风伯"": 2, ""鲧"": 32, ""黄帝"": 425, ""黄帝氏"": 1}"
GCI-HOLD-0002,265,data/CASIA-LM_ChineseWebText2.0_partial-000265.parquet,127631068,1803afc65b09e286a1322455f9b8d749ca84b7ea020cde21de07889dcbebc051,100000,1,2099,"{""九黎"": 17, ""共工"": 61, ""共工氏"": 18, ""句龙"": 5, ""后土"": 29, ""太昊"": 17, ""太皞"": 3, ""女娃"": 23, ""女娲"": 89, ""少昊"": 50, ""少皞"": 2, ""帝江"": 6, ""应龙"": 27, ""有熊氏"": 2, ""涿鹿"": 42, ""炎帝"": 57, ""神农"": 167, ""禹"": 730, ""精卫"": 64, ""蚩尤"": 32, ""赤帝"": 5, ""轩辕"": 163, ""轩辕氏"": 3, ""阪泉"": 4, ""雨师"": 5, ""颛顼"": 39, ""风伯"": 4, ""鲧"": 14, ""黄帝"": 421}"
GCI-HOLD-0002,266,data/CASIA-LM_ChineseWebText2.0_partial-000266.parquet,127000898,015eb473b42c16d20c3c57fc98e6e1d436282aa62479f7db05cadc5eff0dd098,100000,1,1866,"{""九黎"": 8, ""共工"": 39, ""共工氏"": 2, ""后土"": 15, ""女娃"": 16, ""女娲"": 120, ""少昊"": 11, ""帝江"": 2, ""应龙"": 34, ""涿鹿"": 8, ""炎帝"": 68, ""神农"": 110, ""禹"": 727, ""精卫"": 17, ""蚩尤"": 72, ""赤帝"": 11, ""轩辕"": 212, ""轩辕氏"": 2, ""阪泉"": 3, ""雨师"": 2, ""颛顼"": 15, ""鲧"": 18, ""黄帝"": 354}"
GCI-HOLD-0002,267,data/CASIA-LM_ChineseWebText2.0_partial-000267.parquet,126944988,b7b84689f54670793f46c150a6e426a4f4db25d10bc9a329d091db290ac25c57,100000,1,2216,"{""九黎"": 15, ""共工"": 39, ""共工氏"": 3, ""句龙"": 1, ""后土"": 38, ""太昊"": 8, ""女娃"": 13, ""女娲"": 97, ""少昊"": 17, ""应龙"": 39, ""有熊氏"": 2, ""榆罔"": 1, ""涿鹿"": 28, ""炎帝"": 40, ""神农"": 237, ""禹"": 769, ""精卫"": 34, ""蚩尤"": 126, ""赤帝"": 7, ""轩辕"": 212, ""轩辕氏"": 1, ""阪泉"": 1, ""雨师"": 29, ""颛顼"": 17, ""风伯"": 9, ""鲧"": 13, ""黄帝"": 420}"
GCI-HOLD-0002,268,data/CASIA-LM_ChineseWebText2.0_partial-000268.parquet,127074017,c8d9f35ea124e989539070b58f0b8929983baff3f08d53e4dfd7a2f817e66c4f,100000,1,1977,"{""九黎"": 1, ""共工"": 28, ""共工氏"": 2, ""后土"": 37, ""太昊"": 34, ""女娃"": 37, ""女娲"": 68, ""少昊"": 9, ""少皞"": 1, ""帝江"": 6, ""帝鸿"": 2, ""帝鸿氏"": 1, ""应龙"": 29, ""涿鹿"": 38, ""炎帝"": 86, ""神农"": 182, ""禹"": 703, ""精卫"": 37, ""缙云氏"": 1, ""蚩尤"": 45, ""赤帝"": 10, ""轩辕"": 241, ""轩辕氏"": 7, ""雨师"": 4, ""颛顼"": 24, ""风伯"": 2, ""鲧"": 8, ""黄帝"": 333, ""黄帝氏"": 1}"
GCI-HOLD-0002,269,data/CASIA-LM_ChineseWebText2.0_partial-000269.parquet,127154147,aab44ebf8c380d07d083590f1c2329e34c861fb1829ba6f57a0d7301036c7f75,100000,1,2050,"{""九黎"": 13, ""共工"": 21, ""共工氏"": 1, ""句龙"": 1, ""后土"": 32, ""太昊"": 9, ""太皞"": 1, ""女娃"": 14, ""女娲"": 147, ""少昊"": 13, ""帝江"": 1, ""应龙"": 37, ""榆罔"": 1, ""涿鹿"": 27, ""炎帝"": 65, ""神农"": 191, ""禹"": 729, ""精卫"": 38, ""蚩尤"": 68, ""赤帝"": 10, ""轩辕"": 197, ""轩辕氏"": 5, ""阪泉"": 2, ""雨师"": 16, ""颛顼"": 23, ""风伯"": 4, ""鲧"": 12, ""黄帝"": 371, ""黄帝氏"": 1}"
GCI-HOLD-0002,270,data/CASIA-LM_ChineseWebText2.0_partial-000270.parquet,126598727,f1f4ee31646e3a5f5fbd7839302f045b75e5e68ff9316f973942d1dd9e5458cd,100000,1,2117,"{""九黎"": 7, ""共工"": 27, ""共工氏"": 1, ""句龙"": 1, ""后土"": 37, ""太昊"": 7, ""太皞"": 2, ""女娃"": 9, ""女娲"": 192, ""少昊"": 13, ""少皞"": 1, ""帝江"": 11, ""帝鸿"": 2, ""应龙"": 56, ""涿鹿"": 14, ""炎帝"": 50, ""神农"": 221, ""禹"": 765, ""精卫"": 22, ""蚩尤"": 63, ""赤帝"": 3, ""轩辕"": 219, ""轩辕氏"": 4, ""雨师"": 17, ""颛顼"": 23, ""风伯"": 3, ""鲧"": 10, ""黄帝"": 336, ""黄帝氏"": 1}"
GCI-HOLD-0002,271,data/CASIA-LM_ChineseWebText2.0_partial-000271.parquet,127149706,667f4529096bb7ab0d956c435e07e91a2d87c378e4164fb281db135f3668d9f9,100000,1,2500,"{""九黎"": 12, ""共工"": 76, ""共工氏"": 5, ""后土"": 30, ""太昊"": 7, ""太皞"": 5, ""女娃"": 16, ""女娲"": 63, ""少昊"": 8, ""少皞"": 2, ""帝江"": 9, ""帝鸿"": 2, ""帝鸿氏"": 1, ""应龙"": 24, ""有熊氏"": 2, ""榆罔"": 1, ""涿鹿"": 38, ""炎帝"": 112, ""神农"": 230, ""禹"": 810, ""精卫"": 60, ""缙云氏"": 1, ""蚩尤"": 161, ""赤帝"": 19, ""轩辕"": 305, ""轩辕氏"": 15, ""阪泉"": 6, ""雨师"": 8, ""颛顼"": 30, ""风伯"": 6, ""鲧"": 31, ""黄帝"": 405}"
GCI-HOLD-0002,272,data/CASIA-LM_ChineseWebText2.0_partial-000272.parquet,127173002,19ed4515527d9c412ede3c646e1018b03c57f5f07e0b4680be8b80610232b0be,100000,1,1996,"{""九黎"": 7, ""共工"": 62, ""共工氏"": 10, ""后土"": 22, ""太昊"": 4, ""女娃"": 21, ""女娲"": 86, ""少昊"": 5, ""少皞"": 2, ""应龙"": 26, ""有熊氏"": 1, ""涿鹿"": 22, ""炎帝"": 47, ""神农"": 147, ""禹"": 655, ""精卫"": 57, ""缙云氏"": 2, ""蚩尤"": 42, ""赤帝"": 1, ""轩辕"": 279, ""轩辕氏"": 6, ""阪泉"": 2, ""颛顼"": 37, ""风伯"": 1, ""鲧"": 4, ""黄帝"": 448}"
GCI-HOLD-0002,273,data/CASIA-LM_ChineseWebText2.0_partial-000273.parquet,127023211,d6add7cd75c8f5d3bb4ffb6ea93d7b46827a145fe58f16fcf525048123dfbecd,100000,1,1809,"{""九黎"": 10, ""共工"": 36, ""共工氏"": 1, ""后土"": 40, ""太昊"": 6, ""太皞"": 1, ""女娃"": 10, ""女娲"": 57, ""少昊"": 15, ""帝鸿"": 1, ""应龙"": 34, ""涿鹿"": 29, ""炎帝"": 17, ""神农"": 162, ""禹"": 734, ""精卫"": 30, ""蚩尤"": 26, ""赤帝"": 2, ""轩辕"": 165, ""轩辕氏"": 2, ""雨师"": 4, ""颛顼"": 42, ""风伯"": 2, ""鲧"": 11, ""黄帝"": 371, ""黄帝氏"": 1}"
GCI-HOLD-0002,274,data/CASIA-LM_ChineseWebText2.0_partial-000274.parquet,127069905,a6447ebf337c872562010ca7323cc45ae54cea5024ff92319591aee7959b6b20,100000,1,1918,"{""九黎"": 28, ""共工"": 74, ""共工氏"": 4, ""后土"": 35, ""太昊"": 1, ""女娃"": 10, ""女娲"": 95, ""少昊"": 26, ""少皞"": 1, ""帝江"": 4, ""帝鸿"": 1, ""应龙"": 84, ""榆罔"": 1, ""涿鹿"": 19, ""炎帝"": 32, ""神农"": 117, ""禹"": 779, ""精卫"": 12, ""蚩尤"": 52, ""赤帝"": 2, ""轩辕"": 220, ""轩辕氏"": 6, ""阪泉"": 3, ""雨师"": 3, ""颛顼"": 28, ""风伯"": 6, ""鲧"": 9, ""黄帝"": 266}"
GCI-HOLD-0002,275,data/CASIA-LM_ChineseWebText2.0_partial-000275.parquet,127106591,5301223160b869ec6142819a795dd1ce279f9bf8885d71806fbd85976acf0434,100000,1,1826,"{""九黎"": 9, ""共工"": 43, ""共工氏"": 8, ""后土"": 16, ""太昊"": 6, ""太皞"": 3, ""女娃"": 10, ""女娲"": 73, ""少昊"": 15, ""帝江"": 2, ""帝鸿"": 1, ""帝鸿氏"": 1, ""应龙"": 20, ""涿鹿"": 26, ""炎帝"": 35, ""神农"": 145, ""禹"": 687, ""精卫"": 46, ""蚩尤"": 60, ""赤帝"": 2, ""轩辕"": 174, ""轩辕氏"": 2, ""阪泉"": 1, ""雨师"": 5, ""颛顼"": 44, ""风伯"": 2, ""鲧"": 25, ""黄帝"": 363, ""黄帝氏"": 2}"
GCI-HOLD-0002,276,data/CASIA-LM_ChineseWebText2.0_partial-000276.parquet,126812940,e53a48b5751265230850f5384c785deb64b52ea990e2900a92af56e540a51063,100000,1,2365,"{""九黎"": 37, ""共工"": 62, ""共工氏"": 4, ""后土"": 26, ""太昊"": 8, ""太皞"": 1, ""女娃"": 31, ""女娲"": 127, ""少昊"": 6, ""帝江"": 2, ""应龙"": 53, ""有熊氏"": 3, ""榆罔"": 1, ""涿鹿"": 20, ""炎帝"": 71, ""神农"": 180, ""禹"": 743, ""精卫"": 26, ""缙云氏"": 1, ""蚩尤"": 46, ""赤帝"": 5, ""轩辕"": 359, ""轩辕氏"": 4, ""阪泉"": 1, ""雨师"": 5, ""颛顼"": 40, ""风伯"": 5, ""鲧"": 24, ""黄帝"": 474}"
GCI-HOLD-0002,277,data/CASIA-LM_ChineseWebText2.0_partial-000277.parquet,126919792,2d2c0dcb7064a78bfebdf9245883e10f74e430ddf094920ed35fb2b7ed059140,100000,1,2059,"{""九黎"": 14, ""共工"": 35, ""共工氏"": 1, ""后土"": 34, ""太昊"": 13, ""太皞"": 1, ""女娃"": 37, ""女娲"": 74, ""少昊"": 8, ""帝江"": 1, ""应龙"": 22, ""有熊氏"": 4, ""涿鹿"": 15, ""炎帝"": 60, ""神农"": 199, ""禹"": 674, ""精卫"": 59, ""蚩尤"": 44, ""赤帝"": 3, ""轩辕"": 266, ""轩辕氏"": 7, ""阪泉"": 4, ""雨师"": 5, ""颛顼"": 22, ""风伯"": 3, ""鲧"": 7, ""黄帝"": 447}"
GCI-HOLD-0002,278,data/CASIA-LM_ChineseWebText2.0_partial-000278.parquet,126911945,bc71d7f7b16f9b79607ff83271dc25eeab184e12aec8c10551d9de75da424c0a,100000,1,1839,"{""九黎"": 2, ""共工"": 53, ""共工氏"": 3, ""后土"": 22, ""太昊"": 3, ""太皞"": 3, ""女娃"": 6, ""女娲"": 93, ""少昊"": 42, ""帝江"": 3, ""应龙"": 9, ""涿鹿"": 14, ""炎帝"": 32, ""神农"": 202, ""禹"": 766, ""精卫"": 25, ""蚩尤"": 30, ""赤帝"": 1, ""轩辕"": 234, ""轩辕氏"": 1, ""阪泉"": 1, ""雨师"": 5, ""颛顼"": 18, ""风伯"": 4, ""鲧"": 24, ""黄帝"": 242, ""黄帝氏"": 1}"
GCI-HOLD-0002,279,data/CASIA-LM_ChineseWebText2.0_partial-000279.parquet,127034353,ceb2cf79a8d5bd4ffd0e3b88722e110c83aa403a651abd0a23503c83398fc88b,100000,1,1790,"{""九黎"": 11, ""共工"": 33, ""后土"": 37, ""太昊"": 8, ""女娃"": 10, ""女娲"": 72, ""少昊"": 6, ""少皞"": 1, ""帝江"": 5, ""帝鸿"": 1, ""应龙"": 9, ""有熊氏"": 1, ""涿鹿"": 31, ""炎帝"": 25, ""神农"": 214, ""禹"": 686, ""精卫"": 32, ""蚩尤"": 51, ""赤帝"": 1, ""轩辕"": 264, ""轩辕氏"": 4, ""阪泉"": 1, ""雨师"": 4, ""颛顼"": 29, ""风伯"": 2, ""鲧"": 11, ""黄帝"": 241}"
GCI-HOLD-0002,280,data/CASIA-LM_ChineseWebText2.0_partial-000280.parquet,126964736,e5c623bf482e087152c798a1bbc8f5eb5567fe9b0d9e1621bf5a290757d09d1b,100000,1,1704,"{""九黎"": 8, ""共工"": 25, ""共工氏"": 1, ""后土"": 37, ""太昊"": 5, ""太皞"": 1, ""女娃"": 15, ""女娲"": 67, ""少昊"": 4, ""少皞"": 2, ""帝鸿"": 2, ""帝鸿氏"": 2, ""应龙"": 39, ""涿鹿"": 23, ""炎帝"": 41, ""神农"": 155, ""禹"": 578, ""精卫"": 26, ""缙云氏"": 6, ""蚩尤"": 46, ""赤帝"": 2, ""轩辕"": 279, ""轩辕氏"": 5, ""雨师"": 4, ""颛顼"": 17, ""风伯"": 4, ""鲧"": 12, ""黄帝"": 298}"
GCI-HOLD-0002,281,data/CASIA-LM_ChineseWebText2.0_partial-000281.parquet,127404609,d92c4b2e0b4606d2a9fdba5474cd1634819d3c9e1a69b3349d86024c46d5e9fb,100000,1,2130,"{""九黎"": 14, ""共工"": 28, ""共工氏"": 1, ""句龙"": 1, ""后土"": 24, ""太昊"": 13, ""女娃"": 12, ""女娲"": 83, ""少昊"": 55, ""少皞"": 1, ""应龙"": 53, ""有熊氏"": 4, ""涿鹿"": 31, ""炎帝"": 91, ""神农"": 155, ""禹"": 735, ""精卫"": 31, ""缙云氏"": 1, ""蚩尤"": 49, ""赤帝"": 20, ""轩辕"": 263, ""轩辕氏"": 4, ""阪泉"": 12, ""雨师"": 5, ""颛顼"": 34, ""风伯"": 3, ""鲧"": 20, ""黄帝"": 387}"
GCI-HOLD-0002,282,data/CASIA-LM_ChineseWebText2.0_partial-000282.parquet,127547747,d410f29a86ed581e12686150eba254592287b63f47f0b09d5d1ad969145ca498,100000,1,2049,"{""九黎"": 13, ""共工"": 43, ""共工氏"": 14, ""后土"": 17, ""太昊"": 6, ""女娃"": 12, ""女娲"": 87, ""少昊"": 2, ""帝江"": 13, ""帝鸿"": 2, ""应龙"": 41, ""涿鹿"": 28, ""炎帝"": 74, ""神农"": 179, ""禹"": 706, ""精卫"": 41, ""缙云氏"": 6, ""蚩尤"": 81, ""赤帝"": 3, ""轩辕"": 335, ""轩辕氏"": 2, ""阪泉"": 7, ""雨师"": 1, ""颛顼"": 15, ""风伯"": 2, ""鲧"": 13, ""黄帝"": 306}"
GCI-HOLD-0002,283,data/CASIA-LM_ChineseWebText2.0_partial-000283.parquet,127739924,b4fe63814f16d0b5e02cac382d9256807a236b64355c24da794caf23332ebb94,100000,1,1991,"{""九黎"": 10, ""共工"": 18, ""共工氏"": 1, ""后土"": 28, ""太昊"": 3, ""太皞"": 1, ""女娃"": 9, ""女娲"": 94, ""少昊"": 9, ""少皞"": 2, ""帝江"": 7, ""帝鸿"": 1, ""应龙"": 30, ""有熊氏"": 2, ""涿鹿"": 13, ""炎帝"": 44, ""神农"": 190, ""禹"": 755, ""精卫"": 40, ""蚩尤"": 20, ""赤帝"": 3, ""轩辕"": 315, ""轩辕氏"": 5, ""阪泉"": 2, ""雨师"": 17, ""颛顼"": 44, ""风伯"": 1, ""鲧"": 27, ""黄帝"": 300}"
GCI-HOLD-0002,284,data/CASIA-LM_ChineseWebText2.0_partial-000284.parquet,127181287,eff1d39f9a79b23fafb817819d88b5b339bf8bbdd4f2797e6a24b679bce1e725,100000,1,2080,"{""九黎"": 10, ""共工"": 28, ""共工氏"": 1, ""句龙"": 1, ""后土"": 19, ""太昊"": 14, ""太皞"": 1, ""女娃"": 36, ""女娲"": 64, ""少昊"": 23, ""少皞"": 1, ""帝江"": 1, ""帝鸿"": 1, ""帝鸿氏"": 1, ""应龙"": 23, ""有熊氏"": 1, ""榆罔"": 2, ""涿鹿"": 2, ""炎帝"": 69, ""神农"": 189, ""禹"": 771, ""精卫"": 38, ""缙云氏"": 1, ""蚩尤"": 33, ""赤帝"": 3, ""轩辕"": 313, ""轩辕氏"": 5, ""阪泉"": 3, ""雨师"": 5, ""颛顼"": 33, ""风伯"": 2, ""鲧"": 3, ""黄帝"": 383}"
GCI-HOLD-0002,285,data/CASIA-LM_ChineseWebText2.0_partial-000285.parquet,127235950,3cf6cfa987c767eb3ab15c4589566e7d0fe73b8c114f9f92dec18d19bddbfd94,100000,1,2050,"{""九黎"": 15, ""共工"": 20, ""共工氏"": 3, ""句龙"": 1, ""后土"": 20, ""太昊"": 8, ""太皞"": 1, ""女娃"": 21, ""女娲"": 84, ""少昊"": 40, ""帝鸿"": 1, ""应龙"": 34, ""榆罔"": 1, ""涿鹿"": 11, ""炎帝"": 61, ""神农"": 142, ""禹"": 719, ""精卫"": 86, ""缙云氏"": 2, ""蚩尤"": 46, ""轩辕"": 257, ""轩辕氏"": 2, ""阪泉"": 1, ""雨师"": 4, ""颛顼"": 62, ""风伯"": 6, ""鲧"": 9, ""黄帝"": 392, ""黄帝氏"": 1}"
GCI-HOLD-0002,286,data/CASIA-LM_ChineseWebText2.0_partial-000286.parquet,127253274,9261498779fa6e450022342aa71c3476171fbc49ff52447819f0480629fc4aa5,100000,1,2084,"{""九黎"": 13, ""共工"": 21, ""后土"": 19, ""太昊"": 8, ""太皞"": 1, ""女娃"": 17, ""女娲"": 124, ""少昊"": 14, ""少皞"": 1, ""应龙"": 24, ""有熊氏"": 1, ""榆罔"": 1, ""涿鹿"": 10, ""炎帝"": 88, ""神农"": 276, ""禹"": 689, ""精卫"": 22, ""蚩尤"": 66, ""赤帝"": 6, ""轩辕"": 247, ""轩辕氏"": 4, ""阪泉"": 4, ""雨师"": 17, ""颛顼"": 19, ""风伯"": 3, ""鲧"": 3, ""黄帝"": 383, ""黄帝氏"": 3}"
GCI-HOLD-0002,287,data/CASIA-LM_ChineseWebText2.0_partial-000287.parquet,126503376,82c28ce15a385b38e92de3877fc21e1b4b27ba8b83aea58a475b5dade5e01122,100000,1,1962,"{""九黎"": 5, ""共工"": 27, ""共工氏"": 5, ""句龙"": 1, ""后土"": 24, ""太昊"": 15, ""女娃"": 11, ""女娲"": 65, ""少昊"": 14, ""帝江"": 3, ""帝鸿"": 4, ""应龙"": 21, ""有熊氏"": 1, ""涿鹿"": 26, ""炎帝"": 54, ""神农"": 204, ""禹"": 739, ""精卫"": 25, ""蚩尤"": 68, ""赤帝"": 4, ""轩辕"": 251, ""轩辕氏"": 9, ""阪泉"": 3, ""雨师"": 11, ""颛顼"": 46, ""风伯"": 1, ""鲧"": 7, ""黄帝"": 318}"
GCI-HOLD-0002,288,data/CASIA-LM_ChineseWebText2.0_partial-000288.parquet,126825715,b2f6222ff4fb04ffc4d28958c0d0c3be47bd7bd040f9daa8a0487171ad2ea6f8,100000,1,2018,"{""九黎"": 24, ""共工"": 28, ""共工氏"": 1, ""后土"": 27, ""太昊"": 9, ""太皞"": 1, ""女娃"": 20, ""女娲"": 76, ""少昊"": 12, ""少皞"": 8, ""帝江"": 1, ""帝鸿"": 1, ""帝鸿氏"": 1, ""应龙"": 47, ""有熊氏"": 5, ""榆罔"": 1, ""涿鹿"": 45, ""炎帝"": 66, ""神农"": 162, ""禹"": 661, ""精卫"": 31, ""缙云氏"": 1, ""蚩尤"": 60, ""赤帝"": 12, ""轩辕"": 216, ""轩辕氏"": 2, ""阪泉"": 5, ""雨师"": 40, ""颛顼"": 45, ""风伯"": 8, ""鲧"": 50, ""黄帝"": 352}"
GCI-HOLD-0002,289,data/CASIA-LM_ChineseWebText2.0_partial-000289.parquet,127792575,83b81ac658e594948b8275c1a12f56933f29055b9320a57514d1aa8e17cd0451,100000,1,1796,"{""九黎"": 8, ""共工"": 29, ""共工氏"": 3, ""句龙"": 5, ""后土"": 26, ""太昊"": 3, ""太皞"": 1, ""女娃"": 29, ""女娲"": 75, ""少昊"": 31, ""少皞"": 2, ""帝鸿"": 3, ""帝鸿氏"": 2, ""应龙"": 17, ""有熊氏"": 1, ""涿鹿"": 9, ""炎帝"": 54, ""神农"": 162, ""禹"": 676, ""精卫"": 36, ""缙云氏"": 1, ""蚩尤"": 57, ""赤帝"": 6, ""轩辕"": 170, ""轩辕氏"": 6, ""阪泉"": 1, ""雨师"": 2, ""颛顼"": 32, ""风伯"": 1, ""鲧"": 43, ""黄帝"": 305}"
GCI-HOLD-0002,290,data/CASIA-LM_ChineseWebText2.0_partial-000290.parquet,127551747,d742e96ca95869ae6284b92849a8ed30d7db53cec06306562d5c46c2699f71a8,100000,1,1927,"{""九黎"": 5, ""共工"": 53, ""共工氏"": 2, ""句龙"": 2, ""后土"": 20, ""太昊"": 6, ""女娃"": 8, ""女娲"": 60, ""少昊"": 33, ""帝江"": 13, ""帝鸿"": 3, ""帝鸿氏"": 1, ""应龙"": 30, ""有熊氏"": 2, ""涿鹿"": 6, ""炎帝"": 39, ""神农"": 221, ""禹"": 696, ""精卫"": 22, ""蚩尤"": 61, ""赤帝"": 6, ""轩辕"": 238, ""轩辕氏"": 5, ""雨师"": 8, ""颛顼"": 24, ""风伯"": 3, ""鲧"": 38, ""黄帝"": 322}"
GCI-HOLD-0002,291,data/CASIA-LM_ChineseWebText2.0_partial-000291.parquet,127170699,79776217675f523071130d9c4038a3004e47166e1572e214a7ed1f25173982d6,100000,1,1770,"{""九黎"": 6, ""共工"": 47, ""共工氏"": 13, ""句龙"": 2, ""后土"": 14, ""太昊"": 17, ""女娃"": 25, ""女娲"": 60, ""少昊"": 28, ""帝江"": 1, ""帝鸿"": 1, ""帝鸿氏"": 1, ""应龙"": 19, ""涿鹿"": 7, ""炎帝"": 38, ""神农"": 155, ""禹"": 746, ""精卫"": 21, ""蚩尤"": 40, ""赤帝"": 6, ""轩辕"": 219, ""轩辕氏"": 1, ""阪泉"": 2, ""雨师"": 1, ""颛顼"": 38, ""鲧"": 21, ""黄帝"": 240, ""黄帝氏"": 1}"
GCI-HOLD-0002,292,data/CASIA-LM_ChineseWebText2.0_partial-000292.parquet,126524319,fccb41a2c5ed5e706807131950525d7a81a70b055875f1eb2ff105119a4cea18,100000,1,2161,"{""九黎"": 33, ""共工"": 13, ""共工氏"": 1, ""后土"": 32, ""太昊"": 11, ""太皞"": 1, ""女娃"": 16, ""女娲"": 57, ""少昊"": 82, ""少皞"": 2, ""帝江"": 12, ""帝鸿"": 1, ""帝鸿氏"": 1, ""应龙"": 47, ""有熊氏"": 10, ""榆罔"": 3, ""涿鹿"": 45, ""炎帝"": 107, ""神农"": 218, ""禹"": 690, ""精卫"": 49, ""缙云氏"": 1, ""蚩尤"": 43, ""赤帝"": 2, ""轩辕"": 268, ""轩辕氏"": 12, ""阪泉"": 7, ""雨师"": 1, ""颛顼"": 47, ""鲧"": 5, ""黄帝"": 344}"
GCI-HOLD-0002,293,data/CASIA-LM_ChineseWebText2.0_partial-000293.parquet,127166626,ac732cebc1f509141a5b0bca485359a29bda851db747987f416f860a28428dcc,100000,1,1894,"{""九黎"": 3, ""共工"": 37, ""共工氏"": 1, ""后土"": 24, ""太昊"": 7, ""女娃"": 21, ""女娲"": 62, ""少昊"": 15, ""帝江"": 1, ""应龙"": 24, ""有熊氏"": 5, ""涿鹿"": 25, ""炎帝"": 79, ""神农"": 205, ""禹"": 731, ""精卫"": 25, ""蚩尤"": 30, ""赤帝"": 1, ""轩辕"": 250, ""轩辕氏"": 6, ""阪泉"": 4, ""雨师"": 5, ""颛顼"": 26, ""风伯"": 7, ""鲧"": 15, ""黄帝"": 285}"
GCI-HOLD-0002,294,data/CASIA-LM_ChineseWebText2.0_partial-000294.parquet,126898651,e908b2bfeadf814e061f9655cd20e1f566e09fdcb4538192554e2bdc7b11060c,100000,1,2191,"{""九黎"": 4, ""共工"": 31, ""共工氏"": 9, ""后土"": 36, ""太昊"": 5, ""女娃"": 30, ""女娲"": 117, ""少昊"": 15, ""少皞"": 2, ""帝江"": 8, ""帝鸿"": 1, ""应龙"": 49, ""榆罔"": 4, ""涿鹿"": 25, ""炎帝"": 45, ""神农"": 138, ""禹"": 829, ""精卫"": 59, ""蚩尤"": 50, ""赤帝"": 1, ""轩辕"": 250, ""轩辕氏"": 3, ""阪泉"": 1, ""雨师"": 11, ""颛顼"": 31, ""风伯"": 6, ""鲧"": 43, ""黄帝"": 385, ""黄帝氏"": 3}"
GCI-HOLD-0002,295,data/CASIA-LM_ChineseWebText2.0_partial-000295.parquet,127341350,5783b770466b006a0978900b27c080248890718f916a384af1dfb6a380176155,100000,1,1982,"{""九黎"": 12, ""共工"": 27, ""共工氏"": 4, ""句龙"": 1, ""后土"": 39, ""太昊"": 7, ""太皞"": 3, ""女娃"": 12, ""女娲"": 95, ""少昊"": 19, ""少皞"": 3, ""应龙"": 44, ""有熊氏"": 1, ""涿鹿"": 22, ""炎帝"": 41, ""神农"": 198, ""禹"": 735, ""精卫"": 15, ""缙云氏"": 4, ""蚩尤"": 43, ""赤帝"": 14, ""轩辕"": 206, ""轩辕氏"": 3, ""阪泉"": 4, ""雨师"": 1, ""颛顼"": 36, ""鲧"": 70, ""黄帝"": 322, ""黄帝氏"": 1}"
GCI-HOLD-0002,296,data/CASIA-LM_ChineseWebText2.0_partial-000296.parquet,127396697,607175cd2e93be6cd25d1a391fcb6229e814644e149cbb49fdd61ca520e79958,100000,1,1728,"{""九黎"": 1, ""共工"": 23, ""后土"": 20, ""太昊"": 12, ""女娃"": 23, ""女娲"": 74, ""少昊"": 14, ""少皞"": 2, ""帝江"": 1, ""帝鸿"": 2, ""应龙"": 35, ""涿鹿"": 9, ""炎帝"": 28, ""神农"": 196, ""禹"": 722, ""精卫"": 35, ""蚩尤"": 35, ""赤帝"": 4, ""轩辕"": 131, ""轩辕氏"": 2, ""颛顼"": 26, ""鲧"": 21, ""黄帝"": 312}"
GCI-HOLD-0002,297,data/CASIA-LM_ChineseWebText2.0_partial-000297.parquet,126067918,92b19ceb178642ef70ed40d37dfbaf75aa46d966b7042e89709a2331b22d26f7,100000,1,1776,"{""九黎"": 7, ""共工"": 30, ""共工氏"": 2, ""句龙"": 3, ""后土"": 21, ""太昊"": 4, ""女娃"": 16, ""女娲"": 93, ""少昊"": 14, ""少皞"": 2, ""帝江"": 20, ""帝鸿"": 2, ""帝鸿氏"": 1, ""应龙"": 27, ""有熊氏"": 2, ""涿鹿"": 29, ""炎帝"": 79, ""神农"": 225, ""禹"": 661, ""精卫"": 35, ""蚩尤"": 48, ""赤帝"": 1, ""轩辕"": 173, ""轩辕氏"": 4, ""阪泉"": 2, ""颛顼"": 19, ""风伯"": 5, ""鲧"": 4, ""黄帝"": 246, ""黄帝氏"": 1}"
GCI-HOLD-0002,298,data/CASIA-LM_ChineseWebText2.0_partial-000298.parquet,126486825,63657a8264c6ee1721998fc08e9e24e7474693ae9dd59af99b5fc3911e884c50,100000,1,1936,"{""九黎"": 12, ""共工"": 22, ""共工氏"": 3, ""句龙"": 3, ""后土"": 21, ""太昊"": 2, ""太皞"": 1, ""女娃"": 20, ""女娲"": 88, ""少昊"": 9, ""少皞"": 1, ""帝江"": 3, ""应龙"": 17, ""有熊氏"": 1, ""涿鹿"": 20, ""炎帝"": 81, ""神农"": 176, ""禹"": 791, ""精卫"": 45, ""蚩尤"": 50, ""轩辕"": 194, ""轩辕氏"": 4, ""雨师"": 17, ""颛顼"": 19, ""风伯"": 8, ""鲧"": 12, ""黄帝"": 316}"
GCI-HOLD-0002,299,data/CASIA-LM_ChineseWebText2.0_partial-000299.parquet,126913072,daf557b47f4cfd328dc9d6c4c7808fc9c3ddb0d9c4b7fa43633e0e0b6854f7bb,100000,1,2069,"{""九黎"": 6, ""共工"": 47, ""共工氏"": 4, ""后土"": 22, ""太昊"": 10, ""太皞"": 2, ""女娃"": 47, ""女娲"": 81, ""少昊"": 7, ""帝江"": 5, ""应龙"": 25, ""有熊氏"": 1, ""涿鹿"": 22, ""炎帝"": 50, ""神农"": 213, ""禹"": 692, ""精卫"": 18, ""蚩尤"": 38, ""赤帝"": 3, ""轩辕"": 377, ""轩辕氏"": 1, ""阪泉"": 1, ""雨师"": 3, ""颛顼"": 55, ""风伯"": 3, ""鲧"": 19, ""黄帝"": 314, ""黄帝氏"": 3}"
GCI-HOLD-0002,300,data/CASIA-LM_ChineseWebText2.0_partial-000300.parquet,126750281,7e4da8ae7ee76fcb1194352a8f7b9a868d0256de7e0ed955ccb6e9ee5a3287a9,100000,1,2052,"{""九黎"": 6, ""共工"": 32, ""共工氏"": 1, ""后土"": 13, ""太昊"": 10, ""太皞"": 2, ""女娃"": 12, ""女娲"": 83, ""少昊"": 14, ""帝江"": 2, ""帝鸿"": 2, ""应龙"": 19, ""涿鹿"": 64, ""炎帝"": 79, ""神农"": 192, ""禹"": 704, ""精卫"": 32, ""蚩尤"": 107, ""赤帝"": 9, ""轩辕"": 288, ""阪泉"": 3, ""雨师"": 4, ""颛顼"": 20, ""风伯"": 3, ""鲧"": 7, ""黄帝"": 344}"
GCI-HOLD-0002,301,data/CASIA-LM_ChineseWebText2.0_partial-000301.parquet,127466303,cfe63550f7a352e00b67c0404929a6335d8f5878d28c8737e743de5bee670cb4,100000,1,2365,"{""九黎"": 35, ""共工"": 20, ""共工氏"": 4, ""后土"": 30, ""太昊"": 8, ""太皞"": 2, ""女娃"": 7, ""女娲"": 58, ""少昊"": 30, ""少皞"": 4, ""帝江"": 6, ""帝鸿"": 10, ""帝鸿氏"": 7, ""应龙"": 89, ""有熊氏"": 2, ""榆罔"": 1, ""涿鹿"": 19, ""炎帝"": 132, ""神农"": 189, ""禹"": 928, ""精卫"": 20, ""缙云氏"": 1, ""蚩尤"": 64, ""赤帝"": 9, ""轩辕"": 288, ""轩辕氏"": 2, ""阪泉"": 2, ""雨师"": 12, ""颛顼"": 19, ""风伯"": 7, ""鲧"": 36, ""黄帝"": 324}"
GCI-HOLD-0002,302,data/CASIA-LM_ChineseWebText2.0_partial-000302.parquet,127088802,4adb66bf0e7591fa719b1085f02a69fe5fd51ec3e6ac3ff38190c1b74141c877,100000,1,2279,"{""九黎"": 10, ""共工"": 28, ""共工氏"": 1, ""句龙"": 1, ""后土"": 25, ""太昊"": 8, ""太皞"": 1, ""女娃"": 6, ""女娲"": 87, ""少昊"": 12, ""少皞"": 1, ""帝江"": 10, ""应龙"": 32, ""有熊氏"": 5, ""榆罔"": 2, ""涿鹿"": 20, ""炎帝"": 127, ""神农"": 243, ""禹"": 724, ""精卫"": 48, ""缙云氏"": 2, ""蚩尤"": 76, ""赤帝"": 9, ""轩辕"": 295, ""轩辕氏"": 13, ""阪泉"": 2, ""雨师"": 9, ""颛顼"": 34, ""风伯"": 2, ""鲧"": 8, ""黄帝"": 438}"
GCI-HOLD-0002,303,data/CASIA-LM_ChineseWebText2.0_partial-000303.parquet,126532187,e9a49aed51ee8e4958a25a9e5ddf7c30931987a9bb01d182f5d3e469ee5dc2e0,100000,1,1849,"{""九黎"": 14, ""共工"": 31, ""后土"": 14, ""太昊"": 7, ""女娃"": 5, ""女娲"": 82, ""少昊"": 2, ""帝江"": 3, ""帝鸿"": 3, ""帝鸿氏"": 2, ""应龙"": 42, ""有熊氏"": 2, ""涿鹿"": 14, ""炎帝"": 92, ""神农"": 200, ""禹"": 681, ""精卫"": 59, ""蚩尤"": 42, ""赤帝"": 2, ""轩辕"": 183, ""轩辕氏"": 9, ""雨师"": 15, ""颛顼"": 17, ""风伯"": 8, ""鲧"": 5, ""黄帝"": 314, ""黄帝氏"": 1}"
GCI-HOLD-0002,304,data/CASIA-LM_ChineseWebText2.0_partial-000304.parquet,127153466,5251e8e156522f5f3f5f1b9a17a50283e552c6d6ed9f2a4725a61be286b3fb2d,100000,1,2254,"{""九黎"": 12, ""共工"": 25, ""共工氏"": 1, ""句龙"": 1, ""后土"": 53, ""太昊"": 29, ""女娃"": 18, ""女娲"": 91, ""少昊"": 4, ""少皞"": 1, ""帝江"": 1, ""应龙"": 44, ""有熊氏"": 3, ""涿鹿"": 80, ""炎帝"": 42, ""神农"": 151, ""禹"": 766, ""精卫"": 35, ""缙云氏"": 1, ""蚩尤"": 40, ""赤帝"": 5, ""轩辕"": 390, ""轩辕氏"": 2, ""雨师"": 1, ""颛顼"": 46, ""风伯"": 1, ""鲧"": 20, ""黄帝"": 391}"
GCI-HOLD-0002,305,data/CASIA-LM_ChineseWebText2.0_partial-000305.parquet,126175513,2069b8f6282098f2dba8cbd0ccefb3c4c6320dd68cd851cc26551a5aa1c1c34c,100000,1,2129,"{""九黎"": 32, ""共工"": 42, ""共工氏"": 5, ""句龙"": 1, ""后土"": 34, ""太昊"": 27, ""女娃"": 21, ""女娲"": 74, ""少昊"": 15, ""少皞"": 1, ""帝江"": 2, ""帝鸿"": 1, ""帝鸿氏"": 1, ""应龙"": 30, ""有熊氏"": 8, ""涿鹿"": 19, ""炎帝"": 48, ""神农"": 158, ""禹"": 799, ""精卫"": 43, ""缙云氏"": 1, ""蚩尤"": 82, ""赤帝"": 1, ""轩辕"": 232, ""轩辕氏"": 7, ""阪泉"": 1, ""雨师"": 16, ""颛顼"": 32, ""风伯"": 7, ""鲧"": 17, ""黄帝"": 371, ""黄帝氏"": 1}"
GCI-HOLD-0002,306,data/CASIA-LM_ChineseWebText2.0_partial-000306.parquet,127491823,89d5cc41eaa1033367f7c5b551c96ef5889743b5e183f1b5cde1e7eb0749b818,100000,1,2037,"{""九黎"": 31, ""共工"": 33, ""共工氏"": 4, ""后土"": 18, ""太昊"": 23, ""太皞"": 4, ""女娃"": 15, ""女娲"": 82, ""少昊"": 11, ""少皞"": 2, ""帝江"": 2, ""应龙"": 26, ""有熊氏"": 2, ""榆罔"": 10, ""涿鹿"": 23, ""炎帝"": 79, ""神农"": 215, ""禹"": 707, ""精卫"": 59, ""蚩尤"": 60, ""赤帝"": 5, ""轩辕"": 235, ""轩辕氏"": 13, ""阪泉"": 7, ""雨师"": 2, ""颛顼"": 20, ""鲧"": 6, ""黄帝"": 343}"
GCI-HOLD-0002,307,data/CASIA-LM_ChineseWebText2.0_partial-000307.parquet,126893541,89deaeca6c59d97b00db7f74d0667743e0628a9d1e84ecaaf06923ea056fde3a,100000,1,2085,"{""九黎"": 13, ""共工"": 41, ""共工氏"": 4, ""后土"": 23, ""太昊"": 11, ""女娃"": 26, ""女娲"": 93, ""少昊"": 24, ""少皞"": 2, ""帝江"": 12, ""帝鸿"": 2, ""帝鸿氏"": 1, ""应龙"": 49, ""有熊氏"": 1, ""涿鹿"": 12, ""炎帝"": 51, ""神农"": 189, ""禹"": 754, ""精卫"": 27, ""蚩尤"": 73, ""赤帝"": 3, ""轩辕"": 351, ""轩辕氏"": 8, ""阪泉"": 1, ""雨师"": 12, ""颛顼"": 17, ""风伯"": 3, ""鲧"": 5, ""黄帝"": 277}"
GCI-HOLD-0002,308,data/CASIA-LM_ChineseWebText2.0_partial-000308.parquet,127504414,c08cf388d5d011958e1b1568ee75b783107dbaf1ace8e208b8c8da6089783b5d,100000,1,2186,"{""九黎"": 29, ""共工"": 65, ""共工氏"": 22, ""句龙"": 2, ""后土"": 20, ""太昊"": 4, ""女娃"": 14, ""女娲"": 57, ""少昊"": 12, ""应龙"": 33, ""有熊氏"": 1, ""涿鹿"": 49, ""炎帝"": 62, ""神农"": 165, ""禹"": 890, ""精卫"": 27, ""蚩尤"": 63, ""赤帝"": 2, ""轩辕"": 313, ""轩辕氏"": 4, ""阪泉"": 3, ""雨师"": 8, ""颛顼"": 28, ""风伯"": 6, ""鲧"": 40, ""黄帝"": 267}"
GCI-HOLD-0002,309,data/CASIA-LM_ChineseWebText2.0_partial-000309.parquet,126987267,a916ee311e962fe72795224458d3ab1691d75a81c3429e71ad7d6ccbfff8fdb8,100000,1,1790,"{""九黎"": 6, ""共工"": 74, ""共工氏"": 8, ""句龙"": 1, ""后土"": 42, ""太昊"": 8, ""太皞"": 5, ""女娃"": 12, ""女娲"": 93, ""少昊"": 3, ""少皞"": 2, ""帝鸿"": 11, ""应龙"": 21, ""涿鹿"": 21, ""炎帝"": 36, ""神农"": 160, ""禹"": 717, ""精卫"": 20, ""蚩尤"": 30, ""赤帝"": 4, ""轩辕"": 235, ""轩辕氏"": 10, ""阪泉"": 2, ""雨师"": 6, ""颛顼"": 21, ""风伯"": 1, ""鲧"": 13, ""黄帝"": 228}"
GCI-HOLD-0002,310,data/CASIA-LM_ChineseWebText2.0_partial-000310.parquet,126939599,511bfbc62fc391e34c34b1f4cb91de45d08af72ea488c0c7a09086f24d6fd3dd,100000,1,2394,"{""九黎"": 4, ""共工"": 59, ""共工氏"": 6, ""句龙"": 1, ""后土"": 19, ""太昊"": 7, ""太皞"": 2, ""女娃"": 28, ""女娲"": 109, ""少昊"": 27, ""少皞"": 7, ""帝江"": 4, ""帝鸿"": 1, ""应龙"": 23, ""有熊氏"": 2, ""榆罔"": 2, ""涿鹿"": 33, ""炎帝"": 83, ""神农"": 191, ""禹"": 796, ""精卫"": 10, ""蚩尤"": 193, ""赤帝"": 4, ""轩辕"": 307, ""轩辕氏"": 9, ""阪泉"": 8, ""雨师"": 3, ""颛顼"": 58, ""风伯"": 4, ""鲧"": 21, ""黄帝"": 372, ""黄帝氏"": 1}"
GCI-HOLD-0002,311,data/CASIA-LM_ChineseWebText2.0_partial-000311.parquet,127725542,0dc3bafe330c9106d8933ec332152a99a10ddcbeab9e536947352323cb974fe9,100000,1,1993,"{""九黎"": 9, ""共工"": 22, ""后土"": 19, ""太昊"": 3, ""女娃"": 20, ""女娲"": 97, ""少昊"": 7, ""少皞"": 4, ""帝江"": 13, ""帝鸿"": 4, ""帝鸿氏"": 1, ""应龙"": 48, ""涿鹿"": 25, ""炎帝"": 57, ""神农"": 220, ""禹"": 736, ""精卫"": 48, ""蚩尤"": 31, ""赤帝"": 5, ""轩辕"": 264, ""轩辕氏"": 2, ""阪泉"": 5, ""雨师"": 11, ""颛顼"": 20, ""风伯"": 4, ""鲧"": 31, ""黄帝"": 287}"
GCI-HOLD-0002,312,data/CASIA-LM_ChineseWebText2.0_partial-000312.parquet,127561120,919183045f48857490ac80f4db751d3aeaca89515128eaeca23365f9f88aa3fd,100000,1,2132,"{""九黎"": 9, ""共工"": 30, ""共工氏"": 3, ""后土"": 42, ""太昊"": 12, ""太皞"": 4, ""女娃"": 21, ""女娲"": 95, ""少昊"": 34, ""少皞"": 4, ""帝江"": 2, ""帝鸿"": 1, ""应龙"": 17, ""有熊氏"": 1, ""榆罔"": 3, ""涿鹿"": 15, ""炎帝"": 91, ""神农"": 231, ""禹"": 724, ""精卫"": 14, ""缙云氏"": 4, ""蚩尤"": 95, ""赤帝"": 4, ""轩辕"": 259, ""轩辕氏"": 7, ""雨师"": 8, ""颛顼"": 20, ""风伯"": 4, ""鲧"": 16, ""黄帝"": 362}"
GCI-HOLD-0002,313,data/CASIA-LM_ChineseWebText2.0_partial-000313.parquet,127260648,35f1fa4861f421dbf2b867943a0a16daf9ee06a940e2c2b7c2167af63d7e979d,100000,1,1776,"{""九黎"": 20, ""共工"": 25, ""共工氏"": 1, ""后土"": 15, ""太昊"": 4, ""女娃"": 21, ""女娲"": 70, ""少昊"": 38, ""帝江"": 1, ""应龙"": 79, ""有熊氏"": 2, ""涿鹿"": 9, ""炎帝"": 30, ""神农"": 175, ""禹"": 638, ""精卫"": 17, ""蚩尤"": 32, ""轩辕"": 183, ""轩辕氏"": 2, ""雨师"": 2, ""颛顼"": 48, ""风伯"": 2, ""鲧"": 57, ""黄帝"": 305}"
GCI-HOLD-0002,314,data/CASIA-LM_ChineseWebText2.0_partial-000314.parquet,126994515,71ddbf1bc173d2dfcbc328909605e167f62e57ab8a6f4f473a8a199e450e5248,100000,1,2103,"{""九黎"": 12, ""共工"": 42, ""共工氏"": 12, ""后土"": 24, ""太昊"": 15, ""女娃"": 7, ""女娲"": 97, ""少昊"": 33, ""帝江"": 1, ""应龙"": 30, ""有熊氏"": 1, ""榆罔"": 2, ""涿鹿"": 18, ""炎帝"": 47, ""神农"": 190, ""禹"": 803, ""精卫"": 37, ""蚩尤"": 42, ""赤帝"": 1, ""轩辕"": 247, ""轩辕氏"": 3, ""阪泉"": 2, ""雨师"": 5, ""颛顼"": 31, ""风伯"": 3, ""鲧"": 38, ""黄帝"": 358, ""黄帝氏"": 2}"
GCI-HOLD-0002,315,data/CASIA-LM_ChineseWebText2.0_partial-000315.parquet,127009347,aad0eadc1a0aec1817b668bfed8a9f53fcbeae1c74c28c903cc461f7b040ff2c,100000,1,2313,"{""九黎"": 13, ""共工"": 20, ""共工氏"": 3, ""句龙"": 2, ""后土"": 40, ""太昊"": 3, ""女娃"": 25, ""女娲"": 86, ""少昊"": 31, ""少皞"": 1, ""帝江"": 1, ""帝鸿"": 2, ""帝鸿氏"": 1, ""应龙"": 33, ""有熊氏"": 2, ""涿鹿"": 22, ""炎帝"": 92, ""神农"": 229, ""禹"": 709, ""精卫"": 51, ""蚩尤"": 61, ""赤帝"": 9, ""轩辕"": 390, ""轩辕氏"": 7, ""阪泉"": 5, ""雨师"": 10, ""颛顼"": 22, ""风伯"": 1, ""鲧"": 21, ""黄帝"": 421}"
GCI-HOLD-0002,316,data/CASIA-LM_ChineseWebText2.0_partial-000316.parquet,126927632,db477d1baf095ad18daab693041f2a3e073b60eaa0ac8819be05a459390842e0,100000,1,2166,"{""九黎"": 19, ""共工"": 19, ""共工氏"": 2, ""后土"": 34, ""太昊"": 5, ""女娃"": 17, ""女娲"": 79, ""少昊"": 7, ""应龙"": 28, ""有熊氏"": 1, ""涿鹿"": 13, ""炎帝"": 76, ""神农"": 209, ""禹"": 857, ""精卫"": 58, ""蚩尤"": 23, ""赤帝"": 5, ""轩辕"": 220, ""轩辕氏"": 5, ""阪泉"": 8, ""雨师"": 13, ""颛顼"": 14, ""鲧"": 6, ""黄帝"": 444, ""黄帝氏"": 4}"
GCI-HOLD-0002,317,data/CASIA-LM_ChineseWebText2.0_partial-000317.parquet,126904675,a97f4f68512f39b659d037151fc68ba50fb05c0cd46e622fb488fe6aed93a678,100000,1,2033,"{""九黎"": 6, ""共工"": 63, ""共工氏"": 32, ""句龙"": 2, ""后土"": 34, ""太昊"": 17, ""太皞"": 1, ""女娃"": 24, ""女娲"": 70, ""少昊"": 7, ""帝江"": 3, ""应龙"": 56, ""有熊氏"": 3, ""涿鹿"": 14, ""炎帝"": 86, ""神农"": 194, ""禹"": 659, ""精卫"": 27, ""缙云氏"": 1, ""蚩尤"": 57, ""赤帝"": 2, ""轩辕"": 288, ""轩辕氏"": 5, ""阪泉"": 1, ""雨师"": 10, ""颛顼"": 21, ""风伯"": 7, ""鲧"": 17, ""黄帝"": 324, ""黄帝氏"": 2}"
GCI-HOLD-0002,318,data/CASIA-LM_ChineseWebText2.0_partial-000318.parquet,127283428,f7d1ca751efe1874ad0614aed4c0ecf128f8d8ecdcfd2c6e1c1c2459964bac10,100000,1,2522,"{""九黎"": 12, ""共工"": 80, ""共工氏"": 15, ""后土"": 19, ""太昊"": 8, ""太皞"": 6, ""女娃"": 18, ""女娲"": 105, ""少昊"": 8, ""帝江"": 2, ""应龙"": 31, ""有熊氏"": 3, ""榆罔"": 3, ""涿鹿"": 26, ""炎帝"": 140, ""神农"": 301, ""禹"": 732, ""精卫"": 27, ""蚩尤"": 88, ""赤帝"": 6, ""轩辕"": 393, ""轩辕氏"": 21, ""阪泉"": 2, ""雨师"": 10, ""颛顼"": 69, ""鲧"": 25, ""黄帝"": 372}"
GCI-HOLD-0002,319,data/CASIA-LM_ChineseWebText2.0_partial-000319.parquet,127062859,f2afdc14af4253bc9c994d863d315dfb97c6b2d4acb03717ea280d3873af5c81,100000,1,2039,"{""九黎"": 6, ""共工"": 41, ""共工氏"": 2, ""句龙"": 2, ""后土"": 28, ""太昊"": 10, ""太皞"": 7, ""女娃"": 35, ""女娲"": 155, ""少昊"": 26, ""少皞"": 5, ""帝江"": 3, ""帝鸿"": 1, ""帝鸿氏"": 1, ""应龙"": 37, ""有熊氏"": 1, ""涿鹿"": 9, ""炎帝"": 62, ""神农"": 171, ""禹"": 734, ""精卫"": 47, ""缙云氏"": 1, ""蚩尤"": 28, ""赤帝"": 3, ""轩辕"": 273, ""轩辕氏"": 4, ""雨师"": 24, ""颛顼"": 28, ""风伯"": 2, ""鲧"": 6, ""黄帝"": 286, ""黄帝氏"": 1}"
GCI-HOLD-0002,320,data/CASIA-LM_ChineseWebText2.0_partial-000320.parquet,126788007,04715779430f30efd93d45cb6267c5349cc2c7d2f4c2d7cc4accfb94462e30a4,100000,1,1991,"{""九黎"": 24, ""共工"": 21, ""共工氏"": 1, ""后土"": 27, ""太昊"": 18, ""太皞"": 18, ""女娃"": 15, ""女娲"": 69, ""少昊"": 18, ""少皞"": 1, ""帝江"": 1, ""帝鸿"": 1, ""帝鸿氏"": 1, ""应龙"": 27, ""有熊氏"": 1, ""涿鹿"": 29, ""炎帝"": 70, ""神农"": 185, ""禹"": 707, ""精卫"": 47, ""缙云氏"": 1, ""蚩尤"": 128, ""赤帝"": 5, ""轩辕"": 190, ""轩辕氏"": 4, ""阪泉"": 6, ""雨师"": 2, ""颛顼"": 40, ""风伯"": 1, ""鲧"": 6, ""黄帝"": 327}"
GCI-HOLD-0002,321,data/CASIA-LM_ChineseWebText2.0_partial-000321.parquet,126891928,eaf4c14f6e03944713f191bfad2503bb313972d204ac1c775761c354c9c61fab,100000,1,2130,"{""九黎"": 15, ""共工"": 38, ""后土"": 26, ""太昊"": 20, ""太皞"": 3, ""女娃"": 18, ""女娲"": 97, ""少昊"": 43, ""少皞"": 1, ""帝江"": 9, ""应龙"": 60, ""榆罔"": 5, ""涿鹿"": 35, ""炎帝"": 68, ""神农"": 196, ""禹"": 759, ""精卫"": 23, ""缙云氏"": 1, ""蚩尤"": 68, ""赤帝"": 16, ""轩辕"": 246, ""轩辕氏"": 3, ""雨师"": 4, ""颛顼"": 25, ""风伯"": 4, ""鲧"": 13, ""黄帝"": 334}"
GCI-HOLD-0002,322,data/CASIA-LM_ChineseWebText2.0_partial-000322.parquet,127184104,1343bfa8725386b0864f3b57eb0fd5d3f1b22a551efff5d7a1e714ca27470611,100000,1,2032,"{""九黎"": 3, ""共工"": 76, ""共工氏"": 8, ""句龙"": 5, ""后土"": 34, ""太昊"": 2, ""女娃"": 14, ""女娲"": 67, ""少昊"": 8, ""帝江"": 13, ""应龙"": 40, ""有熊氏"": 1, ""涿鹿"": 17, ""炎帝"": 38, ""神农"": 229, ""禹"": 761, ""精卫"": 24, ""蚩尤"": 100, ""赤帝"": 4, ""轩辕"": 203, ""轩辕氏"": 3, ""雨师"": 6, ""颛顼"": 41, ""风伯"": 5, ""鲧"": 8, ""黄帝"": 322}"
GCI-HOLD-0002,323,data/CASIA-LM_ChineseWebText2.0_partial-000323.parquet,126438015,9559d5a8f23e680680f9fa251852b50553a4aec5bb7c89c41133fcd9e064e268,100000,1,1980,"{""九黎"": 25, ""共工"": 56, ""共工氏"": 13, ""句龙"": 2, ""后土"": 43, ""太昊"": 13, ""太皞"": 3, ""女娃"": 7, ""女娲"": 83, ""少昊"": 10, ""帝江"": 1, ""帝鸿"": 2, ""帝鸿氏"": 2, ""应龙"": 25, ""有熊氏"": 6, ""涿鹿"": 17, ""炎帝"": 23, ""神农"": 185, ""禹"": 728, ""精卫"": 35, ""蚩尤"": 76, ""赤帝"": 3, ""轩辕"": 232, ""轩辕氏"": 4, ""阪泉"": 5, ""雨师"": 19, ""颛顼"": 32, ""风伯"": 3, ""鲧"": 17, ""黄帝"": 308, ""黄帝氏"": 2}"
GCI-HOLD-0002,324,data/CASIA-LM_ChineseWebText2.0_partial-000324.parquet,127263819,a9268b0f45b507d1817885ff34d46d4aaf94b102d24d8a9a0fa6430cdbca1ba0,100000,1,2083,"{""九黎"": 25, ""共工"": 24, ""共工氏"": 3, ""后土"": 17, ""太昊"": 19, ""太皞"": 4, ""女娃"": 14, ""女娲"": 153, ""少昊"": 23, ""少皞"": 1, ""帝江"": 3, ""帝鸿"": 1, ""应龙"": 9, ""有熊氏"": 2, ""涿鹿"": 17, ""炎帝"": 46, ""神农"": 269, ""禹"": 695, ""精卫"": 21, ""蚩尤"": 39, ""轩辕"": 289, ""轩辕氏"": 4, ""阪泉"": 3, ""雨师"": 22, ""颛顼"": 56, ""风伯"": 8, ""鲧"": 20, ""黄帝"": 291, ""黄帝氏"": 5}"
GCI-HOLD-0002,325,data/CASIA-LM_ChineseWebText2.0_partial-000325.parquet,126548965,cec1f052ec545be58c331206ea5e0c61f1b5b7887a2dc96857701de17d3b6cbd,100000,1,2052,"{""九黎"": 14, ""共工"": 44, ""共工氏"": 4, ""句龙"": 2, ""后土"": 62, ""太昊"": 17, ""女娃"": 8, ""女娲"": 97, ""少昊"": 8, ""帝江"": 4, ""应龙"": 46, ""有熊氏"": 7, ""涿鹿"": 25, ""炎帝"": 33, ""神农"": 119, ""禹"": 874, ""精卫"": 22, ""蚩尤"": 40, ""轩辕"": 162, ""轩辕氏"": 5, ""阪泉"": 6, ""雨师"": 13, ""颛顼"": 88, ""风伯"": 9, ""鲧"": 41, ""黄帝"": 302}"
GCI-HOLD-0002,326,data/CASIA-LM_ChineseWebText2.0_partial-000326.parquet,126600675,871760f365d56c7244284f49027757d19bfe76038edbd7a4269eed5c601097ba,100000,1,1818,"{""九黎"": 15, ""共工"": 38, ""共工氏"": 3, ""后土"": 26, ""太昊"": 10, ""女娃"": 26, ""女娲"": 75, ""少昊"": 2, ""帝江"": 6, ""应龙"": 42, ""有熊氏"": 1, ""涿鹿"": 20, ""炎帝"": 65, ""神农"": 129, ""禹"": 736, ""精卫"": 37, ""蚩尤"": 54, ""赤帝"": 8, ""轩辕"": 127, ""轩辕氏"": 2, ""阪泉"": 6, ""雨师"": 2, ""颛顼"": 23, ""风伯"": 2, ""鲧"": 24, ""黄帝"": 339}"
GCI-HOLD-0002,327,data/CASIA-LM_ChineseWebText2.0_partial-000327.parquet,126705213,76aeeb25589ee0127ef1bbbaac2eb2ed0d9020f81612978477365008ec7be98d,100000,1,2041,"{""九黎"": 10, ""共工"": 42, ""共工氏"": 4, ""后土"": 15, ""太昊"": 11, ""太皞"": 1, ""女娃"": 25, ""女娲"": 92, ""少昊"": 12, ""少皞"": 1, ""应龙"": 21, ""有熊氏"": 1, ""涿鹿"": 33, ""炎帝"": 41, ""神农"": 209, ""禹"": 719, ""精卫"": 34, ""缙云氏"": 1, ""蚩尤"": 78, ""赤帝"": 2, ""轩辕"": 303, ""轩辕氏"": 1, ""阪泉"": 1, ""雨师"": 13, ""颛顼"": 22, ""风伯"": 8, ""鲧"": 10, ""黄帝"": 331}"
GCI-HOLD-0002,328,data/CASIA-LM_ChineseWebText2.0_partial-000328.parquet,127743310,fa99356f68c8ea00d1217c1f65d6cf992e674bcfe918eeb6d6e2da0bdf7d3985,100000,1,1804,"{""九黎"": 2, ""共工"": 53, ""共工氏"": 4, ""句龙"": 1, ""后土"": 41, ""太昊"": 11, ""太皞"": 4, ""女娃"": 7, ""女娲"": 58, ""少昊"": 17, ""少皞"": 15, ""帝江"": 9, ""帝鸿"": 10, ""帝鸿氏"": 1, ""应龙"": 42, ""有熊氏"": 3, ""涿鹿"": 30, ""炎帝"": 53, ""神农"": 185, ""禹"": 621, ""精卫"": 33, ""缙云氏"": 2, ""蚩尤"": 44, ""赤帝"": 2, ""轩辕"": 149, ""轩辕氏"": 18, ""阪泉"": 1, ""雨师"": 15, ""颛顼"": 50, ""风伯"": 9, ""鲧"": 16, ""黄帝"": 296, ""黄帝氏"": 2}"
GCI-HOLD-0002,329,data/CASIA-LM_ChineseWebText2.0_partial-000329.parquet,126790259,2860d92fa75b984b3d9ce5ae87dfe85520f1d6c0b1b064ffba88c75382de99c9,100000,1,2132,"{""九黎"": 14, ""共工"": 11, ""共工氏"": 1, ""后土"": 34, ""太昊"": 5, ""女娃"": 17, ""女娲"": 67, ""少昊"": 8, ""帝江"": 27, ""应龙"": 25, ""有熊氏"": 1, ""榆罔"": 4, ""涿鹿"": 15, ""炎帝"": 82, ""神农"": 205, ""禹"": 691, ""精卫"": 41, ""蚩尤"": 109, ""赤帝"": 1, ""轩辕"": 359, ""轩辕氏"": 6, ""阪泉"": 5, ""雨师"": 4, ""颛顼"": 19, ""风伯"": 2, ""鲧"": 2, ""黄帝"": 377}"
GCI-HOLD-0002,330,data/CASIA-LM_ChineseWebText2.0_partial-000330.parquet,127437299,4ea5286e9797928853d1a1ea44cda1c419dd3b78fab3c9ce32013bb6bb012c7a,100000,1,2053,"{""九黎"": 40, ""共工"": 30, ""后土"": 25, ""太昊"": 5, ""太皞"": 2, ""女娃"": 27, ""女娲"": 72, ""少昊"": 9, ""少皞"": 5, ""帝江"": 9, ""帝鸿"": 5, ""应龙"": 36, ""有熊氏"": 1, ""涿鹿"": 35, ""炎帝"": 59, ""神农"": 222, ""禹"": 638, ""精卫"": 18, ""缙云氏"": 1, ""蚩尤"": 80, ""赤帝"": 4, ""轩辕"": 257, ""轩辕氏"": 2, ""阪泉"": 6, ""雨师"": 47, ""颛顼"": 21, ""风伯"": 3, ""鲧"": 10, ""黄帝"": 382, ""黄帝氏"": 2}"
GCI-HOLD-0002,331,data/CASIA-LM_ChineseWebText2.0_partial-000331.parquet,126776825,78529924b8d827dc1c50e235943dcfb3f53a8616f24db04a40b2346e624ee969,100000,1,1865,"{""九黎"": 4, ""共工"": 34, ""共工氏"": 2, ""句龙"": 1, ""后土"": 21, ""太昊"": 8, ""女娃"": 38, ""女娲"": 56, ""少昊"": 18, ""少皞"": 1, ""帝江"": 5, ""帝鸿"": 2, ""应龙"": 15, ""有熊氏"": 1, ""涿鹿"": 16, ""炎帝"": 68, ""神农"": 205, ""禹"": 681, ""精卫"": 32, ""蚩尤"": 40, ""赤帝"": 2, ""轩辕"": 195, ""轩辕氏"": 4, ""阪泉"": 3, ""雨师"": 20, ""颛顼"": 33, ""风伯"": 1, ""鲧"": 16, ""黄帝"": 342, ""黄帝氏"": 1}"
GCI-HOLD-0002,332,data/CASIA-LM_ChineseWebText2.0_partial-000332.parquet,127302157,6220cf47d28b1167f718a7c70a79aa7bbc4ddf00a59fed8c8590dbffe75b4398,100000,1,1970,"{""九黎"": 6, ""共工"": 50, ""共工氏"": 9, ""句龙"": 1, ""后土"": 91, ""太昊"": 24, ""太皞"": 9, ""女娃"": 12, ""女娲"": 76, ""少昊"": 28, ""少皞"": 4, ""应龙"": 21, ""涿鹿"": 13, ""炎帝"": 67, ""神农"": 230, ""禹"": 514, ""精卫"": 35, ""缙云氏"": 6, ""蚩尤"": 57, ""赤帝"": 3, ""轩辕"": 249, ""轩辕氏"": 7, ""阪泉"": 2, ""雨师"": 9, ""颛顼"": 48, ""风伯"": 2, ""鲧"": 19, ""黄帝"": 377, ""黄帝氏"": 1}"
GCI-HOLD-0002,333,data/CASIA-LM_ChineseWebText2.0_partial-000333.parquet,127072832,02f972624a76a6b23db50e6bc0d1df95f387441c03ce357b20bb080cae9bb3ff,100000,1,1843,"{""九黎"": 5, ""共工"": 20, ""后土"": 21, ""太昊"": 7, ""女娃"": 11, ""女娲"": 65, ""少昊"": 25, ""帝江"": 7, ""应龙"": 24, ""榆罔"": 1, ""涿鹿"": 45, ""炎帝"": 62, ""神农"": 191, ""禹"": 584, ""精卫"": 32, ""蚩尤"": 76, ""赤帝"": 4, ""轩辕"": 326, ""轩辕氏"": 6, ""阪泉"": 5, ""雨师"": 8, ""颛顼"": 15, ""风伯"": 4, ""鲧"": 10, ""黄帝"": 288, ""黄帝氏"": 1}"
GCI-HOLD-0002,334,data/CASIA-LM_ChineseWebText2.0_partial-000334.parquet,126792021,9c586ec59a868dbfcb254fd5b6e33e7dc3d7f75a292aa1a479d7ba72d2c02a63,100000,1,1978,"{""九黎"": 29, ""共工"": 23, ""后土"": 26, ""太昊"": 6, ""太皞"": 2, ""女娃"": 13, ""女娲"": 65, ""少昊"": 6, ""少皞"": 1, ""帝江"": 7, ""帝鸿"": 5, ""帝鸿氏"": 2, ""应龙"": 20, ""涿鹿"": 23, ""炎帝"": 49, ""神农"": 202, ""禹"": 771, ""精卫"": 47, ""蚩尤"": 45, ""赤帝"": 12, ""轩辕"": 244, ""轩辕氏"": 3, ""阪泉"": 1, ""雨师"": 3, ""颛顼"": 38, ""风伯"": 2, ""鲧"": 6, ""黄帝"": 327}"
GCI-HOLD-0002,335,data/CASIA-LM_ChineseWebText2.0_partial-000335.parquet,127177016,91abdf506ac8a6bb6de5d5f8b8e5a62e61d0c04abf92a96e83e596c8382fd401,100000,1,2163,"{""九黎"": 5, ""共工"": 34, ""共工氏"": 9, ""句龙"": 1, ""后土"": 25, ""太昊"": 5, ""女娃"": 22, ""女娲"": 79, ""少昊"": 26, ""帝江"": 2, ""帝鸿"": 1, ""应龙"": 38, ""有熊氏"": 3, ""榆罔"": 3, ""涿鹿"": 13, ""炎帝"": 69, ""神农"": 186, ""禹"": 745, ""精卫"": 50, ""蚩尤"": 42, ""赤帝"": 5, ""轩辕"": 281, ""轩辕氏"": 3, ""阪泉"": 2, ""雨师"": 16, ""颛顼"": 56, ""风伯"": 1, ""鲧"": 22, ""黄帝"": 418, ""黄帝氏"": 1}"
GCI-HOLD-0002,336,data/CASIA-LM_ChineseWebText2.0_partial-000336.parquet,126568170,3eec940b29b4f217d65e51cb9fac66415567011a1e203c62c2a52c898bb58e68,100000,1,1830,"{""九黎"": 9, ""共工"": 25, ""后土"": 13, ""太昊"": 5, ""女娃"": 26, ""女娲"": 127, ""少昊"": 13, ""帝江"": 3, ""应龙"": 43, ""有熊氏"": 2, ""榆罔"": 4, ""涿鹿"": 17, ""炎帝"": 71, ""神农"": 195, ""禹"": 631, ""精卫"": 20, ""缙云氏"": 1, ""蚩尤"": 47, ""赤帝"": 1, ""轩辕"": 201, ""轩辕氏"": 7, ""阪泉"": 16, ""雨师"": 4, ""颛顼"": 25, ""风伯"": 2, ""鲧"": 8, ""黄帝"": 314}"
GCI-HOLD-0002,337,data/CASIA-LM_ChineseWebText2.0_partial-000337.parquet,127048281,3c0b20f938e63f980cf2be6ccf27421383555f79bb625a90c8a1aabbdeb1ae23,100000,1,1831,"{""九黎"": 10, ""共工"": 25, ""共工氏"": 2, ""句龙"": 2, ""后土"": 21, ""太昊"": 9, ""女娃"": 12, ""女娲"": 71, ""少昊"": 5, ""少皞"": 1, ""帝江"": 1, ""帝鸿"": 5, ""帝鸿氏"": 2, ""应龙"": 28, ""有熊氏"": 3, ""涿鹿"": 21, ""炎帝"": 35, ""神农"": 194, ""禹"": 718, ""精卫"": 47, ""缙云氏"": 5, ""蚩尤"": 34, ""赤帝"": 6, ""轩辕"": 217, ""轩辕氏"": 8, ""阪泉"": 2, ""雨师"": 21, ""颛顼"": 40, ""鲧"": 7, ""黄帝"": 278, ""黄帝氏"": 1}"
GCI-HOLD-0002,338,data/CASIA-LM_ChineseWebText2.0_partial-000338.parquet,127240090,ec0ecf3788b6ea76435c06664134acf07be27a70a469818c60e4bec091c40c07,100000,1,1899,"{""九黎"": 12, ""共工"": 43, ""共工氏"": 2, ""句龙"": 2, ""后土"": 32, ""太昊"": 6, ""女娃"": 11, ""女娲"": 77, ""少昊"": 5, ""帝江"": 7, ""应龙"": 46, ""有熊氏"": 2, ""涿鹿"": 29, ""炎帝"": 30, ""神农"": 145, ""禹"": 653, ""精卫"": 25, ""蚩尤"": 56, ""赤帝"": 3, ""轩辕"": 239, ""轩辕氏"": 4, ""阪泉"": 2, ""雨师"": 13, ""颛顼"": 12, ""风伯"": 6, ""鲧"": 16, ""黄帝"": 421}"
GCI-HOLD-0002,339,data/CASIA-LM_ChineseWebText2.0_partial-000339.parquet,127235855,25bc0beda98a7bae80bec3a1a05dfe7b8bc4b31e412a38f56129777a263870f9,100000,1,1924,"{""九黎"": 5, ""共工"": 22, ""共工氏"": 2, ""句龙"": 1, ""后土"": 22, ""太昊"": 14, ""女娃"": 19, ""女娲"": 72, ""少昊"": 12, ""帝江"": 8, ""应龙"": 74, ""涿鹿"": 23, ""炎帝"": 84, ""神农"": 154, ""禹"": 724, ""精卫"": 55, ""蚩尤"": 28, ""赤帝"": 4, ""轩辕"": 303, ""轩辕氏"": 3, ""阪泉"": 1, ""雨师"": 5, ""颛顼"": 22, ""风伯"": 2, ""鲧"": 13, ""黄帝"": 252}"
GCI-HOLD-0002,340,data/CASIA-LM_ChineseWebText2.0_partial-000340.parquet,126987987,f4c0999658ca5b127352da97edcde172b2ef48e3b595101a5ab57328d54dc1cc,100000,1,1716,"{""九黎"": 6, ""共工"": 26, ""共工氏"": 1, ""后土"": 20, ""太昊"": 17, ""女娃"": 15, ""女娲"": 41, ""少昊"": 9, ""帝江"": 1, ""应龙"": 27, ""有熊氏"": 3, ""榆罔"": 1, ""涿鹿"": 7, ""炎帝"": 49, ""神农"": 200, ""禹"": 716, ""精卫"": 25, ""蚩尤"": 11, ""赤帝"": 1, ""轩辕"": 189, ""轩辕氏"": 2, ""阪泉"": 2, ""雨师"": 3, ""颛顼"": 12, ""风伯"": 6, ""鲧"": 6, ""黄帝"": 320}"
GCI-HOLD-0002,341,data/CASIA-LM_ChineseWebText2.0_partial-000341.parquet,127315418,041fece2bf493b0ab193789fef7df264dcf3b18e86a73346a9353b03aff37d3a,100000,1,2172,"{""九黎"": 35, ""共工"": 26, ""共工氏"": 1, ""句龙"": 1, ""后土"": 22, ""太昊"": 18, ""女娃"": 10, ""女娲"": 104, ""少昊"": 24, ""应龙"": 35, ""有熊氏"": 1, ""榆罔"": 1, ""涿鹿"": 24, ""炎帝"": 71, ""神农"": 223, ""禹"": 779, ""精卫"": 27, ""蚩尤"": 100, ""赤帝"": 6, ""轩辕"": 254, ""轩辕氏"": 5, ""阪泉"": 26, ""雨师"": 6, ""颛顼"": 34, ""风伯"": 5, ""鲧"": 20, ""黄帝"": 312, ""黄帝氏"": 2}"
GCI-HOLD-0002,342,data/CASIA-LM_ChineseWebText2.0_partial-000342.parquet,127383670,6755c4194218a71683ab6a644871fabcd1b77f54d15d6ff3c0611f83213e0fa1,100000,1,2460,"{""九黎"": 6, ""共工"": 83, ""共工氏"": 13, ""后土"": 25, ""太昊"": 43, ""女娃"": 18, ""女娲"": 114, ""少昊"": 23, ""帝江"": 8, ""帝鸿"": 10, ""帝鸿氏"": 3, ""应龙"": 17, ""有熊氏"": 4, ""榆罔"": 1, ""涿鹿"": 26, ""炎帝"": 74, ""神农"": 213, ""禹"": 893, ""精卫"": 101, ""缙云氏"": 1, ""蚩尤"": 43, ""赤帝"": 6, ""轩辕"": 294, ""轩辕氏"": 7, ""阪泉"": 1, ""雨师"": 5, ""颛顼"": 20, ""风伯"": 4, ""鲧"": 8, ""黄帝"": 395, ""黄帝氏"": 1}"
GCI-HOLD-0002,343,data/CASIA-LM_ChineseWebText2.0_partial-000343.parquet,126870635,a21186ad95194edd413a92c323aa5680b31d47c673b46d6f5cf691c169dea3b6,100000,1,1986,"{""九黎"": 16, ""共工"": 57, ""共工氏"": 4, ""后土"": 20, ""太昊"": 19, ""女娃"": 20, ""女娲"": 100, ""少昊"": 29, ""帝鸿"": 1, ""帝鸿氏"": 1, ""应龙"": 30, ""有熊氏"": 2, ""涿鹿"": 22, ""炎帝"": 33, ""神农"": 191, ""禹"": 707, ""精卫"": 29, ""蚩尤"": 76, ""赤帝"": 1, ""轩辕"": 252, ""轩辕氏"": 11, ""阪泉"": 1, ""雨师"": 2, ""颛顼"": 13, ""风伯"": 2, ""鲧"": 12, ""黄帝"": 335}"
GCI-HOLD-0002,344,data/CASIA-LM_ChineseWebText2.0_partial-000344.parquet,127418683,48db0091f915f3ca18a71fabb8c03396b22dee336847fc3ab197745ae6c95500,100000,1,2298,"{""九黎"": 5, ""共工"": 35, ""共工氏"": 7, ""后土"": 23, ""太昊"": 11, ""太皞"": 13, ""女娃"": 16, ""女娲"": 85, ""少昊"": 11, ""少皞"": 1, ""帝江"": 1, ""应龙"": 28, ""涿鹿"": 35, ""炎帝"": 74, ""神农"": 249, ""禹"": 834, ""精卫"": 67, ""蚩尤"": 45, ""赤帝"": 1, ""轩辕"": 343, ""轩辕氏"": 4, ""阪泉"": 1, ""雨师"": 4, ""颛顼"": 71, ""风伯"": 2, ""鲧"": 14, ""黄帝"": 317, ""黄帝氏"": 1}"
GCI-HOLD-0002,345,data/CASIA-LM_ChineseWebText2.0_partial-000345.parquet,126635277,50cf9c0c09d2369c49148a8d734ee41061b343bcc5bcd5e3c86590dde1ee9468,100000,1,2214,"{""九黎"": 6, ""共工"": 28, ""共工氏"": 1, ""句龙"": 2, ""后土"": 35, ""太昊"": 5, ""女娃"": 22, ""女娲"": 79, ""少昊"": 27, ""帝江"": 4, ""应龙"": 27, ""涿鹿"": 55, ""炎帝"": 56, ""神农"": 210, ""禹"": 788, ""精卫"": 29, ""缙云氏"": 10, ""蚩尤"": 61, ""赤帝"": 4, ""轩辕"": 358, ""轩辕氏"": 2, ""阪泉"": 8, ""雨师"": 6, ""颛顼"": 29, ""风伯"": 1, ""鲧"": 26, ""黄帝"": 334, ""黄帝氏"": 1}"
GCI-HOLD-0002,346,data/CASIA-LM_ChineseWebText2.0_partial-000346.parquet,126831735,512689b6ae3749fe649d68160566756553367511d7f14cea790f019ebe10cd37,100000,1,1637,"{""九黎"": 16, ""共工"": 37, ""共工氏"": 4, ""后土"": 15, ""太昊"": 10, ""女娃"": 23, ""女娲"": 77, ""少昊"": 5, ""帝江"": 1, ""帝鸿"": 2, ""帝鸿氏"": 1, ""应龙"": 30, ""榆罔"": 5, ""涿鹿"": 24, ""炎帝"": 31, ""神农"": 151, ""禹"": 584, ""精卫"": 67, ""蚩尤"": 56, ""赤帝"": 7, ""轩辕"": 213, ""轩辕氏"": 3, ""阪泉"": 1, ""雨师"": 3, ""颛顼"": 13, ""风伯"": 3, ""鲧"": 9, ""黄帝"": 246}"
GCI-HOLD-0002,347,data/CASIA-LM_ChineseWebText2.0_partial-000347.parquet,127421617,644c8983b3c1725660515cce7af2a1e2f48c306b60e63ca0b7c9db2558b59c57,100000,1,2287,"{""九黎"": 29, ""共工"": 58, ""句龙"": 1, ""后土"": 19, ""太昊"": 6, ""女娃"": 17, ""女娲"": 137, ""少昊"": 34, ""帝江"": 7, ""应龙"": 60, ""有熊氏"": 1, ""涿鹿"": 59, ""炎帝"": 45, ""神农"": 191, ""禹"": 768, ""精卫"": 26, ""蚩尤"": 117, ""赤帝"": 3, ""轩辕"": 252, ""轩辕氏"": 3, ""阪泉"": 2, ""雨师"": 22, ""颛顼"": 16, ""风伯"": 10, ""鲧"": 4, ""黄帝"": 399, ""黄帝氏"": 1}"
GCI-HOLD-0002,348,data/CASIA-LM_ChineseWebText2.0_partial-000348.parquet,126960805,5aa40d72d0158481ffc4d507dee1980cd21f71b2cf60e90352f27c1b52fb8842,100000,1,2160,"{""九黎"": 13, ""共工"": 47, ""共工氏"": 25, ""后土"": 27, ""太昊"": 19, ""太皞"": 1, ""女娃"": 16, ""女娲"": 57, ""少昊"": 4, ""帝江"": 1, ""帝鸿"": 1, ""应龙"": 24, ""有熊氏"": 5, ""涿鹿"": 21, ""炎帝"": 56, ""神农"": 238, ""禹"": 737, ""精卫"": 28, ""蚩尤"": 88, ""赤帝"": 3, ""轩辕"": 258, ""轩辕氏"": 7, ""阪泉"": 7, ""雨师"": 5, ""颛顼"": 41, ""风伯"": 1, ""鲧"": 60, ""黄帝"": 370}"
GCI-HOLD-0002,349,data/CASIA-LM_ChineseWebText2.0_partial-000349.parquet,127450235,0e459ff3dd0d3cf9782899d07685156f5b27bb03c7bc1cdc3619608a35676111,100000,1,1879,"{""九黎"": 23, ""共工"": 21, ""共工氏"": 1, ""后土"": 40, ""太昊"": 27, ""女娃"": 20, ""女娲"": 81, ""少昊"": 15, ""少皞"": 1, ""帝鸿"": 1, ""应龙"": 22, ""有熊氏"": 3, ""榆罔"": 1, ""涿鹿"": 26, ""炎帝"": 28, ""神农"": 188, ""禹"": 697, ""精卫"": 34, ""缙云氏"": 1, ""蚩尤"": 85, ""赤帝"": 2, ""轩辕"": 208, ""轩辕氏"": 6, ""阪泉"": 2, ""雨师"": 10, ""颛顼"": 13, ""风伯"": 5, ""鲧"": 10, ""黄帝"": 308}"
GCI-HOLD-0002,350,data/CASIA-LM_ChineseWebText2.0_partial-000350.parquet,127086908,8b50757c2a889b058a8b432173cb7e1e6bb6f0660308e9a8e7f2fbfb6000cfe8,100000,1,2175,"{""九黎"": 12, ""共工"": 35, ""共工氏"": 3, ""后土"": 22, ""太昊"": 4, ""女娃"": 15, ""女娲"": 105, ""少昊"": 10, ""少皞"": 3, ""帝江"": 2, ""应龙"": 13, ""榆罔"": 1, ""涿鹿"": 47, ""炎帝"": 64, ""神农"": 212, ""禹"": 772, ""精卫"": 48, ""蚩尤"": 65, ""赤帝"": 3, ""轩辕"": 286, ""轩辕氏"": 2, ""阪泉"": 1, ""雨师"": 8, ""颛顼"": 29, ""风伯"": 4, ""鲧"": 19, ""黄帝"": 385, ""黄帝氏"": 5}"
GCI-HOLD-0002,351,data/CASIA-LM_ChineseWebText2.0_partial-000351.parquet,127141001,7984b211b8e107060bf8168793e9436da2cc224a6189a62f47e1acaef62c7005,100000,1,2112,"{""九黎"": 9, ""共工"": 42, ""共工氏"": 4, ""句龙"": 2, ""后土"": 14, ""太昊"": 1, ""太皞"": 3, ""女娃"": 42, ""女娲"": 84, ""少昊"": 5, ""少皞"": 1, ""帝江"": 2, ""帝鸿"": 5, ""帝鸿氏"": 4, ""应龙"": 17, ""有熊氏"": 2, ""榆罔"": 3, ""涿鹿"": 15, ""炎帝"": 75, ""神农"": 254, ""禹"": 714, ""精卫"": 59, ""蚩尤"": 98, ""赤帝"": 2, ""轩辕"": 269, ""轩辕氏"": 7, ""阪泉"": 4, ""雨师"": 4, ""颛顼"": 28, ""风伯"": 18, ""鲧"": 16, ""黄帝"": 309}"
GCI-HOLD-0002,352,data/CASIA-LM_ChineseWebText2.0_partial-000352.parquet,127046811,69d2b2515b3ba4d12993dc454adebeda863ccee101a7b1ec39f24a4c38e0daad,100000,1,2162,"{""九黎"": 10, ""共工"": 44, ""句龙"": 1, ""后土"": 20, ""太昊"": 8, ""女娃"": 24, ""女娲"": 97, ""少昊"": 36, ""少皞"": 1, ""帝江"": 9, ""帝鸿"": 3, ""帝鸿氏"": 2, ""应龙"": 31, ""有熊氏"": 5, ""榆罔"": 1, ""涿鹿"": 46, ""炎帝"": 55, ""神农"": 180, ""禹"": 706, ""精卫"": 31, ""蚩尤"": 84, ""赤帝"": 1, ""轩辕"": 286, ""轩辕氏"": 4, ""阪泉"": 1, ""雨师"": 7, ""颛顼"": 17, ""风伯"": 4, ""鲧"": 20, ""黄帝"": 428}"
GCI-HOLD-0002,353,data/CASIA-LM_ChineseWebText2.0_partial-000353.parquet,127528332,092973653b3aec04d32602c9723d0e386360e65fe90e056987807076477fb8e4,100000,1,2243,"{""九黎"": 12, ""共工"": 66, ""共工氏"": 10, ""句龙"": 1, ""后土"": 30, ""太昊"": 7, ""女娃"": 34, ""女娲"": 75, ""少昊"": 38, ""少皞"": 5, ""帝江"": 23, ""帝鸿"": 10, ""帝鸿氏"": 4, ""应龙"": 25, ""有熊氏"": 2, ""涿鹿"": 57, ""炎帝"": 74, ""神农"": 206, ""禹"": 666, ""精卫"": 30, ""缙云氏"": 5, ""蚩尤"": 96, ""赤帝"": 1, ""轩辕"": 285, ""轩辕氏"": 5, ""阪泉"": 9, ""雨师"": 20, ""颛顼"": 44, ""风伯"": 12, ""鲧"": 24, ""黄帝"": 367}"
GCI-HOLD-0002,354,data/CASIA-LM_ChineseWebText2.0_partial-000354.parquet,127067876,a3744a29c15732e7bf32cde61e9f894d5660ab81ae85203ae8d0adceea364acf,100000,1,2004,"{""九黎"": 8, ""共工"": 38, ""共工氏"": 2, ""后土"": 19, ""太昊"": 2, ""女娃"": 19, ""女娲"": 57, ""少昊"": 14, ""帝江"": 2, ""应龙"": 34, ""榆罔"": 1, ""涿鹿"": 37, ""炎帝"": 40, ""神农"": 185, ""禹"": 733, ""精卫"": 44, ""蚩尤"": 36, ""赤帝"": 5, ""轩辕"": 348, ""轩辕氏"": 1, ""阪泉"": 1, ""雨师"": 10, ""颛顼"": 19, ""风伯"": 5, ""鲧"": 20, ""黄帝"": 323, ""黄帝氏"": 1}"
GCI-HOLD-0002,355,data/CASIA-LM_ChineseWebText2.0_partial-000355.parquet,127688784,e54cfd02580e3ee06632df2c9d821e41fc715553ab8fed37434bfb1ff8230bb2,100000,1,2089,"{""九黎"": 8, ""共工"": 91, ""共工氏"": 21, ""句龙"": 2, ""后土"": 19, ""太昊"": 18, ""太皞"": 1, ""女娃"": 14, ""女娲"": 101, ""少昊"": 70, ""帝江"": 2, ""帝鸿"": 5, ""帝鸿氏"": 1, ""应龙"": 9, ""有熊氏"": 1, ""涿鹿"": 4, ""炎帝"": 95, ""神农"": 203, ""禹"": 680, ""精卫"": 24, ""蚩尤"": 29, ""赤帝"": 4, ""轩辕"": 278, ""轩辕氏"": 5, ""阪泉"": 2, ""雨师"": 11, ""颛顼"": 22, ""风伯"": 7, ""鲧"": 9, ""黄帝"": 352, ""黄帝氏"": 1}"
GCI-HOLD-0002,356,data/CASIA-LM_ChineseWebText2.0_partial-000356.parquet,127152278,d0363f14e9764219a33cf3a5c20950c1f4000e1b1a61adce9b7ce05fb59eaf11,100000,1,1998,"{""九黎"": 29, ""共工"": 18, ""共工氏"": 1, ""句龙"": 2, ""后土"": 22, ""太昊"": 10, ""太皞"": 1, ""女娃"": 11, ""女娲"": 86, ""少昊"": 77, ""少皞"": 2, ""帝江"": 3, ""帝鸿"": 2, ""帝鸿氏"": 1, ""应龙"": 7, ""有熊氏"": 2, ""涿鹿"": 30, ""炎帝"": 46, ""神农"": 166, ""禹"": 811, ""精卫"": 29, ""缙云氏"": 1, ""蚩尤"": 23, ""赤帝"": 1, ""轩辕"": 165, ""轩辕氏"": 4, ""阪泉"": 2, ""雨师"": 14, ""颛顼"": 43, ""鲧"": 3, ""黄帝"": 385, ""黄帝氏"": 1}"
GCI-HOLD-0002,357,data/CASIA-LM_ChineseWebText2.0_partial-000357.parquet,127462208,a26df728f12b21eed607e97c77dc7d34c9a5f33987ffd406a017fd92c60a077f,100000,1,2383,"{""九黎"": 46, ""共工"": 29, ""共工氏"": 4, ""句龙"": 1, ""后土"": 27, ""太昊"": 8, ""女娃"": 13, ""女娲"": 62, ""少昊"": 10, ""帝江"": 3, ""帝鸿"": 3, ""帝鸿氏"": 2, ""应龙"": 22, ""有熊氏"": 6, ""榆罔"": 2, ""涿鹿"": 65, ""炎帝"": 119, ""神农"": 268, ""禹"": 751, ""精卫"": 17, ""缙云氏"": 2, ""蚩尤"": 186, ""赤帝"": 6, ""轩辕"": 185, ""轩辕氏"": 11, ""阪泉"": 16, ""雨师"": 9, ""颛顼"": 30, ""风伯"": 11, ""鲧"": 7, ""黄帝"": 462}"
GCI-HOLD-0002,358,data/CASIA-LM_ChineseWebText2.0_partial-000358.parquet,126470589,767d3740699c25aa5187d00b7a51b4af9e47b2d9eec887b13dd78ff2725ec868,100000,1,1888,"{""九黎"": 24, ""共工"": 19, ""共工氏"": 3, ""句龙"": 1, ""后土"": 27, ""太昊"": 8, ""太皞"": 1, ""女娃"": 13, ""女娲"": 77, ""少昊"": 5, ""少皞"": 1, ""帝江"": 2, ""应龙"": 45, ""有熊氏"": 2, ""榆罔"": 1, ""涿鹿"": 19, ""炎帝"": 48, ""神农"": 163, ""禹"": 697, ""精卫"": 28, ""蚩尤"": 47, ""赤帝"": 6, ""轩辕"": 315, ""轩辕氏"": 7, ""阪泉"": 7, ""雨师"": 5, ""颛顼"": 8, ""风伯"": 9, ""鲧"": 6, ""黄帝"": 294}"
GCI-HOLD-0002,359,data/CASIA-LM_ChineseWebText2.0_partial-000359.parquet,126933599,152a3c3c8d048cbd526bcefd10fba7cc59ce5d80345db596f3ecf736e3264f37,100000,1,2217,"{""九黎"": 12, ""共工"": 39, ""共工氏"": 1, ""后土"": 25, ""太昊"": 17, ""女娃"": 8, ""女娲"": 63, ""少昊"": 33, ""帝江"": 11, ""帝鸿"": 1, ""帝鸿氏"": 1, ""应龙"": 13, ""有熊氏"": 2, ""榆罔"": 1, ""涿鹿"": 12, ""炎帝"": 84, ""神农"": 187, ""禹"": 877, ""精卫"": 51, ""缙云氏"": 1, ""蚩尤"": 54, ""赤帝"": 1, ""轩辕"": 234, ""轩辕氏"": 3, ""阪泉"": 4, ""雨师"": 4, ""颛顼"": 76, ""风伯"": 1, ""鲧"": 10, ""黄帝"": 390, ""黄帝氏"": 1}"
GCI-HOLD-0002,360,data/CASIA-LM_ChineseWebText2.0_partial-000360.parquet,127733781,ab26f484dc211a18f34e210579f2d3ec47444be6d7e069ac3d90ac4f68d71a41,100000,1,1942,"{""九黎"": 8, ""共工"": 25, ""共工氏"": 1, ""句龙"": 1, ""后土"": 15, ""太昊"": 9, ""太皞"": 11, ""女娃"": 21, ""女娲"": 128, ""少昊"": 4, ""帝江"": 5, ""应龙"": 23, ""涿鹿"": 31, ""炎帝"": 56, ""神农"": 200, ""禹"": 697, ""精卫"": 25, ""蚩尤"": 40, ""赤帝"": 4, ""轩辕"": 216, ""轩辕氏"": 6, ""阪泉"": 2, ""雨师"": 3, ""颛顼"": 25, ""风伯"": 1, ""鲧"": 6, ""黄帝"": 379}"
GCI-HOLD-0002,361,data/CASIA-LM_ChineseWebText2.0_partial-000361.parquet,127184276,2fde9338b486e3e364768b6b7e902b166e81e4607888307a5531ff68ab953e01,100000,1,2092,"{""九黎"": 14, ""共工"": 15, ""共工氏"": 1, ""后土"": 16, ""太昊"": 4, ""女娃"": 12, ""女娲"": 104, ""少昊"": 14, ""少皞"": 2, ""帝江"": 4, ""应龙"": 26, ""有熊氏"": 1, ""涿鹿"": 54, ""炎帝"": 56, ""神农"": 202, ""禹"": 717, ""精卫"": 34, ""缙云氏"": 3, ""蚩尤"": 62, ""赤帝"": 10, ""轩辕"": 219, ""轩辕氏"": 7, ""阪泉"": 13, ""雨师"": 4, ""颛顼"": 58, ""鲧"": 13, ""黄帝"": 427}"
GCI-HOLD-0002,362,data/CASIA-LM_ChineseWebText2.0_partial-000362.parquet,127606570,5c8d2e8fd2a05b195abb0fa3b76bb13cc94c46a7537e7f5d2b358c3b58103ee0,100000,1,2349,"{""九黎"": 28, ""共工"": 44, ""共工氏"": 4, ""句龙"": 4, ""后土"": 23, ""太昊"": 9, ""太皞"": 1, ""女娃"": 12, ""女娲"": 74, ""少昊"": 13, ""少皞"": 3, ""帝江"": 10, ""帝鸿"": 2, ""应龙"": 28, ""有熊氏"": 2, ""榆罔"": 21, ""涿鹿"": 37, ""炎帝"": 166, ""神农"": 212, ""禹"": 687, ""精卫"": 23, ""蚩尤"": 269, ""赤帝"": 19, ""轩辕"": 242, ""轩辕氏"": 1, ""阪泉"": 8, ""雨师"": 3, ""颛顼"": 29, ""风伯"": 2, ""鲧"": 5, ""黄帝"": 366, ""黄帝氏"": 2}"
GCI-HOLD-0002,363,data/CASIA-LM_ChineseWebText2.0_partial-000363.parquet,127650615,335afb04481c30bee837d4a6c0175dfc0a79f946cb3ca9e28af9292af256042f,100000,1,2056,"{""九黎"": 3, ""共工"": 95, ""共工氏"": 13, ""句龙"": 1, ""后土"": 36, ""太昊"": 14, ""太皞"": 2, ""女娃"": 16, ""女娲"": 106, ""少昊"": 16, ""应龙"": 58, ""有熊氏"": 4, ""榆罔"": 1, ""涿鹿"": 22, ""炎帝"": 42, ""神农"": 191, ""禹"": 597, ""精卫"": 50, ""缙云氏"": 1, ""蚩尤"": 25, ""轩辕"": 256, ""轩辕氏"": 6, ""阪泉"": 1, ""雨师"": 2, ""颛顼"": 28, ""风伯"": 3, ""鲧"": 75, ""黄帝"": 392}"
GCI-HOLD-0002,364,data/CASIA-LM_ChineseWebText2.0_partial-000364.parquet,127648762,1f0ee59b7045eee00c4ad19d3c07369882583735ce570be02e4c4c0840d2a4df,100000,1,2207,"{""九黎"": 7, ""共工"": 42, ""共工氏"": 7, ""后土"": 21, ""太昊"": 3, ""女娃"": 34, ""女娲"": 87, ""帝江"": 4, ""应龙"": 34, ""榆罔"": 8, ""涿鹿"": 21, ""炎帝"": 97, ""神农"": 185, ""禹"": 613, ""精卫"": 30, ""缙云氏"": 3, ""蚩尤"": 34, ""赤帝"": 4, ""轩辕"": 415, ""轩辕氏"": 14, ""阪泉"": 5, ""雨师"": 3, ""颛顼"": 10, ""风伯"": 2, ""鲧"": 11, ""黄帝"": 512, ""黄帝氏"": 1}"
GCI-HOLD-0002,365,data/CASIA-LM_ChineseWebText2.0_partial-000365.parquet,127267936,90e9b573826bae6ee75d70044e418cad37053eb5f266f4592ee4353252e9ddef,100000,1,2203,"{""九黎"": 12, ""共工"": 37, ""共工氏"": 2, ""后土"": 22, ""太昊"": 47, ""太皞"": 8, ""女娃"": 15, ""女娲"": 92, ""少昊"": 15, ""帝江"": 6, ""帝鸿"": 2, ""帝鸿氏"": 2, ""应龙"": 18, ""有熊氏"": 3, ""榆罔"": 1, ""涿鹿"": 25, ""炎帝"": 48, ""神农"": 165, ""禹"": 822, ""精卫"": 49, ""蚩尤"": 81, ""赤帝"": 2, ""轩辕"": 262, ""轩辕氏"": 7, ""阪泉"": 2, ""雨师"": 10, ""颛顼"": 32, ""风伯"": 6, ""鲧"": 13, ""黄帝"": 393, ""黄帝氏"": 4}"
GCI-HOLD-0002,366,data/CASIA-LM_ChineseWebText2.0_partial-000366.parquet,127651923,b320f7e74fe617ddc7a7fe41df74ecbcdbf8fcb2f05295642c8c008d0dc97b08,100000,1,2237,"{""九黎"": 40, ""共工"": 28, ""共工氏"": 5, ""后土"": 16, ""太昊"": 10, ""女娃"": 18, ""女娲"": 64, ""少昊"": 14, ""帝江"": 3, ""帝鸿"": 5, ""应龙"": 39, ""有熊氏"": 1, ""涿鹿"": 15, ""炎帝"": 55, ""神农"": 239, ""禹"": 825, ""精卫"": 39, ""蚩尤"": 113, ""轩辕"": 247, ""轩辕氏"": 2, ""阪泉"": 4, ""雨师"": 6, ""颛顼"": 23, ""风伯"": 5, ""鲧"": 44, ""黄帝"": 377}"
GCI-HOLD-0002,367,data/CASIA-LM_ChineseWebText2.0_partial-000367.parquet,126704808,0bb8c7ed4726d7e9af6e5292f8e323f9cf1e120a1aff659c3ce1d0bb60ed3842,100000,1,1954,"{""九黎"": 17, ""共工"": 18, ""后土"": 21, ""太昊"": 5, ""太皞"": 1, ""女娃"": 15, ""女娲"": 88, ""少昊"": 10, ""帝江"": 4, ""应龙"": 19, ""有熊氏"": 1, ""涿鹿"": 17, ""炎帝"": 28, ""神农"": 198, ""禹"": 773, ""精卫"": 14, ""蚩尤"": 56, ""赤帝"": 1, ""轩辕"": 211, ""轩辕氏"": 16, ""阪泉"": 1, ""雨师"": 2, ""颛顼"": 51, ""风伯"": 3, ""鲧"": 40, ""黄帝"": 344}"
GCI-HOLD-0002,368,data/CASIA-LM_ChineseWebText2.0_partial-000368.parquet,127217454,913507677bd66c06a69cd5f2367c9a9feb130bfae2c0165bf66c1cb93119eb75,100000,1,2227,"{""九黎"": 17, ""共工"": 23, ""后土"": 18, ""太昊"": 12, ""女娃"": 9, ""女娲"": 82, ""少昊"": 1, ""少皞"": 1, ""帝江"": 1, ""应龙"": 30, ""榆罔"": 1, ""涿鹿"": 41, ""炎帝"": 83, ""神农"": 200, ""禹"": 840, ""精卫"": 37, ""蚩尤"": 136, ""赤帝"": 22, ""轩辕"": 249, ""轩辕氏"": 2, ""阪泉"": 8, ""雨师"": 3, ""颛顼"": 24, ""风伯"": 3, ""鲧"": 27, ""黄帝"": 357}"
GCI-HOLD-0002,369,data/CASIA-LM_ChineseWebText2.0_partial-000369.parquet,127122611,8cba3b9397cc6bb3881e0f5c3ac5bdf2b4f6bfce4ef5dc6e78af5bf7cd5ef429,100000,1,1820,"{""九黎"": 9, ""共工"": 19, ""共工氏"": 1, ""后土"": 23, ""太昊"": 8, ""太皞"": 1, ""女娃"": 25, ""女娲"": 95, ""少昊"": 8, ""少皞"": 1, ""帝江"": 4, ""帝鸿"": 3, ""帝鸿氏"": 2, ""应龙"": 38, ""有熊氏"": 1, ""涿鹿"": 6, ""炎帝"": 65, ""神农"": 192, ""禹"": 798, ""精卫"": 15, ""缙云氏"": 1, ""蚩尤"": 37, ""赤帝"": 5, ""轩辕"": 163, ""阪泉"": 10, ""雨师"": 4, ""颛顼"": 14, ""风伯"": 5, ""鲧"": 8, ""黄帝"": 259}"
GCI-HOLD-0002,370,data/CASIA-LM_ChineseWebText2.0_partial-000370.parquet,126621995,1c3b3a92a9b20d8f102b20d2da576a31dd395b8c9e506917e78c0954b67b0e7c,100000,1,2413,"{""九黎"": 25, ""共工"": 82, ""共工氏"": 5, ""句龙"": 1, ""后土"": 32, ""太昊"": 23, ""女娃"": 24, ""女娲"": 97, ""少昊"": 83, ""少皞"": 4, ""帝江"": 18, ""帝鸿"": 4, ""帝鸿氏"": 2, ""应龙"": 43, ""有熊氏"": 2, ""榆罔"": 1, ""涿鹿"": 28, ""炎帝"": 82, ""神农"": 147, ""禹"": 739, ""精卫"": 35, ""缙云氏"": 1, ""蚩尤"": 181, ""赤帝"": 9, ""轩辕"": 179, ""轩辕氏"": 8, ""阪泉"": 5, ""雨师"": 31, ""颛顼"": 77, ""风伯"": 26, ""鲧"": 13, ""黄帝"": 406}"
GCI-HOLD-0002,371,data/CASIA-LM_ChineseWebText2.0_partial-000371.parquet,126911279,859900aa3b665c0b5e8a463d40ab9ab78171390d024c5ae68b0de4f2b66236b6,100000,1,2090,"{""九黎"": 13, ""共工"": 30, ""共工氏"": 2, ""句龙"": 4, ""后土"": 20, ""太昊"": 5, ""女娃"": 36, ""女娲"": 62, ""少昊"": 5, ""帝江"": 4, ""应龙"": 30, ""有熊氏"": 1, ""涿鹿"": 13, ""炎帝"": 109, ""神农"": 184, ""禹"": 834, ""精卫"": 35, ""蚩尤"": 39, ""赤帝"": 9, ""轩辕"": 237, ""轩辕氏"": 6, ""阪泉"": 3, ""雨师"": 9, ""颛顼"": 17, ""风伯"": 5, ""黄帝"": 378}"
GCI-HOLD-0002,372,data/CASIA-LM_ChineseWebText2.0_partial-000372.parquet,126826047,42725263fe0d2e09d8aaac4de4d318fb3f1753871820bf56ae87724261a0eaab,100000,1,1861,"{""九黎"": 8, ""共工"": 35, ""共工氏"": 3, ""后土"": 37, ""太昊"": 13, ""太皞"": 1, ""女娃"": 10, ""女娲"": 73, ""少昊"": 8, ""帝江"": 12, ""应龙"": 38, ""有熊氏"": 3, ""涿鹿"": 23, ""炎帝"": 44, ""神农"": 191, ""禹"": 743, ""精卫"": 48, ""蚩尤"": 67, ""赤帝"": 3, ""轩辕"": 169, ""轩辕氏"": 6, ""阪泉"": 2, ""雨师"": 8, ""颛顼"": 15, ""风伯"": 1, ""鲧"": 1, ""黄帝"": 299}"
GCI-HOLD-0002,373,data/CASIA-LM_ChineseWebText2.0_partial-000373.parquet,126802429,80a514417628683be66d62911aad777de1925bef6a3598fb307716dc26a39fb5,100000,1,1987,"{""九黎"": 9, ""共工"": 46, ""共工氏"": 6, ""句龙"": 2, ""后土"": 22, ""太昊"": 2, ""女娃"": 19, ""女娲"": 128, ""少昊"": 11, ""少皞"": 5, ""帝江"": 7, ""帝鸿"": 1, ""应龙"": 10, ""有熊氏"": 1, ""榆罔"": 1, ""涿鹿"": 27, ""炎帝"": 58, ""神农"": 122, ""禹"": 741, ""精卫"": 75, ""蚩尤"": 63, ""赤帝"": 4, ""轩辕"": 285, ""轩辕氏"": 1, ""阪泉"": 1, ""雨师"": 11, ""颛顼"": 32, ""鲧"": 18, ""黄帝"": 279}"
GCI-HOLD-0002,374,data/CASIA-LM_ChineseWebText2.0_partial-000374.parquet,127117960,5e4ac8058154278f5b54d6d96f06316f6e88ca25a18bbe9c04788b53ccbf6b0d,100000,1,1878,"{""九黎"": 3, ""共工"": 25, ""共工氏"": 2, ""后土"": 64, ""太昊"": 7, ""太皞"": 1, ""女娃"": 21, ""女娲"": 73, ""少昊"": 17, ""少皞"": 2, ""帝江"": 1, ""帝鸿"": 1, ""帝鸿氏"": 1, ""应龙"": 20, ""有熊氏"": 3, ""涿鹿"": 16, ""炎帝"": 87, ""神农"": 211, ""禹"": 636, ""精卫"": 28, ""缙云氏"": 10, ""蚩尤"": 38, ""赤帝"": 13, ""轩辕"": 222, ""轩辕氏"": 7, ""阪泉"": 4, ""雨师"": 3, ""颛顼"": 33, ""风伯"": 1, ""鲧"": 13, ""黄帝"": 315}"
GCI-HOLD-0002,375,data/CASIA-LM_ChineseWebText2.0_partial-000375.parquet,127226688,1ffff363d5e70805b1dcaf49e9d105014132bff962e0c0804e4a8b480fcf0289,100000,1,2064,"{""九黎"": 12, ""共工"": 55, ""共工氏"": 6, ""后土"": 21, ""太昊"": 9, ""太皞"": 4, ""女娃"": 23, ""女娲"": 69, ""少昊"": 6, ""帝江"": 1, ""应龙"": 31, ""榆罔"": 1, ""涿鹿"": 27, ""炎帝"": 83, ""神农"": 206, ""禹"": 646, ""精卫"": 28, ""蚩尤"": 70, ""赤帝"": 7, ""轩辕"": 192, ""轩辕氏"": 5, ""阪泉"": 9, ""雨师"": 4, ""颛顼"": 28, ""风伯"": 3, ""鲧"": 12, ""黄帝"": 506}"
GCI-HOLD-0002,376,data/CASIA-LM_ChineseWebText2.0_partial-000376.parquet,126766685,7c1eeaf514e6bde39aca49af5613816af0d8a70aa786a591609da117c3127ffe,100000,1,2000,"{""九黎"": 8, ""共工"": 43, ""共工氏"": 2, ""句龙"": 3, ""后土"": 24, ""太昊"": 11, ""太皞"": 3, ""女娃"": 15, ""女娲"": 102, ""少昊"": 4, ""帝江"": 19, ""帝鸿"": 1, ""应龙"": 61, ""有熊氏"": 1, ""涿鹿"": 17, ""炎帝"": 42, ""神农"": 181, ""禹"": 730, ""精卫"": 27, ""蚩尤"": 70, ""赤帝"": 11, ""轩辕"": 304, ""轩辕氏"": 3, ""阪泉"": 6, ""雨师"": 6, ""颛顼"": 39, ""风伯"": 5, ""鲧"": 5, ""黄帝"": 257}"
GCI-HOLD-0002,377,data/CASIA-LM_ChineseWebText2.0_partial-000377.parquet,126535549,82fd777d400f2b2d7ed494820e74d2bbb3682405ca5ad6242256fd6f76b43f55,100000,1,2070,"{""九黎"": 4, ""共工"": 40, ""后土"": 17, ""太昊"": 24, ""太皞"": 2, ""女娃"": 13, ""女娲"": 98, ""少昊"": 12, ""少皞"": 1, ""帝江"": 4, ""应龙"": 45, ""有熊氏"": 4, ""涿鹿"": 18, ""炎帝"": 64, ""神农"": 188, ""禹"": 839, ""精卫"": 35, ""蚩尤"": 54, ""赤帝"": 4, ""轩辕"": 233, ""轩辕氏"": 3, ""阪泉"": 3, ""雨师"": 16, ""颛顼"": 13, ""风伯"": 3, ""鲧"": 10, ""黄帝"": 323}"
GCI-HOLD-0002,378,data/CASIA-LM_ChineseWebText2.0_partial-000378.parquet,127357379,b98c0ec890be375a2f5f520ae5c4d133406d01530e7343bd6771dcdcad84b500,100000,1,2192,"{""九黎"": 22, ""共工"": 39, ""共工氏"": 4, ""句龙"": 2, ""后土"": 32, ""太昊"": 13, ""太皞"": 1, ""女娃"": 9, ""女娲"": 86, ""少昊"": 5, ""少皞"": 5, ""帝江"": 8, ""应龙"": 68, ""有熊氏"": 2, ""榆罔"": 9, ""涿鹿"": 15, ""炎帝"": 73, ""神农"": 243, ""禹"": 779, ""精卫"": 35, ""蚩尤"": 69, ""赤帝"": 4, ""轩辕"": 277, ""轩辕氏"": 3, ""阪泉"": 2, ""雨师"": 9, ""颛顼"": 27, ""风伯"": 7, ""鲧"": 19, ""黄帝"": 325}"
GCI-HOLD-0002,379,data/CASIA-LM_ChineseWebText2.0_partial-000379.parquet,127594990,2642ce49edb30322b764d1924aef6210e8b7f22361d2bfb24f40bef3ded40560,100000,1,2019,"{""九黎"": 34, ""共工"": 23, ""共工氏"": 1, ""后土"": 29, ""太昊"": 11, ""女娃"": 15, ""女娲"": 80, ""少昊"": 8, ""帝江"": 2, ""应龙"": 47, ""涿鹿"": 33, ""炎帝"": 60, ""神农"": 229, ""禹"": 768, ""精卫"": 24, ""蚩尤"": 73, ""赤帝"": 2, ""轩辕"": 176, ""轩辕氏"": 3, ""阪泉"": 6, ""雨师"": 11, ""颛顼"": 28, ""风伯"": 3, ""鲧"": 20, ""黄帝"": 333}"
GCI-HOLD-0002,380,data/CASIA-LM_ChineseWebText2.0_partial-000380.parquet,127008472,cca649efad8119d1eef58c849183bfe6459ce48353c1dd707dc966f2c505319d,100000,1,2156,"{""九黎"": 33, ""共工"": 61, ""共工氏"": 2, ""后土"": 18, ""太昊"": 11, ""太皞"": 2, ""女娃"": 12, ""女娲"": 79, ""少昊"": 8, ""少皞"": 5, ""帝江"": 10, ""帝鸿"": 1, ""帝鸿氏"": 1, ""应龙"": 60, ""有熊氏"": 1, ""涿鹿"": 16, ""炎帝"": 82, ""神农"": 235, ""禹"": 770, ""精卫"": 37, ""缙云氏"": 4, ""蚩尤"": 62, ""赤帝"": 3, ""轩辕"": 320, ""轩辕氏"": 2, ""阪泉"": 1, ""雨师"": 2, ""颛顼"": 26, ""风伯"": 1, ""鲧"": 8, ""黄帝"": 283}"
GCI-HOLD-0002,381,data/CASIA-LM_ChineseWebText2.0_partial-000381.parquet,126542064,f32a48e13bce89a8c199d73265193c9d54c42061c0991ac2f473b02b64f4b896,100000,1,2331,"{""九黎"": 5, ""共工"": 47, ""共工氏"": 9, ""句龙"": 3, ""后土"": 52, ""太昊"": 70, ""女娃"": 25, ""女娲"": 150, ""少昊"": 61, ""少皞"": 1, ""帝江"": 2, ""应龙"": 51, ""有熊氏"": 3, ""涿鹿"": 24, ""炎帝"": 75, ""神农"": 200, ""禹"": 617, ""精卫"": 50, ""蚩尤"": 144, ""赤帝"": 5, ""轩辕"": 273, ""轩辕氏"": 2, ""阪泉"": 1, ""雨师"": 8, ""颛顼"": 27, ""风伯"": 10, ""鲧"": 24, ""黄帝"": 391, ""黄帝氏"": 1}"
GCI-HOLD-0002,382,data/CASIA-LM_ChineseWebText2.0_partial-000382.parquet,126844313,c1ad48ee4e98c935a5463b0fcac419652069e4d6ff771f420afb085f9710aec7,100000,1,1739,"{""九黎"": 10, ""共工"": 19, ""后土"": 25, ""太昊"": 8, ""太皞"": 5, ""女娃"": 22, ""女娲"": 103, ""少昊"": 5, ""少皞"": 8, ""帝江"": 3, ""应龙"": 42, ""有熊氏"": 1, ""涿鹿"": 20, ""炎帝"": 45, ""神农"": 167, ""禹"": 714, ""精卫"": 67, ""缙云氏"": 1, ""蚩尤"": 31, ""赤帝"": 12, ""轩辕"": 111, ""阪泉"": 1, ""雨师"": 11, ""颛顼"": 19, ""风伯"": 5, ""鲧"": 11, ""黄帝"": 273}"
GCI-HOLD-0002,383,data/CASIA-LM_ChineseWebText2.0_partial-000383.parquet,127121605,f09b173158f63605f3b523c834abda487f97c2870b4406682f64f3454b0a5eb0,100000,1,1925,"{""九黎"": 31, ""共工"": 78, ""共工氏"": 3, ""句龙"": 1, ""后土"": 34, ""太昊"": 5, ""女娃"": 17, ""女娲"": 82, ""少昊"": 9, ""应龙"": 39, ""涿鹿"": 8, ""炎帝"": 60, ""神农"": 183, ""禹"": 673, ""精卫"": 17, ""蚩尤"": 73, ""赤帝"": 7, ""轩辕"": 191, ""轩辕氏"": 3, ""阪泉"": 2, ""雨师"": 12, ""颛顼"": 46, ""风伯"": 14, ""鲧"": 4, ""黄帝"": 333}"
GCI-HOLD-0002,384,data/CASIA-LM_ChineseWebText2.0_partial-000384.parquet,126738454,e7661d26f5757f42e3e3586ff7ac52bf01a6c3a55b78e282ffe5aa560392d9fd,100000,1,2134,"{""九黎"": 24, ""共工"": 27, ""共工氏"": 4, ""句龙"": 1, ""后土"": 34, ""太昊"": 18, ""太皞"": 5, ""女娃"": 20, ""女娲"": 59, ""少昊"": 22, ""少皞"": 5, ""帝江"": 1, ""帝鸿"": 4, ""帝鸿氏"": 4, ""应龙"": 34, ""有熊氏"": 10, ""涿鹿"": 16, ""炎帝"": 82, ""神农"": 272, ""禹"": 628, ""精卫"": 12, ""缙云氏"": 2, ""蚩尤"": 31, ""赤帝"": 13, ""轩辕"": 187, ""轩辕氏"": 5, ""阪泉"": 1, ""雨师"": 8, ""颛顼"": 52, ""风伯"": 1, ""鲧"": 9, ""黄帝"": 541, ""黄帝氏"": 2}"
GCI-HOLD-0002,385,data/CASIA-LM_ChineseWebText2.0_partial-000385.parquet,127053981,40e0cbe660405836cd4111aeac5a9b435a0a197feedbc47c7b34d90c705042c7,100000,1,2208,"{""九黎"": 20, ""共工"": 49, ""共工氏"": 7, ""后土"": 22, ""太昊"": 10, ""太皞"": 2, ""女娃"": 29, ""女娲"": 92, ""少昊"": 21, ""帝江"": 2, ""帝鸿"": 1, ""应龙"": 76, ""有熊氏"": 4, ""涿鹿"": 53, ""炎帝"": 54, ""神农"": 204, ""禹"": 806, ""精卫"": 21, ""缙云氏"": 3, ""蚩尤"": 79, ""赤帝"": 2, ""轩辕"": 202, ""轩辕氏"": 5, ""阪泉"": 4, ""雨师"": 11, ""颛顼"": 20, ""风伯"": 13, ""鲧"": 48, ""黄帝"": 343, ""黄帝氏"": 5}"
GCI-HOLD-0002,386,data/CASIA-LM_ChineseWebText2.0_partial-000386.parquet,126868447,e2af117b1d8fbf9de8d29d609ca95276cb538e3b5fe4d6411c6b7597d9f574c4,100000,1,2069,"{""九黎"": 25, ""共工"": 44, ""共工氏"": 2, ""后土"": 23, ""太昊"": 7, ""太皞"": 1, ""女娃"": 28, ""女娲"": 49, ""少昊"": 28, ""少皞"": 6, ""帝江"": 7, ""帝鸿"": 1, ""应龙"": 30, ""有熊氏"": 1, ""涿鹿"": 17, ""炎帝"": 44, ""神农"": 156, ""禹"": 703, ""精卫"": 53, ""缙云氏"": 4, ""蚩尤"": 60, ""赤帝"": 2, ""轩辕"": 252, ""轩辕氏"": 2, ""阪泉"": 5, ""雨师"": 3, ""颛顼"": 43, ""风伯"": 3, ""鲧"": 7, ""黄帝"": 463}"
GCI-HOLD-0002,387,data/CASIA-LM_ChineseWebText2.0_partial-000387.parquet,126861185,aee0663d7dbcc3b74ae22adc8c1bb6df5a9f03e7ad611d793f4b9fa6106f8bf7,100000,1,2160,"{""九黎"": 14, ""共工"": 56, ""共工氏"": 4, ""后土"": 80, ""太昊"": 14, ""太皞"": 3, ""女娃"": 19, ""女娲"": 186, ""少昊"": 23, ""少皞"": 8, ""帝江"": 17, ""帝鸿"": 2, ""帝鸿氏"": 2, ""应龙"": 42, ""有熊氏"": 2, ""榆罔"": 1, ""涿鹿"": 17, ""炎帝"": 55, ""神农"": 148, ""禹"": 728, ""精卫"": 31, ""缙云氏"": 14, ""蚩尤"": 78, ""赤帝"": 1, ""轩辕"": 242, ""轩辕氏"": 4, ""阪泉"": 1, ""雨师"": 8, ""颛顼"": 35, ""风伯"": 3, ""鲧"": 52, ""黄帝"": 269, ""黄帝氏"": 1}"
GCI-HOLD-0002,388,data/CASIA-LM_ChineseWebText2.0_partial-000388.parquet,127227706,e0fbabd916eab4c6c8bcb71a7a08eac8d10dabc6657fa3be6362c52368641170,100000,1,2243,"{""九黎"": 13, ""共工"": 49, ""共工氏"": 24, ""句龙"": 2, ""后土"": 46, ""太昊"": 6, ""女娃"": 11, ""女娲"": 179, ""少昊"": 57, ""帝江"": 10, ""帝鸿"": 1, ""帝鸿氏"": 1, ""应龙"": 22, ""有熊氏"": 3, ""榆罔"": 2, ""涿鹿"": 30, ""炎帝"": 53, ""神农"": 180, ""禹"": 748, ""精卫"": 42, ""缙云氏"": 1, ""蚩尤"": 49, ""赤帝"": 3, ""轩辕"": 342, ""轩辕氏"": 20, ""阪泉"": 2, ""雨师"": 24, ""颛顼"": 17, ""风伯"": 6, ""鲧"": 9, ""黄帝"": 291}"
GCI-HOLD-0002,389,data/CASIA-LM_ChineseWebText2.0_partial-000389.parquet,126962235,c5ce14f8f145eb9304b6e013184d0d355d3dcfbc1037fee83eec1bc526ce4cb3,100000,1,1914,"{""九黎"": 12, ""共工"": 49, ""共工氏"": 7, ""后土"": 15, ""太昊"": 4, ""太皞"": 1, ""女娃"": 10, ""女娲"": 93, ""少昊"": 2, ""少皞"": 1, ""帝江"": 3, ""应龙"": 10, ""有熊氏"": 3, ""涿鹿"": 7, ""炎帝"": 37, ""神农"": 185, ""禹"": 724, ""精卫"": 19, ""蚩尤"": 46, ""赤帝"": 12, ""轩辕"": 260, ""轩辕氏"": 8, ""阪泉"": 2, ""雨师"": 9, ""颛顼"": 22, ""风伯"": 5, ""鲧"": 16, ""黄帝"": 352}"
GCI-HOLD-0002,390,data/CASIA-LM_ChineseWebText2.0_partial-000390.parquet,126276684,6e9e0f6a552500aede674b58d5a2ac12a2f730aecde12f2cd7342eaabc1ca047,100000,1,1895,"{""九黎"": 6, ""共工"": 26, ""共工氏"": 3, ""句龙"": 1, ""后土"": 71, ""太昊"": 18, ""女娃"": 18, ""女娲"": 59, ""少昊"": 11, ""少皞"": 2, ""帝江"": 1, ""应龙"": 12, ""有熊氏"": 3, ""榆罔"": 2, ""涿鹿"": 14, ""炎帝"": 53, ""神农"": 218, ""禹"": 593, ""精卫"": 22, ""蚩尤"": 42, ""赤帝"": 4, ""轩辕"": 282, ""轩辕氏"": 1, ""阪泉"": 2, ""雨师"": 19, ""颛顼"": 17, ""风伯"": 4, ""黄帝"": 391}"
GCI-HOLD-0002,391,data/CASIA-LM_ChineseWebText2.0_partial-000391.parquet,127002053,e102d105d663f57341c84fb3dc0849a57a37b65b3f3d396d7aafa7cfabdea91b,100000,1,2061,"{""九黎"": 16, ""共工"": 32, ""共工氏"": 3, ""后土"": 8, ""太昊"": 12, ""女娃"": 10, ""女娲"": 91, ""少昊"": 7, ""少皞"": 1, ""帝江"": 2, ""帝鸿"": 1, ""帝鸿氏"": 1, ""应龙"": 89, ""有熊氏"": 3, ""涿鹿"": 16, ""炎帝"": 65, ""神农"": 225, ""禹"": 760, ""精卫"": 39, ""缙云氏"": 2, ""蚩尤"": 85, ""赤帝"": 17, ""轩辕"": 202, ""轩辕氏"": 9, ""阪泉"": 4, ""雨师"": 3, ""颛顼"": 22, ""鲧"": 8, ""黄帝"": 327, ""黄帝氏"": 1}"
GCI-HOLD-0002,392,data/CASIA-LM_ChineseWebText2.0_partial-000392.parquet,127322871,7616a0d4480dc2ed492795f14eee621e0fe4b4b04cd80721e9b6c74d52cd9a85,100000,1,1860,"{""九黎"": 2, ""共工"": 30, ""共工氏"": 2, ""句龙"": 2, ""后土"": 27, ""太昊"": 7, ""女娃"": 13, ""女娲"": 100, ""少昊"": 5, ""帝江"": 3, ""应龙"": 18, ""有熊氏"": 8, ""涿鹿"": 5, ""炎帝"": 43, ""神农"": 140, ""禹"": 744, ""精卫"": 14, ""蚩尤"": 30, ""赤帝"": 4, ""轩辕"": 246, ""轩辕氏"": 4, ""阪泉"": 2, ""雨师"": 11, ""颛顼"": 19, ""风伯"": 4, ""鲧"": 44, ""黄帝"": 333}"
GCI-HOLD-0002,393,data/CASIA-LM_ChineseWebText2.0_partial-000393.parquet,126993771,931ded57cfa334f69a6f275bc11998179486c09f3f852ae11424b8fd7bffe90f,100000,1,2287,"{""九黎"": 13, ""共工"": 39, ""共工氏"": 3, ""后土"": 20, ""太昊"": 12, ""太皞"": 2, ""女娃"": 19, ""女娲"": 59, ""少昊"": 19, ""少皞"": 2, ""帝江"": 55, ""帝鸿"": 7, ""应龙"": 32, ""有熊氏"": 2, ""涿鹿"": 15, ""炎帝"": 82, ""神农"": 225, ""禹"": 796, ""精卫"": 57, ""蚩尤"": 68, ""赤帝"": 7, ""轩辕"": 352, ""轩辕氏"": 9, ""阪泉"": 2, ""雨师"": 2, ""颛顼"": 24, ""风伯"": 3, ""鲧"": 5, ""黄帝"": 355, ""黄帝氏"": 1}"
GCI-HOLD-0002,394,data/CASIA-LM_ChineseWebText2.0_partial-000394.parquet,126975676,bfd0839c38d6e5d2b250ad936c2fe1d955b62e15d93e93d1f7c143eb21769f6a,100000,1,2296,"{""九黎"": 52, ""共工"": 25, ""共工氏"": 3, ""句龙"": 1, ""后土"": 52, ""太昊"": 20, ""女娃"": 18, ""女娲"": 110, ""少昊"": 7, ""帝鸿"": 1, ""应龙"": 16, ""有熊氏"": 1, ""涿鹿"": 44, ""炎帝"": 94, ""神农"": 201, ""禹"": 729, ""精卫"": 47, ""蚩尤"": 95, ""赤帝"": 6, ""轩辕"": 335, ""轩辕氏"": 8, ""阪泉"": 3, ""雨师"": 4, ""颛顼"": 25, ""风伯"": 3, ""鲧"": 14, ""黄帝"": 382}"
GCI-HOLD-0002,395,data/CASIA-LM_ChineseWebText2.0_partial-000395.parquet,127176073,eac5ee8d99d758ea8eb169c55f60f06a25b09ba0db38ab24c8adad32c1a3816e,100000,1,2532,"{""九黎"": 19, ""共工"": 46, ""共工氏"": 13, ""句龙"": 1, ""后土"": 55, ""太昊"": 22, ""女娃"": 20, ""女娲"": 98, ""少昊"": 10, ""少皞"": 3, ""帝江"": 1, ""应龙"": 21, ""有熊氏"": 4, ""涿鹿"": 43, ""炎帝"": 53, ""神农"": 180, ""禹"": 868, ""精卫"": 37, ""蚩尤"": 212, ""赤帝"": 1, ""轩辕"": 251, ""轩辕氏"": 10, ""阪泉"": 4, ""雨师"": 6, ""颛顼"": 63, ""风伯"": 8, ""鲧"": 38, ""黄帝"": 445}"
GCI-HOLD-0002,396,data/CASIA-LM_ChineseWebText2.0_partial-000396.parquet,127009970,3754573f134f12eb31d4924de4e56a6865c88371dbefcfed81fdc98c3b428354,100000,1,1896,"{""九黎"": 1, ""共工"": 44, ""共工氏"": 6, ""后土"": 17, ""太昊"": 5, ""女娃"": 15, ""女娲"": 59, ""少昊"": 9, ""少皞"": 2, ""帝江"": 2, ""应龙"": 27, ""有熊氏"": 2, ""榆罔"": 28, ""涿鹿"": 15, ""炎帝"": 46, ""神农"": 217, ""禹"": 731, ""精卫"": 24, ""蚩尤"": 19, ""赤帝"": 7, ""轩辕"": 253, ""轩辕氏"": 5, ""阪泉"": 1, ""雨师"": 4, ""颛顼"": 27, ""风伯"": 3, ""鲧"": 5, ""黄帝"": 321, ""黄帝氏"": 1}"
GCI-HOLD-0002,397,data/CASIA-LM_ChineseWebText2.0_partial-000397.parquet,126509037,e4b1ffe56249f80244953b34c8f87104f1fe1db09901f4bb58d18784268e6dbc,100000,1,1976,"{""九黎"": 22, ""共工"": 26, ""共工氏"": 1, ""后土"": 25, ""太昊"": 18, ""太皞"": 1, ""女娃"": 31, ""女娲"": 80, ""少昊"": 31, ""少皞"": 1, ""帝江"": 4, ""帝鸿"": 2, ""帝鸿氏"": 1, ""应龙"": 27, ""榆罔"": 1, ""涿鹿"": 20, ""炎帝"": 59, ""神农"": 220, ""禹"": 795, ""精卫"": 30, ""缙云氏"": 5, ""蚩尤"": 53, ""赤帝"": 7, ""轩辕"": 134, ""轩辕氏"": 3, ""阪泉"": 1, ""雨师"": 6, ""颛顼"": 33, ""风伯"": 3, ""鲧"": 53, ""黄帝"": 283}"
GCI-HOLD-0002,398,data/CASIA-LM_ChineseWebText2.0_partial-000398.parquet,126917565,45977c17039fff6d4fe26c3ea2b64127845194a41d03c1103da405f0a449ac4e,100000,1,2012,"{""九黎"": 9, ""共工"": 37, ""共工氏"": 7, ""句龙"": 1, ""后土"": 27, ""太昊"": 4, ""女娃"": 31, ""女娲"": 51, ""少昊"": 15, ""少皞"": 7, ""帝江"": 2, ""帝鸿"": 10, ""应龙"": 38, ""有熊氏"": 3, ""榆罔"": 1, ""涿鹿"": 24, ""炎帝"": 74, ""神农"": 174, ""禹"": 690, ""精卫"": 19, ""蚩尤"": 142, ""赤帝"": 8, ""轩辕"": 208, ""轩辕氏"": 1, ""阪泉"": 9, ""雨师"": 14, ""颛顼"": 42, ""风伯"": 7, ""鲧"": 22, ""黄帝"": 334, ""黄帝氏"": 1}"
GCI-HOLD-0002,399,data/CASIA-LM_ChineseWebText2.0_partial-000399.parquet,126405619,543f3ba4f42fd9b7322955546ca3282e1076390d1e34d5eb255e28b5c23be7de,100000,1,2187,"{""九黎"": 20, ""共工"": 34, ""共工氏"": 2, ""句龙"": 3, ""后土"": 21, ""太昊"": 19, ""太皞"": 1, ""女娃"": 7, ""女娲"": 72, ""少昊"": 15, ""少皞"": 2, ""帝江"": 14, ""应龙"": 28, ""涿鹿"": 27, ""炎帝"": 127, ""神农"": 166, ""禹"": 644, ""精卫"": 36, ""蚩尤"": 136, ""赤帝"": 6, ""轩辕"": 319, ""阪泉"": 12, ""雨师"": 6, ""颛顼"": 40, ""风伯"": 9, ""鲧"": 10, ""黄帝"": 411}"
GCI-HOLD-0002,400,data/CASIA-LM_ChineseWebText2.0_partial-000400.parquet,127277026,9d927957d34dea7c714d53d33b74c061999a151dc6f661b4fbf6b0dc14c9ae14,100000,1,2375,"{""九黎"": 17, ""共工"": 28, ""共工氏"": 3, ""句龙"": 5, ""后土"": 59, ""太昊"": 4, ""女娃"": 14, ""女娲"": 66, ""少昊"": 33, ""少皞"": 3, ""帝江"": 5, ""帝鸿"": 8, ""帝鸿氏"": 4, ""应龙"": 28, ""有熊氏"": 3, ""榆罔"": 4, ""涿鹿"": 19, ""炎帝"": 65, ""神农"": 242, ""禹"": 787, ""精卫"": 39, ""缙云氏"": 1, ""蚩尤"": 63, ""赤帝"": 3, ""轩辕"": 332, ""轩辕氏"": 5, ""阪泉"": 6, ""雨师"": 4, ""颛顼"": 23, ""风伯"": 1, ""鲧"": 6, ""黄帝"": 494, ""黄帝氏"": 1}"
GCI-HOLD-0002,401,data/CASIA-LM_ChineseWebText2.0_partial-000401.parquet,126834991,91ae1bcd74c8a3c7eefd91c7aa34d4522a15a50a54c4f3b8399248927a38677c,100000,1,1969,"{""九黎"": 17, ""共工"": 21, ""共工氏"": 3, ""后土"": 13, ""太昊"": 7, ""太皞"": 2, ""女娃"": 23, ""女娲"": 105, ""少昊"": 6, ""帝江"": 6, ""帝鸿"": 1, ""应龙"": 26, ""有熊氏"": 1, ""涿鹿"": 26, ""炎帝"": 70, ""神农"": 175, ""禹"": 738, ""精卫"": 46, ""蚩尤"": 74, ""赤帝"": 6, ""轩辕"": 330, ""轩辕氏"": 3, ""阪泉"": 3, ""雨师"": 2, ""颛顼"": 9, ""风伯"": 1, ""鲧"": 12, ""黄帝"": 243}"
GCI-HOLD-0002,402,data/CASIA-LM_ChineseWebText2.0_partial-000402.parquet,127529780,92fe34b924ed2b34516ca6b0ad290629b29071cc1c6b2b369ea96e8204c30c34,100000,1,1916,"{""九黎"": 18, ""共工"": 16, ""后土"": 32, ""太昊"": 11, ""女娃"": 15, ""女娲"": 71, ""少昊"": 5, ""少皞"": 1, ""帝鸿"": 1, ""帝鸿氏"": 1, ""应龙"": 8, ""有熊氏"": 1, ""涿鹿"": 8, ""炎帝"": 64, ""神农"": 219, ""禹"": 720, ""精卫"": 71, ""缙云氏"": 1, ""蚩尤"": 44, ""赤帝"": 2, ""轩辕"": 233, ""轩辕氏"": 4, ""雨师"": 10, ""颛顼"": 28, ""风伯"": 10, ""鲧"": 13, ""黄帝"": 307, ""黄帝氏"": 2}"
GCI-HOLD-0002,403,data/CASIA-LM_ChineseWebText2.0_partial-000403.parquet,126786761,05d91ec30c89070edbb1b66a70c9596fbcb7e095a56a1b685fb7c6ced4c2e9c6,100000,1,1996,"{""九黎"": 2, ""共工"": 18, ""句龙"": 4, ""后土"": 22, ""太昊"": 16, ""太皞"": 1, ""女娃"": 19, ""女娲"": 67, ""少昊"": 7, ""帝江"": 2, ""应龙"": 24, ""榆罔"": 2, ""涿鹿"": 28, ""炎帝"": 106, ""神农"": 200, ""禹"": 824, ""精卫"": 30, ""缙云氏"": 4, ""蚩尤"": 46, ""赤帝"": 2, ""轩辕"": 240, ""轩辕氏"": 3, ""阪泉"": 9, ""雨师"": 17, ""颛顼"": 13, ""风伯"": 14, ""鲧"": 2, ""黄帝"": 272, ""黄帝氏"": 2}"
GCI-HOLD-0002,404,data/CASIA-LM_ChineseWebText2.0_partial-000404.parquet,126760228,97fd1753c4536eae1eee49a7e0f80a512e5d1e61dd81c8bb6a4a111fd6c2e22c,100000,1,2207,"{""九黎"": 12, ""共工"": 50, ""共工氏"": 6, ""句龙"": 4, ""后土"": 43, ""太昊"": 7, ""太皞"": 4, ""女娃"": 13, ""女娲"": 116, ""少昊"": 14, ""少皞"": 2, ""帝江"": 3, ""帝鸿"": 2, ""帝鸿氏"": 1, ""应龙"": 11, ""有熊氏"": 1, ""榆罔"": 1, ""涿鹿"": 31, ""炎帝"": 72, ""神农"": 160, ""禹"": 655, ""精卫"": 24, ""缙云氏"": 2, ""蚩尤"": 138, ""赤帝"": 11, ""轩辕"": 222, ""轩辕氏"": 6, ""阪泉"": 9, ""雨师"": 8, ""颛顼"": 51, ""风伯"": 12, ""鲧"": 48, ""黄帝"": 467, ""黄帝氏"": 1}"
GCI-HOLD-0002,405,data/CASIA-LM_ChineseWebText2.0_partial-000405.parquet,126648942,4a396a77c68bc3d8197d91309da4ae18cbd92051536a424b25b1b7bb7d976d96,100000,1,1866,"{""九黎"": 8, ""共工"": 22, ""共工氏"": 1, ""句龙"": 2, ""后土"": 24, ""太昊"": 7, ""女娃"": 43, ""女娲"": 82, ""少昊"": 7, ""帝江"": 5, ""帝鸿"": 2, ""应龙"": 38, ""有熊氏"": 5, ""涿鹿"": 18, ""炎帝"": 45, ""神农"": 199, ""禹"": 689, ""精卫"": 28, ""蚩尤"": 34, ""轩辕"": 217, ""轩辕氏"": 7, ""阪泉"": 1, ""雨师"": 4, ""颛顼"": 24, ""风伯"": 8, ""鲧"": 12, ""黄帝"": 334}"
GCI-HOLD-0002,406,data/CASIA-LM_ChineseWebText2.0_partial-000406.parquet,127049034,58e562e16a07f461be898d3fbca753d61d5d9d3e2d6ece2ecc256a6c3bf1c9e4,100000,1,2165,"{""九黎"": 5, ""共工"": 33, ""共工氏"": 3, ""后土"": 17, ""太昊"": 13, ""太皞"": 2, ""女娃"": 24, ""女娲"": 89, ""少昊"": 4, ""少皞"": 2, ""帝江"": 2, ""帝鸿"": 2, ""帝鸿氏"": 1, ""应龙"": 14, ""涿鹿"": 8, ""炎帝"": 88, ""神农"": 243, ""禹"": 714, ""精卫"": 38, ""缙云氏"": 1, ""蚩尤"": 32, ""赤帝"": 8, ""轩辕"": 372, ""轩辕氏"": 3, ""雨师"": 2, ""颛顼"": 22, ""风伯"": 10, ""鲧"": 42, ""黄帝"": 371}"
GCI-HOLD-0002,407,data/CASIA-LM_ChineseWebText2.0_partial-000407.parquet,127461624,bc5b2f647a271f25f3314dc5fa0430b7f025603877a0d303e2d35171a4d6090e,100000,1,2129,"{""九黎"": 26, ""共工"": 14, ""共工氏"": 1, ""句龙"": 1, ""后土"": 23, ""太昊"": 15, ""女娃"": 17, ""女娲"": 56, ""少昊"": 12, ""帝鸿"": 1, ""应龙"": 26, ""涿鹿"": 27, ""炎帝"": 113, ""神农"": 228, ""禹"": 727, ""精卫"": 40, ""蚩尤"": 30, ""赤帝"": 6, ""轩辕"": 193, ""轩辕氏"": 2, ""阪泉"": 1, ""雨师"": 17, ""颛顼"": 33, ""风伯"": 19, ""鲧"": 18, ""黄帝"": 483}"
GCI-HOLD-0002,408,data/CASIA-LM_ChineseWebText2.0_partial-000408.parquet,127051966,664562641de3f0d5020dd87ecdbde620cfc42c60d56e0931a94df94b3535a138,100000,1,1949,"{""九黎"": 3, ""共工"": 29, ""共工氏"": 3, ""句龙"": 1, ""后土"": 18, ""太昊"": 7, ""女娃"": 11, ""女娲"": 85, ""少昊"": 23, ""帝江"": 2, ""应龙"": 36, ""有熊氏"": 3, ""榆罔"": 2, ""涿鹿"": 38, ""炎帝"": 64, ""神农"": 167, ""禹"": 723, ""精卫"": 37, ""蚩尤"": 36, ""赤帝"": 2, ""轩辕"": 256, ""轩辕氏"": 4, ""阪泉"": 5, ""雨师"": 6, ""颛顼"": 17, ""风伯"": 2, ""鲧"": 14, ""黄帝"": 354, ""黄帝氏"": 1}"
GCI-HOLD-0002,409,data/CASIA-LM_ChineseWebText2.0_partial-000409.parquet,127223543,945b831ad91e72d3caad49d71f6be0274d3a395aec6c00f68346acbb6c8d86c3,100000,1,2087,"{""九黎"": 11, ""共工"": 30, ""共工氏"": 3, ""后土"": 36, ""太昊"": 13, ""太皞"": 1, ""女娃"": 13, ""女娲"": 51, ""少昊"": 7, ""少皞"": 1, ""帝江"": 4, ""帝鸿"": 2, ""帝鸿氏"": 1, ""应龙"": 14, ""有熊氏"": 6, ""榆罔"": 1, ""涿鹿"": 20, ""炎帝"": 61, ""神农"": 183, ""禹"": 753, ""精卫"": 39, ""缙云氏"": 1, ""蚩尤"": 76, ""赤帝"": 2, ""轩辕"": 325, ""轩辕氏"": 4, ""阪泉"": 5, ""雨师"": 8, ""颛顼"": 29, ""风伯"": 1, ""鲧"": 12, ""黄帝"": 374}"
GCI-HOLD-0002,410,data/CASIA-LM_ChineseWebText2.0_partial-000410.parquet,126925723,bcc9f47e4b3e3d1b9901e0e647d3d49da58152041fc008d5009ba641bb7f05b7,100000,1,2079,"{""九黎"": 6, ""共工"": 33, ""后土"": 15, ""太昊"": 5, ""女娃"": 23, ""女娲"": 132, ""少昊"": 14, ""帝鸿"": 1, ""帝鸿氏"": 1, ""应龙"": 8, ""有熊氏"": 1, ""涿鹿"": 24, ""炎帝"": 51, ""神农"": 145, ""禹"": 833, ""精卫"": 53, ""蚩尤"": 49, ""赤帝"": 3, ""轩辕"": 243, ""轩辕氏"": 8, ""阪泉"": 7, ""雨师"": 8, ""颛顼"": 34, ""风伯"": 2, ""鲧"": 23, ""黄帝"": 357}"
GCI-HOLD-0002,411,data/CASIA-LM_ChineseWebText2.0_partial-000411.parquet,126703351,f33994de70977c2abbf72f406c6119785959044f4780f5879882b7470b2fa287,100000,1,2034,"{""九黎"": 17, ""共工"": 45, ""共工氏"": 7, ""后土"": 23, ""太昊"": 6, ""女娃"": 24, ""女娲"": 105, ""少昊"": 7, ""少皞"": 3, ""帝江"": 2, ""应龙"": 64, ""有熊氏"": 2, ""榆罔"": 3, ""涿鹿"": 25, ""炎帝"": 42, ""神农"": 201, ""禹"": 721, ""精卫"": 25, ""蚩尤"": 43, ""赤帝"": 3, ""轩辕"": 297, ""轩辕氏"": 3, ""阪泉"": 1, ""雨师"": 4, ""颛顼"": 74, ""风伯"": 1, ""鲧"": 9, ""黄帝"": 277}"
GCI-HOLD-0002,412,data/CASIA-LM_ChineseWebText2.0_partial-000412.parquet,127594975,e21dfe52aaf10c521cabe8ac026d6a293410666c3f749ae98a00b8c2ae37866c,100000,1,2224,"{""九黎"": 9, ""共工"": 27, ""后土"": 31, ""太昊"": 10, ""太皞"": 1, ""女娃"": 7, ""女娲"": 122, ""少昊"": 15, ""少皞"": 3, ""应龙"": 24, ""有熊氏"": 1, ""榆罔"": 1, ""涿鹿"": 9, ""炎帝"": 57, ""神农"": 169, ""禹"": 967, ""精卫"": 18, ""缙云氏"": 1, ""蚩尤"": 75, ""赤帝"": 2, ""轩辕"": 274, ""轩辕氏"": 11, ""阪泉"": 3, ""雨师"": 7, ""颛顼"": 31, ""风伯"": 8, ""鲧"": 17, ""黄帝"": 324}"
GCI-HOLD-0002,413,data/CASIA-LM_ChineseWebText2.0_partial-000413.parquet,127178747,2b7ccc7d938e7fce0cfd4d3df2df421efe5fd2eb433e0ec5873b6bad6e858fb3,100000,1,1896,"{""九黎"": 46, ""共工"": 22, ""共工氏"": 1, ""后土"": 21, ""太昊"": 7, ""太皞"": 4, ""女娃"": 30, ""女娲"": 110, ""少昊"": 5, ""少皞"": 5, ""帝江"": 6, ""帝鸿"": 2, ""帝鸿氏"": 2, ""应龙"": 17, ""有熊氏"": 3, ""榆罔"": 1, ""涿鹿"": 27, ""炎帝"": 64, ""神农"": 182, ""禹"": 708, ""精卫"": 14, ""蚩尤"": 45, ""赤帝"": 3, ""轩辕"": 211, ""轩辕氏"": 6, ""阪泉"": 2, ""雨师"": 7, ""颛顼"": 19, ""风伯"": 8, ""鲧"": 21, ""黄帝"": 297}"
GCI-HOLD-0002,414,data/CASIA-LM_ChineseWebText2.0_partial-000414.parquet,127319845,bb168e302fd00ac9a6ce1fe030dfba14affc29dba4cbebb9a098ec03b791731f,100000,1,2024,"{""九黎"": 12, ""共工"": 41, ""共工氏"": 2, ""句龙"": 1, ""后土"": 29, ""太昊"": 6, ""女娃"": 11, ""女娲"": 89, ""少昊"": 2, ""帝江"": 1, ""应龙"": 26, ""有熊氏"": 6, ""榆罔"": 2, ""涿鹿"": 48, ""炎帝"": 74, ""神农"": 194, ""禹"": 652, ""精卫"": 44, ""缙云氏"": 5, ""蚩尤"": 95, ""赤帝"": 2, ""轩辕"": 225, ""轩辕氏"": 4, ""阪泉"": 8, ""雨师"": 3, ""颛顼"": 28, ""风伯"": 2, ""鲧"": 22, ""黄帝"": 389, ""黄帝氏"": 1}"
GCI-HOLD-0002,415,data/CASIA-LM_ChineseWebText2.0_partial-000415.parquet,126974013,b9dd39edacb77159eaa8ca90d6eb99bc312cdff5878a2963725aef3a3298af0b,100000,1,2178,"{""九黎"": 10, ""共工"": 20, ""共工氏"": 1, ""句龙"": 1, ""后土"": 20, ""太昊"": 11, ""太皞"": 1, ""女娃"": 14, ""女娲"": 84, ""少昊"": 20, ""少皞"": 7, ""应龙"": 24, ""有熊氏"": 1, ""涿鹿"": 70, ""炎帝"": 101, ""神农"": 222, ""禹"": 856, ""精卫"": 44, ""缙云氏"": 1, ""蚩尤"": 73, ""赤帝"": 9, ""轩辕"": 219, ""轩辕氏"": 6, ""阪泉"": 5, ""雨师"": 2, ""颛顼"": 15, ""风伯"": 2, ""鲧"": 14, ""黄帝"": 324, ""黄帝氏"": 1}"
GCI-HOLD-0002,416,data/CASIA-LM_ChineseWebText2.0_partial-000416.parquet,127258751,321eebff67d8283cf0ee68eda831de4696195391e607432c1a6e55ab5c2e7e55,100000,1,2152,"{""九黎"": 17, ""共工"": 30, ""共工氏"": 4, ""后土"": 20, ""太昊"": 12, ""女娃"": 15, ""女娲"": 90, ""少昊"": 85, ""帝江"": 3, ""应龙"": 37, ""有熊氏"": 6, ""榆罔"": 16, ""涿鹿"": 10, ""炎帝"": 46, ""神农"": 189, ""禹"": 867, ""精卫"": 33, ""蚩尤"": 51, ""赤帝"": 5, ""轩辕"": 204, ""轩辕氏"": 3, ""雨师"": 3, ""颛顼"": 42, ""风伯"": 4, ""鲧"": 13, ""黄帝"": 346, ""黄帝氏"": 1}"
GCI-HOLD-0002,417,data/CASIA-LM_ChineseWebText2.0_partial-000417.parquet,127303696,edfa88f549338c4f903d119688f99a9a5f0b0643be16c0fb65ba18d05a3768e5,100000,1,1788,"{""九黎"": 25, ""共工"": 26, ""后土"": 28, ""太昊"": 3, ""太皞"": 2, ""女娃"": 9, ""女娲"": 88, ""少昊"": 7, ""少皞"": 1, ""应龙"": 16, ""涿鹿"": 28, ""炎帝"": 54, ""神农"": 198, ""禹"": 643, ""精卫"": 30, ""蚩尤"": 74, ""赤帝"": 4, ""轩辕"": 177, ""轩辕氏"": 2, ""雨师"": 5, ""颛顼"": 24, ""风伯"": 2, ""鲧"": 24, ""黄帝"": 318}"
GCI-HOLD-0002,418,data/CASIA-LM_ChineseWebText2.0_partial-000418.parquet,127660735,10ff860bc5973df2bf76d5e125858e6538fbbd403744e94fdf694d5ec7e2b525,100000,1,2229,"{""九黎"": 25, ""共工"": 14, ""句龙"": 26, ""后土"": 21, ""太昊"": 3, ""太皞"": 12, ""女娃"": 8, ""女娲"": 61, ""少昊"": 7, ""少皞"": 7, ""帝江"": 17, ""帝鸿"": 3, ""帝鸿氏"": 1, ""应龙"": 13, ""有熊氏"": 2, ""涿鹿"": 16, ""炎帝"": 71, ""神农"": 179, ""禹"": 784, ""精卫"": 23, ""缙云氏"": 1, ""蚩尤"": 77, ""赤帝"": 2, ""轩辕"": 423, ""轩辕氏"": 4, ""阪泉"": 3, ""雨师"": 7, ""颛顼"": 26, ""风伯"": 5, ""鲧"": 10, ""黄帝"": 378}"
GCI-HOLD-0002,419,data/CASIA-LM_ChineseWebText2.0_partial-000419.parquet,127505018,a58ef27460f890fd137bf1c96918973e6d4b6118e0207b3653895bb84b242820,100000,1,2010,"{""九黎"": 7, ""共工"": 44, ""共工氏"": 2, ""后土"": 12, ""太昊"": 3, ""太皞"": 1, ""女娃"": 6, ""女娲"": 104, ""少昊"": 8, ""帝江"": 7, ""应龙"": 21, ""有熊氏"": 1, ""榆罔"": 3, ""涿鹿"": 13, ""炎帝"": 96, ""神农"": 187, ""禹"": 751, ""精卫"": 24, ""蚩尤"": 86, ""赤帝"": 2, ""轩辕"": 180, ""轩辕氏"": 2, ""阪泉"": 2, ""雨师"": 6, ""颛顼"": 47, ""风伯"": 1, ""鲧"": 40, ""黄帝"": 353, ""黄帝氏"": 1}"
GCI-HOLD-0002,420,data/CASIA-LM_ChineseWebText2.0_partial-000420.parquet,127765268,6799c0ee64d63770a4e2cd0a83d0534760244b2a44939a124331bbd9da39ee28,100000,1,2337,"{""九黎"": 11, ""共工"": 36, ""共工氏"": 5, ""句龙"": 3, ""后土"": 25, ""太昊"": 6, ""女娃"": 18, ""女娲"": 50, ""少昊"": 16, ""少皞"": 3, ""帝江"": 2, ""帝鸿"": 1, ""应龙"": 130, ""有熊氏"": 8, ""榆罔"": 21, ""涿鹿"": 37, ""炎帝"": 187, ""神农"": 189, ""禹"": 750, ""精卫"": 33, ""蚩尤"": 154, ""赤帝"": 18, ""轩辕"": 207, ""轩辕氏"": 7, ""阪泉"": 9, ""雨师"": 6, ""颛顼"": 28, ""风伯"": 6, ""鲧"": 5, ""黄帝"": 364, ""黄帝氏"": 2}"
GCI-HOLD-0002,421,data/CASIA-LM_ChineseWebText2.0_partial-000421.parquet,126968023,141f2a2966b2a3bf2b3b9858262facaeeac0a92dc230deedc8bdd56669f9bae8,100000,1,1922,"{""九黎"": 38, ""共工"": 42, ""共工氏"": 2, ""后土"": 25, ""太昊"": 5, ""太皞"": 7, ""女娃"": 9, ""女娲"": 89, ""少昊"": 7, ""少皞"": 10, ""帝江"": 5, ""帝鸿"": 6, ""帝鸿氏"": 1, ""应龙"": 44, ""有熊氏"": 3, ""榆罔"": 3, ""涿鹿"": 44, ""炎帝"": 67, ""神农"": 187, ""禹"": 588, ""精卫"": 28, ""蚩尤"": 47, ""赤帝"": 5, ""轩辕"": 253, ""轩辕氏"": 4, ""阪泉"": 1, ""雨师"": 6, ""颛顼"": 20, ""风伯"": 8, ""鲧"": 8, ""黄帝"": 359, ""黄帝氏"": 1}"
GCI-HOLD-0002,422,data/CASIA-LM_ChineseWebText2.0_partial-000422.parquet,127465988,64ee9a8598b931e702253f457601338fae2a24c7e8a211ab63cf0aa8519ed10d,100000,1,2094,"{""九黎"": 10, ""共工"": 33, ""共工氏"": 2, ""后土"": 37, ""太昊"": 7, ""女娃"": 27, ""女娲"": 75, ""少昊"": 12, ""帝江"": 3, ""帝鸿"": 1, ""帝鸿氏"": 1, ""应龙"": 14, ""有熊氏"": 3, ""榆罔"": 2, ""涿鹿"": 5, ""炎帝"": 42, ""神农"": 208, ""禹"": 803, ""精卫"": 21, ""蚩尤"": 83, ""赤帝"": 3, ""轩辕"": 308, ""轩辕氏"": 1, ""雨师"": 4, ""颛顼"": 51, ""风伯"": 1, ""鲧"": 7, ""黄帝"": 329, ""黄帝氏"": 1}"
GCI-HOLD-0002,423,data/CASIA-LM_ChineseWebText2.0_partial-000423.parquet,127636974,826b0e84c08bafca44b5ac4e00604e65799e1ea9ff4f7f6ffd4f2e2b35d5d06b,100000,1,2076,"{""九黎"": 16, ""共工"": 57, ""共工氏"": 2, ""句龙"": 1, ""后土"": 33, ""太昊"": 2, ""太皞"": 1, ""女娃"": 17, ""女娲"": 79, ""少昊"": 51, ""帝江"": 4, ""应龙"": 36, ""有熊氏"": 1, ""涿鹿"": 14, ""炎帝"": 51, ""神农"": 173, ""禹"": 701, ""精卫"": 61, ""蚩尤"": 87, ""赤帝"": 8, ""轩辕"": 202, ""轩辕氏"": 3, ""雨师"": 4, ""颛顼"": 42, ""风伯"": 3, ""鲧"": 40, ""黄帝"": 385, ""黄帝氏"": 2}"
GCI-HOLD-0002,424,data/CASIA-LM_ChineseWebText2.0_partial-000424.parquet,127262587,637fecbe871637e14565b6b2fa427ec4bb9d5ad600e6739f1229ee123aa8bec5,100000,1,1993,"{""九黎"": 14, ""共工"": 26, ""句龙"": 1, ""后土"": 24, ""太昊"": 3, ""女娃"": 27, ""女娲"": 74, ""少昊"": 11, ""应龙"": 21, ""有熊氏"": 3, ""涿鹿"": 31, ""炎帝"": 81, ""神农"": 194, ""禹"": 804, ""精卫"": 31, ""蚩尤"": 55, ""赤帝"": 4, ""轩辕"": 190, ""轩辕氏"": 6, ""阪泉"": 3, ""雨师"": 1, ""颛顼"": 52, ""风伯"": 1, ""鲧"": 8, ""黄帝"": 326, ""黄帝氏"": 2}"
GCI-HOLD-0002,425,data/CASIA-LM_ChineseWebText2.0_partial-000425.parquet,127166634,c5ab1fb8beac3b5ab4dbd0ea9dae9900cd0439e6a9e1099fe0967aa252432c8f,100000,1,2143,"{""九黎"": 18, ""共工"": 47, ""共工氏"": 5, ""句龙"": 10, ""后土"": 25, ""太昊"": 20, ""女娃"": 18, ""女娲"": 86, ""少昊"": 13, ""少皞"": 1, ""应龙"": 19, ""涿鹿"": 21, ""炎帝"": 121, ""神农"": 204, ""禹"": 694, ""精卫"": 25, ""蚩尤"": 96, ""赤帝"": 5, ""轩辕"": 206, ""轩辕氏"": 4, ""阪泉"": 4, ""雨师"": 3, ""颛顼"": 29, ""风伯"": 1, ""鲧"": 30, ""黄帝"": 436, ""黄帝氏"": 2}"
GCI-HOLD-0002,426,data/CASIA-LM_ChineseWebText2.0_partial-000426.parquet,126615861,115af477d175f8a2b0cde50ae2d17c77404c5744d7dbfa26f9cf6be6915fb1ab,100000,1,2020,"{""九黎"": 14, ""共工"": 52, ""共工氏"": 7, ""后土"": 36, ""太昊"": 7, ""太皞"": 2, ""女娃"": 21, ""女娲"": 112, ""少昊"": 19, ""少皞"": 4, ""帝江"": 1, ""帝鸿"": 3, ""应龙"": 11, ""有熊氏"": 3, ""涿鹿"": 34, ""炎帝"": 35, ""神农"": 166, ""禹"": 703, ""精卫"": 19, ""蚩尤"": 71, ""赤帝"": 6, ""轩辕"": 230, ""轩辕氏"": 7, ""阪泉"": 2, ""雨师"": 10, ""颛顼"": 37, ""风伯"": 3, ""鲧"": 8, ""黄帝"": 397}"
GCI-HOLD-0002,427,data/CASIA-LM_ChineseWebText2.0_partial-000427.parquet,126827627,f638ff24e38f88a48ff47e468276cba6ab56e6fdc94859d4a487ca16625c3c4a,100000,1,2263,"{""九黎"": 14, ""共工"": 42, ""共工氏"": 5, ""句龙"": 1, ""后土"": 45, ""太昊"": 15, ""女娃"": 23, ""女娲"": 120, ""少昊"": 11, ""少皞"": 4, ""帝江"": 5, ""应龙"": 16, ""有熊氏"": 3, ""涿鹿"": 31, ""炎帝"": 64, ""神农"": 180, ""禹"": 692, ""精卫"": 41, ""蚩尤"": 79, ""轩辕"": 299, ""轩辕氏"": 5, ""阪泉"": 4, ""雨师"": 2, ""颛顼"": 58, ""风伯"": 2, ""鲧"": 30, ""黄帝"": 471, ""黄帝氏"": 1}"
GCI-HOLD-0002,428,data/CASIA-LM_ChineseWebText2.0_partial-000428.parquet,127156785,108081515dfe8e42155213be71331046ccf080bb4cfb3c602f5174aa59af13c4,100000,1,2099,"{""九黎"": 12, ""共工"": 36, ""共工氏"": 5, ""后土"": 18, ""太昊"": 10, ""女娃"": 22, ""女娲"": 99, ""少昊"": 53, ""帝江"": 12, ""帝鸿"": 3, ""应龙"": 26, ""有熊氏"": 1, ""涿鹿"": 38, ""炎帝"": 54, ""神农"": 197, ""禹"": 678, ""精卫"": 17, ""缙云氏"": 4, ""蚩尤"": 77, ""轩辕"": 247, ""轩辕氏"": 2, ""阪泉"": 7, ""雨师"": 3, ""颛顼"": 40, ""风伯"": 2, ""鲧"": 9, ""黄帝"": 424, ""黄帝氏"": 3}"
GCI-HOLD-0002,429,data/CASIA-LM_ChineseWebText2.0_partial-000429.parquet,127078191,53f0d193293155816b49fb443173e623879fc0aca98faf7937853e73ca5a2ccb,100000,1,2045,"{""九黎"": 7, ""共工"": 33, ""共工氏"": 2, ""后土"": 35, ""太昊"": 11, ""太皞"": 4, ""女娃"": 12, ""女娲"": 80, ""少昊"": 7, ""帝江"": 2, ""帝鸿"": 2, ""帝鸿氏"": 1, ""应龙"": 52, ""有熊氏"": 2, ""榆罔"": 2, ""涿鹿"": 15, ""炎帝"": 43, ""神农"": 167, ""禹"": 879, ""精卫"": 24, ""蚩尤"": 63, ""轩辕"": 215, ""轩辕氏"": 5, ""阪泉"": 2, ""雨师"": 5, ""颛顼"": 19, ""风伯"": 2, ""鲧"": 22, ""黄帝"": 332}"
GCI-HOLD-0002,430,data/CASIA-LM_ChineseWebText2.0_partial-000430.parquet,126556846,4b58a1fe35b42c8060e764861dc9311545b42dd478f327634196f28a4fe85fa0,100000,1,2113,"{""九黎"": 8, ""共工"": 34, ""共工氏"": 1, ""后土"": 33, ""太昊"": 17, ""太皞"": 1, ""女娃"": 10, ""女娲"": 133, ""少昊"": 28, ""少皞"": 2, ""帝鸿"": 1, ""帝鸿氏"": 1, ""应龙"": 35, ""有熊氏"": 4, ""涿鹿"": 22, ""炎帝"": 67, ""神农"": 143, ""禹"": 769, ""精卫"": 22, ""缙云氏"": 2, ""蚩尤"": 65, ""赤帝"": 9, ""轩辕"": 198, ""轩辕氏"": 3, ""阪泉"": 2, ""雨师"": 10, ""颛顼"": 40, ""风伯"": 1, ""鲧"": 17, ""黄帝"": 435}"
GCI-HOLD-0002,431,data/CASIA-LM_ChineseWebText2.0_partial-000431.parquet,127065125,38eed24a102d907df9e7b83123e5473b324bd6a53a20c787e95219649c8705d9,100000,1,2133,"{""九黎"": 30, ""共工"": 35, ""共工氏"": 5, ""后土"": 24, ""太昊"": 7, ""太皞"": 2, ""女娃"": 8, ""女娲"": 69, ""少昊"": 30, ""少皞"": 2, ""应龙"": 11, ""有熊氏"": 2, ""涿鹿"": 22, ""炎帝"": 61, ""神农"": 219, ""禹"": 794, ""精卫"": 46, ""蚩尤"": 59, ""赤帝"": 7, ""轩辕"": 299, ""轩辕氏"": 3, ""阪泉"": 18, ""雨师"": 2, ""颛顼"": 33, ""鲧"": 12, ""黄帝"": 332, ""黄帝氏"": 1}"
GCI-HOLD-0002,432,data/CASIA-LM_ChineseWebText2.0_partial-000432.parquet,126616327,fd133c47d067380e124678059dde2124fcfcee2d9d433b7d99001353413ad24e,100000,1,2195,"{""九黎"": 15, ""共工"": 33, ""后土"": 33, ""太昊"": 8, ""太皞"": 1, ""女娃"": 14, ""女娲"": 85, ""少昊"": 17, ""少皞"": 3, ""帝江"": 9, ""帝鸿"": 2, ""应龙"": 40, ""有熊氏"": 1, ""榆罔"": 11, ""涿鹿"": 37, ""炎帝"": 50, ""神农"": 175, ""禹"": 790, ""精卫"": 32, ""缙云氏"": 5, ""蚩尤"": 73, ""赤帝"": 5, ""轩辕"": 323, ""轩辕氏"": 6, ""阪泉"": 10, ""雨师"": 13, ""颛顼"": 60, ""风伯"": 3, ""鲧"": 17, ""黄帝"": 324}"
GCI-HOLD-0002,433,data/CASIA-LM_ChineseWebText2.0_partial-000433.parquet,126906248,83a5b42e2a616363f711b633ceebc69ffc59a8fed760e9e4a5d5f2411545fecd,100000,1,2303,"{""九黎"": 29, ""共工"": 39, ""共工氏"": 7, ""句龙"": 9, ""后土"": 18, ""太昊"": 14, ""女娃"": 11, ""女娲"": 84, ""少昊"": 9, ""帝江"": 3, ""应龙"": 19, ""有熊氏"": 3, ""涿鹿"": 17, ""炎帝"": 110, ""神农"": 166, ""禹"": 891, ""精卫"": 62, ""蚩尤"": 40, ""赤帝"": 3, ""轩辕"": 317, ""轩辕氏"": 7, ""阪泉"": 2, ""雨师"": 4, ""颛顼"": 44, ""风伯"": 4, ""鲧"": 13, ""黄帝"": 377, ""黄帝氏"": 1}"
GCI-HOLD-0002,434,data/CASIA-LM_ChineseWebText2.0_partial-000434.parquet,127201418,e822629d785e4cb9398da931e910bb79c6f9d46cfda3b96fbc33a0763c47f710,100000,1,1976,"{""九黎"": 21, ""共工"": 34, ""共工氏"": 4, ""后土"": 19, ""太昊"": 5, ""太皞"": 4, ""女娃"": 14, ""女娲"": 79, ""少昊"": 10, ""帝江"": 2, ""帝鸿"": 1, ""应龙"": 16, ""有熊氏"": 3, ""涿鹿"": 28, ""炎帝"": 77, ""神农"": 209, ""禹"": 747, ""精卫"": 72, ""蚩尤"": 57, ""赤帝"": 4, ""轩辕"": 179, ""轩辕氏"": 7, ""阪泉"": 1, ""雨师"": 4, ""颛顼"": 34, ""鲧"": 16, ""黄帝"": 329}"
GCI-HOLD-0002,435,data/CASIA-LM_ChineseWebText2.0_partial-000435.parquet,126877713,cb5f8807a3d8b1a0313133b1c642073e54cfec06baf7b6999e6f7a6ad2ccf4fb,100000,1,2403,"{""九黎"": 10, ""共工"": 35, ""共工氏"": 5, ""后土"": 51, ""太昊"": 37, ""太皞"": 1, ""女娃"": 31, ""女娲"": 85, ""少昊"": 25, ""应龙"": 21, ""有熊氏"": 7, ""榆罔"": 3, ""涿鹿"": 35, ""炎帝"": 109, ""神农"": 241, ""禹"": 901, ""精卫"": 14, ""缙云氏"": 1, ""蚩尤"": 65, ""赤帝"": 5, ""轩辕"": 239, ""轩辕氏"": 4, ""阪泉"": 6, ""雨师"": 1, ""颛顼"": 22, ""风伯"": 2, ""鲧"": 12, ""黄帝"": 434, ""黄帝氏"": 1}"
GCI-HOLD-0002,436,data/CASIA-LM_ChineseWebText2.0_partial-000436.parquet,126824467,54eeffce6eddc38f620f8483cfbf7e71d0fe2057e70976f02986bd8fd24035a2,100000,1,2266,"{""九黎"": 16, ""共工"": 52, ""共工氏"": 10, ""句龙"": 2, ""后土"": 29, ""太昊"": 8, ""女娃"": 29, ""女娲"": 48, ""少昊"": 5, ""少皞"": 1, ""帝江"": 19, ""应龙"": 27, ""有熊氏"": 1, ""涿鹿"": 84, ""炎帝"": 67, ""神农"": 164, ""禹"": 755, ""精卫"": 31, ""蚩尤"": 130, ""赤帝"": 5, ""轩辕"": 425, ""轩辕氏"": 6, ""阪泉"": 15, ""雨师"": 6, ""颛顼"": 33, ""风伯"": 7, ""鲧"": 1, ""黄帝"": 290}"
GCI-HOLD-0002,437,data/CASIA-LM_ChineseWebText2.0_partial-000437.parquet,127225714,513af9d9e887ad5a3e721c7d6cf2e6de6f1a92185193a2511554bcea4339d823,100000,1,2102,"{""九黎"": 4, ""共工"": 29, ""共工氏"": 2, ""后土"": 13, ""太昊"": 8, ""女娃"": 18, ""女娲"": 73, ""少昊"": 3, ""少皞"": 3, ""帝江"": 1, ""应龙"": 14, ""榆罔"": 2, ""涿鹿"": 9, ""炎帝"": 64, ""神农"": 223, ""禹"": 789, ""精卫"": 24, ""蚩尤"": 89, ""赤帝"": 3, ""轩辕"": 309, ""轩辕氏"": 14, ""阪泉"": 1, ""雨师"": 1, ""颛顼"": 31, ""风伯"": 1, ""鲧"": 20, ""黄帝"": 354}"
GCI-HOLD-0002,438,data/CASIA-LM_ChineseWebText2.0_partial-000438.parquet,127109085,f726de52a9394db612c435ef5c4e14f32134694a9db0fbb788c7432bb9a67628,100000,1,1933,"{""九黎"": 4, ""共工"": 44, ""共工氏"": 5, ""句龙"": 2, ""后土"": 36, ""太昊"": 14, ""太皞"": 1, ""女娃"": 19, ""女娲"": 109, ""少昊"": 5, ""少皞"": 1, ""应龙"": 15, ""有熊氏"": 1, ""涿鹿"": 4, ""炎帝"": 59, ""神农"": 188, ""禹"": 773, ""精卫"": 53, ""缙云氏"": 1, ""蚩尤"": 29, ""赤帝"": 6, ""轩辕"": 230, ""轩辕氏"": 7, ""雨师"": 1, ""颛顼"": 11, ""风伯"": 7, ""鲧"": 4, ""黄帝"": 304}"
GCI-HOLD-0002,439,data/CASIA-LM_ChineseWebText2.0_partial-000439.parquet,126582434,e61ebfb2f8ee9def8667eaac2e1730f4753b714a75ec13bb669ff162efbfda75,100000,1,1857,"{""九黎"": 22, ""共工"": 47, ""共工氏"": 2, ""句龙"": 1, ""后土"": 29, ""太昊"": 23, ""女娃"": 11, ""女娲"": 103, ""少昊"": 21, ""帝江"": 2, ""帝鸿"": 1, ""帝鸿氏"": 1, ""应龙"": 39, ""有熊氏"": 2, ""涿鹿"": 11, ""炎帝"": 51, ""神农"": 170, ""禹"": 642, ""精卫"": 64, ""蚩尤"": 38, ""赤帝"": 1, ""轩辕"": 199, ""轩辕氏"": 10, ""阪泉"": 2, ""雨师"": 4, ""颛顼"": 28, ""风伯"": 1, ""鲧"": 15, ""黄帝"": 316, ""黄帝氏"": 1}"
GCI-HOLD-0002,440,data/CASIA-LM_ChineseWebText2.0_partial-000440.parquet,127392336,46b6e3008023879bb89c2485597b919ea38754108a95f23c7dc74296950ab3f7,100000,1,1961,"{""九黎"": 3, ""共工"": 10, ""共工氏"": 1, ""句龙"": 1, ""后土"": 32, ""太昊"": 10, ""太皞"": 1, ""女娃"": 15, ""女娲"": 68, ""少昊"": 7, ""帝江"": 3, ""帝鸿"": 1, ""帝鸿氏"": 1, ""应龙"": 26, ""有熊氏"": 5, ""榆罔"": 1, ""涿鹿"": 13, ""炎帝"": 52, ""神农"": 159, ""禹"": 675, ""精卫"": 82, ""蚩尤"": 82, ""赤帝"": 5, ""轩辕"": 315, ""轩辕氏"": 11, ""阪泉"": 3, ""雨师"": 2, ""颛顼"": 40, ""风伯"": 3, ""鲧"": 3, ""黄帝"": 331}"
GCI-HOLD-0002,441,data/CASIA-LM_ChineseWebText2.0_partial-000441.parquet,126640720,6f2c0e74698465fb8d4f28d85d7f22f23f86162a8f012610c70af92dc2521b0a,100000,1,2228,"{""九黎"": 4, ""共工"": 29, ""共工氏"": 1, ""后土"": 38, ""太昊"": 11, ""太皞"": 4, ""女娃"": 22, ""女娲"": 85, ""少昊"": 12, ""帝江"": 2, ""应龙"": 29, ""有熊氏"": 6, ""涿鹿"": 22, ""炎帝"": 91, ""神农"": 256, ""禹"": 767, ""精卫"": 61, ""蚩尤"": 45, ""赤帝"": 7, ""轩辕"": 252, ""轩辕氏"": 7, ""阪泉"": 3, ""雨师"": 2, ""颛顼"": 31, ""风伯"": 1, ""鲧"": 11, ""黄帝"": 426, ""黄帝氏"": 3}"
GCI-HOLD-0002,442,data/CASIA-LM_ChineseWebText2.0_partial-000442.parquet,126796350,31b38b857fbd33a93e7c52a81423b6325bcf64a7336e8a65db96eaf3419a2773,100000,1,1994,"{""九黎"": 14, ""共工"": 20, ""共工氏"": 1, ""后土"": 26, ""太昊"": 11, ""女娃"": 10, ""女娲"": 113, ""少昊"": 10, ""帝江"": 1, ""帝鸿"": 1, ""应龙"": 23, ""涿鹿"": 33, ""炎帝"": 45, ""神农"": 213, ""禹"": 676, ""精卫"": 24, ""蚩尤"": 52, ""赤帝"": 5, ""轩辕"": 260, ""轩辕氏"": 7, ""阪泉"": 7, ""雨师"": 18, ""颛顼"": 34, ""风伯"": 2, ""鲧"": 28, ""黄帝"": 357, ""黄帝氏"": 3}"
GCI-HOLD-0002,443,data/CASIA-LM_ChineseWebText2.0_partial-000443.parquet,127072735,0de97711e5b5a34056b78448cc0988c6777934b9e265d3eeb882bb90247769d8,100000,1,2108,"{""九黎"": 18, ""共工"": 38, ""共工氏"": 6, ""句龙"": 3, ""后土"": 26, ""太昊"": 9, ""太皞"": 1, ""女娃"": 22, ""女娲"": 53, ""少昊"": 16, ""少皞"": 14, ""帝江"": 4, ""帝鸿"": 2, ""帝鸿氏"": 2, ""应龙"": 14, ""有熊氏"": 6, ""榆罔"": 1, ""涿鹿"": 23, ""炎帝"": 226, ""神农"": 179, ""禹"": 676, ""精卫"": 15, ""缙云氏"": 3, ""蚩尤"": 111, ""赤帝"": 2, ""轩辕"": 227, ""轩辕氏"": 5, ""阪泉"": 3, ""雨师"": 8, ""颛顼"": 22, ""风伯"": 2, ""鲧"": 13, ""黄帝"": 357, ""黄帝氏"": 1}"
GCI-HOLD-0002,444,data/CASIA-LM_ChineseWebText2.0_partial-000444.parquet,126461456,5534755af3eef51861c200d7c210ef98cbb862e15c12ebd0a1610bc26741b899,100000,1,2235,"{""九黎"": 11, ""共工"": 39, ""后土"": 28, ""太昊"": 4, ""女娃"": 16, ""女娲"": 92, ""少昊"": 10, ""少皞"": 1, ""帝江"": 1, ""帝鸿"": 1, ""应龙"": 20, ""有熊氏"": 1, ""榆罔"": 14, ""涿鹿"": 75, ""炎帝"": 187, ""神农"": 266, ""禹"": 690, ""精卫"": 20, ""缙云氏"": 1, ""蚩尤"": 55, ""赤帝"": 7, ""轩辕"": 234, ""轩辕氏"": 3, ""阪泉"": 10, ""雨师"": 3, ""颛顼"": 16, ""风伯"": 2, ""鲧"": 47, ""黄帝"": 381}"
GCI-HOLD-0002,445,data/CASIA-LM_ChineseWebText2.0_partial-000445.parquet,127455740,a584d7204061c932f71bee8169f2dc7b198bacc5b769eae2641b6e25e6df7efe,100000,1,2049,"{""九黎"": 7, ""共工"": 67, ""共工氏"": 2, ""后土"": 31, ""太昊"": 16, ""女娃"": 15, ""女娲"": 91, ""少昊"": 15, ""帝江"": 2, ""帝鸿"": 2, ""帝鸿氏"": 1, ""应龙"": 47, ""有熊氏"": 1, ""涿鹿"": 16, ""炎帝"": 61, ""神农"": 177, ""禹"": 771, ""精卫"": 48, ""缙云氏"": 1, ""蚩尤"": 81, ""赤帝"": 3, ""轩辕"": 162, ""轩辕氏"": 3, ""雨师"": 9, ""颛顼"": 29, ""风伯"": 4, ""鲧"": 21, ""黄帝"": 366}"
GCI-HOLD-0002,446,data/CASIA-LM_ChineseWebText2.0_partial-000446.parquet,127326362,c5009e5a38a186fbe2cf9d35e0a49e2b404d8a648448a07b7423f86c63cf112e,100000,1,2170,"{""九黎"": 14, ""共工"": 18, ""共工氏"": 1, ""后土"": 17, ""太昊"": 15, ""太皞"": 1, ""女娃"": 14, ""女娲"": 88, ""少昊"": 26, ""少皞"": 2, ""帝江"": 16, ""应龙"": 29, ""有熊氏"": 3, ""榆罔"": 3, ""涿鹿"": 53, ""炎帝"": 97, ""神农"": 159, ""禹"": 702, ""精卫"": 28, ""缙云氏"": 1, ""蚩尤"": 77, ""赤帝"": 2, ""轩辕"": 344, ""轩辕氏"": 22, ""阪泉"": 3, ""雨师"": 2, ""颛顼"": 42, ""风伯"": 2, ""鲧"": 4, ""黄帝"": 385}"
GCI-HOLD-0002,447,data/CASIA-LM_ChineseWebText2.0_partial-000447.parquet,127229063,26990776970fe0c6158835afe34b4c0261ce3c0a999cb77903358b98b549e3f3,100000,1,1987,"{""九黎"": 24, ""共工"": 19, ""共工氏"": 2, ""后土"": 43, ""太昊"": 13, ""女娃"": 29, ""女娲"": 76, ""少昊"": 19, ""少皞"": 1, ""帝江"": 18, ""帝鸿"": 9, ""帝鸿氏"": 2, ""应龙"": 42, ""有熊氏"": 6, ""涿鹿"": 25, ""炎帝"": 69, ""神农"": 209, ""禹"": 662, ""精卫"": 25, ""蚩尤"": 98, ""赤帝"": 1, ""轩辕"": 156, ""轩辕氏"": 3, ""阪泉"": 2, ""雨师"": 5, ""颛顼"": 25, ""风伯"": 4, ""鲧"": 10, ""黄帝"": 390}"
GCI-HOLD-0002,448,data/CASIA-LM_ChineseWebText2.0_partial-000448.parquet,127118685,2407db844566d27b59998774224575eee3229396f6583702bfdc8f2e70153d78,100000,1,2172,"{""九黎"": 4, ""共工"": 36, ""共工氏"": 2, ""句龙"": 9, ""后土"": 39, ""太昊"": 7, ""太皞"": 1, ""女娃"": 62, ""女娲"": 104, ""少昊"": 10, ""帝鸿"": 2, ""帝鸿氏"": 1, ""应龙"": 56, ""榆罔"": 1, ""涿鹿"": 12, ""炎帝"": 78, ""神农"": 251, ""禹"": 704, ""精卫"": 149, ""蚩尤"": 82, ""赤帝"": 1, ""轩辕"": 234, ""轩辕氏"": 4, ""阪泉"": 7, ""雨师"": 14, ""颛顼"": 10, ""风伯"": 3, ""鲧"": 10, ""黄帝"": 279}"
GCI-HOLD-0002,449,data/CASIA-LM_ChineseWebText2.0_partial-000449.parquet,127144851,a4150d2af64f0d3984283c613c3f70f70de3a580e524bc214544520943621d03,100000,1,2082,"{""九黎"": 55, ""共工"": 41, ""共工氏"": 3, ""后土"": 21, ""太昊"": 47, ""太皞"": 2, ""女娃"": 13, ""女娲"": 45, ""少昊"": 33, ""少皞"": 2, ""帝江"": 1, ""应龙"": 21, ""有熊氏"": 2, ""榆罔"": 1, ""涿鹿"": 75, ""炎帝"": 112, ""神农"": 167, ""禹"": 706, ""精卫"": 54, ""蚩尤"": 123, ""赤帝"": 4, ""轩辕"": 183, ""轩辕氏"": 2, ""阪泉"": 13, ""雨师"": 2, ""颛顼"": 18, ""风伯"": 1, ""鲧"": 8, ""黄帝"": 327}"
GCI-HOLD-0002,450,data/CASIA-LM_ChineseWebText2.0_partial-000450.parquet,126955818,16bb2ee7928e8dfaa3d0d473c211cc994ee8dce8ba797a1b273d45fb8b047552,100000,1,2041,"{""九黎"": 7, ""共工"": 24, ""共工氏"": 1, ""后土"": 26, ""太昊"": 6, ""太皞"": 3, ""女娃"": 14, ""女娲"": 72, ""少昊"": 17, ""少皞"": 1, ""帝鸿"": 1, ""帝鸿氏"": 1, ""应龙"": 19, ""榆罔"": 6, ""涿鹿"": 23, ""炎帝"": 92, ""神农"": 238, ""禹"": 612, ""精卫"": 60, ""缙云氏"": 1, ""蚩尤"": 69, ""赤帝"": 5, ""轩辕"": 265, ""轩辕氏"": 4, ""阪泉"": 4, ""雨师"": 3, ""颛顼"": 48, ""风伯"": 2, ""鲧"": 15, ""黄帝"": 402}"
GCI-HOLD-0002,451,data/CASIA-LM_ChineseWebText2.0_partial-000451.parquet,126629464,8f37f8c6416d480b087c86a0ccd97b2ff58383835efef69e6ee896741fb150df,100000,1,2024,"{""九黎"": 22, ""共工"": 70, ""共工氏"": 26, ""句龙"": 1, ""后土"": 38, ""太昊"": 17, ""女娃"": 14, ""女娲"": 96, ""少昊"": 15, ""帝江"": 2, ""帝鸿"": 2, ""应龙"": 60, ""有熊氏"": 6, ""榆罔"": 3, ""涿鹿"": 39, ""炎帝"": 81, ""神农"": 186, ""禹"": 626, ""精卫"": 36, ""蚩尤"": 62, ""赤帝"": 5, ""轩辕"": 218, ""轩辕氏"": 2, ""阪泉"": 4, ""雨师"": 11, ""颛顼"": 41, ""风伯"": 9, ""鲧"": 11, ""黄帝"": 319, ""黄帝氏"": 2}"
GCI-HOLD-0002,452,data/CASIA-LM_ChineseWebText2.0_partial-000452.parquet,127657355,aa0ecaec84db0dd1089ac657db2fb194b6d18b4fed07e3d2e5ddd74418fab22c,100000,1,2125,"{""九黎"": 10, ""共工"": 26, ""共工氏"": 2, ""句龙"": 1, ""后土"": 30, ""太昊"": 2, ""女娃"": 6, ""女娲"": 117, ""少昊"": 11, ""少皞"": 2, ""帝江"": 1, ""应龙"": 37, ""有熊氏"": 1, ""涿鹿"": 23, ""炎帝"": 62, ""神农"": 162, ""禹"": 799, ""精卫"": 34, ""蚩尤"": 81, ""赤帝"": 1, ""轩辕"": 267, ""轩辕氏"": 2, ""雨师"": 13, ""颛顼"": 36, ""风伯"": 2, ""鲧"": 8, ""黄帝"": 389}"
GCI-HOLD-0002,453,data/CASIA-LM_ChineseWebText2.0_partial-000453.parquet,127333224,d1601fa23b966d2dcf0dbb03ceede5f312f0f0d792c2bb63eb4869ee3daf7e60,100000,1,2031,"{""九黎"": 10, ""共工"": 45, ""共工氏"": 9, ""句龙"": 2, ""后土"": 29, ""太昊"": 4, ""太皞"": 6, ""女娃"": 11, ""女娲"": 128, ""少昊"": 15, ""少皞"": 8, ""帝鸿"": 1, ""帝鸿氏"": 1, ""应龙"": 23, ""有熊氏"": 3, ""涿鹿"": 24, ""炎帝"": 35, ""神农"": 192, ""禹"": 798, ""精卫"": 36, ""蚩尤"": 61, ""赤帝"": 1, ""轩辕"": 221, ""轩辕氏"": 4, ""阪泉"": 1, ""雨师"": 2, ""颛顼"": 29, ""风伯"": 5, ""鲧"": 19, ""黄帝"": 308}"
GCI-HOLD-0002,454,data/CASIA-LM_ChineseWebText2.0_partial-000454.parquet,126718691,4034f7e7f389584e9c94e677f6aa10778d289f5c4e99e91a7c0bfe1da3f972a5,100000,1,1861,"{""九黎"": 26, ""共工"": 31, ""句龙"": 1, ""后土"": 26, ""太昊"": 8, ""女娃"": 9, ""女娲"": 72, ""少昊"": 8, ""少皞"": 3, ""帝江"": 7, ""应龙"": 47, ""有熊氏"": 2, ""涿鹿"": 29, ""炎帝"": 43, ""神农"": 197, ""禹"": 674, ""精卫"": 30, ""蚩尤"": 46, ""赤帝"": 3, ""轩辕"": 246, ""轩辕氏"": 2, ""阪泉"": 1, ""雨师"": 6, ""颛顼"": 22, ""风伯"": 4, ""鲧"": 12, ""黄帝"": 306}"
GCI-HOLD-0002,455,data/CASIA-LM_ChineseWebText2.0_partial-000455.parquet,125661085,9d128a9574aec2b35949cf704ec38886d1984c07ac96b41935c7caebcf6672d0,100000,1,2012,"{""九黎"": 11, ""共工"": 44, ""共工氏"": 5, ""后土"": 14, ""太昊"": 19, ""太皞"": 1, ""女娃"": 12, ""女娲"": 106, ""少昊"": 10, ""帝鸿"": 1, ""帝鸿氏"": 1, ""应龙"": 18, ""有熊氏"": 7, ""涿鹿"": 49, ""炎帝"": 67, ""神农"": 197, ""禹"": 608, ""精卫"": 34, ""缙云氏"": 5, ""蚩尤"": 64, ""赤帝"": 3, ""轩辕"": 282, ""轩辕氏"": 12, ""阪泉"": 13, ""雨师"": 4, ""颛顼"": 25, ""风伯"": 1, ""鲧"": 18, ""黄帝"": 381}"
GCI-HOLD-0002,456,data/CASIA-LM_ChineseWebText2.0_partial-000456.parquet,127119453,472e8ca0ce4d1872eea464a047229e3d4ed8260fb3ecfd35f0886bca94439785,100000,1,1936,"{""九黎"": 13, ""共工"": 31, ""共工氏"": 3, ""后土"": 24, ""太昊"": 7, ""女娃"": 6, ""女娲"": 128, ""少昊"": 11, ""帝江"": 10, ""应龙"": 22, ""有熊氏"": 1, ""涿鹿"": 22, ""炎帝"": 70, ""神农"": 210, ""禹"": 713, ""精卫"": 35, ""缙云氏"": 2, ""蚩尤"": 36, ""赤帝"": 3, ""轩辕"": 198, ""雨师"": 2, ""颛顼"": 14, ""风伯"": 2, ""鲧"": 17, ""黄帝"": 356}"
GCI-HOLD-0002,457,data/CASIA-LM_ChineseWebText2.0_partial-000457.parquet,126925752,f03444399f66e150ba87adfcec91acbb754965e142738b42b89e73260f6b8543,100000,1,2002,"{""九黎"": 35, ""共工"": 28, ""共工氏"": 3, ""句龙"": 2, ""后土"": 16, ""太昊"": 3, ""女娃"": 7, ""女娲"": 112, ""少昊"": 20, ""少皞"": 1, ""帝江"": 13, ""帝鸿"": 4, ""帝鸿氏"": 1, ""应龙"": 45, ""有熊氏"": 7, ""榆罔"": 1, ""涿鹿"": 17, ""炎帝"": 55, ""神农"": 167, ""禹"": 739, ""精卫"": 20, ""蚩尤"": 41, ""赤帝"": 4, ""轩辕"": 199, ""轩辕氏"": 13, ""阪泉"": 21, ""雨师"": 1, ""颛顼"": 34, ""风伯"": 2, ""鲧"": 18, ""黄帝"": 373}"
GCI-HOLD-0002,458,data/CASIA-LM_ChineseWebText2.0_partial-000458.parquet,126971402,87f9bd68c88af4775e36d85509c8f2e716a3515c518eaad85496a8e59a37ea2b,100000,1,2011,"{""九黎"": 43, ""共工"": 24, ""共工氏"": 3, ""句龙"": 2, ""后土"": 14, ""太昊"": 10, ""女娃"": 13, ""女娲"": 88, ""少昊"": 13, ""少皞"": 2, ""帝江"": 2, ""应龙"": 49, ""有熊氏"": 2, ""涿鹿"": 27, ""炎帝"": 49, ""神农"": 174, ""禹"": 688, ""精卫"": 26, ""蚩尤"": 68, ""赤帝"": 6, ""轩辕"": 318, ""轩辕氏"": 7, ""阪泉"": 14, ""雨师"": 1, ""颛顼"": 13, ""风伯"": 2, ""鲧"": 11, ""黄帝"": 342}"
GCI-HOLD-0002,459,data/CASIA-LM_ChineseWebText2.0_partial-000459.parquet,126501038,fd18763a97abd58b02a481376d36758ae24a951ab80a11b4e525ce0dbc55394e,100000,1,2102,"{""九黎"": 3, ""共工"": 26, ""共工氏"": 5, ""后土"": 23, ""太昊"": 3, ""太皞"": 1, ""女娃"": 12, ""女娲"": 86, ""少昊"": 17, ""少皞"": 1, ""帝江"": 8, ""帝鸿"": 2, ""应龙"": 28, ""有熊氏"": 1, ""榆罔"": 1, ""涿鹿"": 35, ""炎帝"": 127, ""神农"": 267, ""禹"": 816, ""精卫"": 25, ""蚩尤"": 26, ""赤帝"": 3, ""轩辕"": 246, ""轩辕氏"": 3, ""阪泉"": 2, ""雨师"": 6, ""颛顼"": 17, ""风伯"": 2, ""鲧"": 10, ""黄帝"": 300}"
GCI-HOLD-0002,460,data/CASIA-LM_ChineseWebText2.0_partial-000460.parquet,127393407,2967abe86ca2b9e9d3143373e95ec13e2c13a9dce7a78b04451016b87bb7d360,100000,1,1922,"{""九黎"": 6, ""共工"": 48, ""共工氏"": 13, ""后土"": 20, ""太昊"": 38, ""太皞"": 5, ""女娃"": 11, ""女娲"": 93, ""少昊"": 7, ""帝江"": 5, ""帝鸿"": 2, ""帝鸿氏"": 2, ""应龙"": 67, ""榆罔"": 4, ""涿鹿"": 29, ""炎帝"": 70, ""神农"": 218, ""禹"": 672, ""精卫"": 20, ""蚩尤"": 42, ""轩辕"": 223, ""阪泉"": 5, ""雨师"": 5, ""颛顼"": 14, ""风伯"": 7, ""鲧"": 8, ""黄帝"": 288}"
GCI-HOLD-0002,461,data/CASIA-LM_ChineseWebText2.0_partial-000461.parquet,127166495,e9925e9660a4da98ab8470db7447658bee81bac1042bd3fddebb0defe1ca157f,100000,1,2296,"{""九黎"": 7, ""共工"": 40, ""共工氏"": 1, ""后土"": 25, ""太昊"": 6, ""女娃"": 18, ""女娲"": 87, ""少昊"": 29, ""帝江"": 3, ""应龙"": 31, ""有熊氏"": 3, ""涿鹿"": 22, ""炎帝"": 64, ""神农"": 198, ""禹"": 887, ""精卫"": 35, ""缙云氏"": 5, ""蚩尤"": 56, ""赤帝"": 1, ""轩辕"": 344, ""轩辕氏"": 8, ""阪泉"": 4, ""雨师"": 6, ""颛顼"": 38, ""风伯"": 4, ""鲧"": 34, ""黄帝"": 339, ""黄帝氏"": 1}"
GCI-HOLD-0002,462,data/CASIA-LM_ChineseWebText2.0_partial-000462.parquet,148188051,521c835b94864b617b1d3a7a8e2ea39b326c0f0afb65095d366b35d51bade92c,100000,1,1479,"{""九黎"": 16, ""共工"": 23, ""句龙"": 5, ""后土"": 25, ""太昊"": 2, ""女娃"": 10, ""女娲"": 77, ""少昊"": 1, ""帝江"": 1, ""应龙"": 51, ""涿鹿"": 9, ""炎帝"": 65, ""神农"": 160, ""禹"": 594, ""精卫"": 7, ""蚩尤"": 46, ""赤帝"": 8, ""轩辕"": 114, ""轩辕氏"": 1, ""阪泉"": 4, ""雨师"": 5, ""颛顼"": 36, ""风伯"": 5, ""鲧"": 19, ""黄帝"": 195}"
GCI-HOLD-0002,463,data/CASIA-LM_ChineseWebText2.0_partial-000463.parquet,161530344,eec376b7c5eff29b62f363eae2549d9e3fcdd5febccda1e986b2fa1bffdc2b02,100000,1,1565,"{""九黎"": 58, ""共工"": 14, ""共工氏"": 1, ""后土"": 36, ""太昊"": 10, ""女娃"": 14, ""女娲"": 153, ""少昊"": 1, ""应龙"": 25, ""有熊氏"": 2, ""涿鹿"": 10, ""炎帝"": 57, ""神农"": 175, ""禹"": 670, ""精卫"": 23, ""蚩尤"": 52, ""赤帝"": 1, ""轩辕"": 144, ""轩辕氏"": 4, ""阪泉"": 1, ""雨师"": 3, ""颛顼"": 11, ""风伯"": 1, ""鲧"": 10, ""黄帝"": 89}"
GCI-HOLD-0002,464,data/CASIA-LM_ChineseWebText2.0_partial-000464.parquet,161524957,a9ef0344b9affec9f686c445aad0fc5b32f440d056bb956fe4a3c76f70089caa,100000,1,1419,"{""九黎"": 24, ""共工"": 33, ""后土"": 14, ""太昊"": 19, ""太皞"": 3, ""女娃"": 21, ""女娲"": 86, ""少昊"": 26, ""帝江"": 3, ""帝鸿"": 1, ""应龙"": 14, ""有熊氏"": 1, ""涿鹿"": 21, ""炎帝"": 56, ""神农"": 171, ""禹"": 556, ""精卫"": 33, ""蚩尤"": 46, ""赤帝"": 2, ""轩辕"": 146, ""轩辕氏"": 2, ""阪泉"": 6, ""雨师"": 5, ""颛顼"": 3, ""风伯"": 4, ""黄帝"": 123}"
GCI-HOLD-0002,465,data/CASIA-LM_ChineseWebText2.0_partial-000465.parquet,161437495,04b5b42c58636c5c38c33c59c9869a8c29115ed25a5498e7dd45c0496265db5c,100000,1,1512,"{""九黎"": 5, ""共工"": 29, ""共工氏"": 1, ""句龙"": 1, ""后土"": 38, ""太昊"": 5, ""女娃"": 21, ""女娲"": 145, ""少昊"": 4, ""少皞"": 1, ""帝江"": 11, ""帝鸿"": 2, ""帝鸿氏"": 1, ""应龙"": 35, ""涿鹿"": 3, ""炎帝"": 91, ""神农"": 230, ""禹"": 528, ""精卫"": 28, ""缙云氏"": 1, ""蚩尤"": 27, ""赤帝"": 1, ""轩辕"": 176, ""轩辕氏"": 2, ""雨师"": 13, ""颛顼"": 9, ""风伯"": 2, ""鲧"": 3, ""黄帝"": 95, ""黄帝氏"": 4}"
GCI-HOLD-0002,466,data/CASIA-LM_ChineseWebText2.0_partial-000466.parquet,162648436,af9767e19273c3edece80e6c6fd8adc6a83117d8a46c715fae515afebf5516ea,100000,1,1520,"{""九黎"": 25, ""共工"": 18, ""共工氏"": 3, ""句龙"": 1, ""后土"": 38, ""太昊"": 8, ""太皞"": 1, ""女娃"": 27, ""女娲"": 84, ""少昊"": 5, ""少皞"": 1, ""应龙"": 29, ""有熊氏"": 1, ""榆罔"": 4, ""涿鹿"": 41, ""炎帝"": 43, ""神农"": 161, ""禹"": 623, ""精卫"": 17, ""蚩尤"": 72, ""赤帝"": 4, ""轩辕"": 157, ""轩辕氏"": 5, ""阪泉"": 1, ""雨师"": 3, ""颛顼"": 22, ""风伯"": 1, ""鲧"": 7, ""黄帝"": 118}"
GCI-HOLD-0002,467,data/CASIA-LM_ChineseWebText2.0_partial-000467.parquet,161148660,585c1c93631b3213aa4b139ee32cd8e2e5fe9ad06799a9bfd833f667654e09e6,100000,1,1388,"{""九黎"": 7, ""共工"": 19, ""句龙"": 1, ""后土"": 40, ""太昊"": 8, ""女娃"": 17, ""女娲"": 61, ""少昊"": 2, ""帝江"": 4, ""应龙"": 32, ""涿鹿"": 14, ""炎帝"": 23, ""神农"": 143, ""禹"": 567, ""精卫"": 26, ""蚩尤"": 35, ""赤帝"": 4, ""轩辕"": 251, ""雨师"": 3, ""颛顼"": 5, ""风伯"": 1, ""鲧"": 7, ""黄帝"": 118}"
GCI-HOLD-0002,468,data/CASIA-LM_ChineseWebText2.0_partial-000468.parquet,161520019,5ffdf530dddfd0ac47a727c3e0fa49fcc1b0cc47c4acda59303319bd948d32fe,100000,1,1168,"{""九黎"": 17, ""共工"": 17, ""后土"": 22, ""太昊"": 6, ""女娃"": 16, ""女娲"": 88, ""帝江"": 3, ""应龙"": 12, ""涿鹿"": 15, ""炎帝"": 23, ""神农"": 147, ""禹"": 512, ""精卫"": 16, ""蚩尤"": 45, ""赤帝"": 2, ""轩辕"": 119, ""阪泉"": 1, ""颛顼"": 2, ""黄帝"": 105}"
GCI-HOLD-0002,469,data/CASIA-LM_ChineseWebText2.0_partial-000469.parquet,162139345,718cf421edb11f07796f69fd18d8b42ddd08d5d5843601a3480283478ab9ddff,100000,1,1350,"{""九黎"": 27, ""共工"": 13, ""后土"": 29, ""太昊"": 4, ""女娃"": 6, ""女娲"": 80, ""少昊"": 8, ""少皞"": 1, ""应龙"": 30, ""涿鹿"": 24, ""炎帝"": 29, ""神农"": 171, ""禹"": 647, ""精卫"": 17, ""蚩尤"": 36, ""赤帝"": 1, ""轩辕"": 131, ""轩辕氏"": 1, ""阪泉"": 5, ""雨师"": 6, ""颛顼"": 8, ""鲧"": 1, ""黄帝"": 75}"
GCI-HOLD-0002,470,data/CASIA-LM_ChineseWebText2.0_partial-000470.parquet,161043836,05086533f191ace57e43434ddf6f2762f1782b5829602513f1376312f7de62ac,100000,1,1444,"{""九黎"": 6, ""共工"": 20, ""后土"": 29, ""太昊"": 1, ""女娃"": 15, ""女娲"": 94, ""少昊"": 1, ""帝江"": 1, ""应龙"": 47, ""有熊氏"": 2, ""榆罔"": 1, ""涿鹿"": 9, ""炎帝"": 35, ""神农"": 160, ""禹"": 612, ""精卫"": 18, ""蚩尤"": 39, ""赤帝"": 2, ""轩辕"": 195, ""轩辕氏"": 5, ""阪泉"": 1, ""颛顼"": 12, ""风伯"": 1, ""鲧"": 6, ""黄帝"": 132}"
GCI-HOLD-0002,471,data/CASIA-LM_ChineseWebText2.0_partial-000471.parquet,162231928,9dea868326bcf3e920e6d14a17fe5683da7d90d08b4176c818c136d980043925,100000,1,1469,"{""九黎"": 20, ""共工"": 17, ""后土"": 33, ""太昊"": 9, ""女娃"": 18, ""女娲"": 89, ""少昊"": 1, ""帝鸿"": 1, ""应龙"": 65, ""有熊氏"": 1, ""涿鹿"": 9, ""炎帝"": 49, ""神农"": 174, ""禹"": 637, ""精卫"": 24, ""缙云氏"": 1, ""蚩尤"": 58, ""赤帝"": 1, ""轩辕"": 142, ""轩辕氏"": 4, ""雨师"": 25, ""颛顼"": 1, ""风伯"": 3, ""鲧"": 1, ""黄帝"": 86}"
GCI-HOLD-0002,472,data/CASIA-LM_ChineseWebText2.0_partial-000472.parquet,161290011,f576ad7760a4f434b4fc2cdf5663320f3430ddd4824cf85e2386b1114d984cd4,100000,1,1344,"{""九黎"": 13, ""共工"": 16, ""后土"": 34, ""太昊"": 4, ""女娃"": 9, ""女娲"": 83, ""少昊"": 4, ""少皞"": 1, ""帝江"": 6, ""帝鸿"": 7, ""帝鸿氏"": 1, ""应龙"": 24, ""有熊氏"": 1, ""榆罔"": 1, ""涿鹿"": 12, ""炎帝"": 42, ""神农"": 156, ""禹"": 510, ""精卫"": 21, ""蚩尤"": 25, ""赤帝"": 4, ""轩辕"": 167, ""轩辕氏"": 2, ""阪泉"": 1, ""雨师"": 4, ""颛顼"": 10, ""风伯"": 6, ""鲧"": 2, ""黄帝"": 178}"
GCI-HOLD-0002,473,data/CASIA-LM_ChineseWebText2.0_partial-000473.parquet,162377773,7cb547953ea298877ada278976848a8934a9563568f0971c9755a873298449bd,100000,1,1425,"{""九黎"": 16, ""共工"": 16, ""句龙"": 1, ""后土"": 27, ""太昊"": 4, ""女娃"": 16, ""女娲"": 113, ""帝江"": 1, ""帝鸿"": 1, ""帝鸿氏"": 1, ""应龙"": 68, ""有熊氏"": 2, ""榆罔"": 6, ""涿鹿"": 14, ""炎帝"": 40, ""神农"": 204, ""禹"": 583, ""精卫"": 13, ""缙云氏"": 1, ""蚩尤"": 38, ""赤帝"": 1, ""轩辕"": 111, ""轩辕氏"": 4, ""颛顼"": 16, ""鲧"": 16, ""黄帝"": 112}"
GCI-HOLD-0002,474,data/CASIA-LM_ChineseWebText2.0_partial-000474.parquet,161399437,7cb388b88669d4090a8dae662326b23aaa3b9971d8706011c8738eb869d96ddd,100000,1,1433,"{""九黎"": 13, ""共工"": 18, ""共工氏"": 1, ""后土"": 21, ""太昊"": 2, ""女娃"": 19, ""女娲"": 102, ""少昊"": 6, ""帝江"": 9, ""应龙"": 27, ""涿鹿"": 16, ""炎帝"": 76, ""神农"": 171, ""禹"": 607, ""精卫"": 8, ""蚩尤"": 33, ""赤帝"": 1, ""轩辕"": 147, ""雨师"": 13, ""颛顼"": 2, ""风伯"": 3, ""黄帝"": 138}"
GCI-HOLD-0002,475,data/CASIA-LM_ChineseWebText2.0_partial-000475.parquet,162757323,bdfa614016b0b5eb5d09b13b41b3d6c1abaa7d20ba5e307549c9032d20540da8,100000,1,1408,"{""九黎"": 28, ""共工"": 10, ""句龙"": 1, ""后土"": 24, ""太昊"": 11, ""女娃"": 9, ""女娲"": 94, ""少昊"": 1, ""帝江"": 2, ""应龙"": 36, ""涿鹿"": 18, ""炎帝"": 42, ""神农"": 230, ""禹"": 610, ""精卫"": 11, ""蚩尤"": 36, ""赤帝"": 3, ""轩辕"": 153, ""轩辕氏"": 1, ""阪泉"": 2, ""雨师"": 1, ""颛顼"": 2, ""鲧"": 1, ""黄帝"": 82}"
GCI-HOLD-0002,476,data/CASIA-LM_ChineseWebText2.0_partial-000476.parquet,161629622,8e33fc020d099711220cab09ddcbb76506039421d501a408c2aae97b2e3e562b,100000,1,1171,"{""九黎"": 29, ""共工"": 19, ""共工氏"": 1, ""后土"": 24, ""太昊"": 15, ""女娃"": 5, ""女娲"": 85, ""少昊"": 7, ""帝江"": 1, ""应龙"": 20, ""涿鹿"": 15, ""炎帝"": 36, ""神农"": 158, ""禹"": 511, ""精卫"": 13, ""蚩尤"": 19, ""赤帝"": 2, ""轩辕"": 108, ""轩辕氏"": 2, ""雨师"": 1, ""颛顼"": 8, ""风伯"": 2, ""鲧"": 4, ""黄帝"": 86}"
GCI-HOLD-0002,477,data/CASIA-LM_ChineseWebText2.0_partial-000477.parquet,161678695,7cece05b49e216325df97c6b975689cafbdeaf4edd758e287894214e22b76b0b,100000,1,1247,"{""九黎"": 14, ""共工"": 19, ""后土"": 34, ""太昊"": 21, ""女娃"": 10, ""女娲"": 92, ""帝江"": 3, ""应龙"": 37, ""涿鹿"": 10, ""炎帝"": 36, ""神农"": 175, ""禹"": 570, ""精卫"": 14, ""蚩尤"": 26, ""轩辕"": 75, ""轩辕氏"": 1, ""阪泉"": 1, ""雨师"": 1, ""颛顼"": 2, ""风伯"": 7, ""鲧"": 2, ""黄帝"": 97}"
GCI-HOLD-0002,478,data/CASIA-LM_ChineseWebText2.0_partial-000478.parquet,161059880,1366c3da7c960883707ded9ed24d862f4d1de2ed90b457a204d6d2834c3a401a,100000,1,1378,"{""九黎"": 32, ""共工"": 28, ""共工氏"": 2, ""后土"": 26, ""太昊"": 7, ""女娃"": 8, ""女娲"": 105, ""少昊"": 7, ""帝江"": 3, ""帝鸿"": 2, ""应龙"": 81, ""涿鹿"": 25, ""炎帝"": 36, ""神农"": 120, ""禹"": 502, ""精卫"": 20, ""蚩尤"": 67, ""赤帝"": 2, ""轩辕"": 153, ""轩辕氏"": 1, ""阪泉"": 2, ""雨师"": 6, ""颛顼"": 2, ""风伯"": 4, ""鲧"": 32, ""黄帝"": 105}"
GCI-HOLD-0002,479,data/CASIA-LM_ChineseWebText2.0_partial-000479.parquet,162115900,d8c84a13aaf4f86e0e316d8476d2f541aa4cb5736a19a677e3df1f416f344d67,100000,1,1397,"{""九黎"": 11, ""共工"": 19, ""共工氏"": 1, ""后土"": 22, ""太昊"": 2, ""女娃"": 22, ""女娲"": 88, ""帝江"": 4, ""帝鸿"": 1, ""应龙"": 50, ""有熊氏"": 2, ""涿鹿"": 10, ""炎帝"": 46, ""神农"": 144, ""禹"": 643, ""精卫"": 22, ""蚩尤"": 53, ""赤帝"": 2, ""轩辕"": 132, ""轩辕氏"": 7, ""颛顼"": 6, ""风伯"": 2, ""鲧"": 1, ""黄帝"": 107}"
GCI-HOLD-0002,480,data/CASIA-LM_ChineseWebText2.0_partial-000480.parquet,161968845,1a4a92e298fa550a26c22f50428b8ac68efae5dee609653d2ed105ea40bf939c,100000,1,1409,"{""九黎"": 31, ""共工"": 23, ""共工氏"": 2, ""句龙"": 1, ""后土"": 44, ""太昊"": 23, ""女娃"": 18, ""女娲"": 128, ""少昊"": 6, ""帝江"": 4, ""帝鸿"": 1, ""帝鸿氏"": 1, ""应龙"": 31, ""有熊氏"": 1, ""涿鹿"": 22, ""炎帝"": 60, ""神农"": 187, ""禹"": 524, ""精卫"": 16, ""蚩尤"": 22, ""赤帝"": 4, ""轩辕"": 124, ""轩辕氏"": 2, ""阪泉"": 16, ""雨师"": 8, ""颛顼"": 8, ""风伯"": 3, ""黄帝"": 99}"
GCI-HOLD-0002,481,data/CASIA-LM_ChineseWebText2.0_partial-000481.parquet,161497344,501d8d56e8aab51cc8b756a90c6796b9acce863064deef1de2f52ef1e32062e3,100000,1,1339,"{""九黎"": 24, ""共工"": 11, ""后土"": 25, ""太昊"": 7, ""女娃"": 7, ""女娲"": 83, ""少昊"": 17, ""帝江"": 3, ""应龙"": 33, ""榆罔"": 1, ""涿鹿"": 8, ""炎帝"": 43, ""神农"": 218, ""禹"": 543, ""精卫"": 6, ""蚩尤"": 24, ""赤帝"": 6, ""轩辕"": 142, ""雨师"": 1, ""颛顼"": 18, ""风伯"": 1, ""鲧"": 13, ""黄帝"": 105}"
GCI-HOLD-0002,482,data/CASIA-LM_ChineseWebText2.0_partial-000482.parquet,161848590,22d2ec73771ce09e6f3d373353fb0db83a16a53855645745334e3b11b64cce6a,100000,1,1709,"{""九黎"": 20, ""共工"": 20, ""后土"": 31, ""太昊"": 10, ""女娃"": 19, ""女娲"": 73, ""少昊"": 6, ""帝江"": 8, ""应龙"": 45, ""涿鹿"": 26, ""炎帝"": 86, ""神农"": 180, ""禹"": 636, ""精卫"": 25, ""蚩尤"": 118, ""赤帝"": 2, ""轩辕"": 222, ""轩辕氏"": 3, ""阪泉"": 5, ""雨师"": 10, ""颛顼"": 3, ""风伯"": 12, ""鲧"": 1, ""黄帝"": 148}"
GCI-HOLD-0002,483,data/CASIA-LM_ChineseWebText2.0_partial-000483.parquet,162510416,f958e6657958cb17ca3d6f68cd34e007f6f8702caf849899287e350016f2cb33,100000,1,1355,"{""九黎"": 30, ""共工"": 18, ""共工氏"": 1, ""后土"": 28, ""太昊"": 7, ""女娃"": 35, ""女娲"": 69, ""少昊"": 6, ""应龙"": 19, ""涿鹿"": 18, ""炎帝"": 25, ""神农"": 162, ""禹"": 658, ""精卫"": 14, ""蚩尤"": 42, ""赤帝"": 1, ""轩辕"": 108, ""阪泉"": 2, ""雨师"": 1, ""颛顼"": 15, ""鲧"": 1, ""黄帝"": 95}"
GCI-HOLD-0002,484,data/CASIA-LM_ChineseWebText2.0_partial-000484.parquet,162192163,08fa19e592d353c7b1855427ca1dd2612182a5963d7b326963acb2f66bbac9d6,100000,1,1326,"{""九黎"": 8, ""共工"": 20, ""后土"": 33, ""太昊"": 1, ""女娃"": 19, ""女娲"": 74, ""少昊"": 1, ""帝江"": 2, ""应龙"": 38, ""涿鹿"": 9, ""炎帝"": 19, ""神农"": 144, ""禹"": 599, ""精卫"": 12, ""蚩尤"": 21, ""轩辕"": 239, ""轩辕氏"": 2, ""雨师"": 2, ""颛顼"": 4, ""风伯"": 1, ""鲧"": 2, ""黄帝"": 76}"
GCI-HOLD-0002,485,data/CASIA-LM_ChineseWebText2.0_partial-000485.parquet,161772992,ad4eb721f288c39c6ffc185ac5012c819221a367532dbcd36d00ce8a8826fb97,100000,1,1326,"{""九黎"": 19, ""共工"": 16, ""共工氏"": 1, ""后土"": 83, ""太昊"": 4, ""女娃"": 14, ""女娲"": 94, ""少昊"": 3, ""帝江"": 5, ""应龙"": 27, ""涿鹿"": 16, ""炎帝"": 13, ""神农"": 98, ""禹"": 574, ""精卫"": 16, ""蚩尤"": 80, ""赤帝"": 8, ""轩辕"": 126, ""轩辕氏"": 2, ""雨师"": 1, ""颛顼"": 3, ""风伯"": 2, ""鲧"": 10, ""黄帝"": 111}"
GCI-HOLD-0002,486,data/CASIA-LM_ChineseWebText2.0_partial-000486.parquet,161571199,f1352efd166660bcfd539728cab16e5c505254c771e20b584e6033edea209f42,100000,1,1304,"{""九黎"": 13, ""共工"": 10, ""句龙"": 3, ""后土"": 30, ""太昊"": 4, ""女娃"": 13, ""女娲"": 63, ""帝江"": 7, ""应龙"": 20, ""涿鹿"": 8, ""炎帝"": 30, ""神农"": 220, ""禹"": 609, ""精卫"": 14, ""蚩尤"": 23, ""赤帝"": 18, ""轩辕"": 124, ""阪泉"": 3, ""雨师"": 3, ""颛顼"": 1, ""鲧"": 1, ""黄帝"": 87}"
GCI-HOLD-0002,487,data/CASIA-LM_ChineseWebText2.0_partial-000487.parquet,162027421,bf38fb628a37c0370c6aecc42f572c10a62ad491dd946d6734ba2fb5ab42d670,100000,1,1520,"{""九黎"": 8, ""共工"": 52, ""共工氏"": 2, ""后土"": 21, ""太昊"": 2, ""女娃"": 16, ""女娲"": 106, ""少昊"": 3, ""帝江"": 1, ""帝鸿"": 3, ""应龙"": 42, ""涿鹿"": 13, ""炎帝"": 39, ""神农"": 179, ""禹"": 598, ""精卫"": 7, ""蚩尤"": 78, ""赤帝"": 4, ""轩辕"": 171, ""轩辕氏"": 2, ""雨师"": 5, ""颛顼"": 16, ""风伯"": 18, ""鲧"": 6, ""黄帝"": 128}"
GCI-HOLD-0002,488,data/CASIA-LM_ChineseWebText2.0_partial-000488.parquet,161987187,4e6853f5d27c9be1f4d8e677dcf95fb4a9175071ebd3e7f30c4af17ebf75a593,100000,1,1476,"{""九黎"": 22, ""共工"": 31, ""句龙"": 1, ""后土"": 32, ""太昊"": 8, ""女娃"": 17, ""女娲"": 95, ""少昊"": 14, ""少皞"": 14, ""帝江"": 2, ""应龙"": 30, ""榆罔"": 4, ""涿鹿"": 15, ""炎帝"": 56, ""神农"": 141, ""禹"": 534, ""精卫"": 17, ""缙云氏"": 1, ""蚩尤"": 51, ""赤帝"": 1, ""轩辕"": 183, ""阪泉"": 2, ""雨师"": 5, ""颛顼"": 13, ""风伯"": 2, ""鲧"": 9, ""黄帝"": 176}"
GCI-HOLD-0002,489,data/CASIA-LM_ChineseWebText2.0_partial-000489.parquet,161008388,10d4232d8b26a5662421caf3436e438c98b71b7d672c7cba159895c3ed072f20,100000,1,1279,"{""九黎"": 17, ""共工"": 17, ""共工氏"": 1, ""后土"": 29, ""太昊"": 6, ""女娃"": 14, ""女娲"": 111, ""少昊"": 3, ""应龙"": 33, ""涿鹿"": 7, ""炎帝"": 25, ""神农"": 207, ""禹"": 496, ""精卫"": 18, ""蚩尤"": 34, ""赤帝"": 5, ""轩辕"": 128, ""雨师"": 3, ""颛顼"": 9, ""风伯"": 3, ""鲧"": 1, ""黄帝"": 112}"
GCI-HOLD-0002,490,data/CASIA-LM_ChineseWebText2.0_partial-000490.parquet,161776593,a1b8a7deccb704c26205e4caf8b21a2fa78709a40df186a7ae6aeaa00a926331,100000,1,1406,"{""九黎"": 21, ""共工"": 22, ""共工氏"": 3, ""后土"": 82, ""太昊"": 2, ""女娃"": 17, ""女娲"": 58, ""少昊"": 3, ""少皞"": 2, ""应龙"": 20, ""涿鹿"": 12, ""炎帝"": 15, ""神农"": 166, ""禹"": 637, ""精卫"": 12, ""蚩尤"": 31, ""赤帝"": 1, ""轩辕"": 162, ""轩辕氏"": 1, ""阪泉"": 1, ""雨师"": 2, ""颛顼"": 15, ""风伯"": 2, ""鲧"": 8, ""黄帝"": 111}"
GCI-HOLD-0002,491,data/CASIA-LM_ChineseWebText2.0_partial-000491.parquet,160947467,34b1d6de0b3321c54f5ab3cb188c1e4af2fe4266fb94fb9c9e9d877d3ef865f1,100000,1,1504,"{""九黎"": 18, ""共工"": 9, ""共工氏"": 2, ""句龙"": 1, ""后土"": 37, ""太昊"": 4, ""女娃"": 21, ""女娲"": 95, ""少昊"": 4, ""少皞"": 4, ""帝江"": 7, ""应龙"": 68, ""有熊氏"": 3, ""涿鹿"": 12, ""炎帝"": 50, ""神农"": 206, ""禹"": 605, ""精卫"": 12, ""蚩尤"": 63, ""赤帝"": 4, ""轩辕"": 128, ""雨师"": 6, ""颛顼"": 3, ""风伯"": 3, ""鲧"": 13, ""黄帝"": 125, ""黄帝氏"": 1}"
GCI-HOLD-0002,492,data/CASIA-LM_ChineseWebText2.0_partial-000492.parquet,161899546,69d30462f070141a8e92285d6c45b9e463f1903b9afa5ee8b3aa1977561d78c3,100000,1,1365,"{""九黎"": 7, ""共工"": 14, ""句龙"": 1, ""后土"": 35, ""太昊"": 10, ""女娃"": 16, ""女娲"": 197, ""少昊"": 1, ""少皞"": 1, ""帝江"": 4, ""应龙"": 24, ""涿鹿"": 8, ""炎帝"": 33, ""神农"": 155, ""禹"": 533, ""精卫"": 31, ""蚩尤"": 30, ""赤帝"": 1, ""轩辕"": 140, ""雨师"": 2, ""颛顼"": 10, ""风伯"": 6, ""鲧"": 5, ""黄帝"": 101}"
GCI-HOLD-0002,493,data/CASIA-LM_ChineseWebText2.0_partial-000493.parquet,161706097,d724a6ac1ef22dcae742e6beb70ecb0ffa253706b3e3426df9d1518562f607ff,100000,1,1309,"{""九黎"": 10, ""共工"": 30, ""共工氏"": 2, ""后土"": 18, ""太昊"": 18, ""女娃"": 16, ""女娲"": 85, ""少昊"": 2, ""帝江"": 2, ""应龙"": 41, ""涿鹿"": 14, ""炎帝"": 31, ""神农"": 180, ""禹"": 502, ""精卫"": 13, ""缙云氏"": 2, ""蚩尤"": 83, ""赤帝"": 4, ""轩辕"": 112, ""轩辕氏"": 1, ""阪泉"": 1, ""雨师"": 8, ""颛顼"": 3, ""风伯"": 8, ""鲧"": 6, ""黄帝"": 117}"
GCI-HOLD-0002,494,data/CASIA-LM_ChineseWebText2.0_partial-000494.parquet,161894645,3f8b1f4a79c67701afbc4904606ff8f59de875612c0e17b331c7942a789d965e,100000,1,1485,"{""九黎"": 40, ""共工"": 18, ""句龙"": 1, ""后土"": 26, ""太昊"": 17, ""女娃"": 27, ""女娲"": 59, ""少昊"": 1, ""帝江"": 6, ""应龙"": 22, ""涿鹿"": 10, ""炎帝"": 46, ""神农"": 211, ""禹"": 543, ""精卫"": 76, ""蚩尤"": 64, ""赤帝"": 3, ""轩辕"": 200, ""轩辕氏"": 1, ""雨师"": 2, ""颛顼"": 10, ""风伯"": 3, ""鲧"": 4, ""黄帝"": 94, ""黄帝氏"": 1}"
GCI-HOLD-0002,495,data/CASIA-LM_ChineseWebText2.0_partial-000495.parquet,161683675,1aef5dc7414e00e8e45b3332d7e6445b29b63485b7b5fa3b12154b58c7721bda,100000,1,1459,"{""九黎"": 12, ""共工"": 25, ""共工氏"": 6, ""后土"": 31, ""太昊"": 4, ""太皞"": 1, ""女娃"": 21, ""女娲"": 90, ""少昊"": 9, ""帝江"": 1, ""应龙"": 55, ""涿鹿"": 9, ""炎帝"": 58, ""神农"": 137, ""禹"": 636, ""精卫"": 23, ""缙云氏"": 5, ""蚩尤"": 45, ""赤帝"": 1, ""轩辕"": 138, ""轩辕氏"": 1, ""阪泉"": 2, ""雨师"": 7, ""颛顼"": 8, ""风伯"": 6, ""鲧"": 23, ""黄帝"": 105}"
GCI-HOLD-0002,496,data/CASIA-LM_ChineseWebText2.0_partial-000496.parquet,161018198,d0ae79806f7049367e8e6501acbc9de3fd52addf11e9f5b44cb2c3a3b3edbd9b,100000,1,1311,"{""九黎"": 9, ""共工"": 13, ""后土"": 31, ""太昊"": 5, ""女娃"": 18, ""女娲"": 88, ""少昊"": 3, ""帝江"": 4, ""应龙"": 33, ""涿鹿"": 13, ""炎帝"": 30, ""神农"": 224, ""禹"": 568, ""精卫"": 19, ""蚩尤"": 28, ""赤帝"": 1, ""轩辕"": 130, ""雨师"": 4, ""颛顼"": 1, ""风伯"": 1, ""鲧"": 3, ""黄帝"": 85}"
GCI-HOLD-0002,497,data/CASIA-LM_ChineseWebText2.0_partial-000497.parquet,161934068,533fa2a1282a7bcdd774cb1609b90749551f23d691a8f84aac21cf52d58fc352,100000,1,1383,"{""九黎"": 11, ""共工"": 23, ""共工氏"": 1, ""句龙"": 1, ""后土"": 18, ""太昊"": 7, ""女娃"": 16, ""女娲"": 86, ""少昊"": 2, ""帝江"": 6, ""帝鸿"": 1, ""应龙"": 61, ""榆罔"": 1, ""涿鹿"": 20, ""炎帝"": 72, ""神农"": 202, ""禹"": 543, ""精卫"": 21, ""蚩尤"": 26, ""赤帝"": 1, ""轩辕"": 122, ""轩辕氏"": 4, ""雨师"": 2, ""颛顼"": 11, ""鲧"": 6, ""黄帝"": 119}"
GCI-HOLD-0002,498,data/CASIA-LM_ChineseWebText2.0_partial-000498.parquet,161731702,b359671e0f540e0031e90bb8d3a81acc88f66893873038a0bbae87d8cce34173,100000,1,1456,"{""九黎"": 21, ""共工"": 15, ""后土"": 27, ""太昊"": 5, ""女娃"": 15, ""女娲"": 89, ""少昊"": 3, ""应龙"": 32, ""有熊氏"": 3, ""榆罔"": 1, ""涿鹿"": 12, ""炎帝"": 45, ""神农"": 196, ""禹"": 586, ""精卫"": 51, ""蚩尤"": 43, ""轩辕"": 164, ""雨师"": 12, ""颛顼"": 18, ""风伯"": 2, ""鲧"": 6, ""黄帝"": 110}"
GCI-HOLD-0002,499,data/CASIA-LM_ChineseWebText2.0_partial-000499.parquet,161249665,99bfc8f07f0d3da409a91ea9aaae6ba741c2668e0a340c2f03cfcd0824de5fc9,100000,1,1361,"{""九黎"": 23, ""共工"": 14, ""后土"": 21, ""太昊"": 8, ""女娃"": 14, ""女娲"": 82, ""少昊"": 3, ""帝江"": 3, ""应龙"": 29, ""有熊氏"": 4, ""榆罔"": 3, ""涿鹿"": 7, ""炎帝"": 30, ""神农"": 232, ""禹"": 589, ""精卫"": 14, ""蚩尤"": 26, ""赤帝"": 5, ""轩辕"": 138, ""轩辕氏"": 2, ""雨师"": 2, ""颛顼"": 3, ""风伯"": 1, ""鲧"": 8, ""黄帝"": 100}"
GCI-HOLD-0002,500,data/CASIA-LM_ChineseWebText2.0_partial-000500.parquet,162436435,82885b7bf4f06f0fd919deabb05028a648ff615bf9ad02f42e6f5062f3bf624a,100000,1,1407,"{""九黎"": 12, ""共工"": 22, ""后土"": 33, ""太昊"": 4, ""女娃"": 26, ""女娲"": 84, ""少昊"": 5, ""帝江"": 5, ""应龙"": 29, ""涿鹿"": 14, ""炎帝"": 24, ""神农"": 188, ""禹"": 601, ""精卫"": 15, ""缙云氏"": 1, ""蚩尤"": 29, ""赤帝"": 1, ""轩辕"": 171, ""轩辕氏"": 5, ""阪泉"": 2, ""雨师"": 3, ""颛顼"": 7, ""风伯"": 1, ""鲧"": 3, ""黄帝"": 121, ""黄帝氏"": 1}"
GCI-HOLD-0002,501,data/CASIA-LM_ChineseWebText2.0_partial-000501.parquet,162482456,cbda7c42082690d79684b8453968edc7a37179f9b82472cb8b4a1262a6d45528,100000,1,1549,"{""九黎"": 24, ""共工"": 19, ""共工氏"": 2, ""后土"": 42, ""太昊"": 8, ""太皞"": 1, ""女娃"": 10, ""女娲"": 109, ""少昊"": 12, ""帝江"": 14, ""帝鸿"": 1, ""应龙"": 27, ""涿鹿"": 30, ""炎帝"": 37, ""神农"": 208, ""禹"": 555, ""精卫"": 37, ""蚩尤"": 57, ""赤帝"": 1, ""轩辕"": 201, ""轩辕氏"": 1, ""雨师"": 10, ""颛顼"": 13, ""风伯"": 8, ""鲧"": 3, ""黄帝"": 118, ""黄帝氏"": 1}"
GCI-HOLD-0002,502,data/CASIA-LM_ChineseWebText2.0_partial-000502.parquet,161963170,77dd62215440680dddf3e4e6a68bb1cab3829b021fea72c4e95ef4df2e2ef946,100000,1,1468,"{""九黎"": 28, ""共工"": 20, ""共工氏"": 1, ""后土"": 24, ""太昊"": 8, ""女娃"": 20, ""女娲"": 168, ""少昊"": 11, ""帝江"": 3, ""应龙"": 48, ""有熊氏"": 1, ""涿鹿"": 8, ""炎帝"": 54, ""神农"": 204, ""禹"": 524, ""精卫"": 16, ""蚩尤"": 38, ""赤帝"": 1, ""轩辕"": 147, ""轩辕氏"": 2, ""阪泉"": 1, ""雨师"": 1, ""颛顼"": 8, ""风伯"": 5, ""鲧"": 8, ""黄帝"": 119}"
GCI-HOLD-0002,503,data/CASIA-LM_ChineseWebText2.0_partial-000503.parquet,161855723,99c6358677b4c80a483ccd328852a7c981a9858f06d9c09d80208ba0d14f5cbf,100000,1,1479,"{""九黎"": 30, ""共工"": 15, ""后土"": 19, ""太昊"": 7, ""太皞"": 1, ""女娃"": 13, ""女娲"": 72, ""少昊"": 2, ""帝江"": 1, ""应龙"": 22, ""涿鹿"": 28, ""炎帝"": 44, ""神农"": 197, ""禹"": 621, ""精卫"": 23, ""蚩尤"": 50, ""赤帝"": 3, ""轩辕"": 165, ""轩辕氏"": 2, ""阪泉"": 1, ""雨师"": 3, ""颛顼"": 8, ""风伯"": 22, ""鲧"": 11, ""黄帝"": 118, ""黄帝氏"": 1}"
GCI-HOLD-0002,504,data/CASIA-LM_ChineseWebText2.0_partial-000504.parquet,162264328,c620010b706c108d44d893a26a622e6b9308a947775b4c3e434176814f54b839,100000,1,1648,"{""九黎"": 32, ""共工"": 20, ""共工氏"": 1, ""后土"": 30, ""太昊"": 2, ""女娃"": 14, ""女娲"": 119, ""少昊"": 1, ""帝江"": 2, ""应龙"": 48, ""有熊氏"": 2, ""涿鹿"": 21, ""炎帝"": 43, ""神农"": 181, ""禹"": 557, ""精卫"": 26, ""蚩尤"": 131, ""轩辕"": 226, ""轩辕氏"": 3, ""阪泉"": 3, ""雨师"": 3, ""颛顼"": 6, ""风伯"": 2, ""鲧"": 13, ""黄帝"": 162}"
GCI-HOLD-0002,505,data/CASIA-LM_ChineseWebText2.0_partial-000505.parquet,161530357,ccdba46544eb702e22d159ad5c2e6d024662efd04e8d8282e3628f9df0280c1f,100000,1,1406,"{""九黎"": 14, ""共工"": 16, ""共工氏"": 5, ""句龙"": 5, ""后土"": 26, ""太昊"": 8, ""太皞"": 1, ""女娃"": 22, ""女娲"": 131, ""少昊"": 5, ""帝江"": 2, ""应龙"": 48, ""有熊氏"": 1, ""涿鹿"": 15, ""炎帝"": 20, ""神农"": 189, ""禹"": 582, ""精卫"": 15, ""缙云氏"": 9, ""蚩尤"": 26, ""赤帝"": 1, ""轩辕"": 149, ""轩辕氏"": 4, ""雨师"": 5, ""颛顼"": 7, ""鲧"": 4, ""黄帝"": 96}"
GCI-HOLD-0002,506,data/CASIA-LM_ChineseWebText2.0_partial-000506.parquet,162169696,2964a5208bfafd907f111ad8891df61bb47924f8032a99cfc44a26831c5959e7,100000,1,1483,"{""九黎"": 76, ""共工"": 19, ""后土"": 21, ""太昊"": 12, ""女娃"": 16, ""女娲"": 79, ""少昊"": 3, ""少皞"": 2, ""帝江"": 8, ""帝鸿"": 2, ""帝鸿氏"": 1, ""应龙"": 26, ""涿鹿"": 10, ""炎帝"": 51, ""神农"": 196, ""禹"": 510, ""精卫"": 29, ""缙云氏"": 12, ""蚩尤"": 73, ""赤帝"": 4, ""轩辕"": 169, ""轩辕氏"": 1, ""雨师"": 10, ""颛顼"": 39, ""风伯"": 4, ""鲧"": 9, ""黄帝"": 101}"
GCI-HOLD-0002,507,data/CASIA-LM_ChineseWebText2.0_partial-000507.parquet,162474273,e2cdb33bf5610a0aacd0cf338fe772eedaceddf10cfc9e0601228caad33e3e23,100000,1,1240,"{""九黎"": 12, ""共工"": 21, ""共工氏"": 2, ""后土"": 12, ""太昊"": 11, ""女娃"": 15, ""女娲"": 100, ""少昊"": 2, ""帝江"": 3, ""应龙"": 29, ""有熊氏"": 1, ""涿鹿"": 23, ""炎帝"": 22, ""神农"": 149, ""禹"": 542, ""精卫"": 23, ""蚩尤"": 37, ""赤帝"": 1, ""轩辕"": 138, ""雨师"": 2, ""颛顼"": 8, ""风伯"": 2, ""鲧"": 4, ""黄帝"": 81}"
GCI-HOLD-0002,508,data/CASIA-LM_ChineseWebText2.0_partial-000508.parquet,161706109,f038273b1f8444bd716af141cc3d8b00b7585587c6e14c5f00943bddd2cce4f9,100000,1,1418,"{""九黎"": 7, ""共工"": 18, ""后土"": 38, ""太昊"": 18, ""女娃"": 13, ""女娲"": 35, ""少昊"": 2, ""帝江"": 3, ""应龙"": 34, ""涿鹿"": 35, ""炎帝"": 21, ""神农"": 173, ""禹"": 611, ""精卫"": 41, ""蚩尤"": 68, ""赤帝"": 2, ""轩辕"": 180, ""轩辕氏"": 3, ""阪泉"": 1, ""雨师"": 6, ""颛顼"": 7, ""风伯"": 5, ""鲧"": 3, ""黄帝"": 94}"
GCI-HOLD-0002,509,data/CASIA-LM_ChineseWebText2.0_partial-000509.parquet,162213095,94e4042bb0f69d334857c2d6fd65100fc5f65bd974a9735582f25b0ddc5e953c,100000,1,1517,"{""九黎"": 25, ""共工"": 16, ""句龙"": 1, ""后土"": 50, ""太昊"": 8, ""女娃"": 11, ""女娲"": 63, ""少昊"": 3, ""少皞"": 1, ""帝江"": 1, ""帝鸿"": 1, ""应龙"": 42, ""有熊氏"": 2, ""榆罔"": 1, ""涿鹿"": 13, ""炎帝"": 45, ""神农"": 186, ""禹"": 562, ""精卫"": 12, ""蚩尤"": 59, ""赤帝"": 4, ""轩辕"": 241, ""轩辕氏"": 3, ""阪泉"": 2, ""雨师"": 7, ""颛顼"": 7, ""风伯"": 4, ""鲧"": 10, ""黄帝"": 137}"
GCI-HOLD-0002,510,data/CASIA-LM_ChineseWebText2.0_partial-000510.parquet,161683518,32fa1051516e4f050c1c89966d37727df3144c513dd42c550906978d8393335d,100000,1,1380,"{""九黎"": 33, ""共工"": 18, ""后土"": 32, ""太昊"": 22, ""女娃"": 9, ""女娲"": 84, ""少昊"": 5, ""帝江"": 2, ""应龙"": 54, ""有熊氏"": 1, ""涿鹿"": 8, ""炎帝"": 50, ""神农"": 156, ""禹"": 617, ""精卫"": 17, ""蚩尤"": 34, ""赤帝"": 1, ""轩辕"": 130, ""轩辕氏"": 1, ""阪泉"": 1, ""雨师"": 2, ""颛顼"": 3, ""风伯"": 2, ""鲧"": 6, ""黄帝"": 92}"
GCI-HOLD-0002,511,data/CASIA-LM_ChineseWebText2.0_partial-000511.parquet,162257710,9bc9df4d91b9116d699f1bfcbf68b98ba2a09137f35769a60ec9d6c16517dd66,100000,1,1400,"{""九黎"": 21, ""共工"": 25, ""后土"": 22, ""太昊"": 4, ""女娃"": 15, ""女娲"": 60, ""少昊"": 5, ""帝江"": 4, ""应龙"": 46, ""涿鹿"": 43, ""炎帝"": 24, ""神农"": 140, ""禹"": 631, ""精卫"": 14, ""蚩尤"": 34, ""赤帝"": 1, ""轩辕"": 157, ""阪泉"": 6, ""雨师"": 2, ""颛顼"": 7, ""风伯"": 10, ""鲧"": 8, ""黄帝"": 121}"
GCI-HOLD-0002,512,data/CASIA-LM_ChineseWebText2.0_partial-000512.parquet,161720368,27f1a789ddac037c0691e5a215b7da22fe41c34f4bb96a01a0a1876843ddf344,100000,1,1615,"{""九黎"": 15, ""共工"": 24, ""后土"": 24, ""太昊"": 23, ""女娃"": 13, ""女娲"": 71, ""少昊"": 5, ""帝江"": 5, ""应龙"": 102, ""涿鹿"": 12, ""炎帝"": 49, ""神农"": 233, ""禹"": 698, ""精卫"": 26, ""缙云氏"": 1, ""蚩尤"": 30, ""轩辕"": 176, ""颛顼"": 11, ""风伯"": 1, ""鲧"": 5, ""黄帝"": 91}"
GCI-HOLD-0002,513,data/CASIA-LM_ChineseWebText2.0_partial-000513.parquet,162340152,cebb197e24d9d54f1366e82bb8576b3a9028ef5b1e33100e961dcac6531ff335,100000,1,1260,"{""九黎"": 6, ""共工"": 14, ""后土"": 12, ""太昊"": 4, ""女娃"": 28, ""女娲"": 75, ""少昊"": 13, ""帝江"": 22, ""应龙"": 43, ""涿鹿"": 10, ""炎帝"": 48, ""神农"": 158, ""禹"": 568, ""精卫"": 17, ""蚩尤"": 14, ""赤帝"": 1, ""轩辕"": 121, ""雨师"": 3, ""颛顼"": 8, ""风伯"": 7, ""鲧"": 3, ""黄帝"": 85}"
GCI-HOLD-0002,514,data/CASIA-LM_ChineseWebText2.0_partial-000514.parquet,161549717,f2215ddbf66115cea0e937c61ac20622a0b0c665a420a6759baacdb2ffb0af86,100000,1,1423,"{""九黎"": 13, ""共工"": 17, ""后土"": 21, ""太昊"": 20, ""女娃"": 13, ""女娲"": 86, ""少昊"": 5, ""帝江"": 1, ""帝鸿"": 2, ""应龙"": 22, ""涿鹿"": 11, ""炎帝"": 53, ""神农"": 223, ""禹"": 580, ""精卫"": 17, ""蚩尤"": 42, ""赤帝"": 15, ""轩辕"": 106, ""轩辕氏"": 2, ""阪泉"": 1, ""颛顼"": 23, ""鲧"": 3, ""黄帝"": 147}"
GCI-HOLD-0002,515,data/CASIA-LM_ChineseWebText2.0_partial-000515.parquet,161691331,a80d49dd541979d39e2731a663c9527af8deaf41efa7b03bdbfe3d98ce8a45ac,100000,1,1620,"{""九黎"": 11, ""共工"": 17, ""后土"": 41, ""太昊"": 7, ""女娃"": 16, ""女娲"": 118, ""少昊"": 2, ""帝江"": 6, ""应龙"": 64, ""涿鹿"": 17, ""炎帝"": 38, ""神农"": 156, ""禹"": 684, ""精卫"": 44, ""蚩尤"": 54, ""赤帝"": 2, ""轩辕"": 135, ""轩辕氏"": 4, ""雨师"": 4, ""颛顼"": 8, ""风伯"": 2, ""鲧"": 1, ""黄帝"": 189}"
GCI-HOLD-0002,516,data/CASIA-LM_ChineseWebText2.0_partial-000516.parquet,162123346,ff281b51d677c62938bc9525b65bd51fea7d51c0424e65a9750be41bd48dcd6d,100000,1,1420,"{""九黎"": 19, ""共工"": 14, ""后土"": 22, ""太昊"": 6, ""女娃"": 20, ""女娲"": 84, ""少昊"": 6, ""少皞"": 2, ""帝江"": 11, ""帝鸿"": 2, ""帝鸿氏"": 2, ""应龙"": 53, ""涿鹿"": 27, ""炎帝"": 43, ""神农"": 162, ""禹"": 658, ""精卫"": 17, ""缙云氏"": 2, ""蚩尤"": 32, ""赤帝"": 32, ""轩辕"": 101, ""轩辕氏"": 1, ""阪泉"": 1, ""雨师"": 12, ""颛顼"": 5, ""风伯"": 6, ""鲧"": 5, ""黄帝"": 75}"
GCI-HOLD-0002,517,data/CASIA-LM_ChineseWebText2.0_partial-000517.parquet,161612909,688fa6651e7053ab1b34ec15b21deb8c5103ff74d8f834eb68750a1d29eb3ed6,100000,1,1312,"{""九黎"": 24, ""共工"": 25, ""共工氏"": 3, ""后土"": 25, ""太昊"": 7, ""女娃"": 23, ""女娲"": 93, ""少昊"": 2, ""帝江"": 5, ""帝鸿"": 4, ""应龙"": 24, ""涿鹿"": 22, ""炎帝"": 36, ""神农"": 136, ""禹"": 563, ""精卫"": 27, ""蚩尤"": 36, ""赤帝"": 1, ""轩辕"": 145, ""轩辕氏"": 2, ""阪泉"": 1, ""雨师"": 4, ""颛顼"": 9, ""风伯"": 2, ""鲧"": 5, ""黄帝"": 88}"
GCI-HOLD-0002,518,data/CASIA-LM_ChineseWebText2.0_partial-000518.parquet,161576405,001016510d88bb7e86e29c9cd93d91fb8659bcae29c1d9b8bf98fef9ae249c22,100000,1,1394,"{""九黎"": 15, ""共工"": 24, ""后土"": 33, ""太昊"": 11, ""太皞"": 2, ""女娃"": 20, ""女娲"": 72, ""少昊"": 3, ""帝江"": 5, ""应龙"": 69, ""涿鹿"": 30, ""炎帝"": 16, ""神农"": 136, ""禹"": 614, ""精卫"": 25, ""蚩尤"": 16, ""赤帝"": 3, ""轩辕"": 165, ""阪泉"": 1, ""雨师"": 6, ""颛顼"": 15, ""风伯"": 2, ""鲧"": 11, ""黄帝"": 99, ""黄帝氏"": 1}"
GCI-HOLD-0002,519,data/CASIA-LM_ChineseWebText2.0_partial-000519.parquet,161988851,e05e5f41f61b044597a7fce2362f9265a8e04c329f7281b69a60978e9dd181d2,100000,1,1322,"{""九黎"": 19, ""共工"": 21, ""句龙"": 1, ""后土"": 21, ""太昊"": 8, ""女娃"": 14, ""女娲"": 79, ""少昊"": 2, ""帝江"": 1, ""应龙"": 15, ""涿鹿"": 22, ""炎帝"": 28, ""神农"": 135, ""禹"": 653, ""精卫"": 22, ""蚩尤"": 37, ""赤帝"": 2, ""轩辕"": 119, ""轩辕氏"": 2, ""阪泉"": 1, ""雨师"": 1, ""颛顼"": 4, ""风伯"": 1, ""黄帝"": 114}"
GCI-HOLD-0002,520,data/CASIA-LM_ChineseWebText2.0_partial-000520.parquet,162570176,3156e12784d5d55fab4d40d7b0d8d9c00a833e944da4ca5fed17f9e6e04d3dd7,100000,1,1366,"{""九黎"": 6, ""共工"": 7, ""后土"": 32, ""太昊"": 4, ""女娃"": 17, ""女娲"": 74, ""少昊"": 1, ""帝江"": 2, ""应龙"": 50, ""涿鹿"": 27, ""炎帝"": 27, ""神农"": 178, ""禹"": 538, ""精卫"": 21, ""蚩尤"": 34, ""赤帝"": 8, ""轩辕"": 214, ""轩辕氏"": 2, ""阪泉"": 1, ""雨师"": 5, ""颛顼"": 5, ""鲧"": 1, ""黄帝"": 110, ""黄帝氏"": 2}"
GCI-HOLD-0002,521,data/CASIA-LM_ChineseWebText2.0_partial-000521.parquet,160931525,51a7075608c6e474d131b6bfef9b81b93ea0db631e98cb7e36b8759a56f202e8,100000,1,1344,"{""九黎"": 11, ""共工"": 17, ""后土"": 24, ""太昊"": 9, ""女娃"": 17, ""女娲"": 81, ""帝江"": 1, ""帝鸿"": 2, ""应龙"": 25, ""涿鹿"": 25, ""炎帝"": 44, ""神农"": 232, ""禹"": 536, ""精卫"": 12, ""蚩尤"": 37, ""赤帝"": 1, ""轩辕"": 134, ""轩辕氏"": 1, ""雨师"": 1, ""颛顼"": 1, ""风伯"": 1, ""鲧"": 2, ""黄帝"": 130}"
GCI-HOLD-0002,522,data/CASIA-LM_ChineseWebText2.0_partial-000522.parquet,161890393,a6d0c8a300a9787d2eefacb24bdbc19795fb7065837007909bdeb5335ed4c3ed,100000,1,1300,"{""九黎"": 9, ""共工"": 21, ""共工氏"": 1, ""后土"": 39, ""太昊"": 3, ""太皞"": 1, ""女娃"": 13, ""女娲"": 66, ""少昊"": 1, ""少皞"": 2, ""帝江"": 4, ""帝鸿"": 1, ""帝鸿氏"": 1, ""应龙"": 24, ""有熊氏"": 2, ""榆罔"": 1, ""涿鹿"": 18, ""炎帝"": 33, ""神农"": 206, ""禹"": 558, ""精卫"": 14, ""蚩尤"": 42, ""赤帝"": 4, ""轩辕"": 114, ""轩辕氏"": 1, ""阪泉"": 1, ""雨师"": 3, ""颛顼"": 9, ""风伯"": 5, ""鲧"": 2, ""黄帝"": 101}"
GCI-HOLD-0002,523,data/CASIA-LM_ChineseWebText2.0_partial-000523.parquet,161405736,74961ff81e8296ea04f86cf62983a8f95a2c490ccc0c44e4f5ff1213495c3ffb,100000,1,1410,"{""九黎"": 17, ""共工"": 39, ""共工氏"": 11, ""句龙"": 1, ""后土"": 35, ""太昊"": 21, ""女娃"": 22, ""女娲"": 82, ""少昊"": 12, ""帝鸿"": 2, ""应龙"": 34, ""涿鹿"": 17, ""炎帝"": 44, ""神农"": 162, ""禹"": 496, ""精卫"": 21, ""蚩尤"": 26, ""赤帝"": 2, ""轩辕"": 193, ""轩辕氏"": 4, ""雨师"": 4, ""颛顼"": 27, ""风伯"": 5, ""鲧"": 6, ""黄帝"": 127}"
GCI-HOLD-0002,524,data/CASIA-LM_ChineseWebText2.0_partial-000524.parquet,162571753,ae3591c75a3bfc05cc4f9d4ad5bd7e9e654962c35b9060ac3212376591db75ba,100000,1,1243,"{""九黎"": 27, ""共工"": 15, ""共工氏"": 1, ""后土"": 24, ""太昊"": 7, ""女娃"": 10, ""女娲"": 71, ""少昊"": 19, ""少皞"": 1, ""帝鸿"": 1, ""帝鸿氏"": 1, ""应龙"": 26, ""榆罔"": 1, ""涿鹿"": 22, ""炎帝"": 51, ""神农"": 147, ""禹"": 444, ""精卫"": 43, ""蚩尤"": 37, ""赤帝"": 2, ""轩辕"": 151, ""轩辕氏"": 2, ""阪泉"": 3, ""雨师"": 4, ""颛顼"": 17, ""风伯"": 2, ""黄帝"": 114}"
GCI-HOLD-0002,525,data/CASIA-LM_ChineseWebText2.0_partial-000525.parquet,162047974,dec5b2cfadf45529dad937cf282261502d5e77977d24535e9943444bb4798e15,100000,1,1466,"{""九黎"": 25, ""共工"": 23, ""共工氏"": 1, ""后土"": 19, ""太昊"": 2, ""女娃"": 11, ""女娲"": 74, ""少昊"": 3, ""帝江"": 3, ""帝鸿"": 1, ""应龙"": 28, ""有熊氏"": 1, ""涿鹿"": 13, ""炎帝"": 33, ""神农"": 144, ""禹"": 731, ""精卫"": 17, ""缙云氏"": 2, ""蚩尤"": 38, ""赤帝"": 2, ""轩辕"": 140, ""轩辕氏"": 2, ""阪泉"": 1, ""雨师"": 4, ""颛顼"": 10, ""风伯"": 2, ""鲧"": 15, ""黄帝"": 121}"
GCI-HOLD-0002,526,data/CASIA-LM_ChineseWebText2.0_partial-000526.parquet,162076615,8bcec6e410979f32aae06330c18a5a81b04a781af8647bb897d4a521c8e3ef3e,100000,1,1446,"{""九黎"": 32, ""共工"": 16, ""共工氏"": 1, ""后土"": 32, ""太昊"": 1, ""女娃"": 16, ""女娲"": 116, ""帝江"": 4, ""帝鸿"": 3, ""应龙"": 22, ""涿鹿"": 5, ""炎帝"": 32, ""神农"": 220, ""禹"": 589, ""精卫"": 18, ""蚩尤"": 38, ""赤帝"": 1, ""轩辕"": 198, ""轩辕氏"": 2, ""阪泉"": 1, ""雨师"": 5, ""颛顼"": 4, ""风伯"": 2, ""鲧"": 2, ""黄帝"": 85, ""黄帝氏"": 1}"
GCI-HOLD-0002,527,data/CASIA-LM_ChineseWebText2.0_partial-000527.parquet,162095301,568fe617c1c1979b42660fa3fe0b8ff1f18e3e0b953724104e16d27950131d27,100000,1,1453,"{""九黎"": 7, ""共工"": 11, ""后土"": 18, ""太昊"": 1, ""女娃"": 25, ""女娲"": 125, ""少昊"": 1, ""应龙"": 28, ""涿鹿"": 14, ""炎帝"": 32, ""神农"": 254, ""禹"": 583, ""精卫"": 19, ""缙云氏"": 1, ""蚩尤"": 37, ""赤帝"": 1, ""轩辕"": 136, ""轩辕氏"": 3, ""雨师"": 6, ""颛顼"": 10, ""风伯"": 1, ""鲧"": 1, ""黄帝"": 137, ""黄帝氏"": 2}"
GCI-HOLD-0002,528,data/CASIA-LM_ChineseWebText2.0_partial-000528.parquet,160651351,33ba8003a5761cbd663c0075f3d04fd5549a6b7450e4125fd683cd878258dd58,100000,1,1515,"{""九黎"": 5, ""共工"": 17, ""共工氏"": 2, ""后土"": 17, ""太昊"": 3, ""女娃"": 21, ""女娲"": 61, ""少昊"": 13, ""帝江"": 3, ""帝鸿"": 1, ""应龙"": 15, ""涿鹿"": 8, ""炎帝"": 85, ""神农"": 218, ""禹"": 696, ""精卫"": 14, ""蚩尤"": 37, ""赤帝"": 1, ""轩辕"": 178, ""轩辕氏"": 2, ""阪泉"": 3, ""颛顼"": 12, ""风伯"": 1, ""鲧"": 13, ""黄帝"": 89}"
GCI-HOLD-0002,529,data/CASIA-LM_ChineseWebText2.0_partial-000529.parquet,162616377,3770a45de063b1c985f222464bf2b1351722d8a4be2fa12037e4382fb1d5bb62,100000,1,1379,"{""九黎"": 25, ""共工"": 19, ""句龙"": 3, ""后土"": 30, ""太昊"": 4, ""女娃"": 9, ""女娲"": 88, ""少昊"": 1, ""帝江"": 1, ""帝鸿"": 1, ""应龙"": 19, ""有熊氏"": 4, ""涿鹿"": 25, ""炎帝"": 48, ""神农"": 152, ""禹"": 588, ""精卫"": 13, ""蚩尤"": 48, ""轩辕"": 167, ""轩辕氏"": 2, ""阪泉"": 3, ""雨师"": 5, ""颛顼"": 15, ""风伯"": 10, ""鲧"": 10, ""黄帝"": 89}"
GCI-HOLD-0002,530,data/CASIA-LM_ChineseWebText2.0_partial-000530.parquet,162262292,6723299ac45853f5bb0aae293e41e176a0f2b356fb690164ef75ffe3a009c6d9,100000,1,1485,"{""九黎"": 9, ""共工"": 41, ""后土"": 31, ""太昊"": 12, ""女娃"": 23, ""女娲"": 102, ""少昊"": 10, ""帝江"": 4, ""帝鸿"": 4, ""应龙"": 52, ""有熊氏"": 2, ""榆罔"": 1, ""涿鹿"": 13, ""炎帝"": 28, ""神农"": 182, ""禹"": 682, ""精卫"": 15, ""缙云氏"": 1, ""蚩尤"": 33, ""赤帝"": 3, ""轩辕"": 106, ""轩辕氏"": 2, ""阪泉"": 1, ""雨师"": 7, ""颛顼"": 11, ""风伯"": 7, ""鲧"": 1, ""黄帝"": 102}"
GCI-HOLD-0002,531,data/CASIA-LM_ChineseWebText2.0_partial-000531.parquet,161445345,a0f7cc5fdfbd902c6bb074f3ed6ecc8e41379683c727b70aabfd91a602c76d9c,100000,1,1550,"{""九黎"": 8, ""共工"": 10, ""共工氏"": 1, ""后土"": 34, ""太昊"": 4, ""女娃"": 19, ""女娲"": 79, ""少昊"": 3, ""帝江"": 7, ""应龙"": 49, ""有熊氏"": 1, ""涿鹿"": 17, ""炎帝"": 31, ""神农"": 247, ""禹"": 643, ""精卫"": 32, ""蚩尤"": 51, ""赤帝"": 2, ""轩辕"": 150, ""轩辕氏"": 3, ""阪泉"": 2, ""雨师"": 5, ""颛顼"": 13, ""风伯"": 4, ""鲧"": 6, ""黄帝"": 129}"
GCI-HOLD-0002,532,data/CASIA-LM_ChineseWebText2.0_partial-000532.parquet,162178647,ed62a31d36324682985efd9463da36a2130365467d9d32eaaa1abe7cd29ce491,100000,1,1417,"{""九黎"": 25, ""共工"": 16, ""后土"": 27, ""太昊"": 6, ""女娃"": 24, ""女娲"": 121, ""少昊"": 4, ""应龙"": 19, ""有熊氏"": 1, ""涿鹿"": 21, ""炎帝"": 20, ""神农"": 189, ""禹"": 619, ""精卫"": 16, ""缙云氏"": 1, ""蚩尤"": 12, ""赤帝"": 3, ""轩辕"": 148, ""阪泉"": 2, ""雨师"": 5, ""颛顼"": 9, ""风伯"": 2, ""鲧"": 1, ""黄帝"": 126}"
GCI-HOLD-0002,533,data/CASIA-LM_ChineseWebText2.0_partial-000533.parquet,162583385,ddf311905ee87341349619398307db7136755fd1e433f5e7c353d914f32fc27f,100000,1,1375,"{""九黎"": 10, ""共工"": 16, ""后土"": 40, ""太昊"": 4, ""女娃"": 14, ""女娲"": 126, ""少昊"": 1, ""帝江"": 2, ""帝鸿"": 1, ""应龙"": 42, ""涿鹿"": 13, ""炎帝"": 27, ""神农"": 158, ""禹"": 519, ""精卫"": 21, ""蚩尤"": 42, ""赤帝"": 3, ""轩辕"": 188, ""轩辕氏"": 2, ""雨师"": 15, ""颛顼"": 4, ""风伯"": 8, ""鲧"": 8, ""黄帝"": 111}"
GCI-HOLD-0002,534,data/CASIA-LM_ChineseWebText2.0_partial-000534.parquet,161934816,092790d59c27694491082d762e352dbd6827d67af584721f1ff5ed0a89ff52c8,100000,1,1474,"{""九黎"": 11, ""共工"": 14, ""后土"": 25, ""太昊"": 5, ""女娃"": 10, ""女娲"": 83, ""少昊"": 6, ""少皞"": 1, ""帝江"": 3, ""帝鸿"": 1, ""帝鸿氏"": 1, ""应龙"": 13, ""涿鹿"": 18, ""炎帝"": 78, ""神农"": 234, ""禹"": 552, ""精卫"": 27, ""缙云氏"": 1, ""蚩尤"": 44, ""赤帝"": 6, ""轩辕"": 167, ""轩辕氏"": 2, ""阪泉"": 19, ""雨师"": 2, ""颛顼"": 3, ""鲧"": 3, ""黄帝"": 145}"
GCI-HOLD-0002,535,data/CASIA-LM_ChineseWebText2.0_partial-000535.parquet,162344427,3a64a2b3d1e020c994e1ed300378adee2cd4d860b71a24e83bc64342db26f8a8,100000,1,1490,"{""九黎"": 11, ""共工"": 25, ""共工氏"": 4, ""后土"": 43, ""太昊"": 11, ""女娃"": 23, ""女娲"": 98, ""帝江"": 1, ""帝鸿"": 1, ""帝鸿氏"": 1, ""应龙"": 67, ""有熊氏"": 1, ""榆罔"": 1, ""涿鹿"": 12, ""炎帝"": 50, ""神农"": 181, ""禹"": 596, ""精卫"": 12, ""缙云氏"": 3, ""蚩尤"": 45, ""赤帝"": 3, ""轩辕"": 193, ""轩辕氏"": 1, ""雨师"": 4, ""颛顼"": 5, ""风伯"": 5, ""鲧"": 3, ""黄帝"": 90}"
GCI-HOLD-0002,536,data/CASIA-LM_ChineseWebText2.0_partial-000536.parquet,161418663,5928fde04a17a7e5776a64a78a0a709994067d03fc54e59ff1c2b96ebb46919b,100000,1,1488,"{""九黎"": 12, ""共工"": 23, ""句龙"": 1, ""后土"": 27, ""太昊"": 4, ""女娃"": 12, ""女娲"": 101, ""少昊"": 2, ""帝江"": 7, ""应龙"": 21, ""有熊氏"": 1, ""涿鹿"": 7, ""炎帝"": 49, ""神农"": 165, ""禹"": 600, ""精卫"": 43, ""蚩尤"": 46, ""赤帝"": 1, ""轩辕"": 115, ""轩辕氏"": 4, ""阪泉"": 1, ""雨师"": 3, ""颛顼"": 9, ""风伯"": 7, ""鲧"": 3, ""黄帝"": 224}"
GCI-HOLD-0002,537,data/CASIA-LM_ChineseWebText2.0_partial-000537.parquet,162055065,81cc78bb7ee1b744144705bcced66a9828314c94b6d71895149f76a1c80c4ebc,100000,1,1547,"{""九黎"": 7, ""共工"": 18, ""共工氏"": 1, ""后土"": 45, ""太昊"": 1, ""女娃"": 26, ""女娲"": 69, ""少昊"": 4, ""少皞"": 2, ""帝江"": 2, ""应龙"": 33, ""涿鹿"": 25, ""炎帝"": 38, ""神农"": 276, ""禹"": 666, ""精卫"": 31, ""蚩尤"": 59, ""赤帝"": 2, ""轩辕"": 89, ""轩辕氏"": 1, ""雨师"": 2, ""颛顼"": 5, ""风伯"": 2, ""鲧"": 7, ""黄帝"": 135, ""黄帝氏"": 1}"
GCI-HOLD-0002,538,data/CASIA-LM_ChineseWebText2.0_partial-000538.parquet,162407908,ec24a852cdd8a9f2862a2585cec727640f1e63eccf4f1cddd72377d2e2adc9ee,100000,1,1407,"{""九黎"": 11, ""共工"": 25, ""共工氏"": 1, ""后土"": 34, ""太昊"": 8, ""女娃"": 14, ""女娲"": 104, ""少昊"": 3, ""帝江"": 4, ""帝鸿"": 1, ""应龙"": 24, ""有熊氏"": 4, ""涿鹿"": 17, ""炎帝"": 58, ""神农"": 134, ""禹"": 614, ""精卫"": 9, ""蚩尤"": 38, ""赤帝"": 2, ""轩辕"": 178, ""阪泉"": 2, ""雨师"": 4, ""颛顼"": 3, ""风伯"": 1, ""鲧"": 4, ""黄帝"": 110}"
GCI-HOLD-0002,539,data/CASIA-LM_ChineseWebText2.0_partial-000539.parquet,161494577,81f744efbb0b6cdab065a2e29beed358842a9365018ceb3df0eb4b1a679b0fbe,100000,1,1263,"{""九黎"": 28, ""共工"": 17, ""共工氏"": 1, ""后土"": 28, ""太昊"": 7, ""女娃"": 10, ""女娲"": 96, ""少昊"": 4, ""帝江"": 1, ""帝鸿"": 1, ""应龙"": 24, ""涿鹿"": 12, ""炎帝"": 26, ""神农"": 193, ""禹"": 575, ""精卫"": 16, ""蚩尤"": 34, ""轩辕"": 93, ""阪泉"": 1, ""颛顼"": 4, ""风伯"": 2, ""鲧"": 5, ""黄帝"": 84, ""黄帝氏"": 1}"
GCI-HOLD-0002,540,data/CASIA-LM_ChineseWebText2.0_partial-000540.parquet,161238906,4e18db15ad8687d18a8c7b0d9b34b06c419b2a095a3f0818703bf9f838815869,100000,1,1376,"{""九黎"": 22, ""共工"": 21, ""句龙"": 1, ""后土"": 41, ""太昊"": 16, ""太皞"": 1, ""女娃"": 17, ""女娲"": 87, ""少昊"": 5, ""帝江"": 1, ""帝鸿"": 1, ""应龙"": 33, ""有熊氏"": 1, ""榆罔"": 1, ""涿鹿"": 22, ""炎帝"": 30, ""神农"": 183, ""禹"": 544, ""精卫"": 17, ""蚩尤"": 63, ""赤帝"": 2, ""轩辕"": 134, ""阪泉"": 2, ""雨师"": 3, ""颛顼"": 1, ""风伯"": 6, ""黄帝"": 121}"
GCI-HOLD-0002,541,data/CASIA-LM_ChineseWebText2.0_partial-000541.parquet,162141998,66546c8e8679a4bf05e6cf4d33572372859df0f03792699b199b12f7382061c9,100000,1,1391,"{""九黎"": 24, ""共工"": 13, ""后土"": 37, ""太昊"": 10, ""女娃"": 16, ""女娲"": 135, ""少昊"": 2, ""帝江"": 11, ""帝鸿"": 1, ""应龙"": 37, ""涿鹿"": 10, ""炎帝"": 31, ""神农"": 209, ""禹"": 536, ""精卫"": 5, ""缙云氏"": 6, ""蚩尤"": 41, ""赤帝"": 5, ""轩辕"": 147, ""雨师"": 3, ""颛顼"": 6, ""风伯"": 2, ""鲧"": 5, ""黄帝"": 99}"
GCI-HOLD-0002,542,data/CASIA-LM_ChineseWebText2.0_partial-000542.parquet,161922370,fda9c8c30aa676de3bee38ee495a56c13cd6b7d8963c19d98fa2c1b9c179b11d,100000,1,1487,"{""九黎"": 7, ""共工"": 17, ""后土"": 30, ""太昊"": 11, ""太皞"": 1, ""女娃"": 17, ""女娲"": 118, ""少昊"": 2, ""帝江"": 2, ""帝鸿"": 6, ""应龙"": 23, ""榆罔"": 1, ""涿鹿"": 11, ""炎帝"": 38, ""神农"": 150, ""禹"": 664, ""精卫"": 26, ""蚩尤"": 31, ""赤帝"": 3, ""轩辕"": 210, ""雨师"": 1, ""颛顼"": 17, ""风伯"": 1, ""鲧"": 9, ""黄帝"": 91}"
GCI-HOLD-0002,543,data/CASIA-LM_ChineseWebText2.0_partial-000543.parquet,162264250,e5ee02db4f9b83476fc82e04d1e5253022c5fc1aa4bf093422ee0e69d6b95b64,100000,1,1368,"{""九黎"": 6, ""共工"": 17, ""后土"": 23, ""太昊"": 3, ""女娃"": 9, ""女娲"": 80, ""少昊"": 20, ""帝江"": 2, ""应龙"": 91, ""涿鹿"": 11, ""炎帝"": 19, ""神农"": 168, ""禹"": 564, ""精卫"": 8, ""蚩尤"": 19, ""赤帝"": 4, ""轩辕"": 169, ""轩辕氏"": 1, ""雨师"": 7, ""颛顼"": 8, ""风伯"": 3, ""鲧"": 5, ""黄帝"": 131}"
GCI-HOLD-0002,544,data/CASIA-LM_ChineseWebText2.0_partial-000544.parquet,161961579,29ad4415ed2cc33afc7e7cad09320a64ee40b7a5503cbb1be89d7e7d7be7e738,100000,1,1617,"{""九黎"": 8, ""共工"": 12, ""后土"": 53, ""太昊"": 5, ""女娃"": 8, ""女娲"": 104, ""少昊"": 1, ""帝江"": 6, ""应龙"": 56, ""涿鹿"": 11, ""炎帝"": 43, ""神农"": 169, ""禹"": 597, ""精卫"": 21, ""缙云氏"": 1, ""蚩尤"": 66, ""轩辕"": 269, ""轩辕氏"": 2, ""阪泉"": 1, ""雨师"": 4, ""颛顼"": 17, ""风伯"": 1, ""鲧"": 16, ""黄帝"": 146}"
GCI-HOLD-0002,545,data/CASIA-LM_ChineseWebText2.0_partial-000545.parquet,162094205,f1389df2a71ad9ae2cbc76d249c5993e43e0ae70cf2a81bcd10433de71796c81,100000,1,1269,"{""九黎"": 13, ""共工"": 14, ""共工氏"": 2, ""后土"": 25, ""太昊"": 5, ""女娃"": 17, ""女娲"": 114, ""少昊"": 5, ""帝江"": 4, ""帝鸿"": 1, ""应龙"": 72, ""涿鹿"": 16, ""炎帝"": 20, ""神农"": 171, ""禹"": 516, ""精卫"": 19, ""蚩尤"": 22, ""赤帝"": 8, ""轩辕"": 124, ""轩辕氏"": 1, ""雨师"": 7, ""颛顼"": 5, ""风伯"": 7, ""鲧"": 4, ""黄帝"": 77}"
GCI-HOLD-0002,546,data/CASIA-LM_ChineseWebText2.0_partial-000546.parquet,162037484,418b324533558e055fb59f1164ccd59ded6baacd176f4f92bb3e17f2594dcb05,100000,1,1572,"{""九黎"": 28, ""共工"": 23, ""句龙"": 1, ""后土"": 15, ""太昊"": 6, ""女娃"": 25, ""女娲"": 78, ""少皞"": 1, ""帝江"": 1, ""帝鸿"": 2, ""应龙"": 27, ""涿鹿"": 24, ""炎帝"": 43, ""神农"": 226, ""禹"": 631, ""精卫"": 11, ""蚩尤"": 67, ""赤帝"": 2, ""轩辕"": 118, ""阪泉"": 8, ""雨师"": 3, ""颛顼"": 14, ""风伯"": 3, ""鲧"": 14, ""黄帝"": 201}"
GCI-HOLD-0002,547,data/CASIA-LM_ChineseWebText2.0_partial-000547.parquet,161697434,6b387b499cf4246facefda3058054d13183855dba8f7b702b8a3d813dd269e03,100000,1,1505,"{""九黎"": 23, ""共工"": 35, ""后土"": 27, ""太昊"": 3, ""女娃"": 26, ""女娲"": 85, ""少昊"": 4, ""帝江"": 3, ""帝鸿"": 1, ""应龙"": 21, ""有熊氏"": 1, ""涿鹿"": 21, ""炎帝"": 40, ""神农"": 196, ""禹"": 641, ""精卫"": 13, ""蚩尤"": 62, ""赤帝"": 4, ""轩辕"": 122, ""轩辕氏"": 1, ""阪泉"": 7, ""雨师"": 2, ""颛顼"": 5, ""风伯"": 2, ""鲧"": 4, ""黄帝"": 156}"
GCI-HOLD-0002,548,data/CASIA-LM_ChineseWebText2.0_partial-000548.parquet,161905876,02c16ac078a9ee93bcf2e467ccc3cf27cb208c2109f88d0a155feb0db7d5eb9a,100000,1,1387,"{""九黎"": 4, ""共工"": 27, ""后土"": 27, ""太昊"": 5, ""女娃"": 17, ""女娲"": 94, ""少昊"": 1, ""帝江"": 2, ""帝鸿"": 1, ""应龙"": 45, ""涿鹿"": 15, ""炎帝"": 42, ""神农"": 224, ""禹"": 550, ""精卫"": 19, ""蚩尤"": 21, ""赤帝"": 7, ""轩辕"": 110, ""轩辕氏"": 1, ""阪泉"": 2, ""雨师"": 6, ""颛顼"": 6, ""风伯"": 4, ""鲧"": 9, ""黄帝"": 148}"
GCI-HOLD-0002,549,data/CASIA-LM_ChineseWebText2.0_partial-000549.parquet,161855145,f8e05d988fded40594fb6a71d4770c5aff282f9cb814a1378c7bd2c95f2febda,100000,1,1264,"{""九黎"": 13, ""共工"": 29, ""共工氏"": 1, ""后土"": 21, ""太昊"": 8, ""女娃"": 17, ""女娲"": 92, ""少昊"": 1, ""帝江"": 2, ""帝鸿"": 1, ""应龙"": 44, ""有熊氏"": 1, ""涿鹿"": 7, ""炎帝"": 29, ""神农"": 173, ""禹"": 528, ""精卫"": 8, ""蚩尤"": 29, ""赤帝"": 3, ""轩辕"": 141, ""轩辕氏"": 2, ""阪泉"": 1, ""雨师"": 2, ""颛顼"": 7, ""风伯"": 11, ""鲧"": 5, ""黄帝"": 88}"
GCI-HOLD-0002,550,data/CASIA-LM_ChineseWebText2.0_partial-000550.parquet,161102325,39f5d9ed0fdb2f9e743fe9eb95d0bcf096739a51f64601da2570e96a007b66f4,100000,1,1481,"{""九黎"": 32, ""共工"": 23, ""共工氏"": 1, ""后土"": 37, ""太昊"": 10, ""女娃"": 12, ""女娲"": 88, ""少昊"": 4, ""帝江"": 1, ""应龙"": 24, ""榆罔"": 1, ""涿鹿"": 20, ""炎帝"": 22, ""神农"": 282, ""禹"": 589, ""精卫"": 20, ""蚩尤"": 58, ""轩辕"": 140, ""雨师"": 2, ""颛顼"": 3, ""风伯"": 2, ""鲧"": 9, ""黄帝"": 101}"
GCI-HOLD-0002,551,data/CASIA-LM_ChineseWebText2.0_partial-000551.parquet,161713419,df199a4776edaff78957920dbdeb7b96981188e7fd0022dd656a3f9c3b6cf6e8,100000,1,1388,"{""九黎"": 8, ""共工"": 13, ""后土"": 25, ""太昊"": 1, ""女娃"": 11, ""女娲"": 76, ""帝江"": 2, ""应龙"": 30, ""涿鹿"": 18, ""炎帝"": 39, ""神农"": 118, ""禹"": 580, ""精卫"": 21, ""蚩尤"": 46, ""赤帝"": 5, ""轩辕"": 188, ""阪泉"": 2, ""雨师"": 15, ""颛顼"": 4, ""风伯"": 25, ""鲧"": 10, ""黄帝"": 151}"
GCI-HOLD-0002,552,data/CASIA-LM_ChineseWebText2.0_partial-000552.parquet,161899067,518b0c82ac9e45c6d721253ad2e5f86fd68c2a32431a93090ac8dead77cde975,100000,1,1326,"{""九黎"": 13, ""共工"": 19, ""后土"": 40, ""太昊"": 7, ""女娃"": 11, ""女娲"": 96, ""帝江"": 4, ""应龙"": 45, ""涿鹿"": 16, ""炎帝"": 27, ""神农"": 193, ""禹"": 580, ""精卫"": 24, ""蚩尤"": 22, ""赤帝"": 2, ""轩辕"": 98, ""颛顼"": 5, ""风伯"": 1, ""鲧"": 8, ""黄帝"": 115}"
GCI-HOLD-0002,553,data/CASIA-LM_ChineseWebText2.0_partial-000553.parquet,162267337,7e28359bd205c9d19149771d355ba7da14ab1d670e5374327eeb345a506e5acc,100000,1,1408,"{""九黎"": 21, ""共工"": 13, ""共工氏"": 1, ""后土"": 23, ""太昊"": 6, ""太皞"": 1, ""女娃"": 14, ""女娲"": 73, ""少昊"": 1, ""帝江"": 12, ""帝鸿"": 2, ""帝鸿氏"": 1, ""应龙"": 25, ""有熊氏"": 6, ""涿鹿"": 12, ""炎帝"": 28, ""神农"": 175, ""禹"": 680, ""精卫"": 21, ""蚩尤"": 27, ""轩辕"": 136, ""阪泉"": 1, ""雨师"": 2, ""颛顼"": 6, ""风伯"": 2, ""鲧"": 7, ""黄帝"": 112}"
GCI-HOLD-0002,554,data/CASIA-LM_ChineseWebText2.0_partial-000554.parquet,161635081,1b43e6151ed37404321a60e05305ee0acc4f334a328cdb9ab65fe814e562a911,100000,1,1560,"{""九黎"": 18, ""共工"": 14, ""后土"": 22, ""太昊"": 6, ""女娃"": 18, ""女娲"": 156, ""少昊"": 6, ""应龙"": 18, ""涿鹿"": 34, ""炎帝"": 78, ""神农"": 131, ""禹"": 758, ""精卫"": 30, ""蚩尤"": 19, ""赤帝"": 7, ""轩辕"": 139, ""轩辕氏"": 3, ""阪泉"": 1, ""雨师"": 3, ""颛顼"": 3, ""风伯"": 1, ""鲧"": 5, ""黄帝"": 90}"
GCI-HOLD-0002,555,data/CASIA-LM_ChineseWebText2.0_partial-000555.parquet,161357758,e0087a62abfd5e008aaf8dbaba069e940716e8716066ce2183fa21ffe3705f41,100000,1,1365,"{""九黎"": 7, ""共工"": 9, ""句龙"": 1, ""后土"": 42, ""太昊"": 10, ""女娃"": 20, ""女娲"": 92, ""少昊"": 2, ""帝江"": 2, ""帝鸿"": 1, ""应龙"": 24, ""涿鹿"": 14, ""炎帝"": 44, ""神农"": 153, ""禹"": 638, ""精卫"": 36, ""蚩尤"": 38, ""赤帝"": 2, ""轩辕"": 97, ""轩辕氏"": 2, ""雨师"": 14, ""颛顼"": 3, ""风伯"": 5, ""鲧"": 10, ""黄帝"": 98, ""黄帝氏"": 1}"
GCI-HOLD-0002,556,data/CASIA-LM_ChineseWebText2.0_partial-000556.parquet,161543300,b9b7fdacebc41e13e18fee02579ecf85ca4b67d44e75a8f971577acbdefd83b0,100000,1,1487,"{""九黎"": 22, ""共工"": 13, ""后土"": 54, ""太昊"": 10, ""女娃"": 12, ""女娲"": 87, ""少昊"": 3, ""应龙"": 57, ""涿鹿"": 12, ""炎帝"": 34, ""神农"": 173, ""禹"": 621, ""精卫"": 11, ""蚩尤"": 38, ""赤帝"": 4, ""轩辕"": 137, ""阪泉"": 2, ""雨师"": 5, ""颛顼"": 18, ""鲧"": 2, ""黄帝"": 172}"
GCI-HOLD-0002,557,data/CASIA-LM_ChineseWebText2.0_partial-000557.parquet,162888844,bd63f0f36fb55f26ecb75333e3c37176fa011661252c6413bcc1f8905708c664,100000,1,1551,"{""九黎"": 27, ""共工"": 21, ""共工氏"": 1, ""后土"": 38, ""太昊"": 1, ""女娃"": 21, ""女娲"": 79, ""少昊"": 5, ""少皞"": 5, ""帝江"": 3, ""帝鸿"": 2, ""帝鸿氏"": 1, ""应龙"": 22, ""有熊氏"": 2, ""涿鹿"": 7, ""炎帝"": 42, ""神农"": 309, ""禹"": 628, ""精卫"": 10, ""缙云氏"": 1, ""蚩尤"": 32, ""赤帝"": 1, ""轩辕"": 148, ""轩辕氏"": 2, ""雨师"": 1, ""颛顼"": 27, ""风伯"": 2, ""鲧"": 6, ""黄帝"": 107}"
GCI-HOLD-0002,558,data/CASIA-LM_ChineseWebText2.0_partial-000558.parquet,161625297,860a56b5adcca4b10317a91363f8097841a32515a2660f09b6643ca11e336cd6,100000,1,1349,"{""九黎"": 22, ""共工"": 14, ""共工氏"": 1, ""句龙"": 1, ""后土"": 26, ""太昊"": 12, ""女娃"": 11, ""女娲"": 97, ""少昊"": 4, ""少皞"": 1, ""帝江"": 3, ""应龙"": 19, ""涿鹿"": 14, ""炎帝"": 40, ""神农"": 139, ""禹"": 666, ""精卫"": 35, ""蚩尤"": 46, ""赤帝"": 2, ""轩辕"": 79, ""轩辕氏"": 2, ""阪泉"": 1, ""雨师"": 2, ""颛顼"": 6, ""风伯"": 3, ""鲧"": 5, ""黄帝"": 98}"
GCI-HOLD-0002,559,data/CASIA-LM_ChineseWebText2.0_partial-000559.parquet,162574620,cdab2e91f25953ab7ac05ea5477ff9a07de83921ace9bdfbf4743aaff396b7f0,100000,1,1519,"{""九黎"": 34, ""共工"": 39, ""共工氏"": 1, ""后土"": 22, ""太昊"": 6, ""女娃"": 17, ""女娲"": 79, ""少昊"": 19, ""帝江"": 3, ""应龙"": 41, ""涿鹿"": 27, ""炎帝"": 28, ""神农"": 190, ""禹"": 584, ""精卫"": 33, ""蚩尤"": 42, ""赤帝"": 1, ""轩辕"": 160, ""轩辕氏"": 9, ""阪泉"": 2, ""雨师"": 1, ""颛顼"": 4, ""风伯"": 2, ""鲧"": 3, ""黄帝"": 172}"
GCI-HOLD-0002,560,data/CASIA-LM_ChineseWebText2.0_partial-000560.parquet,162208523,658a74230fce3d0c1b0d41af5c28ed95d7c4dd69c45254f1a4900c3ef69317e2,100000,1,1374,"{""九黎"": 9, ""共工"": 14, ""后土"": 27, ""太昊"": 10, ""女娃"": 23, ""女娲"": 92, ""少皞"": 1, ""帝江"": 6, ""帝鸿"": 1, ""应龙"": 32, ""涿鹿"": 18, ""炎帝"": 42, ""神农"": 190, ""禹"": 582, ""精卫"": 38, ""蚩尤"": 39, ""赤帝"": 2, ""轩辕"": 147, ""轩辕氏"": 2, ""雨师"": 3, ""颛顼"": 8, ""黄帝"": 88}"
GCI-HOLD-0002,561,data/CASIA-LM_ChineseWebText2.0_partial-000561.parquet,162241667,98a58182318d5f09d9151199cf537971a27da28b0947904979b88f4823503bfe,100000,1,1381,"{""九黎"": 5, ""共工"": 11, ""句龙"": 1, ""后土"": 28, ""太昊"": 3, ""女娃"": 17, ""女娲"": 66, ""少昊"": 4, ""帝江"": 4, ""应龙"": 76, ""有熊氏"": 1, ""涿鹿"": 13, ""炎帝"": 33, ""神农"": 190, ""禹"": 614, ""精卫"": 9, ""蚩尤"": 38, ""赤帝"": 4, ""轩辕"": 89, ""轩辕氏"": 1, ""雨师"": 12, ""颛顼"": 5, ""风伯"": 5, ""鲧"": 3, ""黄帝"": 149}"
GCI-HOLD-0002,562,data/CASIA-LM_ChineseWebText2.0_partial-000562.parquet,162166017,210efcaad3a0eaf53e77153a3390a52c9e2b7739c5bb04ba63cbdbf6aa53c2d4,100000,1,1373,"{""九黎"": 18, ""共工"": 21, ""共工氏"": 1, ""后土"": 41, ""太昊"": 3, ""女娃"": 9, ""女娲"": 74, ""少昊"": 11, ""少皞"": 1, ""帝江"": 4, ""帝鸿"": 1, ""应龙"": 26, ""榆罔"": 1, ""涿鹿"": 7, ""炎帝"": 19, ""神农"": 144, ""禹"": 673, ""精卫"": 32, ""蚩尤"": 49, ""轩辕"": 130, ""阪泉"": 1, ""颛顼"": 14, ""鲧"": 11, ""黄帝"": 82}"
GCI-HOLD-0002,563,data/CASIA-LM_ChineseWebText2.0_partial-000563.parquet,161817512,9b67d71f1b500edb947c982ec0b06965886734301a7bc72f63313f7133af713a,100000,1,1579,"{""九黎"": 2, ""共工"": 10, ""后土"": 33, ""太昊"": 3, ""女娃"": 21, ""女娲"": 122, ""少昊"": 27, ""帝江"": 26, ""应龙"": 16, ""有熊氏"": 2, ""涿鹿"": 16, ""炎帝"": 69, ""神农"": 194, ""禹"": 567, ""精卫"": 29, ""蚩尤"": 16, ""赤帝"": 2, ""轩辕"": 310, ""阪泉"": 8, ""雨师"": 10, ""颛顼"": 11, ""风伯"": 1, ""鲧"": 4, ""黄帝"": 80}"
GCI-HOLD-0002,564,data/CASIA-LM_ChineseWebText2.0_partial-000564.parquet,161272894,c108e10767adb6b4c7ba204ca6e5ad56feb73bc0fc39a31cdfaa0cb286a59a63,100000,1,1404,"{""九黎"": 12, ""共工"": 15, ""后土"": 32, ""太昊"": 11, ""女娃"": 35, ""女娲"": 77, ""少昊"": 8, ""帝江"": 9, ""应龙"": 22, ""有熊氏"": 1, ""涿鹿"": 6, ""炎帝"": 31, ""神农"": 178, ""禹"": 569, ""精卫"": 21, ""蚩尤"": 43, ""赤帝"": 14, ""轩辕"": 164, ""轩辕氏"": 2, ""雨师"": 10, ""颛顼"": 6, ""风伯"": 7, ""鲧"": 9, ""黄帝"": 122}"
GCI-HOLD-0002,565,data/CASIA-LM_ChineseWebText2.0_partial-000565.parquet,161526068,541f213b74a1f70e6aceb381efa5314981c29d51db124904ec8c4b7058ff9077,100000,1,1392,"{""九黎"": 53, ""共工"": 19, ""后土"": 19, ""太昊"": 6, ""女娃"": 20, ""女娲"": 91, ""少昊"": 4, ""帝江"": 3, ""应龙"": 36, ""涿鹿"": 34, ""炎帝"": 32, ""神农"": 147, ""禹"": 572, ""精卫"": 22, ""蚩尤"": 47, ""赤帝"": 6, ""轩辕"": 91, ""轩辕氏"": 1, ""阪泉"": 2, ""雨师"": 1, ""颛顼"": 3, ""风伯"": 2, ""鲧"": 5, ""黄帝"": 175, ""黄帝氏"": 1}"
GCI-HOLD-0002,566,data/CASIA-LM_ChineseWebText2.0_partial-000566.parquet,162512191,f888ecf8029ad3fb56ec574ab304d01583df3afb3a6a4aeb316d37f33760b959,100000,1,1362,"{""九黎"": 21, ""共工"": 16, ""后土"": 16, ""太昊"": 16, ""女娃"": 9, ""女娲"": 105, ""少昊"": 30, ""帝江"": 5, ""应龙"": 25, ""榆罔"": 1, ""涿鹿"": 8, ""炎帝"": 42, ""神农"": 149, ""禹"": 564, ""精卫"": 14, ""蚩尤"": 41, ""赤帝"": 9, ""轩辕"": 127, ""轩辕氏"": 1, ""阪泉"": 5, ""雨师"": 1, ""颛顼"": 3, ""风伯"": 1, ""鲧"": 7, ""黄帝"": 146}"
GCI-HOLD-0002,567,data/CASIA-LM_ChineseWebText2.0_partial-000567.parquet,162023954,31f45d4c3282844ed0a76be6b60e888ae49c49f138bc57946dc9153dc1d4c9c6,100000,1,1466,"{""九黎"": 22, ""共工"": 7, ""后土"": 18, ""太昊"": 7, ""女娃"": 14, ""女娲"": 87, ""少皞"": 1, ""帝江"": 3, ""帝鸿"": 1, ""帝鸿氏"": 1, ""应龙"": 33, ""有熊氏"": 2, ""涿鹿"": 18, ""炎帝"": 74, ""神农"": 148, ""禹"": 634, ""精卫"": 12, ""缙云氏"": 2, ""蚩尤"": 31, ""赤帝"": 2, ""轩辕"": 235, ""阪泉"": 1, ""雨师"": 6, ""颛顼"": 3, ""风伯"": 3, ""鲧"": 1, ""黄帝"": 100}"
GCI-HOLD-0002,568,data/CASIA-LM_ChineseWebText2.0_partial-000568.parquet,161684265,aba7be23cc3b5f33cc1a4121491877f4448c754952d93c85f79706f25959c092,100000,1,1443,"{""九黎"": 12, ""共工"": 19, ""后土"": 25, ""太昊"": 12, ""女娃"": 11, ""女娲"": 92, ""少昊"": 5, ""少皞"": 1, ""帝江"": 2, ""帝鸿"": 1, ""帝鸿氏"": 1, ""应龙"": 71, ""涿鹿"": 13, ""炎帝"": 61, ""神农"": 165, ""禹"": 579, ""精卫"": 23, ""缙云氏"": 1, ""蚩尤"": 61, ""赤帝"": 3, ""轩辕"": 165, ""轩辕氏"": 1, ""雨师"": 10, ""颛顼"": 8, ""风伯"": 13, ""鲧"": 2, ""黄帝"": 86}"
GCI-HOLD-0002,569,data/CASIA-LM_ChineseWebText2.0_partial-000569.parquet,162384125,a2ffb21e9dbedd32821ec781551c5dcf3d8a67c927fada663640fe09379e2e62,100000,1,1377,"{""九黎"": 22, ""共工"": 10, ""后土"": 26, ""太昊"": 7, ""女娃"": 24, ""女娲"": 77, ""帝江"": 5, ""帝鸿"": 1, ""应龙"": 40, ""涿鹿"": 26, ""炎帝"": 55, ""神农"": 173, ""禹"": 623, ""精卫"": 43, ""蚩尤"": 35, ""赤帝"": 1, ""轩辕"": 118, ""轩辕氏"": 1, ""雨师"": 1, ""颛顼"": 7, ""风伯"": 1, ""鲧"": 1, ""黄帝"": 80}"
GCI-HOLD-0002,570,data/CASIA-LM_ChineseWebText2.0_partial-000570.parquet,161618020,182c1ceda38f628ebdf051e526790223c9b8c655cedfa07677a2aeb9e393e657,100000,1,1225,"{""九黎"": 11, ""共工"": 21, ""句龙"": 1, ""后土"": 36, ""太昊"": 7, ""女娃"": 21, ""女娲"": 76, ""少昊"": 3, ""帝江"": 3, ""帝鸿"": 2, ""帝鸿氏"": 1, ""应龙"": 24, ""有熊氏"": 2, ""涿鹿"": 10, ""炎帝"": 41, ""神农"": 142, ""禹"": 542, ""精卫"": 12, ""蚩尤"": 40, ""赤帝"": 3, ""轩辕"": 103, ""轩辕氏"": 3, ""雨师"": 1, ""颛顼"": 7, ""风伯"": 2, ""鲧"": 3, ""黄帝"": 108}"
GCI-HOLD-0002,571,data/CASIA-LM_ChineseWebText2.0_partial-000571.parquet,161216952,05c142292c3a1dbeb3915358b1fa140134671d2273f648f98487eb28b7da2076,100000,1,1256,"{""九黎"": 34, ""共工"": 27, ""共工氏"": 2, ""后土"": 15, ""太昊"": 5, ""女娃"": 9, ""女娲"": 53, ""少昊"": 20, ""帝江"": 2, ""应龙"": 22, ""涿鹿"": 9, ""炎帝"": 28, ""神农"": 116, ""禹"": 580, ""精卫"": 7, ""蚩尤"": 26, ""赤帝"": 4, ""轩辕"": 170, ""阪泉"": 1, ""雨师"": 4, ""颛顼"": 5, ""风伯"": 5, ""鲧"": 1, ""黄帝"": 111}"
GCI-HOLD-0002,572,data/CASIA-LM_ChineseWebText2.0_partial-000572.parquet,161074719,d721b73e786617a1a79ba20238d9fa460e057c1d74ba16a018e831356177abd9,100000,1,1299,"{""九黎"": 23, ""共工"": 7, ""后土"": 32, ""太昊"": 5, ""女娃"": 9, ""女娲"": 95, ""少昊"": 1, ""帝江"": 1, ""应龙"": 42, ""涿鹿"": 13, ""炎帝"": 40, ""神农"": 150, ""禹"": 582, ""精卫"": 10, ""蚩尤"": 9, ""赤帝"": 1, ""轩辕"": 111, ""雨师"": 4, ""颛顼"": 6, ""风伯"": 4, ""鲧"": 12, ""黄帝"": 142}"
GCI-HOLD-0002,573,data/CASIA-LM_ChineseWebText2.0_partial-000573.parquet,162431035,b0dc30eeb632e102d7aef2d54852248db33c65ba6279e63c733b1b554f6cbea6,100000,1,1393,"{""九黎"": 26, ""共工"": 17, ""后土"": 29, ""太昊"": 25, ""女娃"": 18, ""女娲"": 113, ""帝江"": 4, ""帝鸿"": 1, ""应龙"": 15, ""涿鹿"": 9, ""炎帝"": 61, ""神农"": 161, ""禹"": 546, ""精卫"": 37, ""蚩尤"": 50, ""赤帝"": 5, ""轩辕"": 105, ""轩辕氏"": 5, ""雨师"": 6, ""颛顼"": 8, ""风伯"": 5, ""鲧"": 1, ""黄帝"": 146}"
GCI-HOLD-0002,574,data/CASIA-LM_ChineseWebText2.0_partial-000574.parquet,162579711,ff98beb9e71e051e70d256a936c9ecbce785049d000d74f3b7de8318aaeebadc,100000,1,1446,"{""九黎"": 14, ""共工"": 26, ""共工氏"": 2, ""后土"": 35, ""太昊"": 3, ""女娃"": 16, ""女娲"": 66, ""少昊"": 2, ""帝江"": 2, ""帝鸿"": 1, ""应龙"": 29, ""涿鹿"": 8, ""炎帝"": 54, ""神农"": 192, ""禹"": 642, ""精卫"": 18, ""蚩尤"": 56, ""轩辕"": 138, ""轩辕氏"": 3, ""阪泉"": 2, ""雨师"": 3, ""颛顼"": 12, ""鲧"": 6, ""黄帝"": 116}"
GCI-HOLD-0002,575,data/CASIA-LM_ChineseWebText2.0_partial-000575.parquet,161157458,880a1b1a637d5f5d372b301cd6bfd798fb1e071ca4f5c73b63a36c1b6cff8b53,100000,1,1464,"{""九黎"": 8, ""共工"": 34, ""句龙"": 1, ""后土"": 39, ""太昊"": 7, ""女娃"": 7, ""女娲"": 100, ""少昊"": 4, ""少皞"": 3, ""帝江"": 2, ""应龙"": 30, ""涿鹿"": 12, ""炎帝"": 50, ""神农"": 148, ""禹"": 672, ""精卫"": 17, ""蚩尤"": 41, ""赤帝"": 3, ""轩辕"": 99, ""轩辕氏"": 1, ""雨师"": 1, ""颛顼"": 26, ""风伯"": 1, ""鲧"": 7, ""黄帝"": 151}"
GCI-HOLD-0002,576,data/CASIA-LM_ChineseWebText2.0_partial-000576.parquet,161223040,ff8bef88a1f235c81c62786ca5b43cc3db1f0da9999a58c6026fb5927ae09252,100000,1,1418,"{""九黎"": 17, ""共工"": 15, ""后土"": 38, ""太昊"": 8, ""女娃"": 16, ""女娲"": 61, ""帝江"": 2, ""应龙"": 53, ""有熊氏"": 2, ""涿鹿"": 18, ""炎帝"": 35, ""神农"": 191, ""禹"": 640, ""精卫"": 20, ""蚩尤"": 24, ""赤帝"": 3, ""轩辕"": 167, ""轩辕氏"": 1, ""阪泉"": 2, ""颛顼"": 4, ""风伯"": 1, ""鲧"": 4, ""黄帝"": 96}"
GCI-HOLD-0002,577,data/CASIA-LM_ChineseWebText2.0_partial-000577.parquet,161722019,8ff36e1a6b558a97739e3232f55f25cc5be83b4cdf201681694f0d8e1795c719,100000,1,1558,"{""九黎"": 19, ""共工"": 32, ""共工氏"": 3, ""句龙"": 2, ""后土"": 22, ""太昊"": 5, ""太皞"": 1, ""女娃"": 13, ""女娲"": 144, ""少昊"": 2, ""少皞"": 4, ""帝江"": 15, ""帝鸿"": 2, ""应龙"": 22, ""涿鹿"": 27, ""炎帝"": 48, ""神农"": 183, ""禹"": 580, ""精卫"": 10, ""蚩尤"": 46, ""赤帝"": 4, ""轩辕"": 169, ""轩辕氏"": 12, ""阪泉"": 1, ""雨师"": 17, ""颛顼"": 8, ""风伯"": 1, ""鲧"": 7, ""黄帝"": 159}"
GCI-HOLD-0002,578,data/CASIA-LM_ChineseWebText2.0_partial-000578.parquet,161475021,f63f63a90f7c436fec470b565e42cfefc11e3a649dd28b7c4cef5aaa908663d7,100000,1,1518,"{""九黎"": 18, ""共工"": 46, ""共工氏"": 11, ""后土"": 62, ""太昊"": 2, ""女娃"": 16, ""女娲"": 77, ""少昊"": 17, ""少皞"": 1, ""帝江"": 6, ""帝鸿"": 1, ""应龙"": 48, ""涿鹿"": 22, ""炎帝"": 19, ""神农"": 132, ""禹"": 681, ""精卫"": 19, ""蚩尤"": 48, ""赤帝"": 4, ""轩辕"": 159, ""轩辕氏"": 2, ""雨师"": 11, ""颛顼"": 16, ""风伯"": 3, ""鲧"": 2, ""黄帝"": 95}"
GCI-HOLD-0002,579,data/CASIA-LM_ChineseWebText2.0_partial-000579.parquet,161461909,bcea3f70044d7b3de2c2555a0dfd0049573ebfd376aa76da911288eb68d5d1d1,100000,1,1611,"{""九黎"": 23, ""共工"": 50, ""共工氏"": 19, ""句龙"": 1, ""后土"": 28, ""太昊"": 18, ""太皞"": 1, ""女娃"": 25, ""女娲"": 135, ""少昊"": 1, ""少皞"": 1, ""帝江"": 26, ""应龙"": 20, ""涿鹿"": 18, ""炎帝"": 59, ""神农"": 223, ""禹"": 505, ""精卫"": 40, ""蚩尤"": 41, ""赤帝"": 6, ""轩辕"": 161, ""轩辕氏"": 1, ""阪泉"": 7, ""颛顼"": 12, ""风伯"": 1, ""鲧"": 2, ""黄帝"": 187}"
GCI-HOLD-0002,580,data/CASIA-LM_ChineseWebText2.0_partial-000580.parquet,161371400,9fed07f94c22595dce3ed5f2e438551ea6cc1b16bdb7491f00708c107571762a,100000,1,1527,"{""九黎"": 9, ""共工"": 10, ""后土"": 35, ""太昊"": 29, ""女娃"": 26, ""女娲"": 139, ""少昊"": 14, ""帝江"": 5, ""应龙"": 40, ""有熊氏"": 2, ""涿鹿"": 14, ""炎帝"": 50, ""神农"": 177, ""禹"": 662, ""精卫"": 14, ""蚩尤"": 25, ""赤帝"": 3, ""轩辕"": 143, ""阪泉"": 1, ""雨师"": 8, ""颛顼"": 10, ""风伯"": 9, ""鲧"": 12, ""黄帝"": 90}"
GCI-HOLD-0002,581,data/CASIA-LM_ChineseWebText2.0_partial-000581.parquet,162234404,3622d3e0d40475011e0d15d2c2605e6788fff785cfa7928a2cf530ec603ba68a,100000,1,1276,"{""九黎"": 23, ""共工"": 24, ""后土"": 34, ""太昊"": 8, ""女娃"": 16, ""女娲"": 72, ""少昊"": 5, ""帝江"": 9, ""应龙"": 20, ""涿鹿"": 15, ""炎帝"": 31, ""神农"": 189, ""禹"": 535, ""精卫"": 24, ""蚩尤"": 36, ""赤帝"": 3, ""轩辕"": 88, ""轩辕氏"": 6, ""阪泉"": 16, ""雨师"": 3, ""颛顼"": 13, ""风伯"": 6, ""鲧"": 3, ""黄帝"": 97}"
GCI-HOLD-0002,582,data/CASIA-LM_ChineseWebText2.0_partial-000582.parquet,161899748,1eda893d4d6a1d5869fe1b575ecf06991d840da2ff13fe9666e25816cc589784,100000,1,1388,"{""九黎"": 39, ""共工"": 19, ""后土"": 18, ""太昊"": 10, ""女娃"": 15, ""女娲"": 110, ""少昊"": 1, ""帝江"": 5, ""应龙"": 31, ""有熊氏"": 1, ""涿鹿"": 16, ""炎帝"": 31, ""神农"": 179, ""禹"": 526, ""精卫"": 25, ""蚩尤"": 71, ""赤帝"": 1, ""轩辕"": 149, ""阪泉"": 1, ""雨师"": 6, ""风伯"": 2, ""鲧"": 2, ""黄帝"": 130}"
GCI-HOLD-0002,583,data/CASIA-LM_ChineseWebText2.0_partial-000583.parquet,162166203,f104fac66138038b58de40710aaa0de05e6e816a2a9259ee494c1995ed302adc,100000,1,1450,"{""九黎"": 14, ""共工"": 25, ""共工氏"": 1, ""后土"": 38, ""太昊"": 14, ""女娃"": 10, ""女娲"": 71, ""少昊"": 3, ""少皞"": 1, ""帝江"": 7, ""帝鸿"": 1, ""应龙"": 31, ""有熊氏"": 1, ""涿鹿"": 14, ""炎帝"": 70, ""神农"": 131, ""禹"": 564, ""精卫"": 29, ""蚩尤"": 99, ""赤帝"": 1, ""轩辕"": 123, ""轩辕氏"": 1, ""阪泉"": 3, ""雨师"": 11, ""颛顼"": 6, ""风伯"": 11, ""鲧"": 3, ""黄帝"": 167}"
GCI-HOLD-0002,584,data/CASIA-LM_ChineseWebText2.0_partial-000584.parquet,162412263,e8979f3490de6e9ae78883d6efda83090d772f2230dadff4fea4b1d3d1fa130b,100000,1,1573,"{""九黎"": 23, ""共工"": 14, ""后土"": 35, ""太昊"": 2, ""女娃"": 15, ""女娲"": 146, ""少昊"": 13, ""帝江"": 6, ""应龙"": 34, ""涿鹿"": 5, ""炎帝"": 18, ""神农"": 157, ""禹"": 745, ""精卫"": 11, ""蚩尤"": 29, ""赤帝"": 3, ""轩辕"": 192, ""轩辕氏"": 1, ""阪泉"": 1, ""雨师"": 4, ""颛顼"": 9, ""风伯"": 1, ""黄帝"": 109}"
GCI-HOLD-0002,585,data/CASIA-LM_ChineseWebText2.0_partial-000585.parquet,162312685,ed8840ae50417f18a4976bc8f9a2f81c659f40842edc5c356c48e9e7f399dd83,100000,1,1581,"{""九黎"": 17, ""共工"": 21, ""共工氏"": 1, ""句龙"": 1, ""后土"": 18, ""太昊"": 4, ""女娃"": 17, ""女娲"": 99, ""少昊"": 51, ""帝江"": 4, ""帝鸿"": 1, ""应龙"": 27, ""涿鹿"": 20, ""炎帝"": 68, ""神农"": 262, ""禹"": 566, ""精卫"": 84, ""蚩尤"": 47, ""轩辕"": 158, ""轩辕氏"": 1, ""阪泉"": 3, ""雨师"": 1, ""颛顼"": 7, ""风伯"": 2, ""鲧"": 2, ""黄帝"": 99}"
GCI-HOLD-0002,586,data/CASIA-LM_ChineseWebText2.0_partial-000586.parquet,161753556,a57750245f6cbd5ed546f61131b41a4a0cedcaf6ed11c6b49863a1987e796e1e,100000,1,1421,"{""九黎"": 11, ""共工"": 18, ""后土"": 31, ""太昊"": 7, ""女娃"": 15, ""女娲"": 89, ""少昊"": 5, ""少皞"": 3, ""帝江"": 11, ""帝鸿"": 1, ""应龙"": 35, ""涿鹿"": 14, ""炎帝"": 52, ""神农"": 132, ""禹"": 595, ""精卫"": 21, ""蚩尤"": 31, ""赤帝"": 5, ""轩辕"": 163, ""阪泉"": 1, ""雨师"": 18, ""颛顼"": 5, ""风伯"": 9, ""鲧"": 9, ""黄帝"": 140}"
GCI-HOLD-0002,587,data/CASIA-LM_ChineseWebText2.0_partial-000587.parquet,161579339,4c302cb3c12b842ba6471e476cf8dbc2e8b500e91d7f3fcb0701e6e13ffdb4fa,100000,1,1499,"{""九黎"": 10, ""共工"": 11, ""句龙"": 2, ""后土"": 42, ""太昊"": 5, ""女娃"": 36, ""女娲"": 82, ""少昊"": 3, ""少皞"": 1, ""帝江"": 3, ""帝鸿"": 1, ""帝鸿氏"": 1, ""应龙"": 73, ""涿鹿"": 17, ""炎帝"": 91, ""神农"": 251, ""禹"": 608, ""精卫"": 37, ""缙云氏"": 1, ""蚩尤"": 38, ""赤帝"": 3, ""轩辕"": 75, ""雨师"": 1, ""颛顼"": 4, ""鲧"": 1, ""黄帝"": 102}"
GCI-HOLD-0002,588,data/CASIA-LM_ChineseWebText2.0_partial-000588.parquet,162027679,fb2c95ca126bfee232dda70e89afd5101dc54cbf33b6baacd66b2685bf1bcfc8,100000,1,1548,"{""九黎"": 33, ""共工"": 31, ""后土"": 21, ""太昊"": 8, ""女娃"": 9, ""女娲"": 53, ""少昊"": 2, ""少皞"": 1, ""帝江"": 14, ""帝鸿"": 1, ""帝鸿氏"": 1, ""应龙"": 55, ""有熊氏"": 1, ""涿鹿"": 12, ""炎帝"": 35, ""神农"": 152, ""禹"": 719, ""精卫"": 13, ""缙云氏"": 1, ""蚩尤"": 64, ""赤帝"": 4, ""轩辕"": 128, ""轩辕氏"": 9, ""阪泉"": 2, ""雨师"": 5, ""颛顼"": 11, ""风伯"": 2, ""鲧"": 27, ""黄帝"": 132, ""黄帝氏"": 2}"
GCI-HOLD-0002,589,data/CASIA-LM_ChineseWebText2.0_partial-000589.parquet,161686868,25f50cfc86d75d51d64081eddf13ec33700446a49b7a5687c65b09a62908d936,100000,1,1461,"{""九黎"": 18, ""共工"": 15, ""后土"": 26, ""太昊"": 2, ""女娃"": 11, ""女娲"": 74, ""少昊"": 7, ""少皞"": 6, ""帝江"": 8, ""帝鸿"": 7, ""应龙"": 61, ""榆罔"": 1, ""涿鹿"": 13, ""炎帝"": 34, ""神农"": 231, ""禹"": 648, ""精卫"": 10, ""蚩尤"": 30, ""赤帝"": 3, ""轩辕"": 145, ""阪泉"": 3, ""颛顼"": 5, ""鲧"": 7, ""黄帝"": 96}"
GCI-HOLD-0002,590,data/CASIA-LM_ChineseWebText2.0_partial-000590.parquet,162210184,cbc9084aee1f4abceae617043745c9b6f5704a320232c9f3c2e38829fe4c0b71,100000,1,1409,"{""九黎"": 23, ""共工"": 33, ""句龙"": 2, ""后土"": 25, ""太昊"": 10, ""女娃"": 24, ""女娲"": 85, ""少昊"": 3, ""帝江"": 2, ""帝鸿"": 1, ""帝鸿氏"": 1, ""应龙"": 42, ""涿鹿"": 39, ""炎帝"": 52, ""神农"": 169, ""禹"": 572, ""精卫"": 8, ""蚩尤"": 44, ""赤帝"": 1, ""轩辕"": 149, ""轩辕氏"": 2, ""阪泉"": 1, ""雨师"": 2, ""颛顼"": 9, ""风伯"": 1, ""鲧"": 21, ""黄帝"": 88}"
GCI-HOLD-0002,591,data/CASIA-LM_ChineseWebText2.0_partial-000591.parquet,162511692,28a848d48eab0852d6e75b39b707fd4e3d1558c42da03119e54046e00fb84bf8,100000,1,1527,"{""九黎"": 19, ""共工"": 32, ""后土"": 26, ""太昊"": 3, ""女娃"": 25, ""女娲"": 77, ""少昊"": 12, ""帝江"": 2, ""帝鸿"": 2, ""应龙"": 53, ""有熊氏"": 2, ""涿鹿"": 18, ""炎帝"": 70, ""神农"": 172, ""禹"": 664, ""精卫"": 15, ""缙云氏"": 4, ""蚩尤"": 36, ""赤帝"": 4, ""轩辕"": 127, ""轩辕氏"": 4, ""阪泉"": 2, ""雨师"": 5, ""颛顼"": 14, ""风伯"": 6, ""鲧"": 2, ""黄帝"": 131}"
GCI-HOLD-0002,592,data/CASIA-LM_ChineseWebText2.0_partial-000592.parquet,161298576,6a5fe0c7155f5140526c04cc4ae16d540f935b80642ab4aa09af6e2be87eb419,100000,1,1542,"{""九黎"": 8, ""共工"": 24, ""共工氏"": 1, ""后土"": 21, ""太昊"": 10, ""女娃"": 20, ""女娲"": 84, ""少昊"": 4, ""帝江"": 4, ""应龙"": 30, ""有熊氏"": 1, ""涿鹿"": 14, ""炎帝"": 45, ""神农"": 216, ""禹"": 676, ""精卫"": 14, ""蚩尤"": 54, ""轩辕"": 122, ""轩辕氏"": 1, ""阪泉"": 6, ""雨师"": 13, ""颛顼"": 14, ""风伯"": 7, ""鲧"": 5, ""黄帝"": 148}"
GCI-HOLD-0002,593,data/CASIA-LM_ChineseWebText2.0_partial-000593.parquet,161995263,40df31554a6d5d4ad268d59eb0a4d15461ab4733f655f4dae1c8b36fc3c759c6,100000,1,1587,"{""九黎"": 7, ""共工"": 17, ""后土"": 27, ""太昊"": 4, ""女娃"": 13, ""女娲"": 93, ""少昊"": 8, ""帝江"": 10, ""应龙"": 19, ""有熊氏"": 3, ""涿鹿"": 6, ""炎帝"": 48, ""神农"": 259, ""禹"": 722, ""精卫"": 19, ""蚩尤"": 23, ""轩辕"": 203, ""雨师"": 2, ""颛顼"": 8, ""风伯"": 1, ""鲧"": 6, ""黄帝"": 89}"
GCI-HOLD-0002,594,data/CASIA-LM_ChineseWebText2.0_partial-000594.parquet,161730615,3a0d6a1217b1090ee0a3827392f636d8bc2734c6667af649c9fe0b2a51a22fd9,100000,1,1240,"{""九黎"": 11, ""共工"": 8, ""共工氏"": 1, ""后土"": 29, ""太昊"": 11, ""太皞"": 1, ""女娃"": 20, ""女娲"": 97, ""帝江"": 12, ""帝鸿"": 5, ""应龙"": 54, ""涿鹿"": 14, ""炎帝"": 38, ""神农"": 140, ""禹"": 491, ""精卫"": 21, ""蚩尤"": 30, ""赤帝"": 3, ""轩辕"": 158, ""雨师"": 1, ""颛顼"": 4, ""风伯"": 4, ""鲧"": 2, ""黄帝"": 85}"
GCI-HOLD-0002,595,data/CASIA-LM_ChineseWebText2.0_partial-000595.parquet,161631581,035326cbb16d2b4601dc6354d3801f4e759533502e13a3e620c344f317eec2a0,100000,1,1450,"{""九黎"": 6, ""共工"": 16, ""共工氏"": 1, ""后土"": 24, ""太昊"": 4, ""女娃"": 16, ""女娲"": 118, ""少昊"": 5, ""帝江"": 1, ""应龙"": 15, ""涿鹿"": 19, ""炎帝"": 40, ""神农"": 180, ""禹"": 572, ""精卫"": 23, ""蚩尤"": 64, ""轩辕"": 199, ""轩辕氏"": 1, ""阪泉"": 4, ""雨师"": 8, ""颛顼"": 17, ""风伯"": 1, ""鲧"": 1, ""黄帝"": 115}"
GCI-HOLD-0002,596,data/CASIA-LM_ChineseWebText2.0_partial-000596.parquet,162418364,f668452c3e1e74db7741381a1855582803dc79648536fd20029883975b6da76b,100000,1,1563,"{""九黎"": 3, ""共工"": 42, ""后土"": 17, ""太昊"": 2, ""女娃"": 22, ""女娲"": 89, ""少昊"": 1, ""帝江"": 5, ""帝鸿"": 5, ""应龙"": 36, ""涿鹿"": 20, ""炎帝"": 48, ""神农"": 154, ""禹"": 655, ""精卫"": 33, ""蚩尤"": 45, ""赤帝"": 3, ""轩辕"": 236, ""轩辕氏"": 1, ""阪泉"": 2, ""雨师"": 15, ""颛顼"": 6, ""风伯"": 6, ""鲧"": 7, ""黄帝"": 110}"
GCI-HOLD-0002,597,data/CASIA-LM_ChineseWebText2.0_partial-000597.parquet,162716062,347e6fb1819b04e163f9d8b170ea26b52264e1489973e89c142580cf71ddbf08,100000,1,1452,"{""九黎"": 20, ""共工"": 9, ""句龙"": 1, ""后土"": 27, ""太昊"": 4, ""女娃"": 22, ""女娲"": 91, ""少昊"": 3, ""帝江"": 1, ""帝鸿"": 2, ""应龙"": 78, ""涿鹿"": 28, ""炎帝"": 35, ""神农"": 161, ""禹"": 602, ""精卫"": 5, ""蚩尤"": 37, ""赤帝"": 1, ""轩辕"": 171, ""轩辕氏"": 2, ""阪泉"": 1, ""雨师"": 5, ""颛顼"": 10, ""风伯"": 3, ""鲧"": 21, ""黄帝"": 112}"
GCI-HOLD-0002,598,data/CASIA-LM_ChineseWebText2.0_partial-000598.parquet,161565098,c20774160e9f999abb940f8516282f5f60b9eccc7d98850a8efc86da623057f3,100000,1,1400,"{""九黎"": 20, ""共工"": 19, ""共工氏"": 1, ""后土"": 34, ""太昊"": 4, ""女娃"": 7, ""女娲"": 93, ""少昊"": 3, ""应龙"": 25, ""涿鹿"": 19, ""炎帝"": 35, ""神农"": 228, ""禹"": 633, ""精卫"": 23, ""蚩尤"": 34, ""赤帝"": 6, ""轩辕"": 103, ""雨师"": 2, ""颛顼"": 6, ""风伯"": 2, ""鲧"": 9, ""黄帝"": 94}"
GCI-HOLD-0002,599,data/CASIA-LM_ChineseWebText2.0_partial-000599.parquet,162018002,006368e53eb4e9ad7ea1cb30818870aca78a32c454bd24bc45f61a2d1ea66923,100000,1,1678,"{""九黎"": 12, ""共工"": 22, ""共工氏"": 1, ""后土"": 29, ""太昊"": 10, ""女娃"": 9, ""女娲"": 107, ""少昊"": 6, ""帝江"": 23, ""应龙"": 93, ""涿鹿"": 6, ""炎帝"": 33, ""神农"": 185, ""禹"": 701, ""精卫"": 19, ""蚩尤"": 39, ""赤帝"": 6, ""轩辕"": 141, ""轩辕氏"": 2, ""雨师"": 4, ""颛顼"": 20, ""风伯"": 1, ""鲧"": 5, ""黄帝"": 203, ""黄帝氏"": 1}"
GCI-HOLD-0002,600,data/CASIA-LM_ChineseWebText2.0_partial-000600.parquet,161274776,e421fa367fd5c14432e0a7a87098f683d504b54e64bddb03cfbe572d5e4abbc5,100000,1,1315,"{""九黎"": 10, ""共工"": 19, ""共工氏"": 1, ""句龙"": 1, ""后土"": 28, ""太昊"": 6, ""女娃"": 22, ""女娲"": 87, ""少昊"": 1, ""帝江"": 1, ""应龙"": 21, ""有熊氏"": 1, ""涿鹿"": 14, ""炎帝"": 36, ""神农"": 169, ""禹"": 552, ""精卫"": 20, ""蚩尤"": 32, ""赤帝"": 4, ""轩辕"": 135, ""雨师"": 7, ""颛顼"": 4, ""风伯"": 2, ""鲧"": 3, ""黄帝"": 139}"
GCI-HOLD-0002,601,data/CASIA-LM_ChineseWebText2.0_partial-000601.parquet,161786853,443190a9b550529fdf112078aba4bb2533fe21be2e2493fad0dbc8aa3146589d,100000,1,1251,"{""九黎"": 24, ""共工"": 18, ""后土"": 32, ""太昊"": 4, ""女娃"": 24, ""女娲"": 86, ""少昊"": 1, ""帝江"": 1, ""应龙"": 49, ""涿鹿"": 18, ""炎帝"": 46, ""神农"": 143, ""禹"": 502, ""精卫"": 21, ""蚩尤"": 38, ""赤帝"": 3, ""轩辕"": 123, ""雨师"": 3, ""颛顼"": 10, ""风伯"": 1, ""鲧"": 1, ""黄帝"": 103}"
GCI-HOLD-0002,602,data/CASIA-LM_ChineseWebText2.0_partial-000602.parquet,161270542,88c8511a55dc927110e0b0b145cb942453ebbe844c1ba8388149e8e548f61782,100000,1,1383,"{""九黎"": 7, ""共工"": 16, ""共工氏"": 1, ""句龙"": 1, ""后土"": 31, ""太昊"": 6, ""女娃"": 18, ""女娲"": 111, ""少昊"": 29, ""应龙"": 45, ""有熊氏"": 1, ""涿鹿"": 6, ""炎帝"": 101, ""神农"": 187, ""禹"": 562, ""精卫"": 15, ""蚩尤"": 22, ""赤帝"": 1, ""轩辕"": 109, ""轩辕氏"": 3, ""阪泉"": 1, ""雨师"": 1, ""颛顼"": 10, ""风伯"": 3, ""鲧"": 16, ""黄帝"": 80}"
GCI-HOLD-0002,603,data/CASIA-LM_ChineseWebText2.0_partial-000603.parquet,161821582,8f8c0556cbc5dce4e876daa5cb69d5f7ce5f22c212ad1d65739451d07456e1c5,100000,1,1305,"{""九黎"": 11, ""共工"": 16, ""后土"": 23, ""太昊"": 6, ""女娃"": 11, ""女娲"": 121, ""少昊"": 2, ""帝江"": 2, ""帝鸿"": 2, ""应龙"": 14, ""有熊氏"": 3, ""涿鹿"": 12, ""炎帝"": 39, ""神农"": 144, ""禹"": 597, ""精卫"": 18, ""蚩尤"": 30, ""轩辕"": 123, ""轩辕氏"": 1, ""阪泉"": 2, ""雨师"": 1, ""颛顼"": 6, ""黄帝"": 121}"
GCI-HOLD-0002,604,data/CASIA-LM_ChineseWebText2.0_partial-000604.parquet,162193353,f5b3368e2ba3d656acb1728795e9e334bc152f282996723c2ebebbfea2112ee9,100000,1,1320,"{""九黎"": 16, ""共工"": 19, ""后土"": 23, ""太昊"": 8, ""女娃"": 14, ""女娲"": 78, ""少昊"": 2, ""少皞"": 1, ""帝江"": 7, ""帝鸿"": 2, ""应龙"": 45, ""涿鹿"": 19, ""炎帝"": 52, ""神农"": 111, ""禹"": 642, ""精卫"": 12, ""蚩尤"": 12, ""轩辕"": 103, ""阪泉"": 7, ""颛顼"": 14, ""风伯"": 1, ""鲧"": 4, ""黄帝"": 128}"
GCI-HOLD-0002,605,data/CASIA-LM_ChineseWebText2.0_partial-000605.parquet,162158674,c2ac5ec4254d4abe4ba7694c405d61b92f31d5b6903f80e085839db72c0675de,100000,1,1286,"{""九黎"": 18, ""共工"": 15, ""后土"": 20, ""太昊"": 1, ""女娃"": 25, ""女娲"": 78, ""少昊"": 1, ""应龙"": 23, ""涿鹿"": 5, ""炎帝"": 49, ""神农"": 199, ""禹"": 610, ""精卫"": 18, ""蚩尤"": 19, ""赤帝"": 1, ""轩辕"": 82, ""阪泉"": 1, ""雨师"": 2, ""颛顼"": 6, ""风伯"": 1, ""鲧"": 6, ""黄帝"": 106}"
GCI-HOLD-0002,606,data/CASIA-LM_ChineseWebText2.0_partial-000606.parquet,161801644,0947665096e8021c5c096db2321442c0bd2e90cdb30e7ca76ddbce9e11fa3f2c,100000,1,1411,"{""九黎"": 77, ""共工"": 21, ""后土"": 27, ""太昊"": 10, ""女娃"": 8, ""女娲"": 62, ""少昊"": 7, ""帝江"": 13, ""帝鸿"": 1, ""应龙"": 37, ""涿鹿"": 21, ""炎帝"": 33, ""神农"": 171, ""禹"": 530, ""精卫"": 13, ""蚩尤"": 111, ""赤帝"": 1, ""轩辕"": 143, ""雨师"": 5, ""颛顼"": 2, ""鲧"": 10, ""黄帝"": 108}"
GCI-HOLD-0002,607,data/CASIA-LM_ChineseWebText2.0_partial-000607.parquet,162073979,1af64c305736024f8636b7427331cd97878f8b0b4063b12571d88ad2198d74ef,100000,1,1464,"{""九黎"": 9, ""共工"": 17, ""句龙"": 1, ""后土"": 27, ""太昊"": 12, ""太皞"": 1, ""女娃"": 22, ""女娲"": 150, ""少昊"": 18, ""帝江"": 11, ""应龙"": 20, ""涿鹿"": 5, ""炎帝"": 44, ""神农"": 124, ""禹"": 623, ""精卫"": 21, ""蚩尤"": 51, ""赤帝"": 3, ""轩辕"": 145, ""雨师"": 3, ""颛顼"": 2, ""风伯"": 7, ""鲧"": 5, ""黄帝"": 143}"
GCI-HOLD-0002,608,data/CASIA-LM_ChineseWebText2.0_partial-000608.parquet,161684386,670a4d5074bc58f37661fad044225a4791d087f49cbb30f905fc68eacc1b41e3,100000,1,1576,"{""九黎"": 25, ""共工"": 31, ""后土"": 38, ""太昊"": 4, ""女娃"": 23, ""女娲"": 101, ""帝江"": 3, ""帝鸿"": 1, ""应龙"": 17, ""有熊氏"": 1, ""涿鹿"": 7, ""炎帝"": 32, ""神农"": 235, ""禹"": 589, ""精卫"": 23, ""蚩尤"": 70, ""赤帝"": 6, ""轩辕"": 186, ""轩辕氏"": 2, ""雨师"": 13, ""颛顼"": 6, ""风伯"": 5, ""鲧"": 4, ""黄帝"": 154}"
GCI-HOLD-0002,609,data/CASIA-LM_ChineseWebText2.0_partial-000609.parquet,162110682,6ff21690eaddbb51f1cf037aecb19283dcaf325372b6138af724528da1043386,100000,1,1239,"{""九黎"": 21, ""共工"": 17, ""句龙"": 5, ""后土"": 19, ""太昊"": 8, ""女娃"": 9, ""女娲"": 75, ""少昊"": 4, ""少皞"": 1, ""帝江"": 8, ""帝鸿"": 2, ""帝鸿氏"": 1, ""应龙"": 10, ""涿鹿"": 15, ""炎帝"": 22, ""神农"": 149, ""禹"": 580, ""精卫"": 6, ""缙云氏"": 1, ""蚩尤"": 31, ""赤帝"": 3, ""轩辕"": 138, ""雨师"": 3, ""颛顼"": 11, ""风伯"": 1, ""鲧"": 1, ""黄帝"": 98}"
GCI-HOLD-0002,610,data/CASIA-LM_ChineseWebText2.0_partial-000610.parquet,162173649,e6e5e3f91701c95b9f20483c9724ef630516b2084a340e0be435578b5c819b8c,100000,1,1100,"{""九黎"": 9, ""共工"": 13, ""共工氏"": 3, ""后土"": 25, ""太昊"": 7, ""女娃"": 20, ""女娲"": 69, ""少昊"": 13, ""帝江"": 1, ""应龙"": 34, ""涿鹿"": 26, ""炎帝"": 38, ""神农"": 105, ""禹"": 450, ""精卫"": 32, ""蚩尤"": 23, ""赤帝"": 3, ""轩辕"": 132, ""轩辕氏"": 1, ""雨师"": 2, ""颛顼"": 9, ""风伯"": 1, ""鲧"": 6, ""黄帝"": 78}"
GCI-HOLD-0002,611,data/CASIA-LM_ChineseWebText2.0_partial-000611.parquet,162317639,14506c5b1e002e5459d3feafde55d160020e40a31d280eef8c17f58c84b0b011,100000,1,1536,"{""九黎"": 6, ""共工"": 16, ""后土"": 37, ""太昊"": 12, ""太皞"": 3, ""女娃"": 16, ""女娲"": 76, ""少昊"": 6, ""少皞"": 2, ""帝江"": 6, ""帝鸿"": 1, ""帝鸿氏"": 1, ""应龙"": 14, ""有熊氏"": 1, ""涿鹿"": 13, ""炎帝"": 30, ""神农"": 148, ""禹"": 639, ""精卫"": 15, ""蚩尤"": 91, ""赤帝"": 3, ""轩辕"": 210, ""轩辕氏"": 2, ""阪泉"": 1, ""雨师"": 5, ""颛顼"": 13, ""风伯"": 1, ""鲧"": 3, ""黄帝"": 165}"
GCI-HOLD-0002,612,data/CASIA-LM_ChineseWebText2.0_partial-000612.parquet,162304239,89de353952dc98f2f2e305a882799edd0f1562574471555862027a1a3f147f50,100000,1,1686,"{""九黎"": 26, ""共工"": 19, ""后土"": 30, ""太昊"": 7, ""女娃"": 21, ""女娲"": 89, ""少昊"": 2, ""少皞"": 1, ""帝江"": 2, ""帝鸿"": 2, ""帝鸿氏"": 1, ""应龙"": 22, ""有熊氏"": 1, ""涿鹿"": 223, ""炎帝"": 39, ""神农"": 205, ""禹"": 642, ""精卫"": 14, ""缙云氏"": 1, ""蚩尤"": 30, ""赤帝"": 10, ""轩辕"": 156, ""轩辕氏"": 4, ""雨师"": 4, ""颛顼"": 6, ""风伯"": 2, ""鲧"": 13, ""黄帝"": 114}"
GCI-HOLD-0002,613,data/CASIA-LM_ChineseWebText2.0_partial-000613.parquet,161852692,9674d13ac5b00aea8cc275edf8a59495709384ac5bbf15787b6268dbe62fa5b6,100000,1,1354,"{""九黎"": 21, ""共工"": 30, ""后土"": 26, ""太昊"": 9, ""太皞"": 1, ""女娃"": 10, ""女娲"": 82, ""少昊"": 23, ""少皞"": 1, ""帝江"": 3, ""帝鸿"": 1, ""帝鸿氏"": 1, ""应龙"": 58, ""涿鹿"": 15, ""炎帝"": 26, ""神农"": 204, ""禹"": 501, ""精卫"": 13, ""缙云氏"": 1, ""蚩尤"": 21, ""赤帝"": 4, ""轩辕"": 155, ""轩辕氏"": 1, ""阪泉"": 1, ""雨师"": 4, ""颛顼"": 4, ""风伯"": 5, ""鲧"": 3, ""黄帝"": 130}"
GCI-HOLD-0002,614,data/CASIA-LM_ChineseWebText2.0_partial-000614.parquet,161797863,08f44f311ac95d9eca0fd2aab5cddca8098a94d2550e78783df83e0061ce7be9,100000,1,1534,"{""九黎"": 23, ""共工"": 12, ""后土"": 23, ""太昊"": 8, ""女娃"": 13, ""女娲"": 66, ""少昊"": 6, ""帝江"": 4, ""应龙"": 22, ""有熊氏"": 2, ""涿鹿"": 7, ""炎帝"": 52, ""神农"": 239, ""禹"": 696, ""精卫"": 9, ""缙云氏"": 2, ""蚩尤"": 26, ""赤帝"": 4, ""轩辕"": 164, ""阪泉"": 7, ""雨师"": 3, ""颛顼"": 8, ""风伯"": 1, ""鲧"": 3, ""黄帝"": 134}"
GCI-HOLD-0002,615,data/CASIA-LM_ChineseWebText2.0_partial-000615.parquet,162043738,bc8d9e39125c2069703367f230a906cd13497c092d30346cb91b6984f34853ee,100000,1,1559,"{""九黎"": 25, ""共工"": 17, ""共工氏"": 1, ""后土"": 37, ""太昊"": 36, ""女娃"": 18, ""女娲"": 91, ""少昊"": 8, ""帝江"": 4, ""应龙"": 35, ""涿鹿"": 9, ""炎帝"": 31, ""神农"": 196, ""禹"": 652, ""精卫"": 21, ""蚩尤"": 89, ""赤帝"": 5, ""轩辕"": 125, ""轩辕氏"": 1, ""雨师"": 7, ""颛顼"": 5, ""风伯"": 4, ""鲧"": 11, ""黄帝"": 131}"
GCI-HOLD-0002,616,data/CASIA-LM_ChineseWebText2.0_partial-000616.parquet,162445121,c3a5466e24e857ad5b864d6babdc1d4af3280e7ba08dc466ea906cf44efb5f88,100000,1,1590,"{""九黎"": 39, ""共工"": 20, ""共工氏"": 1, ""句龙"": 1, ""后土"": 23, ""太昊"": 3, ""女娃"": 12, ""女娲"": 94, ""少昊"": 3, ""少皞"": 2, ""帝江"": 2, ""应龙"": 18, ""涿鹿"": 22, ""炎帝"": 32, ""神农"": 256, ""禹"": 653, ""精卫"": 12, ""蚩尤"": 78, ""赤帝"": 12, ""轩辕"": 137, ""轩辕氏"": 3, ""雨师"": 21, ""颛顼"": 8, ""风伯"": 22, ""鲧"": 6, ""黄帝"": 110}"
GCI-HOLD-0002,617,data/CASIA-LM_ChineseWebText2.0_partial-000617.parquet,162100719,d6da61f17800fade7c500c387f243285a34abfbe2b644e38e9da83e2bd9c586d,100000,1,1502,"{""九黎"": 43, ""共工"": 13, ""句龙"": 1, ""后土"": 14, ""太昊"": 4, ""女娃"": 14, ""女娲"": 137, ""少昊"": 2, ""帝江"": 10, ""帝鸿"": 1, ""应龙"": 15, ""有熊氏"": 1, ""榆罔"": 1, ""涿鹿"": 22, ""炎帝"": 30, ""神农"": 195, ""禹"": 687, ""精卫"": 30, ""蚩尤"": 37, ""赤帝"": 2, ""轩辕"": 127, ""轩辕氏"": 6, ""阪泉"": 1, ""雨师"": 4, ""颛顼"": 17, ""鲧"": 5, ""黄帝"": 83}"
GCI-HOLD-0002,618,data/CASIA-LM_ChineseWebText2.0_partial-000618.parquet,161614382,cdbeac9c0c6d7836c8e5b5e9566601c1986b49548a47feabb5fcce9b9497ee85,100000,1,1486,"{""九黎"": 20, ""共工"": 28, ""共工氏"": 1, ""后土"": 15, ""太昊"": 14, ""女娃"": 21, ""女娲"": 102, ""帝江"": 1, ""应龙"": 38, ""有熊氏"": 1, ""榆罔"": 1, ""涿鹿"": 54, ""炎帝"": 45, ""神农"": 153, ""禹"": 599, ""精卫"": 10, ""蚩尤"": 55, ""轩辕"": 150, ""轩辕氏"": 1, ""阪泉"": 5, ""雨师"": 3, ""颛顼"": 9, ""风伯"": 6, ""鲧"": 4, ""黄帝"": 149, ""黄帝氏"": 1}"
GCI-HOLD-0002,619,data/CASIA-LM_ChineseWebText2.0_partial-000619.parquet,161955838,6f7922e7222fa8f07b2ba7e89ec4f27304712e6d76af54bbb1f3a8e910d1ac72,100000,1,1379,"{""九黎"": 18, ""共工"": 18, ""后土"": 23, ""太昊"": 15, ""女娃"": 22, ""女娲"": 80, ""少昊"": 5, ""少皞"": 1, ""帝江"": 17, ""帝鸿"": 2, ""应龙"": 35, ""有熊氏"": 1, ""涿鹿"": 6, ""炎帝"": 26, ""神农"": 141, ""禹"": 582, ""精卫"": 15, ""缙云氏"": 1, ""蚩尤"": 31, ""赤帝"": 3, ""轩辕"": 179, ""轩辕氏"": 1, ""雨师"": 2, ""颛顼"": 9, ""鲧"": 2, ""黄帝"": 144}"
GCI-HOLD-0002,620,data/CASIA-LM_ChineseWebText2.0_partial-000620.parquet,161897090,eb44dfd35561ec7905accb5b3e75aab2117f9df8ef64f47f0bbf01c0a2b35960,100000,1,1516,"{""九黎"": 31, ""共工"": 10, ""后土"": 36, ""太昊"": 8, ""女娃"": 29, ""女娲"": 94, ""少昊"": 5, ""帝江"": 1, ""帝鸿"": 3, ""帝鸿氏"": 2, ""应龙"": 19, ""有熊氏"": 1, ""涿鹿"": 25, ""炎帝"": 64, ""神农"": 162, ""禹"": 632, ""精卫"": 14, ""蚩尤"": 29, ""赤帝"": 2, ""轩辕"": 185, ""轩辕氏"": 1, ""阪泉"": 3, ""雨师"": 16, ""颛顼"": 5, ""风伯"": 15, ""鲧"": 5, ""黄帝"": 119}"
GCI-HOLD-0002,621,data/CASIA-LM_ChineseWebText2.0_partial-000621.parquet,161445241,880abd1cfb61ed622efafede3b7ed2b8f8f68b1dae6fbbca437eaae392d03571,100000,1,1492,"{""九黎"": 8, ""共工"": 17, ""后土"": 39, ""太昊"": 9, ""女娃"": 19, ""女娲"": 92, ""少昊"": 1, ""帝江"": 3, ""帝鸿"": 1, ""帝鸿氏"": 1, ""应龙"": 28, ""有熊氏"": 2, ""涿鹿"": 5, ""炎帝"": 141, ""神农"": 278, ""禹"": 528, ""精卫"": 21, ""蚩尤"": 33, ""赤帝"": 2, ""轩辕"": 128, ""轩辕氏"": 4, ""阪泉"": 2, ""雨师"": 1, ""颛顼"": 11, ""鲧"": 8, ""黄帝"": 110}"
GCI-HOLD-0002,622,data/CASIA-LM_ChineseWebText2.0_partial-000622.parquet,161908563,19ed09a4ca0ee6b902eee8f37fdb711668aaa7705d13cde49d47888400393a67,100000,1,1433,"{""九黎"": 13, ""共工"": 28, ""共工氏"": 1, ""后土"": 34, ""太昊"": 14, ""女娃"": 19, ""女娲"": 98, ""少昊"": 5, ""少皞"": 2, ""帝江"": 3, ""应龙"": 18, ""榆罔"": 1, ""涿鹿"": 14, ""炎帝"": 25, ""神农"": 193, ""禹"": 589, ""精卫"": 22, ""蚩尤"": 50, ""赤帝"": 1, ""轩辕"": 187, ""雨师"": 13, ""颛顼"": 6, ""风伯"": 7, ""黄帝"": 90}"
GCI-HOLD-0002,623,data/CASIA-LM_ChineseWebText2.0_partial-000623.parquet,162081976,c08ac922461afa6fbd6de6798a54bd67400669be5a411fe0383e871449dde80e,100000,1,1387,"{""九黎"": 26, ""共工"": 19, ""后土"": 22, ""太昊"": 12, ""女娃"": 18, ""女娲"": 44, ""少昊"": 4, ""帝江"": 7, ""应龙"": 18, ""有熊氏"": 2, ""榆罔"": 3, ""涿鹿"": 16, ""炎帝"": 59, ""神农"": 222, ""禹"": 611, ""精卫"": 17, ""蚩尤"": 30, ""赤帝"": 1, ""轩辕"": 143, ""雨师"": 2, ""颛顼"": 6, ""鲧"": 1, ""黄帝"": 104}"
GCI-HOLD-0002,624,data/CASIA-LM_ChineseWebText2.0_partial-000624.parquet,161933826,d4af1fd06b62b8ed9acf6bd86f05b102ca785f2f0fd33634efceb81f08e1a615,100000,1,1546,"{""九黎"": 13, ""共工"": 12, ""共工氏"": 1, ""后土"": 23, ""太昊"": 3, ""太皞"": 1, ""女娃"": 20, ""女娲"": 95, ""少昊"": 10, ""帝江"": 13, ""帝鸿"": 5, ""应龙"": 30, ""涿鹿"": 16, ""炎帝"": 47, ""神农"": 239, ""禹"": 572, ""精卫"": 16, ""蚩尤"": 38, ""赤帝"": 4, ""轩辕"": 225, ""轩辕氏"": 1, ""雨师"": 9, ""颛顼"": 7, ""风伯"": 2, ""鲧"": 5, ""黄帝"": 139}"
GCI-HOLD-0002,625,data/CASIA-LM_ChineseWebText2.0_partial-000625.parquet,162365987,57a577846a21393e9e7f1288fbd3434d9e0d6d21d1818049dfec7f1631ee7836,100000,1,1454,"{""九黎"": 54, ""共工"": 17, ""共工氏"": 1, ""句龙"": 2, ""后土"": 34, ""太昊"": 7, ""女娃"": 15, ""女娲"": 77, ""少昊"": 12, ""少皞"": 3, ""帝江"": 2, ""应龙"": 28, ""有熊氏"": 5, ""涿鹿"": 7, ""炎帝"": 38, ""神农"": 128, ""禹"": 655, ""精卫"": 22, ""蚩尤"": 43, ""赤帝"": 10, ""轩辕"": 142, ""轩辕氏"": 2, ""阪泉"": 1, ""雨师"": 11, ""颛顼"": 4, ""风伯"": 8, ""鲧"": 2, ""黄帝"": 124}"
GCI-HOLD-0002,626,data/CASIA-LM_ChineseWebText2.0_partial-000626.parquet,161360970,e5a732127b309d6d2ec44f79553761bbb9f096b89bcba2d8c2ae6594c4c2aada,100000,1,1890,"{""九黎"": 17, ""共工"": 32, ""共工氏"": 8, ""后土"": 15, ""太昊"": 6, ""女娃"": 15, ""女娲"": 79, ""少昊"": 39, ""少皞"": 2, ""帝江"": 1, ""帝鸿"": 3, ""帝鸿氏"": 1, ""应龙"": 22, ""榆罔"": 2, ""涿鹿"": 10, ""炎帝"": 156, ""神农"": 198, ""禹"": 716, ""精卫"": 17, ""缙云氏"": 1, ""蚩尤"": 29, ""赤帝"": 4, ""轩辕"": 265, ""轩辕氏"": 5, ""雨师"": 12, ""颛顼"": 22, ""鲧"": 12, ""黄帝"": 201}"
GCI-HOLD-0002,627,data/CASIA-LM_ChineseWebText2.0_partial-000627.parquet,162361974,774ca964581dfc67d23d45d596a70f05bbc850c312a5adb9fb9746605755741a,100000,1,1582,"{""九黎"": 37, ""共工"": 15, ""后土"": 48, ""太昊"": 15, ""女娃"": 20, ""女娲"": 116, ""少昊"": 11, ""帝江"": 2, ""应龙"": 27, ""榆罔"": 1, ""涿鹿"": 17, ""炎帝"": 25, ""神农"": 186, ""禹"": 659, ""精卫"": 25, ""蚩尤"": 87, ""轩辕"": 164, ""雨师"": 3, ""颛顼"": 19, ""风伯"": 1, ""鲧"": 8, ""黄帝"": 96}"
GCI-HOLD-0002,628,data/CASIA-LM_ChineseWebText2.0_partial-000628.parquet,162179370,21ea0ba4c4a2e4b911a977cd89d63438084fc0860cc2662fc35479088e490bdb,100000,1,1308,"{""九黎"": 16, ""共工"": 10, ""后土"": 19, ""太昊"": 8, ""女娃"": 20, ""女娲"": 90, ""帝江"": 2, ""应龙"": 33, ""涿鹿"": 8, ""炎帝"": 55, ""神农"": 169, ""禹"": 583, ""精卫"": 18, ""蚩尤"": 28, ""轩辕"": 114, ""轩辕氏"": 1, ""阪泉"": 2, ""雨师"": 2, ""颛顼"": 5, ""鲧"": 14, ""黄帝"": 111}"
GCI-HOLD-0002,629,data/CASIA-LM_ChineseWebText2.0_partial-000629.parquet,172286135,1008d324e84e0481e0efd3fb0377d1d7c5c502f80abee5dc86ae6f30b9b4845b,100000,1,1780,"{""九黎"": 12, ""共工"": 29, ""后土"": 32, ""太昊"": 7, ""女娃"": 56, ""女娲"": 93, ""帝江"": 3, ""应龙"": 24, ""涿鹿"": 26, ""炎帝"": 40, ""神农"": 113, ""禹"": 615, ""精卫"": 14, ""蚩尤"": 104, ""赤帝"": 7, ""轩辕"": 428, ""轩辕氏"": 7, ""阪泉"": 1, ""雨师"": 1, ""颛顼"": 1, ""鲧"": 3, ""黄帝"": 164}"
GCI-HOLD-0002,630,data/CASIA-LM_ChineseWebText2.0_partial-000630.parquet,180250697,d5b6657e84a92319f2eb98339b3ccdd3f05aa4f0b3a02850f41d3ab95f05da61,100000,1,2611,"{""九黎"": 33, ""共工"": 36, ""共工氏"": 3, ""句龙"": 1, ""后土"": 42, ""太昊"": 5, ""女娃"": 65, ""女娲"": 183, ""少昊"": 2, ""帝江"": 9, ""帝鸿"": 5, ""应龙"": 40, ""有熊氏"": 2, ""涿鹿"": 9, ""炎帝"": 51, ""神农"": 222, ""禹"": 873, ""精卫"": 54, ""蚩尤"": 63, ""赤帝"": 13, ""轩辕"": 542, ""轩辕氏"": 4, ""雨师"": 12, ""颛顼"": 16, ""风伯"": 5, ""鲧"": 46, ""黄帝"": 274, ""黄帝氏"": 1}"
GCI-HOLD-0002,631,data/CASIA-LM_ChineseWebText2.0_partial-000631.parquet,181190597,b9f889b1b3dc59ceaaaaefd1d9de1c33f44bde412eddfae67e4a1c0035e419b0,100000,1,2528,"{""九黎"": 32, ""共工"": 22, ""共工氏"": 6, ""后土"": 59, ""女娃"": 89, ""女娲"": 226, ""少昊"": 16, ""少皞"": 5, ""帝江"": 13, ""应龙"": 104, ""有熊氏"": 2, ""榆罔"": 4, ""涿鹿"": 12, ""炎帝"": 82, ""神农"": 152, ""禹"": 863, ""精卫"": 30, ""蚩尤"": 62, ""赤帝"": 13, ""轩辕"": 548, ""轩辕氏"": 3, ""雨师"": 11, ""颛顼"": 5, ""风伯"": 11, ""鲧"": 10, ""黄帝"": 148}"
GCI-HOLD-0002,632,data/CASIA-LM_ChineseWebText2.0_partial-000632.parquet,181103683,62c113b842750c02c7d0fe24ecb1bdfb58826d1f58d41acef421d94c78dfce07,100000,1,2602,"{""九黎"": 15, ""共工"": 23, ""共工氏"": 2, ""后土"": 39, ""太昊"": 16, ""女娃"": 89, ""女娲"": 230, ""少昊"": 1, ""少皞"": 6, ""帝江"": 7, ""应龙"": 38, ""有熊氏"": 2, ""涿鹿"": 12, ""炎帝"": 67, ""神农"": 209, ""禹"": 879, ""精卫"": 25, ""蚩尤"": 67, ""赤帝"": 6, ""轩辕"": 590, ""轩辕氏"": 7, ""雨师"": 6, ""颛顼"": 14, ""风伯"": 5, ""鲧"": 25, ""黄帝"": 221, ""黄帝氏"": 1}"
GCI-HOLD-0002,633,data/CASIA-LM_ChineseWebText2.0_partial-000633.parquet,180182180,a080f25a3fad82a208d8af9cda5420876061fdd7334785d1e4a3f44ce908a1be,100000,1,2305,"{""九黎"": 53, ""共工"": 21, ""共工氏"": 1, ""后土"": 61, ""太昊"": 2, ""女娃"": 114, ""女娲"": 151, ""少昊"": 3, ""帝江"": 6, ""帝鸿"": 1, ""应龙"": 37, ""有熊氏"": 3, ""涿鹿"": 21, ""炎帝"": 56, ""神农"": 226, ""禹"": 853, ""精卫"": 32, ""缙云氏"": 3, ""蚩尤"": 78, ""赤帝"": 7, ""轩辕"": 393, ""轩辕氏"": 1, ""雨师"": 17, ""颛顼"": 8, ""风伯"": 4, ""鲧"": 12, ""黄帝"": 141}"
GCI-HOLD-0002,634,data/CASIA-LM_ChineseWebText2.0_partial-000634.parquet,179394350,d51c730bcb7d0070cac2b0b7e13ca4f41886b6230d8d7b5bc1609879788b0cd2,100000,1,2814,"{""九黎"": 10, ""共工"": 49, ""后土"": 44, ""太昊"": 1, ""女娃"": 119, ""女娲"": 136, ""少昊"": 8, ""帝江"": 13, ""应龙"": 33, ""榆罔"": 17, ""涿鹿"": 10, ""炎帝"": 82, ""神农"": 201, ""禹"": 819, ""精卫"": 12, ""蚩尤"": 197, ""赤帝"": 1, ""轩辕"": 722, ""轩辕氏"": 1, ""雨师"": 5, ""颛顼"": 16, ""风伯"": 5, ""鲧"": 58, ""黄帝"": 255}"
GCI-HOLD-0002,635,data/CASIA-LM_ChineseWebText2.0_partial-000635.parquet,181240067,03f1ead8610a430b7d2e04107a83290a3f2dc16b0af2b79cde0d46bdc3682581,100000,1,2705,"{""九黎"": 37, ""共工"": 22, ""共工氏"": 1, ""句龙"": 1, ""后土"": 42, ""太昊"": 4, ""太皞"": 3, ""女娃"": 105, ""女娲"": 263, ""少昊"": 3, ""少皞"": 1, ""帝江"": 5, ""应龙"": 26, ""涿鹿"": 5, ""炎帝"": 124, ""神农"": 260, ""禹"": 884, ""精卫"": 57, ""蚩尤"": 102, ""赤帝"": 6, ""轩辕"": 546, ""轩辕氏"": 4, ""雨师"": 53, ""颛顼"": 10, ""风伯"": 3, ""鲧"": 5, ""黄帝"": 133}"
GCI-HOLD-0002,636,data/CASIA-LM_ChineseWebText2.0_partial-000636.parquet,180170548,06b43666f360af7a585f6b81b00f10c3cb1d9e25fed45943374739ea1f0d193b,100000,1,2643,"{""九黎"": 15, ""共工"": 47, ""后土"": 46, ""太昊"": 1, ""女娃"": 86, ""女娲"": 189, ""少昊"": 14, ""帝江"": 14, ""帝鸿"": 12, ""应龙"": 30, ""有熊氏"": 18, ""涿鹿"": 11, ""炎帝"": 81, ""神农"": 196, ""禹"": 852, ""精卫"": 28, ""蚩尤"": 97, ""赤帝"": 3, ""轩辕"": 584, ""轩辕氏"": 3, ""雨师"": 23, ""颛顼"": 9, ""风伯"": 4, ""鲧"": 24, ""黄帝"": 256}"
GCI-HOLD-0002,637,data/CASIA-LM_ChineseWebText2.0_partial-000637.parquet,180565398,faf0df36a7e48cf0191fe75e503f6ce3842a397698067acbacd4ca40a068ccf9,100000,1,2771,"{""九黎"": 11, ""共工"": 34, ""共工氏"": 1, ""后土"": 80, ""太昊"": 3, ""女娃"": 87, ""女娲"": 166, ""少昊"": 5, ""帝江"": 12, ""应龙"": 28, ""涿鹿"": 19, ""炎帝"": 53, ""神农"": 167, ""禹"": 941, ""精卫"": 19, ""蚩尤"": 37, ""赤帝"": 4, ""轩辕"": 795, ""轩辕氏"": 7, ""雨师"": 37, ""颛顼"": 28, ""风伯"": 13, ""鲧"": 75, ""黄帝"": 149}"
GCI-HOLD-0002,638,data/CASIA-LM_ChineseWebText2.0_partial-000638.parquet,180434379,7446f98be84284ad49b2917350dae9a765eed3659c05a46e7b1f198af44d29be,100000,1,2978,"{""九黎"": 20, ""共工"": 31, ""共工氏"": 7, ""后土"": 69, ""太昊"": 19, ""太皞"": 1, ""女娃"": 87, ""女娲"": 166, ""少昊"": 3, ""帝江"": 2, ""应龙"": 32, ""有熊氏"": 2, ""涿鹿"": 15, ""炎帝"": 87, ""神农"": 265, ""禹"": 994, ""精卫"": 26, ""蚩尤"": 89, ""赤帝"": 4, ""轩辕"": 604, ""轩辕氏"": 4, ""雨师"": 14, ""颛顼"": 23, ""风伯"": 2, ""鲧"": 8, ""黄帝"": 404}"
GCI-HOLD-0002,639,data/CASIA-LM_ChineseWebText2.0_partial-000639.parquet,179936696,fa5edb8717c8042ee4c83032defdb3598ed42ee710047e33150e6f9d12f94c08,100000,1,2459,"{""九黎"": 78, ""共工"": 26, ""共工氏"": 1, ""后土"": 34, ""太昊"": 3, ""女娃"": 75, ""女娲"": 167, ""少昊"": 11, ""少皞"": 5, ""帝江"": 6, ""应龙"": 15, ""涿鹿"": 8, ""炎帝"": 90, ""神农"": 212, ""禹"": 841, ""精卫"": 35, ""蚩尤"": 83, ""赤帝"": 8, ""轩辕"": 498, ""轩辕氏"": 4, ""雨师"": 12, ""颛顼"": 44, ""风伯"": 1, ""鲧"": 29, ""黄帝"": 173}"
GCI-HOLD-0002,640,data/CASIA-LM_ChineseWebText2.0_partial-000640.parquet,330189002,197f628b612294e8417e7276bfae81f677c85d25ceeeab494f1464a21165b4a7,100000,1,6274,"{""九黎"": 143, ""共工"": 117, ""共工氏"": 15, ""后土"": 86, ""太昊"": 17, ""太皞"": 2, ""女娃"": 171, ""女娲"": 349, ""少昊"": 106, ""少皞"": 4, ""帝江"": 12, ""应龙"": 214, ""有熊氏"": 4, ""榆罔"": 2, ""涿鹿"": 39, ""炎帝"": 148, ""神农"": 423, ""禹"": 1492, ""精卫"": 288, ""蚩尤"": 319, ""赤帝"": 31, ""轩辕"": 1595, ""轩辕氏"": 13, ""阪泉"": 10, ""雨师"": 36, ""颛顼"": 39, ""风伯"": 49, ""鲧"": 21, ""黄帝"": 529}"
GCI-HOLD-0002,641,data/CASIA-LM_ChineseWebText2.0_partial-000641.parquet,357106779,9fa31a1cc8e89e1f703fd3291848155c760ad7d1eb143249516b39d28aefb997,100000,1,7239,"{""九黎"": 92, ""共工"": 128, ""共工氏"": 11, ""句龙"": 2, ""后土"": 122, ""太昊"": 29, ""太皞"": 1, ""女娃"": 160, ""女娲"": 427, ""少昊"": 59, ""少皞"": 10, ""帝江"": 19, ""帝鸿"": 14, ""应龙"": 234, ""有熊氏"": 12, ""榆罔"": 1, ""涿鹿"": 20, ""炎帝"": 261, ""神农"": 724, ""禹"": 2456, ""精卫"": 348, ""蚩尤"": 269, ""赤帝"": 20, ""轩辕"": 892, ""轩辕氏"": 15, ""阪泉"": 10, ""雨师"": 50, ""颛顼"": 71, ""风伯"": 21, ""鲧"": 53, ""黄帝"": 708}"
GCI-HOLD-0002,642,data/CASIA-LM_ChineseWebText2.0_partial-000642.parquet,358242951,8fba3a132644a6f661cca2c02fa82194303ee4746b0c2bd37a94ad512efd2a01,100000,1,7557,"{""九黎"": 169, ""共工"": 132, ""共工氏"": 11, ""句龙"": 1, ""后土"": 103, ""太昊"": 36, ""太皞"": 2, ""女娃"": 189, ""女娲"": 550, ""少昊"": 85, ""少皞"": 7, ""帝江"": 12, ""帝鸿"": 12, ""帝鸿氏"": 1, ""应龙"": 164, ""有熊氏"": 9, ""涿鹿"": 26, ""炎帝"": 223, ""神农"": 610, ""禹"": 2225, ""精卫"": 269, ""蚩尤"": 280, ""赤帝"": 29, ""轩辕"": 1255, ""轩辕氏"": 25, ""阪泉"": 9, ""雨师"": 43, ""颛顼"": 187, ""风伯"": 25, ""鲧"": 101, ""黄帝"": 764, ""黄帝氏"": 3}"
GCI-HOLD-0002,643,data/CASIA-LM_ChineseWebText2.0_partial-000643.parquet,355662927,9d8fd15f5f5aaf590438492a5ae428349646fdb805d7dd76c0d28827aaf4d40f,100000,1,6871,"{""九黎"": 101, ""共工"": 103, ""共工氏"": 4, ""后土"": 115, ""太昊"": 21, ""太皞"": 4, ""女娃"": 183, ""女娲"": 561, ""少昊"": 68, ""少皞"": 7, ""帝江"": 43, ""帝鸿"": 2, ""应龙"": 220, ""有熊氏"": 3, ""榆罔"": 4, ""涿鹿"": 15, ""炎帝"": 223, ""神农"": 598, ""禹"": 1716, ""精卫"": 318, ""蚩尤"": 481, ""赤帝"": 8, ""轩辕"": 1193, ""轩辕氏"": 11, ""阪泉"": 5, ""雨师"": 26, ""颛顼"": 50, ""风伯"": 20, ""鲧"": 100, ""黄帝"": 668}"
GCI-HOLD-0002,644,data/CASIA-LM_ChineseWebText2.0_partial-000644.parquet,356276616,3f062a42aef518261e83e68ac8e0cf9c89918d5cbbb5767b07f1d3eb00e24b87,100000,1,6969,"{""九黎"": 136, ""共工"": 129, ""共工氏"": 10, ""句龙"": 7, ""后土"": 158, ""太昊"": 29, ""女娃"": 149, ""女娲"": 715, ""少昊"": 26, ""少皞"": 12, ""帝江"": 25, ""帝鸿"": 9, ""帝鸿氏"": 7, ""应龙"": 188, ""有熊氏"": 7, ""榆罔"": 3, ""涿鹿"": 39, ""炎帝"": 193, ""神农"": 431, ""禹"": 1729, ""精卫"": 247, ""缙云氏"": 2, ""蚩尤"": 284, ""赤帝"": 2, ""轩辕"": 1354, ""轩辕氏"": 17, ""阪泉"": 14, ""雨师"": 20, ""颛顼"": 71, ""风伯"": 32, ""鲧"": 44, ""黄帝"": 878, ""黄帝氏"": 2}"
GCI-HOLD-0002,645,data/CASIA-LM_ChineseWebText2.0_partial-000645.parquet,354919839,20e0c56b03bf6023b82c8c9b3b08409be3af6d3779d695b36e6ade065c25cc74,100000,1,7269,"{""九黎"": 176, ""共工"": 153, ""共工氏"": 21, ""句龙"": 1, ""后土"": 114, ""太昊"": 133, ""太皞"": 3, ""女娃"": 243, ""女娲"": 542, ""少昊"": 69, ""少皞"": 3, ""帝江"": 12, ""帝鸿"": 1, ""应龙"": 223, ""有熊氏"": 3, ""榆罔"": 19, ""涿鹿"": 50, ""炎帝"": 285, ""神农"": 351, ""禹"": 1774, ""精卫"": 409, ""缙云氏"": 2, ""蚩尤"": 388, ""赤帝"": 35, ""轩辕"": 1301, ""轩辕氏"": 23, ""阪泉"": 14, ""雨师"": 46, ""颛顼"": 46, ""风伯"": 14, ""鲧"": 27, ""黄帝"": 785, ""黄帝氏"": 3}"
GCI-HOLD-0002,646,data/CASIA-LM_ChineseWebText2.0_partial-000646.parquet,357705050,f339a65367625fe38a22372d4b7cb30b676b54bb9267aef69880a4ce4f49071b,100000,1,7067,"{""九黎"": 199, ""共工"": 130, ""共工氏"": 3, ""句龙"": 1, ""后土"": 123, ""太昊"": 5, ""太皞"": 2, ""女娃"": 207, ""女娲"": 479, ""少昊"": 117, ""少皞"": 5, ""帝江"": 25, ""帝鸿"": 1, ""应龙"": 204, ""有熊氏"": 3, ""榆罔"": 3, ""涿鹿"": 20, ""炎帝"": 156, ""神农"": 530, ""禹"": 1932, ""精卫"": 376, ""缙云氏"": 2, ""蚩尤"": 288, ""赤帝"": 13, ""轩辕"": 1285, ""轩辕氏"": 20, ""阪泉"": 8, ""雨师"": 63, ""颛顼"": 54, ""风伯"": 29, ""鲧"": 77, ""黄帝"": 707}"
GCI-HOLD-0002,647,data/CASIA-LM_ChineseWebText2.0_partial-000647.parquet,358596503,bf285ee553811efc2cc3ce86856a0cc10006fdc7a07c746a52c66a1199379fda,100000,1,7121,"{""九黎"": 262, ""共工"": 144, ""共工氏"": 6, ""句龙"": 1, ""后土"": 80, ""太昊"": 25, ""太皞"": 6, ""女娃"": 180, ""女娲"": 505, ""少昊"": 31, ""少皞"": 2, ""帝江"": 24, ""帝鸿"": 8, ""应龙"": 242, ""有熊氏"": 9, ""榆罔"": 1, ""涿鹿"": 21, ""炎帝"": 200, ""神农"": 456, ""禹"": 1913, ""精卫"": 357, ""缙云氏"": 1, ""蚩尤"": 332, ""赤帝"": 20, ""轩辕"": 1221, ""轩辕氏"": 30, ""阪泉"": 8, ""雨师"": 32, ""颛顼"": 145, ""风伯"": 27, ""鲧"": 105, ""黄帝"": 727}"
GCI-HOLD-0002,648,data/CASIA-LM_ChineseWebText2.0_partial-000648.parquet,356343663,2ca032d6de1352f39481b77c9f7d3402028db27a934f6d3c4468b90cb7409318,100000,1,7403,"{""九黎"": 220, ""共工"": 133, ""共工氏"": 6, ""句龙"": 1, ""后土"": 151, ""太昊"": 19, ""太皞"": 9, ""女娃"": 197, ""女娲"": 997, ""少昊"": 60, ""少皞"": 1, ""帝江"": 18, ""帝鸿"": 11, ""应龙"": 156, ""有熊氏"": 2, ""涿鹿"": 28, ""炎帝"": 136, ""神农"": 536, ""禹"": 1980, ""精卫"": 308, ""蚩尤"": 250, ""赤帝"": 9, ""轩辕"": 1167, ""轩辕氏"": 24, ""阪泉"": 12, ""雨师"": 47, ""颛顼"": 88, ""风伯"": 45, ""鲧"": 33, ""黄帝"": 759}"
GCI-HOLD-0002,649,data/CASIA-LM_ChineseWebText2.0_partial-000649.parquet,293905824,a5675c4fbccda2e602482b16662410a1a7d82334752ea9e0c52e4c9cfc940475,100000,1,6701,"{""九黎"": 281, ""共工"": 133, ""共工氏"": 9, ""句龙"": 1, ""后土"": 223, ""太昊"": 13, ""太皞"": 4, ""女娃"": 179, ""女娲"": 348, ""少昊"": 153, ""帝江"": 50, ""帝鸿"": 2, ""应龙"": 185, ""榆罔"": 7, ""涿鹿"": 13, ""炎帝"": 157, ""神农"": 379, ""禹"": 1848, ""精卫"": 162, ""缙云氏"": 1, ""蚩尤"": 379, ""赤帝"": 13, ""轩辕"": 1295, ""轩辕氏"": 14, ""阪泉"": 2, ""雨师"": 60, ""颛顼"": 60, ""风伯"": 19, ""鲧"": 101, ""黄帝"": 610}"
GCI-HOLD-0002,650,data/CASIA-LM_ChineseWebText2.0_partial-000650.parquet,182407823,a81fd32faac59309d5209f1d31f4495e1655cc9009a091517965c08d39896f6b,100000,1,3062,"{""九黎"": 30, ""共工"": 56, ""共工氏"": 10, ""句龙"": 2, ""后土"": 22, ""太昊"": 33, ""女娃"": 129, ""女娲"": 166, ""少昊"": 46, ""少皞"": 1, ""帝江"": 17, ""应龙"": 53, ""涿鹿"": 14, ""炎帝"": 40, ""神农"": 201, ""禹"": 840, ""精卫"": 36, ""蚩尤"": 65, ""赤帝"": 5, ""轩辕"": 980, ""轩辕氏"": 4, ""雨师"": 6, ""颛顼"": 34, ""风伯"": 7, ""鲧"": 9, ""黄帝"": 256}"
GCI-HOLD-0002,651,data/CASIA-LM_ChineseWebText2.0_partial-000651.parquet,180819265,37a1caf4c0280049c6beaa311a44959768b6927b3014b27cc29f9311e5a7ca8e,100000,1,3363,"{""九黎"": 56, ""共工"": 66, ""共工氏"": 10, ""句龙"": 1, ""后土"": 115, ""太昊"": 18, ""太皞"": 1, ""女娃"": 95, ""女娲"": 179, ""少昊"": 28, ""少皞"": 1, ""帝江"": 14, ""帝鸿"": 1, ""帝鸿氏"": 1, ""应龙"": 40, ""有熊氏"": 2, ""涿鹿"": 31, ""炎帝"": 57, ""神农"": 229, ""禹"": 875, ""精卫"": 37, ""蚩尤"": 105, ""赤帝"": 13, ""轩辕"": 965, ""轩辕氏"": 8, ""雨师"": 19, ""颛顼"": 23, ""风伯"": 9, ""鲧"": 27, ""黄帝"": 337}"
GCI-HOLD-0002,652,data/CASIA-LM_ChineseWebText2.0_partial-000652.parquet,180891054,60586e4798b104856fa4bb4dce1c564ad5affc8fb35227c68261878e8749b5c7,100000,1,3001,"{""九黎"": 74, ""共工"": 66, ""共工氏"": 9, ""后土"": 75, ""太昊"": 8, ""女娃"": 81, ""女娲"": 191, ""少昊"": 15, ""帝江"": 10, ""应龙"": 66, ""有熊氏"": 4, ""榆罔"": 3, ""涿鹿"": 4, ""炎帝"": 37, ""神农"": 170, ""禹"": 786, ""精卫"": 18, ""蚩尤"": 271, ""赤帝"": 10, ""轩辕"": 746, ""轩辕氏"": 1, ""雨师"": 32, ""颛顼"": 14, ""风伯"": 47, ""鲧"": 46, ""黄帝"": 216, ""黄帝氏"": 1}"
GCI-HOLD-0002,653,data/CASIA-LM_ChineseWebText2.0_partial-000653.parquet,181495963,67f07f2c08a572731583b39b63514dc75874c1b94af1be25c44b51b423eef492,100000,1,3700,"{""九黎"": 97, ""共工"": 67, ""共工氏"": 6, ""句龙"": 4, ""后土"": 49, ""太昊"": 12, ""女娃"": 67, ""女娲"": 417, ""少昊"": 17, ""帝江"": 18, ""帝鸿"": 1, ""应龙"": 84, ""榆罔"": 1, ""涿鹿"": 14, ""炎帝"": 36, ""神农"": 245, ""禹"": 1025, ""精卫"": 22, ""蚩尤"": 186, ""赤帝"": 8, ""轩辕"": 942, ""轩辕氏"": 8, ""雨师"": 6, ""颛顼"": 14, ""风伯"": 8, ""鲧"": 59, ""黄帝"": 287}"
GCI-HOLD-0002,654,data/CASIA-LM_ChineseWebText2.0_partial-000654.parquet,180725747,fa40fa8414551a1883ff25a907d136de49482ddf98d64f8acb82a9f42b7ac953,100000,1,3344,"{""九黎"": 39, ""共工"": 83, ""共工氏"": 24, ""句龙"": 1, ""后土"": 21, ""太昊"": 43, ""女娃"": 80, ""女娲"": 229, ""少昊"": 6, ""帝江"": 3, ""应龙"": 41, ""有熊氏"": 1, ""涿鹿"": 3, ""炎帝"": 36, ""神农"": 201, ""禹"": 1002, ""精卫"": 31, ""缙云氏"": 1, ""蚩尤"": 112, ""赤帝"": 3, ""轩辕"": 1001, ""轩辕氏"": 6, ""雨师"": 27, ""颛顼"": 40, ""风伯"": 17, ""鲧"": 6, ""黄帝"": 287}"
GCI-HOLD-0002,655,data/CASIA-LM_ChineseWebText2.0_partial-000655.parquet,181486501,c5bf8788b8cbfd3d73eeee0fda78f7e958dd4e21c08e97af35397ecb2a5b001a,100000,1,3108,"{""九黎"": 28, ""共工"": 25, ""共工氏"": 6, ""后土"": 19, ""太昊"": 13, ""太皞"": 1, ""女娃"": 84, ""女娲"": 165, ""少昊"": 33, ""帝江"": 4, ""应龙"": 36, ""榆罔"": 1, ""涿鹿"": 12, ""炎帝"": 98, ""神农"": 255, ""禹"": 1080, ""精卫"": 30, ""缙云氏"": 1, ""蚩尤"": 58, ""赤帝"": 3, ""轩辕"": 795, ""轩辕氏"": 15, ""雨师"": 28, ""颛顼"": 22, ""风伯"": 4, ""鲧"": 4, ""黄帝"": 288}"
GCI-HOLD-0002,656,data/CASIA-LM_ChineseWebText2.0_partial-000656.parquet,182386820,54ee073f65f8563e5329f00c4b130352168f89646da35b099c7da6ad9c812a60,100000,1,3142,"{""九黎"": 57, ""共工"": 67, ""共工氏"": 18, ""句龙"": 1, ""后土"": 50, ""太昊"": 51, ""女娃"": 89, ""女娲"": 186, ""少昊"": 32, ""少皞"": 5, ""帝江"": 7, ""帝鸿"": 1, ""应龙"": 29, ""榆罔"": 4, ""炎帝"": 75, ""神农"": 203, ""禹"": 1002, ""精卫"": 31, ""蚩尤"": 73, ""赤帝"": 6, ""轩辕"": 718, ""轩辕氏"": 16, ""雨师"": 12, ""颛顼"": 51, ""风伯"": 10, ""鲧"": 29, ""黄帝"": 317, ""黄帝氏"": 2}"
GCI-HOLD-0002,657,data/CASIA-LM_ChineseWebText2.0_partial-000657.parquet,180904480,3e6c9c1b99727a0f8d2020ea491904387763c3e3b8654d11e0b8322e6fed88dc,100000,1,2935,"{""九黎"": 60, ""共工"": 52, ""共工氏"": 1, ""句龙"": 1, ""后土"": 56, ""太昊"": 16, ""太皞"": 1, ""女娃"": 91, ""女娲"": 262, ""少昊"": 33, ""少皞"": 5, ""帝江"": 18, ""帝鸿"": 1, ""帝鸿氏"": 1, ""应龙"": 59, ""涿鹿"": 12, ""炎帝"": 56, ""神农"": 208, ""禹"": 785, ""精卫"": 31, ""缙云氏"": 1, ""蚩尤"": 189, ""赤帝"": 7, ""轩辕"": 594, ""轩辕氏"": 2, ""雨师"": 7, ""颛顼"": 39, ""风伯"": 8, ""鲧"": 13, ""黄帝"": 326}"
GCI-HOLD-0002,658,data/CASIA-LM_ChineseWebText2.0_partial-000658.parquet,386808431,83fc30bcf9fba8fcde0524f2c1ca34fd1e2c684cd596eda7784c5fca2ff0bc4b,100000,1,8248,"{""九黎"": 64, ""共工"": 132, ""共工氏"": 12, ""句龙"": 1, ""后土"": 293, ""太昊"": 52, ""太皞"": 1, ""女娃"": 226, ""女娲"": 591, ""少昊"": 66, ""少皞"": 2, ""帝江"": 51, ""帝鸿"": 1, ""帝鸿氏"": 1, ""应龙"": 121, ""有熊氏"": 2, ""榆罔"": 2, ""涿鹿"": 36, ""炎帝"": 188, ""神农"": 466, ""禹"": 2295, ""精卫"": 517, ""缙云氏"": 1, ""蚩尤"": 333, ""赤帝"": 34, ""轩辕"": 1716, ""轩辕氏"": 27, ""阪泉"": 2, ""雨师"": 47, ""颛顼"": 38, ""风伯"": 22, ""鲧"": 57, ""黄帝"": 850, ""黄帝氏"": 1}"
GCI-HOLD-0002,659,data/CASIA-LM_ChineseWebText2.0_partial-000659.parquet,388740673,8ec19f3266a713080b874dac30ec604662eeef49565843ddfb4a805a3bfc1833,100000,1,9302,"{""九黎"": 96, ""共工"": 233, ""共工氏"": 25, ""句龙"": 11, ""后土"": 218, ""太昊"": 87, ""太皞"": 2, ""女娃"": 243, ""女娲"": 421, ""少昊"": 80, ""少皞"": 10, ""帝江"": 31, ""帝鸿"": 4, ""帝鸿氏"": 3, ""应龙"": 147, ""有熊氏"": 9, ""榆罔"": 4, ""涿鹿"": 72, ""炎帝"": 184, ""神农"": 373, ""禹"": 2426, ""精卫"": 500, ""缙云氏"": 3, ""蚩尤"": 387, ""赤帝"": 23, ""轩辕"": 2217, ""轩辕氏"": 13, ""阪泉"": 11, ""雨师"": 47, ""颛顼"": 220, ""风伯"": 42, ""鲧"": 92, ""黄帝"": 1068}"
GCI-HOLD-0002,660,data/CASIA-LM_ChineseWebText2.0_partial-000660.parquet,392657868,d9d9804fce80eacfd93b4b57ad70371868b1472d25a0dcebb66329d6d643dce5,100000,1,10466,"{""九黎"": 142, ""共工"": 166, ""共工氏"": 9, ""句龙"": 3, ""后土"": 389, ""太昊"": 107, ""女娃"": 237, ""女娲"": 548, ""少昊"": 122, ""少皞"": 8, ""帝江"": 37, ""帝鸿"": 18, ""应龙"": 103, ""有熊氏"": 12, ""涿鹿"": 36, ""炎帝"": 302, ""神农"": 451, ""禹"": 2859, ""精卫"": 474, ""缙云氏"": 2, ""蚩尤"": 639, ""赤帝"": 43, ""轩辕"": 2018, ""轩辕氏"": 21, ""阪泉"": 21, ""雨师"": 28, ""颛顼"": 453, ""风伯"": 32, ""鲧"": 149, ""黄帝"": 1037}"
GCI-HOLD-0002,661,data/CASIA-LM_ChineseWebText2.0_partial-000661.parquet,391705611,72edd1cf00a8ea6f759abae2302002dc1a5ca7ef5bf2d54590687091eef5473d,100000,1,9080,"{""九黎"": 171, ""共工"": 167, ""共工氏"": 29, ""句龙"": 2, ""后土"": 288, ""太昊"": 69, ""女娃"": 161, ""女娲"": 553, ""少昊"": 45, ""少皞"": 6, ""帝江"": 47, ""帝鸿"": 2, ""应龙"": 146, ""有熊氏"": 11, ""涿鹿"": 35, ""炎帝"": 156, ""神农"": 466, ""禹"": 2004, ""精卫"": 292, ""蚩尤"": 464, ""赤帝"": 22, ""轩辕"": 2795, ""轩辕氏"": 24, ""阪泉"": 11, ""雨师"": 59, ""颛顼"": 81, ""风伯"": 47, ""鲧"": 81, ""黄帝"": 844, ""黄帝氏"": 2}"
GCI-HOLD-0002,662,data/CASIA-LM_ChineseWebText2.0_partial-000662.parquet,258070300,095961bb297b924aa0b9dac4144154f83e94e46e6806455c24e19c225a0a42ad,100000,1,8865,"{""九黎"": 120, ""共工"": 245, ""共工氏"": 58, ""句龙"": 9, ""后土"": 398, ""太昊"": 154, ""太皞"": 8, ""女娃"": 69, ""女娲"": 461, ""少昊"": 113, ""少皞"": 3, ""帝江"": 12, ""帝鸿"": 5, ""帝鸿氏"": 1, ""应龙"": 98, ""有熊氏"": 31, ""榆罔"": 5, ""涿鹿"": 75, ""炎帝"": 215, ""神农"": 470, ""禹"": 2193, ""精卫"": 257, ""缙云氏"": 5, ""蚩尤"": 565, ""赤帝"": 29, ""轩辕"": 1069, ""轩辕氏"": 28, ""阪泉"": 23, ""雨师"": 40, ""颛顼"": 221, ""风伯"": 31, ""鲧"": 100, ""黄帝"": 1750, ""黄帝氏"": 4}"
GCI-HOLD-0002,663,data/CASIA-LM_ChineseWebText2.0_partial-000663.parquet,211747876,6a2c93833caf741685f3250bc9e21a8d150632952529ef52534c93554b869527,100000,1,8433,"{""九黎"": 144, ""共工"": 171, ""共工氏"": 27, ""句龙"": 23, ""后土"": 165, ""太昊"": 53, ""太皞"": 12, ""女娃"": 38, ""女娲"": 275, ""少昊"": 118, ""少皞"": 10, ""帝江"": 12, ""帝鸿"": 17, ""帝鸿氏"": 1, ""应龙"": 176, ""有熊氏"": 23, ""榆罔"": 21, ""涿鹿"": 122, ""炎帝"": 354, ""神农"": 619, ""禹"": 2535, ""精卫"": 246, ""缙云氏"": 14, ""蚩尤"": 649, ""赤帝"": 39, ""轩辕"": 449, ""轩辕氏"": 65, ""阪泉"": 54, ""雨师"": 62, ""颛顼"": 181, ""风伯"": 98, ""鲧"": 77, ""黄帝"": 1580, ""黄帝氏"": 3}"
GCI-HOLD-0002,664,data/CASIA-LM_ChineseWebText2.0_partial-000664.parquet,218499429,c0dcc0e5b1c66fad0c7b684896cd4ae21b8e6742a5d8d1fc3209a11a05ffe0dc,100000,1,5415,"{""九黎"": 13, ""共工"": 63, ""共工氏"": 8, ""句龙"": 1, ""后土"": 71, ""太昊"": 41, ""太皞"": 6, ""女娃"": 25, ""女娲"": 362, ""少昊"": 48, ""少皞"": 23, ""帝江"": 55, ""帝鸿"": 14, ""帝鸿氏"": 2, ""应龙"": 66, ""有熊氏"": 4, ""榆罔"": 4, ""涿鹿"": 32, ""炎帝"": 163, ""神农"": 417, ""禹"": 1881, ""精卫"": 493, ""缙云氏"": 9, ""蚩尤"": 134, ""赤帝"": 26, ""轩辕"": 279, ""轩辕氏"": 27, ""阪泉"": 16, ""雨师"": 19, ""颛顼"": 67, ""风伯"": 22, ""鲧"": 36, ""黄帝"": 987, ""黄帝氏"": 1}"
GCI-HOLD-0002,665,data/CASIA-LM_ChineseWebText2.0_partial-000665.parquet,223638543,4ab7efaa8db93596e26538907934ba9915b27be30b792e6cb339407f3cc4fd21,100000,1,4059,"{""九黎"": 17, ""共工"": 58, ""共工氏"": 5, ""句龙"": 1, ""后土"": 69, ""太昊"": 45, ""太皞"": 7, ""女娃"": 23, ""女娲"": 296, ""少昊"": 34, ""少皞"": 2, ""帝江"": 5, ""帝鸿"": 1, ""应龙"": 82, ""有熊氏"": 8, ""榆罔"": 1, ""涿鹿"": 18, ""炎帝"": 162, ""神农"": 407, ""禹"": 1197, ""精卫"": 108, ""缙云氏"": 5, ""蚩尤"": 141, ""赤帝"": 34, ""轩辕"": 454, ""轩辕氏"": 10, ""阪泉"": 5, ""雨师"": 16, ""颛顼"": 64, ""风伯"": 9, ""鲧"": 36, ""黄帝"": 738, ""黄帝氏"": 1}"
GCI-HOLD-0002,666,data/CASIA-LM_ChineseWebText2.0_partial-000666.parquet,221679178,fe08cc3a0ebfe90d5056e4707f411d1ac24eca52abd225cc4e7436ac187c981b,100000,1,3934,"{""九黎"": 21, ""共工"": 51, ""共工氏"": 10, ""句龙"": 2, ""后土"": 42, ""太昊"": 46, ""太皞"": 4, ""女娃"": 40, ""女娲"": 236, ""少昊"": 110, ""少皞"": 4, ""帝江"": 9, ""帝鸿"": 1, ""帝鸿氏"": 1, ""应龙"": 81, ""有熊氏"": 2, ""涿鹿"": 20, ""炎帝"": 110, ""神农"": 431, ""禹"": 1290, ""精卫"": 77, ""蚩尤"": 123, ""赤帝"": 13, ""轩辕"": 327, ""轩辕氏"": 18, ""阪泉"": 4, ""雨师"": 12, ""颛顼"": 73, ""风伯"": 9, ""鲧"": 17, ""黄帝"": 750}"
GCI-HOLD-0002,667,data/CASIA-LM_ChineseWebText2.0_partial-000667.parquet,224086109,860236171b9f86ec071ac7229396376dd670d383ff76605b544fff1714b758de,100000,1,4234,"{""九黎"": 9, ""共工"": 68, ""共工氏"": 10, ""句龙"": 1, ""后土"": 74, ""太昊"": 40, ""太皞"": 8, ""女娃"": 34, ""女娲"": 372, ""少昊"": 17, ""少皞"": 4, ""帝江"": 3, ""应龙"": 37, ""有熊氏"": 2, ""榆罔"": 3, ""涿鹿"": 42, ""炎帝"": 211, ""神农"": 641, ""禹"": 1259, ""精卫"": 117, ""蚩尤"": 164, ""赤帝"": 20, ""轩辕"": 283, ""轩辕氏"": 7, ""阪泉"": 9, ""雨师"": 13, ""颛顼"": 39, ""风伯"": 15, ""鲧"": 66, ""黄帝"": 665, ""黄帝氏"": 1}"
GCI-HOLD-0002,668,data/CASIA-LM_ChineseWebText2.0_partial-000668.parquet,221450630,4c6127d2ba76e6f7c457d0a3a13e3086a0105a02bf8ead261814e9855f1ab3d4,100000,1,4491,"{""九黎"": 16, ""共工"": 131, ""共工氏"": 22, ""句龙"": 9, ""后土"": 322, ""太昊"": 11, ""太皞"": 8, ""女娃"": 31, ""女娲"": 278, ""少昊"": 14, ""少皞"": 6, ""帝江"": 1, ""帝鸿"": 3, ""应龙"": 97, ""有熊氏"": 3, ""涿鹿"": 66, ""炎帝"": 203, ""神农"": 382, ""禹"": 1322, ""精卫"": 136, ""蚩尤"": 222, ""赤帝"": 8, ""轩辕"": 319, ""轩辕氏"": 4, ""阪泉"": 4, ""雨师"": 17, ""颛顼"": 57, ""风伯"": 14, ""鲧"": 10, ""黄帝"": 774, ""黄帝氏"": 1}"
GCI-HOLD-0002,669,data/CASIA-LM_ChineseWebText2.0_partial-000669.parquet,222817341,f2bff254a68ed09c9593bc69902af00958b2ef05c4139a8245f798148d78ebb8,100000,1,3974,"{""九黎"": 23, ""共工"": 42, ""共工氏"": 6, ""句龙"": 1, ""后土"": 46, ""太昊"": 33, ""太皞"": 3, ""女娃"": 27, ""女娲"": 281, ""少昊"": 48, ""少皞"": 6, ""帝江"": 3, ""帝鸿"": 2, ""应龙"": 70, ""有熊氏"": 2, ""榆罔"": 9, ""涿鹿"": 40, ""炎帝"": 205, ""神农"": 331, ""禹"": 1257, ""精卫"": 152, ""蚩尤"": 159, ""赤帝"": 12, ""轩辕"": 306, ""轩辕氏"": 26, ""阪泉"": 13, ""雨师"": 7, ""颛顼"": 77, ""风伯"": 11, ""鲧"": 41, ""黄帝"": 733, ""黄帝氏"": 2}"
GCI-HOLD-0002,670,data/CASIA-LM_ChineseWebText2.0_partial-000670.parquet,225729408,aec5cddf1a5d356035d305b257699ab7e674d880d21e55b25f8af7658509c2d0,100000,1,3603,"{""九黎"": 33, ""共工"": 45, ""共工氏"": 4, ""后土"": 42, ""太昊"": 13, ""太皞"": 1, ""女娃"": 33, ""女娲"": 235, ""少昊"": 35, ""少皞"": 7, ""帝江"": 2, ""帝鸿"": 5, ""帝鸿氏"": 2, ""应龙"": 73, ""有熊氏"": 1, ""榆罔"": 1, ""涿鹿"": 70, ""炎帝"": 96, ""神农"": 354, ""禹"": 1122, ""精卫"": 143, ""蚩尤"": 121, ""赤帝"": 7, ""轩辕"": 258, ""轩辕氏"": 6, ""阪泉"": 10, ""雨师"": 39, ""颛顼"": 106, ""风伯"": 8, ""鲧"": 24, ""黄帝"": 705, ""黄帝氏"": 2}"
GCI-HOLD-0002,671,data/CASIA-LM_ChineseWebText2.0_partial-000671.parquet,224481102,73f9a30b5b72a9e6be44ad70b30f718f54f86752407be477ca5abc5f4d8c3a1c,100000,1,3871,"{""九黎"": 11, ""共工"": 70, ""共工氏"": 8, ""后土"": 80, ""太昊"": 8, ""太皞"": 1, ""女娃"": 31, ""女娲"": 243, ""少昊"": 33, ""少皞"": 3, ""帝江"": 3, ""应龙"": 86, ""有熊氏"": 2, ""榆罔"": 1, ""涿鹿"": 45, ""炎帝"": 121, ""神农"": 388, ""禹"": 1060, ""精卫"": 249, ""蚩尤"": 133, ""赤帝"": 4, ""轩辕"": 387, ""轩辕氏"": 27, ""阪泉"": 5, ""雨师"": 28, ""颛顼"": 54, ""风伯"": 19, ""鲧"": 29, ""黄帝"": 741, ""黄帝氏"": 1}"
GCI-HOLD-0002,672,data/CASIA-LM_ChineseWebText2.0_partial-000672.parquet,224889706,0b6871b08044f9db3d421e74faac8e2bb4c3405a99184896ee0eef3b4761ca8b,100000,1,4788,"{""九黎"": 15, ""共工"": 259, ""共工氏"": 54, ""句龙"": 9, ""后土"": 67, ""太昊"": 48, ""太皞"": 4, ""女娃"": 45, ""女娲"": 228, ""少昊"": 45, ""少皞"": 4, ""帝江"": 13, ""帝鸿"": 4, ""帝鸿氏"": 3, ""应龙"": 119, ""有熊氏"": 6, ""涿鹿"": 35, ""炎帝"": 185, ""神农"": 616, ""禹"": 1320, ""精卫"": 126, ""缙云氏"": 2, ""蚩尤"": 121, ""赤帝"": 10, ""轩辕"": 444, ""轩辕氏"": 14, ""阪泉"": 5, ""雨师"": 10, ""颛顼"": 106, ""风伯"": 11, ""鲧"": 45, ""黄帝"": 815}"
GCI-HOLD-0002,673,data/CASIA-LM_ChineseWebText2.0_partial-000673.parquet,224615466,232fa826b10f4f8867f25b49572caea27a75547b400d1203510cb4f5084c8853,100000,1,4250,"{""九黎"": 6, ""共工"": 35, ""共工氏"": 4, ""后土"": 66, ""太昊"": 22, ""太皞"": 3, ""女娃"": 43, ""女娲"": 333, ""少昊"": 22, ""少皞"": 5, ""帝江"": 4, ""帝鸿"": 4, ""帝鸿氏"": 1, ""应龙"": 100, ""有熊氏"": 3, ""榆罔"": 5, ""涿鹿"": 38, ""炎帝"": 180, ""神农"": 481, ""禹"": 1264, ""精卫"": 79, ""蚩尤"": 110, ""赤帝"": 5, ""轩辕"": 314, ""轩辕氏"": 5, ""阪泉"": 4, ""雨师"": 38, ""颛顼"": 47, ""风伯"": 27, ""鲧"": 21, ""黄帝"": 981}"
GCI-HOLD-0002,674,data/CASIA-LM_ChineseWebText2.0_partial-000674.parquet,224658795,39c2d36a2d25b300d94b8d5363f1d260d38bbc018f3e97835912b0f6b07991f9,100000,1,4464,"{""九黎"": 109, ""共工"": 70, ""共工氏"": 11, ""句龙"": 4, ""后土"": 85, ""太昊"": 15, ""太皞"": 1, ""女娃"": 49, ""女娲"": 338, ""少昊"": 35, ""少皞"": 1, ""帝江"": 6, ""帝鸿"": 5, ""帝鸿氏"": 1, ""应龙"": 101, ""有熊氏"": 7, ""榆罔"": 2, ""涿鹿"": 48, ""炎帝"": 134, ""神农"": 407, ""禹"": 1461, ""精卫"": 91, ""蚩尤"": 125, ""赤帝"": 13, ""轩辕"": 257, ""轩辕氏"": 15, ""阪泉"": 7, ""雨师"": 16, ""颛顼"": 95, ""风伯"": 18, ""鲧"": 38, ""黄帝"": 892, ""黄帝氏"": 7}"
GCI-HOLD-0002,675,data/CASIA-LM_ChineseWebText2.0_partial-000675.parquet,222731225,ced3bf1ea5b0d32980b7f5cc179df166dcfca7a3062b6ab130d1c020e88bc84e,100000,1,4581,"{""九黎"": 37, ""共工"": 75, ""共工氏"": 5, ""后土"": 66, ""太昊"": 11, ""太皞"": 4, ""女娃"": 46, ""女娲"": 305, ""少昊"": 45, ""少皞"": 10, ""帝江"": 6, ""帝鸿"": 4, ""帝鸿氏"": 1, ""应龙"": 123, ""有熊氏"": 7, ""榆罔"": 20, ""涿鹿"": 44, ""炎帝"": 391, ""神农"": 542, ""禹"": 1268, ""精卫"": 114, ""蚩尤"": 129, ""赤帝"": 11, ""轩辕"": 367, ""轩辕氏"": 18, ""阪泉"": 9, ""雨师"": 6, ""颛顼"": 122, ""风伯"": 7, ""鲧"": 36, ""黄帝"": 751, ""黄帝氏"": 1}"
GCI-HOLD-0002,676,data/CASIA-LM_ChineseWebText2.0_partial-000676.parquet,222244954,4b33a2dea80bb705ab34c7817747ee8d93565e44054489024b7a4125b7607185,100000,1,4149,"{""九黎"": 20, ""共工"": 137, ""共工氏"": 18, ""句龙"": 11, ""后土"": 65, ""太昊"": 21, ""太皞"": 2, ""女娃"": 36, ""女娲"": 245, ""少昊"": 19, ""少皞"": 2, ""帝江"": 5, ""帝鸿"": 7, ""帝鸿氏"": 5, ""应龙"": 96, ""有熊氏"": 8, ""榆罔"": 2, ""涿鹿"": 63, ""炎帝"": 175, ""神农"": 370, ""禹"": 1251, ""精卫"": 114, ""缙云氏"": 3, ""蚩尤"": 126, ""赤帝"": 11, ""轩辕"": 260, ""轩辕氏"": 15, ""阪泉"": 18, ""雨师"": 17, ""颛顼"": 180, ""风伯"": 26, ""鲧"": 40, ""黄帝"": 780, ""黄帝氏"": 1}"
GCI-HOLD-0002,677,data/CASIA-LM_ChineseWebText2.0_partial-000677.parquet,223009781,66d84de47b5fba042e5c6a4cfdda87bcd95f763c820d559b9880357232074d7a,100000,1,3932,"{""九黎"": 26, ""共工"": 58, ""共工氏"": 9, ""句龙"": 1, ""后土"": 49, ""太昊"": 29, ""太皞"": 8, ""女娃"": 32, ""女娲"": 428, ""少昊"": 41, ""少皞"": 6, ""帝江"": 1, ""帝鸿"": 14, ""应龙"": 67, ""有熊氏"": 4, ""涿鹿"": 34, ""炎帝"": 93, ""神农"": 362, ""禹"": 1177, ""精卫"": 145, ""缙云氏"": 5, ""蚩尤"": 139, ""赤帝"": 8, ""轩辕"": 292, ""轩辕氏"": 15, ""阪泉"": 2, ""雨师"": 11, ""颛顼"": 60, ""风伯"": 6, ""鲧"": 35, ""黄帝"": 774, ""黄帝氏"": 1}"
GCI-HOLD-0002,678,data/CASIA-LM_ChineseWebText2.0_partial-000678.parquet,223646186,9222d09d8e6f7e08a268317f5014e49d19741c5710ab061ce3e6dfbc0acbcb66,100000,1,4392,"{""九黎"": 31, ""共工"": 58, ""共工氏"": 8, ""句龙"": 3, ""后土"": 72, ""太昊"": 35, ""太皞"": 2, ""女娃"": 21, ""女娲"": 244, ""少昊"": 119, ""少皞"": 8, ""帝江"": 3, ""帝鸿"": 4, ""应龙"": 38, ""有熊氏"": 2, ""榆罔"": 4, ""涿鹿"": 27, ""炎帝"": 197, ""神农"": 482, ""禹"": 1435, ""精卫"": 259, ""蚩尤"": 153, ""赤帝"": 11, ""轩辕"": 332, ""轩辕氏"": 9, ""阪泉"": 7, ""雨师"": 4, ""颛顼"": 58, ""风伯"": 6, ""鲧"": 37, ""黄帝"": 723}"
GCI-HOLD-0002,679,data/CASIA-LM_ChineseWebText2.0_partial-000679.parquet,224063010,199a42fe22bfabb037d1a3f7b59fcc283864b06effb5e759301c7183526a26c6,100000,1,4311,"{""九黎"": 12, ""共工"": 51, ""共工氏"": 15, ""句龙"": 4, ""后土"": 81, ""太昊"": 56, ""太皞"": 1, ""女娃"": 31, ""女娲"": 279, ""少昊"": 36, ""少皞"": 3, ""帝江"": 7, ""帝鸿"": 10, ""帝鸿氏"": 4, ""应龙"": 78, ""有熊氏"": 8, ""涿鹿"": 23, ""炎帝"": 154, ""神农"": 330, ""禹"": 1447, ""精卫"": 162, ""缙云氏"": 13, ""蚩尤"": 150, ""赤帝"": 19, ""轩辕"": 310, ""轩辕氏"": 11, ""阪泉"": 3, ""雨师"": 19, ""颛顼"": 93, ""风伯"": 18, ""鲧"": 76, ""黄帝"": 804, ""黄帝氏"": 3}"
GCI-HOLD-0002,680,data/CASIA-LM_ChineseWebText2.0_partial-000680.parquet,234032887,b082079174232d452aa58acfa14d72576abdec688eb7cb3a4809b0d513cb81fb,100000,1,4323,"{""九黎"": 35, ""共工"": 79, ""共工氏"": 11, ""句龙"": 11, ""后土"": 148, ""太昊"": 12, ""太皞"": 3, ""女娃"": 67, ""女娲"": 313, ""少昊"": 24, ""少皞"": 3, ""帝江"": 7, ""应龙"": 87, ""有熊氏"": 6, ""榆罔"": 5, ""涿鹿"": 23, ""炎帝"": 205, ""神农"": 562, ""禹"": 1246, ""精卫"": 221, ""蚩尤"": 111, ""赤帝"": 7, ""轩辕"": 339, ""轩辕氏"": 7, ""阪泉"": 4, ""雨师"": 17, ""颛顼"": 49, ""风伯"": 6, ""鲧"": 34, ""黄帝"": 681}"
GCI-HOLD-0002,681,data/CASIA-LM_ChineseWebText2.0_partial-000681.parquet,372982220,ad68fa7a83c3ab139875b54d54f42c481e5953fdbace84e3d44a4c21e064000b,100000,1,7339,"{""九黎"": 47, ""共工"": 206, ""共工氏"": 6, ""句龙"": 3, ""后土"": 281, ""太昊"": 24, ""女娃"": 209, ""女娲"": 658, ""少昊"": 32, ""少皞"": 2, ""帝江"": 154, ""帝鸿"": 1, ""应龙"": 198, ""有熊氏"": 2, ""榆罔"": 1, ""涿鹿"": 43, ""炎帝"": 233, ""神农"": 369, ""禹"": 2210, ""精卫"": 345, ""缙云氏"": 1, ""蚩尤"": 387, ""赤帝"": 18, ""轩辕"": 937, ""轩辕氏"": 16, ""阪泉"": 12, ""雨师"": 36, ""颛顼"": 55, ""风伯"": 21, ""鲧"": 71, ""黄帝"": 759, ""黄帝氏"": 2}"
GCI-HOLD-0002,682,data/CASIA-LM_ChineseWebText2.0_partial-000682.parquet,375645321,1e42257d9d9f8a8ee97803cf40ecbdee9f01ac4fc258d87c1242d13316cd5f2a,100000,1,8642,"{""九黎"": 137, ""共工"": 273, ""共工氏"": 35, ""句龙"": 2, ""后土"": 450, ""太昊"": 67, ""太皞"": 2, ""女娃"": 217, ""女娲"": 1213, ""少昊"": 33, ""少皞"": 5, ""帝江"": 135, ""帝鸿"": 11, ""帝鸿氏"": 3, ""应龙"": 73, ""有熊氏"": 5, ""榆罔"": 2, ""涿鹿"": 24, ""炎帝"": 211, ""神农"": 463, ""禹"": 2265, ""精卫"": 360, ""缙云氏"": 1, ""蚩尤"": 367, ""赤帝"": 54, ""轩辕"": 1245, ""轩辕氏"": 16, ""阪泉"": 7, ""雨师"": 26, ""颛顼"": 58, ""风伯"": 23, ""鲧"": 79, ""黄帝"": 780}"
GCI-HOLD-0002,683,data/CASIA-LM_ChineseWebText2.0_partial-000683.parquet,376064333,558d51380bed52a974795529dc04a06f89a23d4e95edd9d8084893d6050b8d4e,100000,1,8717,"{""九黎"": 94, ""共工"": 211, ""共工氏"": 18, ""句龙"": 2, ""后土"": 367, ""太昊"": 82, ""太皞"": 16, ""女娃"": 314, ""女娲"": 807, ""少昊"": 70, ""少皞"": 1, ""帝江"": 86, ""帝鸿"": 5, ""帝鸿氏"": 2, ""应龙"": 144, ""有熊氏"": 5, ""榆罔"": 2, ""涿鹿"": 61, ""炎帝"": 280, ""神农"": 553, ""禹"": 2534, ""精卫"": 371, ""缙云氏"": 28, ""蚩尤"": 322, ""赤帝"": 19, ""轩辕"": 1072, ""轩辕氏"": 25, ""阪泉"": 13, ""雨师"": 31, ""颛顼"": 108, ""风伯"": 45, ""鲧"": 71, ""黄帝"": 948, ""黄帝氏"": 10}"
GCI-HOLD-0002,684,data/CASIA-LM_ChineseWebText2.0_partial-000684.parquet,378328745,5583ee4ea22c3fae3f47f061e497e68d6a935045a71ac6fe2ea9656779c55d95,100000,1,8243,"{""九黎"": 62, ""共工"": 186, ""共工氏"": 9, ""句龙"": 1, ""后土"": 394, ""太昊"": 102, ""女娃"": 276, ""女娲"": 846, ""少昊"": 24, ""少皞"": 1, ""帝江"": 187, ""帝鸿"": 5, ""帝鸿氏"": 1, ""应龙"": 103, ""有熊氏"": 4, ""涿鹿"": 41, ""炎帝"": 185, ""神农"": 366, ""禹"": 2314, ""精卫"": 239, ""缙云氏"": 3, ""蚩尤"": 394, ""赤帝"": 31, ""轩辕"": 1384, ""轩辕氏"": 56, ""阪泉"": 12, ""雨师"": 32, ""颛顼"": 107, ""风伯"": 39, ""鲧"": 60, ""黄帝"": 779}"
GCI-HOLD-0002,685,data/CASIA-LM_ChineseWebText2.0_partial-000685.parquet,372112398,18316653908e5ba2693de6f5221258de612bdcb6ffc871a9690d061013e62d48,100000,1,8311,"{""九黎"": 101, ""共工"": 214, ""共工氏"": 11, ""后土"": 265, ""太昊"": 32, ""太皞"": 16, ""女娃"": 260, ""女娲"": 639, ""少昊"": 45, ""少皞"": 1, ""帝江"": 46, ""帝鸿"": 3, ""帝鸿氏"": 1, ""应龙"": 116, ""有熊氏"": 4, ""榆罔"": 5, ""涿鹿"": 45, ""炎帝"": 251, ""神农"": 728, ""禹"": 2648, ""精卫"": 302, ""缙云氏"": 1, ""蚩尤"": 295, ""赤帝"": 11, ""轩辕"": 1069, ""轩辕氏"": 28, ""阪泉"": 11, ""雨师"": 15, ""颛顼"": 84, ""风伯"": 21, ""鲧"": 82, ""黄帝"": 961}"
GCI-HOLD-0002,686,data/CASIA-LM_ChineseWebText2.0_partial-000686.parquet,248867620,8b989304b262f071054ea4fa603e6ce816125bfbf7a73951a8fb1c25878ba095,100000,1,4641,"{""九黎"": 52, ""共工"": 70, ""共工氏"": 21, ""句龙"": 1, ""后土"": 112, ""太昊"": 12, ""太皞"": 1, ""女娃"": 64, ""女娲"": 376, ""少昊"": 20, ""帝江"": 2, ""帝鸿"": 3, ""帝鸿氏"": 3, ""应龙"": 80, ""有熊氏"": 11, ""榆罔"": 3, ""涿鹿"": 41, ""炎帝"": 152, ""神农"": 493, ""禹"": 1434, ""精卫"": 117, ""缙云氏"": 1, ""蚩尤"": 161, ""赤帝"": 17, ""轩辕"": 437, ""轩辕氏"": 17, ""阪泉"": 3, ""雨师"": 15, ""颛顼"": 70, ""风伯"": 31, ""鲧"": 31, ""黄帝"": 790}"
GCI-HOLD-0002,687,data/CASIA-LM_ChineseWebText2.0_partial-000687.parquet,223245256,2031a1bd1b5c1f39c7881c217b9a27f4293ac3f3cd57b776976d977ba7975345,100000,1,3821,"{""九黎"": 19, ""共工"": 101, ""共工氏"": 35, ""句龙"": 5, ""后土"": 60, ""太昊"": 18, ""太皞"": 2, ""女娃"": 32, ""女娲"": 243, ""少昊"": 39, ""少皞"": 5, ""帝江"": 9, ""帝鸿"": 3, ""帝鸿氏"": 2, ""应龙"": 73, ""有熊氏"": 1, ""榆罔"": 4, ""涿鹿"": 39, ""炎帝"": 159, ""神农"": 425, ""禹"": 1188, ""精卫"": 99, ""缙云氏"": 14, ""蚩尤"": 99, ""赤帝"": 17, ""轩辕"": 352, ""轩辕氏"": 6, ""阪泉"": 6, ""雨师"": 12, ""颛顼"": 53, ""风伯"": 6, ""鲧"": 54, ""黄帝"": 641}"
GCI-HOLD-0002,688,data/CASIA-LM_ChineseWebText2.0_partial-000688.parquet,224419098,e7f803c44200753851281300a29ae9eb57e2f455463b5d0342eb3fa3db6737c1,100000,1,4428,"{""九黎"": 43, ""共工"": 72, ""共工氏"": 6, ""句龙"": 4, ""后土"": 41, ""太昊"": 6, ""太皞"": 1, ""女娃"": 47, ""女娲"": 271, ""少昊"": 47, ""少皞"": 3, ""帝江"": 6, ""帝鸿"": 3, ""应龙"": 132, ""榆罔"": 14, ""涿鹿"": 45, ""炎帝"": 159, ""神农"": 366, ""禹"": 1562, ""精卫"": 68, ""缙云氏"": 3, ""蚩尤"": 172, ""赤帝"": 9, ""轩辕"": 385, ""轩辕氏"": 52, ""阪泉"": 7, ""雨师"": 5, ""颛顼"": 42, ""风伯"": 6, ""鲧"": 92, ""黄帝"": 758, ""黄帝氏"": 1}"
GCI-HOLD-0002,689,data/CASIA-LM_ChineseWebText2.0_partial-000689.parquet,222239748,201980fb1b3d5d82b7c8647581aa8693e6b4261ec4d4faec1084dd00d25938c7,100000,1,4137,"{""九黎"": 16, ""共工"": 51, ""共工氏"": 2, ""句龙"": 1, ""后土"": 66, ""太昊"": 19, ""太皞"": 1, ""女娃"": 26, ""女娲"": 271, ""少昊"": 24, ""少皞"": 2, ""帝江"": 12, ""帝鸿"": 3, ""应龙"": 74, ""榆罔"": 2, ""涿鹿"": 28, ""炎帝"": 122, ""神农"": 419, ""禹"": 1318, ""精卫"": 106, ""蚩尤"": 98, ""赤帝"": 14, ""轩辕"": 510, ""轩辕氏"": 7, ""阪泉"": 6, ""雨师"": 7, ""颛顼"": 81, ""风伯"": 13, ""鲧"": 24, ""黄帝"": 814}"
GCI-HOLD-0002,690,data/CASIA-LM_ChineseWebText2.0_partial-000690.parquet,222882817,8312d7c7b725ddf371f38da5025e37e06ced2e73f7e7eee46f4ee638d7dd0660,100000,1,4108,"{""九黎"": 21, ""共工"": 55, ""共工氏"": 4, ""句龙"": 3, ""后土"": 64, ""太昊"": 10, ""太皞"": 4, ""女娃"": 52, ""女娲"": 347, ""少昊"": 38, ""少皞"": 4, ""帝江"": 4, ""应龙"": 26, ""有熊氏"": 2, ""榆罔"": 2, ""涿鹿"": 29, ""炎帝"": 110, ""神农"": 449, ""禹"": 1448, ""精卫"": 111, ""缙云氏"": 1, ""蚩尤"": 86, ""赤帝"": 11, ""轩辕"": 309, ""轩辕氏"": 5, ""阪泉"": 3, ""雨师"": 35, ""颛顼"": 101, ""风伯"": 29, ""鲧"": 38, ""黄帝"": 706, ""黄帝氏"": 1}"
GCI-HOLD-0002,691,data/CASIA-LM_ChineseWebText2.0_partial-000691.parquet,221974472,b75796c54ff10ac351fb0409b07d8dd96cf3da8d3bf98c91b284d92be2dff445,100000,1,4064,"{""九黎"": 37, ""共工"": 101, ""共工氏"": 5, ""句龙"": 7, ""后土"": 58, ""太昊"": 26, ""太皞"": 4, ""女娃"": 40, ""女娲"": 250, ""少昊"": 21, ""少皞"": 2, ""帝江"": 8, ""帝鸿"": 9, ""应龙"": 87, ""涿鹿"": 23, ""炎帝"": 116, ""神农"": 351, ""禹"": 1501, ""精卫"": 102, ""蚩尤"": 233, ""赤帝"": 11, ""轩辕"": 284, ""轩辕氏"": 7, ""阪泉"": 1, ""雨师"": 4, ""颛顼"": 63, ""风伯"": 6, ""鲧"": 32, ""黄帝"": 675}"
GCI-HOLD-0002,692,data/CASIA-LM_ChineseWebText2.0_partial-000692.parquet,223537362,d2a22b9e289551229cd008335963684d9057c54184066dbab3751d9be04880f1,100000,1,4960,"{""九黎"": 31, ""共工"": 76, ""共工氏"": 3, ""句龙"": 23, ""后土"": 21, ""太昊"": 25, ""太皞"": 13, ""女娃"": 63, ""女娲"": 276, ""少昊"": 34, ""少皞"": 7, ""帝江"": 6, ""帝鸿"": 13, ""帝鸿氏"": 4, ""应龙"": 67, ""有熊氏"": 8, ""榆罔"": 2, ""涿鹿"": 58, ""炎帝"": 197, ""神农"": 466, ""禹"": 1314, ""精卫"": 239, ""缙云氏"": 1, ""蚩尤"": 194, ""赤帝"": 13, ""轩辕"": 503, ""轩辕氏"": 35, ""阪泉"": 20, ""雨师"": 15, ""颛顼"": 82, ""风伯"": 21, ""鲧"": 65, ""黄帝"": 1065}"
GCI-HOLD-0002,693,data/CASIA-LM_ChineseWebText2.0_partial-000693.parquet,224858184,863a087715e90b1e428695f2983be1142ed23777fec16a641fbf87d19a264aed,100000,1,3836,"{""九黎"": 14, ""共工"": 63, ""共工氏"": 7, ""句龙"": 3, ""后土"": 46, ""太昊"": 13, ""太皞"": 3, ""女娃"": 44, ""女娲"": 296, ""少昊"": 13, ""少皞"": 4, ""帝江"": 14, ""帝鸿"": 2, ""帝鸿氏"": 1, ""应龙"": 72, ""有熊氏"": 2, ""榆罔"": 4, ""涿鹿"": 22, ""炎帝"": 215, ""神农"": 417, ""禹"": 1144, ""精卫"": 137, ""缙云氏"": 1, ""蚩尤"": 117, ""赤帝"": 14, ""轩辕"": 390, ""轩辕氏"": 9, ""阪泉"": 5, ""雨师"": 39, ""颛顼"": 41, ""风伯"": 17, ""鲧"": 13, ""黄帝"": 653, ""黄帝氏"": 1}"
GCI-HOLD-0002,694,data/CASIA-LM_ChineseWebText2.0_partial-000694.parquet,225279055,ed522ef3d7fe459c790d3cc1800678da5c80a26f5be0e000bd4d4163fde2d789,100000,1,3578,"{""九黎"": 15, ""共工"": 37, ""共工氏"": 1, ""后土"": 52, ""太昊"": 3, ""太皞"": 4, ""女娃"": 67, ""女娲"": 194, ""少昊"": 32, ""少皞"": 6, ""帝江"": 2, ""应龙"": 57, ""有熊氏"": 3, ""涿鹿"": 32, ""炎帝"": 122, ""神农"": 508, ""禹"": 1257, ""精卫"": 141, ""蚩尤"": 73, ""赤帝"": 24, ""轩辕"": 245, ""轩辕氏"": 8, ""雨师"": 13, ""颛顼"": 28, ""风伯"": 20, ""鲧"": 7, ""黄帝"": 626, ""黄帝氏"": 1}"
GCI-HOLD-0002,695,data/CASIA-LM_ChineseWebText2.0_partial-000695.parquet,223960886,d69e624e4ccdc62b77212385df01d17e964f45f612d0c83aa450800fde43ab20,100000,1,4213,"{""九黎"": 32, ""共工"": 96, ""共工氏"": 5, ""后土"": 48, ""太昊"": 16, ""太皞"": 4, ""女娃"": 81, ""女娲"": 221, ""少昊"": 38, ""少皞"": 8, ""帝江"": 16, ""帝鸿"": 1, ""帝鸿氏"": 1, ""应龙"": 111, ""有熊氏"": 4, ""榆罔"": 2, ""涿鹿"": 40, ""炎帝"": 153, ""神农"": 396, ""禹"": 1383, ""精卫"": 114, ""蚩尤"": 140, ""赤帝"": 6, ""轩辕"": 301, ""轩辕氏"": 9, ""阪泉"": 7, ""雨师"": 19, ""颛顼"": 74, ""风伯"": 17, ""鲧"": 67, ""黄帝"": 803}"
GCI-HOLD-0002,696,data/CASIA-LM_ChineseWebText2.0_partial-000696.parquet,224221943,222a52f529f6e597d1ffe9f81f873603f6a071a4826e19c6d3d2565dd1016dfd,100000,1,5006,"{""九黎"": 44, ""共工"": 107, ""共工氏"": 41, ""后土"": 86, ""太昊"": 17, ""太皞"": 7, ""女娃"": 40, ""女娲"": 231, ""少昊"": 44, ""少皞"": 2, ""帝江"": 43, ""帝鸿"": 4, ""帝鸿氏"": 4, ""应龙"": 133, ""有熊氏"": 3, ""榆罔"": 29, ""涿鹿"": 53, ""炎帝"": 223, ""神农"": 430, ""禹"": 1460, ""精卫"": 178, ""缙云氏"": 9, ""蚩尤"": 297, ""赤帝"": 9, ""轩辕"": 374, ""轩辕氏"": 40, ""阪泉"": 13, ""雨师"": 9, ""颛顼"": 169, ""风伯"": 18, ""鲧"": 45, ""黄帝"": 844}"
GCI-HOLD-0002,697,data/CASIA-LM_ChineseWebText2.0_partial-000697.parquet,222887316,fc4f7f393ab5e3055118907d0cae6cf47c292731ae0f6533c9d220fb84ced4a3,100000,1,3775,"{""九黎"": 6, ""共工"": 58, ""共工氏"": 1, ""句龙"": 7, ""后土"": 44, ""太昊"": 11, ""太皞"": 2, ""女娃"": 38, ""女娲"": 225, ""少昊"": 19, ""少皞"": 6, ""帝江"": 3, ""帝鸿"": 2, ""帝鸿氏"": 1, ""应龙"": 57, ""有熊氏"": 2, ""榆罔"": 6, ""涿鹿"": 37, ""炎帝"": 166, ""神农"": 369, ""禹"": 1408, ""精卫"": 89, ""蚩尤"": 110, ""赤帝"": 13, ""轩辕"": 285, ""轩辕氏"": 7, ""阪泉"": 34, ""雨师"": 6, ""颛顼"": 36, ""风伯"": 5, ""鲧"": 43, ""黄帝"": 679}"
GCI-HOLD-0002,698,data/CASIA-LM_ChineseWebText2.0_partial-000698.parquet,222896326,13e39dcdd9b9b3ad5b103d2b978f5e80fd1f5ca2afbb2b5ed8ad8b111e8457bf,100000,1,3999,"{""九黎"": 9, ""共工"": 76, ""共工氏"": 14, ""句龙"": 6, ""后土"": 86, ""太昊"": 37, ""太皞"": 5, ""女娃"": 39, ""女娲"": 265, ""少昊"": 35, ""少皞"": 2, ""帝江"": 2, ""应龙"": 50, ""涿鹿"": 39, ""炎帝"": 136, ""神农"": 615, ""禹"": 1340, ""精卫"": 85, ""蚩尤"": 89, ""赤帝"": 9, ""轩辕"": 301, ""轩辕氏"": 11, ""阪泉"": 1, ""雨师"": 9, ""颛顼"": 47, ""风伯"": 9, ""鲧"": 27, ""黄帝"": 655}"
GCI-HOLD-0002,699,data/CASIA-LM_ChineseWebText2.0_partial-000699.parquet,224711532,a746661726cd14db36b69103cecfb9f90f81c7f5e8595335f762e1b037b0da5c,100000,1,4193,"{""九黎"": 23, ""共工"": 49, ""共工氏"": 5, ""句龙"": 9, ""后土"": 66, ""太昊"": 15, ""太皞"": 2, ""女娃"": 57, ""女娲"": 253, ""少昊"": 33, ""少皞"": 3, ""帝江"": 3, ""帝鸿"": 1, ""帝鸿氏"": 1, ""应龙"": 72, ""有熊氏"": 5, ""榆罔"": 1, ""涿鹿"": 34, ""炎帝"": 136, ""神农"": 437, ""禹"": 1297, ""精卫"": 109, ""蚩尤"": 196, ""赤帝"": 17, ""轩辕"": 357, ""轩辕氏"": 12, ""阪泉"": 5, ""雨师"": 10, ""颛顼"": 72, ""风伯"": 11, ""鲧"": 44, ""黄帝"": 858}"
GCI-HOLD-0002,700,data/CASIA-LM_ChineseWebText2.0_partial-000700.parquet,224192745,5ed4241040d55a71da9dea4667a6bb1e5ebe0d0894c67b96bae9e2d8809f4993,100000,1,3723,"{""九黎"": 15, ""共工"": 58, ""共工氏"": 2, ""后土"": 51, ""太昊"": 12, ""女娃"": 33, ""女娲"": 333, ""少昊"": 19, ""少皞"": 2, ""帝江"": 1, ""帝鸿"": 3, ""帝鸿氏"": 3, ""应龙"": 50, ""有熊氏"": 4, ""涿鹿"": 32, ""炎帝"": 109, ""神农"": 380, ""禹"": 1407, ""精卫"": 139, ""缙云氏"": 2, ""蚩尤"": 83, ""赤帝"": 4, ""轩辕"": 261, ""轩辕氏"": 14, ""阪泉"": 5, ""雨师"": 7, ""颛顼"": 62, ""风伯"": 12, ""鲧"": 47, ""黄帝"": 571, ""黄帝氏"": 2}"
GCI-HOLD-0002,701,data/CASIA-LM_ChineseWebText2.0_partial-000701.parquet,224327080,c1d4f8ac591db6c25b2d6f5b1c912499d63a5490e292e49f721215d4663d0851,100000,1,5201,"{""九黎"": 41, ""共工"": 57, ""共工氏"": 4, ""句龙"": 1, ""后土"": 76, ""太昊"": 21, ""太皞"": 2, ""女娃"": 54, ""女娲"": 265, ""少昊"": 98, ""少皞"": 4, ""帝江"": 6, ""帝鸿"": 10, ""应龙"": 92, ""有熊氏"": 7, ""榆罔"": 2, ""涿鹿"": 65, ""炎帝"": 277, ""神农"": 552, ""禹"": 1363, ""精卫"": 132, ""蚩尤"": 314, ""赤帝"": 31, ""轩辕"": 281, ""轩辕氏"": 17, ""阪泉"": 18, ""雨师"": 150, ""颛顼"": 77, ""风伯"": 97, ""鲧"": 35, ""黄帝"": 1045, ""黄帝氏"": 7}"
GCI-HOLD-0002,702,data/CASIA-LM_ChineseWebText2.0_partial-000702.parquet,224307169,8dab9911287545c4b8811e9294939c0b2f3c680382eb6f6d69670c7e996a6693,100000,1,4147,"{""九黎"": 22, ""共工"": 68, ""共工氏"": 6, ""句龙"": 4, ""后土"": 116, ""太昊"": 28, ""太皞"": 2, ""女娃"": 45, ""女娲"": 314, ""少昊"": 38, ""少皞"": 9, ""帝江"": 8, ""帝鸿"": 1, ""帝鸿氏"": 1, ""应龙"": 48, ""有熊氏"": 4, ""榆罔"": 2, ""涿鹿"": 59, ""炎帝"": 194, ""神农"": 446, ""禹"": 1282, ""精卫"": 62, ""蚩尤"": 152, ""赤帝"": 16, ""轩辕"": 333, ""轩辕氏"": 11, ""阪泉"": 10, ""雨师"": 4, ""颛顼"": 100, ""风伯"": 4, ""鲧"": 78, ""黄帝"": 680}"
GCI-HOLD-0002,703,data/CASIA-LM_ChineseWebText2.0_partial-000703.parquet,223494333,fd3e013d9472b33c5abe03f87b6c7be0409529c9ba203146c052bdf8406eee8d,100000,1,4516,"{""九黎"": 14, ""共工"": 95, ""共工氏"": 23, ""句龙"": 2, ""后土"": 50, ""太昊"": 29, ""太皞"": 2, ""女娃"": 29, ""女娲"": 268, ""少昊"": 26, ""少皞"": 2, ""帝江"": 22, ""帝鸿"": 6, ""帝鸿氏"": 2, ""应龙"": 251, ""有熊氏"": 6, ""涿鹿"": 30, ""炎帝"": 136, ""神农"": 379, ""禹"": 1357, ""精卫"": 114, ""缙云氏"": 4, ""蚩尤"": 181, ""赤帝"": 8, ""轩辕"": 335, ""轩辕氏"": 16, ""阪泉"": 7, ""雨师"": 14, ""颛顼"": 70, ""风伯"": 13, ""鲧"": 28, ""黄帝"": 997}"
GCI-HOLD-0002,704,data/CASIA-LM_ChineseWebText2.0_partial-000704.parquet,223598788,6eb828481153bd8d5ea177090a177928210db8cb1ed101c4b9caaac8b5050683,100000,1,4429,"{""九黎"": 50, ""共工"": 61, ""共工氏"": 13, ""句龙"": 1, ""后土"": 46, ""太昊"": 48, ""太皞"": 4, ""女娃"": 42, ""女娲"": 278, ""少昊"": 34, ""少皞"": 7, ""帝江"": 1, ""帝鸿"": 1, ""帝鸿氏"": 1, ""应龙"": 65, ""有熊氏"": 1, ""榆罔"": 3, ""涿鹿"": 109, ""炎帝"": 219, ""神农"": 507, ""禹"": 1311, ""精卫"": 126, ""缙云氏"": 13, ""蚩尤"": 394, ""赤帝"": 13, ""轩辕"": 208, ""轩辕氏"": 9, ""阪泉"": 19, ""雨师"": 12, ""颛顼"": 72, ""风伯"": 8, ""鲧"": 36, ""黄帝"": 715, ""黄帝氏"": 2}"
GCI-HOLD-0002,705,data/CASIA-LM_ChineseWebText2.0_partial-000705.parquet,223774547,5ef28649f20fa31b94586dd3bcd5ebea5760d5068967278d3f003eb75692352f,100000,1,5145,"{""九黎"": 15, ""共工"": 49, ""共工氏"": 2, ""后土"": 68, ""太昊"": 30, ""太皞"": 7, ""女娃"": 34, ""女娲"": 275, ""少昊"": 93, ""少皞"": 6, ""帝江"": 5, ""帝鸿"": 3, ""帝鸿氏"": 3, ""应龙"": 134, ""有熊氏"": 17, ""榆罔"": 3, ""涿鹿"": 120, ""炎帝"": 245, ""神农"": 555, ""禹"": 1473, ""精卫"": 242, ""缙云氏"": 2, ""蚩尤"": 171, ""赤帝"": 28, ""轩辕"": 346, ""轩辕氏"": 14, ""阪泉"": 16, ""雨师"": 21, ""颛顼"": 77, ""风伯"": 18, ""鲧"": 24, ""黄帝"": 1048, ""黄帝氏"": 1}"
GCI-HOLD-0002,706,data/CASIA-LM_ChineseWebText2.0_partial-000706.parquet,224273599,21609d845f3e5d4697399a02443b8b5aed3b3355d965fff7b7098ffb318b47b6,100000,1,4966,"{""九黎"": 25, ""共工"": 120, ""共工氏"": 11, ""句龙"": 1, ""后土"": 42, ""太昊"": 28, ""太皞"": 10, ""女娃"": 44, ""女娲"": 343, ""少昊"": 44, ""少皞"": 12, ""帝江"": 13, ""帝鸿"": 18, ""帝鸿氏"": 7, ""应龙"": 85, ""有熊氏"": 3, ""涿鹿"": 27, ""炎帝"": 143, ""神农"": 482, ""禹"": 1567, ""精卫"": 169, ""缙云氏"": 20, ""蚩尤"": 147, ""赤帝"": 8, ""轩辕"": 326, ""轩辕氏"": 12, ""阪泉"": 10, ""雨师"": 13, ""颛顼"": 190, ""风伯"": 11, ""鲧"": 65, ""黄帝"": 970}"
GCI-HOLD-0002,707,data/CASIA-LM_ChineseWebText2.0_partial-000707.parquet,223287556,88d1d3e4ac96348c86b956d398686b4fdec4dd087360bf58d5a35cd9ff1b5a07,100000,1,4495,"{""九黎"": 14, ""共工"": 113, ""共工氏"": 21, ""句龙"": 8, ""后土"": 311, ""太昊"": 139, ""太皞"": 9, ""女娃"": 42, ""女娲"": 212, ""少昊"": 13, ""少皞"": 20, ""帝江"": 2, ""应龙"": 50, ""有熊氏"": 2, ""涿鹿"": 40, ""炎帝"": 224, ""神农"": 401, ""禹"": 1230, ""精卫"": 124, ""蚩尤"": 279, ""赤帝"": 9, ""轩辕"": 393, ""轩辕氏"": 19, ""阪泉"": 1, ""雨师"": 15, ""颛顼"": 57, ""风伯"": 6, ""鲧"": 41, ""黄帝"": 697, ""黄帝氏"": 3}"
GCI-HOLD-0002,708,data/CASIA-LM_ChineseWebText2.0_partial-000708.parquet,224699020,0d1dd2d3f7e91c01d9fac46ae5368ace6d8cbe593190c341a930c5d7c9f503d6,100000,1,6725,"{""九黎"": 33, ""共工"": 104, ""共工氏"": 27, ""句龙"": 2, ""后土"": 229, ""太昊"": 104, ""太皞"": 4, ""女娃"": 39, ""女娲"": 335, ""少昊"": 198, ""少皞"": 10, ""帝江"": 13, ""帝鸿"": 24, ""帝鸿氏"": 11, ""应龙"": 83, ""有熊氏"": 19, ""榆罔"": 48, ""涿鹿"": 86, ""炎帝"": 660, ""神农"": 968, ""禹"": 1138, ""精卫"": 104, ""缙云氏"": 9, ""蚩尤"": 223, ""赤帝"": 22, ""轩辕"": 405, ""轩辕氏"": 33, ""阪泉"": 50, ""雨师"": 14, ""颛顼"": 246, ""风伯"": 12, ""鲧"": 36, ""黄帝"": 1431, ""黄帝氏"": 5}"
GCI-HOLD-0002,709,data/CASIA-LM_ChineseWebText2.0_partial-000709.parquet,222501479,b0379fb63a81984f021aae30cf2b1dfb2d222d15c9e18d998fb3ac6412b09b3a,100000,1,3674,"{""九黎"": 23, ""共工"": 44, ""共工氏"": 5, ""句龙"": 2, ""后土"": 62, ""太昊"": 44, ""太皞"": 3, ""女娃"": 32, ""女娲"": 217, ""少昊"": 16, ""少皞"": 5, ""帝江"": 2, ""帝鸿"": 10, ""应龙"": 98, ""涿鹿"": 91, ""炎帝"": 161, ""神农"": 426, ""禹"": 1086, ""精卫"": 94, ""蚩尤"": 136, ""赤帝"": 28, ""轩辕"": 244, ""轩辕氏"": 7, ""阪泉"": 5, ""雨师"": 25, ""颛顼"": 48, ""风伯"": 23, ""鲧"": 20, ""黄帝"": 717}"
GCI-HOLD-0002,710,data/CASIA-LM_ChineseWebText2.0_partial-000710.parquet,223828646,9156305d439d2fb3859464bf289c5ec8d0f923b4b344ffa6a7a943c55d961733,100000,1,3745,"{""九黎"": 7, ""共工"": 51, ""句龙"": 1, ""后土"": 52, ""太昊"": 36, ""太皞"": 3, ""女娃"": 44, ""女娲"": 349, ""少昊"": 24, ""少皞"": 6, ""帝江"": 15, ""帝鸿"": 5, ""帝鸿氏"": 2, ""应龙"": 91, ""有熊氏"": 4, ""榆罔"": 2, ""涿鹿"": 64, ""炎帝"": 124, ""神农"": 355, ""禹"": 1122, ""精卫"": 164, ""缙云氏"": 3, ""蚩尤"": 154, ""赤帝"": 11, ""轩辕"": 228, ""轩辕氏"": 5, ""阪泉"": 8, ""雨师"": 12, ""颛顼"": 68, ""风伯"": 8, ""鲧"": 30, ""黄帝"": 697}"
GCI-HOLD-0002,711,data/CASIA-LM_ChineseWebText2.0_partial-000711.parquet,224205375,8ec88326c52b35680ea0fad1037cb3ce9c3ae1967e91db9b5c9481bef2237f0b,100000,1,3908,"{""九黎"": 9, ""共工"": 54, ""共工氏"": 1, ""后土"": 42, ""太昊"": 22, ""太皞"": 5, ""女娃"": 56, ""女娲"": 254, ""少昊"": 32, ""少皞"": 5, ""帝江"": 3, ""帝鸿"": 1, ""帝鸿氏"": 1, ""应龙"": 71, ""有熊氏"": 1, ""涿鹿"": 22, ""炎帝"": 154, ""神农"": 421, ""禹"": 1218, ""精卫"": 113, ""蚩尤"": 76, ""赤帝"": 16, ""轩辕"": 270, ""轩辕氏"": 4, ""阪泉"": 5, ""雨师"": 15, ""颛顼"": 58, ""风伯"": 12, ""鲧"": 34, ""黄帝"": 930, ""黄帝氏"": 3}"
GCI-HOLD-0002,712,data/CASIA-LM_ChineseWebText2.0_partial-000712.parquet,223079247,34284aacdda1a1620b4d814de28883ab09c5c01dcfc71cfde581af09f774073a,100000,1,4180,"{""九黎"": 47, ""共工"": 54, ""共工氏"": 5, ""句龙"": 2, ""后土"": 63, ""太昊"": 48, ""太皞"": 6, ""女娃"": 30, ""女娲"": 258, ""少昊"": 29, ""少皞"": 1, ""帝江"": 3, ""帝鸿"": 2, ""帝鸿氏"": 2, ""应龙"": 95, ""有熊氏"": 5, ""涿鹿"": 34, ""炎帝"": 167, ""神农"": 647, ""禹"": 1447, ""精卫"": 88, ""蚩尤"": 81, ""赤帝"": 11, ""轩辕"": 224, ""轩辕氏"": 11, ""阪泉"": 7, ""雨师"": 16, ""颛顼"": 59, ""风伯"": 5, ""鲧"": 57, ""黄帝"": 676}"
GCI-HOLD-0002,713,data/CASIA-LM_ChineseWebText2.0_partial-000713.parquet,222681632,9b8b08ba6f9064d338f02edd7365611559286e3a3aaa5bc26b5d073e0a3732d3,100000,1,3763,"{""九黎"": 25, ""共工"": 88, ""共工氏"": 12, ""句龙"": 1, ""后土"": 64, ""太昊"": 21, ""太皞"": 4, ""女娃"": 48, ""女娲"": 290, ""少昊"": 94, ""少皞"": 3, ""帝江"": 9, ""应龙"": 56, ""有熊氏"": 2, ""榆罔"": 1, ""涿鹿"": 23, ""炎帝"": 80, ""神农"": 353, ""禹"": 1256, ""精卫"": 116, ""蚩尤"": 108, ""赤帝"": 1, ""轩辕"": 266, ""轩辕氏"": 10, ""雨师"": 17, ""颛顼"": 75, ""风伯"": 5, ""鲧"": 36, ""黄帝"": 699}"
GCI-HOLD-0002,714,data/CASIA-LM_ChineseWebText2.0_partial-000714.parquet,225354209,00c986e2b9b3a701db457c1a771eaecccea92274e37f5538a3e5152ebfb7349b,100000,1,4817,"{""九黎"": 25, ""共工"": 54, ""共工氏"": 4, ""句龙"": 1, ""后土"": 90, ""太昊"": 15, ""太皞"": 8, ""女娃"": 33, ""女娲"": 321, ""少昊"": 45, ""少皞"": 17, ""帝江"": 4, ""帝鸿"": 9, ""应龙"": 86, ""有熊氏"": 2, ""榆罔"": 5, ""涿鹿"": 58, ""炎帝"": 375, ""神农"": 778, ""禹"": 1269, ""精卫"": 89, ""蚩尤"": 236, ""赤帝"": 26, ""轩辕"": 293, ""轩辕氏"": 14, ""阪泉"": 8, ""雨师"": 27, ""颛顼"": 117, ""风伯"": 14, ""鲧"": 60, ""黄帝"": 734}"
GCI-HOLD-0002,715,data/CASIA-LM_ChineseWebText2.0_partial-000715.parquet,224254774,e23282975abf4fef66611413a940e325a1f8f0b9b241e81f471970c094fda642,100000,1,4471,"{""九黎"": 21, ""共工"": 65, ""共工氏"": 4, ""句龙"": 3, ""后土"": 87, ""太昊"": 17, ""太皞"": 4, ""女娃"": 35, ""女娲"": 445, ""少昊"": 22, ""少皞"": 5, ""帝江"": 5, ""帝鸿"": 1, ""应龙"": 58, ""有熊氏"": 3, ""涿鹿"": 39, ""炎帝"": 355, ""神农"": 505, ""禹"": 1214, ""精卫"": 107, ""蚩尤"": 116, ""赤帝"": 14, ""轩辕"": 315, ""轩辕氏"": 9, ""阪泉"": 9, ""雨师"": 19, ""颛顼"": 52, ""风伯"": 12, ""鲧"": 66, ""黄帝"": 864}"
GCI-HOLD-0002,716,data/CASIA-LM_ChineseWebText2.0_partial-000716.parquet,224513038,0ab98794a615837d9d7b702b661ee277469eefa0b23ae654156a6c2ef542c4c7,100000,1,4790,"{""九黎"": 56, ""共工"": 55, ""共工氏"": 11, ""后土"": 62, ""太昊"": 29, ""太皞"": 10, ""女娃"": 58, ""女娲"": 312, ""少昊"": 21, ""少皞"": 1, ""帝江"": 8, ""应龙"": 115, ""有熊氏"": 3, ""榆罔"": 6, ""涿鹿"": 30, ""炎帝"": 236, ""神农"": 543, ""禹"": 1306, ""精卫"": 175, ""蚩尤"": 143, ""赤帝"": 8, ""轩辕"": 744, ""轩辕氏"": 15, ""阪泉"": 6, ""雨师"": 13, ""颛顼"": 51, ""风伯"": 9, ""鲧"": 45, ""黄帝"": 719}"
GCI-HOLD-0002,717,data/CASIA-LM_ChineseWebText2.0_partial-000717.parquet,223934718,b904805b91fc8c91a13e2c03ab515507588c09ec134c4f5bb40aafb7ff7ded2e,100000,1,4417,"{""九黎"": 33, ""共工"": 100, ""共工氏"": 7, ""句龙"": 3, ""后土"": 71, ""太昊"": 13, ""太皞"": 5, ""女娃"": 49, ""女娲"": 237, ""少昊"": 24, ""少皞"": 5, ""帝江"": 2, ""帝鸿"": 1, ""帝鸿氏"": 1, ""应龙"": 135, ""有熊氏"": 5, ""榆罔"": 20, ""涿鹿"": 62, ""炎帝"": 220, ""神农"": 380, ""禹"": 1325, ""精卫"": 117, ""缙云氏"": 1, ""蚩尤"": 204, ""赤帝"": 8, ""轩辕"": 395, ""轩辕氏"": 10, ""阪泉"": 15, ""雨师"": 14, ""颛顼"": 67, ""风伯"": 4, ""鲧"": 32, ""黄帝"": 851, ""黄帝氏"": 1}"
GCI-HOLD-0002,718,data/CASIA-LM_ChineseWebText2.0_partial-000718.parquet,223943655,73f2285b87069f95d269e09b3392dd4ab35b1cc8ac71e986ee955ad93f260242,100000,1,3959,"{""九黎"": 35, ""共工"": 56, ""共工氏"": 8, ""句龙"": 2, ""后土"": 51, ""太昊"": 20, ""太皞"": 1, ""女娃"": 35, ""女娲"": 321, ""少昊"": 26, ""帝江"": 3, ""应龙"": 77, ""有熊氏"": 3, ""榆罔"": 4, ""涿鹿"": 60, ""炎帝"": 117, ""神农"": 382, ""禹"": 1278, ""精卫"": 143, ""蚩尤"": 188, ""赤帝"": 11, ""轩辕"": 271, ""轩辕氏"": 24, ""阪泉"": 5, ""雨师"": 9, ""颛顼"": 39, ""风伯"": 8, ""鲧"": 27, ""黄帝"": 754, ""黄帝氏"": 1}"
GCI-HOLD-0002,719,data/CASIA-LM_ChineseWebText2.0_partial-000719.parquet,225396593,3a26ec10191a03a7e050f3a445f78c8b6313457559bfc97f0284701d30c7d293,100000,1,4502,"{""九黎"": 29, ""共工"": 88, ""共工氏"": 8, ""句龙"": 2, ""后土"": 70, ""太昊"": 23, ""太皞"": 8, ""女娃"": 35, ""女娲"": 371, ""少昊"": 57, ""少皞"": 9, ""帝江"": 2, ""帝鸿"": 8, ""帝鸿氏"": 5, ""应龙"": 49, ""有熊氏"": 8, ""榆罔"": 7, ""涿鹿"": 76, ""炎帝"": 220, ""神农"": 431, ""禹"": 1449, ""精卫"": 132, ""缙云氏"": 2, ""蚩尤"": 125, ""赤帝"": 25, ""轩辕"": 342, ""轩辕氏"": 13, ""阪泉"": 7, ""雨师"": 10, ""颛顼"": 98, ""风伯"": 11, ""鲧"": 44, ""黄帝"": 737, ""黄帝氏"": 1}"
GCI-HOLD-0002,720,data/CASIA-LM_ChineseWebText2.0_partial-000720.parquet,222305411,894709a6cad623cc8d24f6f5c959bdbea1e547310528a9cb5f7d43f1771420c6,100000,1,4525,"{""九黎"": 11, ""共工"": 44, ""共工氏"": 3, ""句龙"": 1, ""后土"": 45, ""太昊"": 21, ""太皞"": 2, ""女娃"": 65, ""女娲"": 337, ""少昊"": 28, ""少皞"": 1, ""帝江"": 8, ""帝鸿"": 4, ""应龙"": 141, ""有熊氏"": 5, ""榆罔"": 2, ""涿鹿"": 81, ""炎帝"": 171, ""神农"": 346, ""禹"": 1340, ""精卫"": 198, ""蚩尤"": 150, ""赤帝"": 12, ""轩辕"": 467, ""轩辕氏"": 26, ""阪泉"": 13, ""雨师"": 13, ""颛顼"": 52, ""风伯"": 12, ""鲧"": 73, ""黄帝"": 851, ""黄帝氏"": 2}"
GCI-HOLD-0002,721,data/CASIA-LM_ChineseWebText2.0_partial-000721.parquet,225143436,ef25c141cbc40636a7ed9f13a6271df0351defb37955dee9e0504945cae2b4cd,100000,1,4609,"{""九黎"": 30, ""共工"": 85, ""共工氏"": 11, ""句龙"": 1, ""后土"": 41, ""太昊"": 19, ""太皞"": 6, ""女娃"": 64, ""女娲"": 294, ""少昊"": 44, ""少皞"": 6, ""帝江"": 25, ""帝鸿"": 13, ""帝鸿氏"": 2, ""应龙"": 78, ""有熊氏"": 7, ""榆罔"": 1, ""涿鹿"": 133, ""炎帝"": 138, ""神农"": 473, ""禹"": 1222, ""精卫"": 201, ""缙云氏"": 10, ""蚩尤"": 153, ""赤帝"": 8, ""轩辕"": 475, ""轩辕氏"": 7, ""阪泉"": 8, ""雨师"": 8, ""颛顼"": 70, ""风伯"": 7, ""鲧"": 66, ""黄帝"": 902, ""黄帝氏"": 1}"
GCI-HOLD-0002,722,data/CASIA-LM_ChineseWebText2.0_partial-000722.parquet,223001854,8e0689d401d0128e538a57054e714d35e1ad8775358dd0a33f128dd6bdc60d8d,100000,1,4682,"{""九黎"": 31, ""共工"": 132, ""共工氏"": 24, ""后土"": 75, ""太昊"": 16, ""太皞"": 1, ""女娃"": 30, ""女娲"": 358, ""少昊"": 25, ""少皞"": 1, ""帝江"": 1, ""帝鸿"": 4, ""帝鸿氏"": 1, ""应龙"": 59, ""有熊氏"": 3, ""榆罔"": 4, ""涿鹿"": 51, ""炎帝"": 202, ""神农"": 566, ""禹"": 1429, ""精卫"": 119, ""蚩尤"": 182, ""赤帝"": 20, ""轩辕"": 281, ""轩辕氏"": 15, ""阪泉"": 6, ""雨师"": 5, ""颛顼"": 77, ""风伯"": 7, ""鲧"": 39, ""黄帝"": 918}"
GCI-HOLD-0002,723,data/CASIA-LM_ChineseWebText2.0_partial-000723.parquet,224198213,6740fb7f6ddd00c35d4673d666acb1c1a6e2247fdf1fb5e9bd8705323d190f91,100000,1,4184,"{""九黎"": 22, ""共工"": 77, ""共工氏"": 12, ""后土"": 59, ""太昊"": 55, ""太皞"": 14, ""女娃"": 17, ""女娲"": 227, ""少昊"": 44, ""少皞"": 7, ""帝江"": 16, ""帝鸿"": 8, ""应龙"": 33, ""有熊氏"": 5, ""榆罔"": 8, ""涿鹿"": 60, ""炎帝"": 161, ""神农"": 420, ""禹"": 1220, ""精卫"": 105, ""缙云氏"": 5, ""蚩尤"": 159, ""赤帝"": 6, ""轩辕"": 361, ""轩辕氏"": 34, ""阪泉"": 17, ""雨师"": 17, ""颛顼"": 156, ""风伯"": 11, ""鲧"": 40, ""黄帝"": 806, ""黄帝氏"": 2}"
GCI-HOLD-0002,724,data/CASIA-LM_ChineseWebText2.0_partial-000724.parquet,223754132,512662f85b04cb7621ced726d200ee734111a2f2bb7e9694abc333b03814f127,100000,1,4061,"{""九黎"": 19, ""共工"": 79, ""共工氏"": 19, ""句龙"": 2, ""后土"": 200, ""太昊"": 19, ""太皞"": 3, ""女娃"": 42, ""女娲"": 340, ""少昊"": 25, ""少皞"": 3, ""帝江"": 5, ""帝鸿"": 1, ""应龙"": 107, ""有熊氏"": 2, ""榆罔"": 4, ""涿鹿"": 32, ""炎帝"": 127, ""神农"": 489, ""禹"": 1149, ""精卫"": 121, ""缙云氏"": 2, ""蚩尤"": 124, ""赤帝"": 10, ""轩辕"": 327, ""轩辕氏"": 12, ""阪泉"": 6, ""雨师"": 34, ""颛顼"": 69, ""风伯"": 15, ""鲧"": 18, ""黄帝"": 656}"
GCI-HOLD-0002,725,data/CASIA-LM_ChineseWebText2.0_partial-000725.parquet,224958036,ed6bed191f3e1dee81e153518a11289234b838d0dbd70421987c67addfbed3fd,100000,1,4032,"{""九黎"": 22, ""共工"": 55, ""共工氏"": 2, ""句龙"": 1, ""后土"": 41, ""太昊"": 10, ""太皞"": 1, ""女娃"": 39, ""女娲"": 295, ""少昊"": 28, ""少皞"": 1, ""帝江"": 14, ""帝鸿"": 1, ""应龙"": 74, ""有熊氏"": 9, ""榆罔"": 3, ""涿鹿"": 32, ""炎帝"": 161, ""神农"": 448, ""禹"": 1236, ""精卫"": 91, ""缙云氏"": 2, ""蚩尤"": 158, ""赤帝"": 11, ""轩辕"": 362, ""轩辕氏"": 11, ""阪泉"": 4, ""雨师"": 133, ""颛顼"": 34, ""风伯"": 23, ""鲧"": 36, ""黄帝"": 694}"
GCI-HOLD-0002,726,data/CASIA-LM_ChineseWebText2.0_partial-000726.parquet,223583793,a5615823644cb1266ae5bc3d533a62be685d461bbd2f2e99908752f2b20b6931,100000,1,4287,"{""九黎"": 21, ""共工"": 80, ""共工氏"": 10, ""句龙"": 3, ""后土"": 191, ""太昊"": 24, ""太皞"": 7, ""女娃"": 40, ""女娲"": 280, ""少昊"": 111, ""少皞"": 7, ""帝江"": 8, ""帝鸿"": 5, ""应龙"": 92, ""榆罔"": 1, ""涿鹿"": 94, ""炎帝"": 190, ""神农"": 446, ""禹"": 1209, ""精卫"": 145, ""缙云氏"": 6, ""蚩尤"": 132, ""赤帝"": 17, ""轩辕"": 266, ""轩辕氏"": 7, ""阪泉"": 7, ""雨师"": 26, ""颛顼"": 82, ""风伯"": 10, ""鲧"": 11, ""黄帝"": 757, ""黄帝氏"": 2}"
GCI-HOLD-0002,727,data/CASIA-LM_ChineseWebText2.0_partial-000727.parquet,223538374,aec88eaa9e902e295c27be0ca651679758c27a9628b84e2ba5bcff3b72abde86,100000,1,3593,"{""九黎"": 13, ""共工"": 47, ""共工氏"": 5, ""后土"": 40, ""太昊"": 18, ""太皞"": 1, ""女娃"": 38, ""女娲"": 193, ""少昊"": 22, ""少皞"": 1, ""帝鸿"": 2, ""应龙"": 55, ""有熊氏"": 1, ""榆罔"": 6, ""涿鹿"": 117, ""炎帝"": 123, ""神农"": 424, ""禹"": 1196, ""精卫"": 83, ""缙云氏"": 1, ""蚩尤"": 82, ""赤帝"": 8, ""轩辕"": 299, ""轩辕氏"": 9, ""阪泉"": 7, ""雨师"": 3, ""颛顼"": 44, ""风伯"": 4, ""鲧"": 37, ""黄帝"": 713, ""黄帝氏"": 1}"
GCI-HOLD-0002,728,data/CASIA-LM_ChineseWebText2.0_partial-000728.parquet,225277976,4c2aa4d8729c6b11e13ba88e10ffbbf4a3a3cae6830bc35543143fbb3a1b5035,100000,1,4167,"{""九黎"": 56, ""共工"": 83, ""共工氏"": 7, ""句龙"": 1, ""后土"": 41, ""太昊"": 14, ""太皞"": 7, ""女娃"": 32, ""女娲"": 273, ""少昊"": 12, ""少皞"": 8, ""帝江"": 4, ""帝鸿"": 1, ""应龙"": 159, ""有熊氏"": 2, ""涿鹿"": 23, ""炎帝"": 104, ""神农"": 387, ""禹"": 1371, ""精卫"": 99, ""蚩尤"": 138, ""赤帝"": 12, ""轩辕"": 378, ""轩辕氏"": 9, ""阪泉"": 6, ""雨师"": 8, ""颛顼"": 70, ""风伯"": 24, ""鲧"": 85, ""黄帝"": 752, ""黄帝氏"": 1}"
GCI-HOLD-0002,729,data/CASIA-LM_ChineseWebText2.0_partial-000729.parquet,223289565,19d4d8e790b9c640b4dfc279febf6e75d90d9ec9458644a3a4f07e8e72958072,100000,1,3880,"{""九黎"": 20, ""共工"": 38, ""后土"": 43, ""太昊"": 19, ""太皞"": 5, ""女娃"": 30, ""女娲"": 348, ""少昊"": 24, ""少皞"": 2, ""帝江"": 14, ""应龙"": 47, ""有熊氏"": 2, ""榆罔"": 1, ""涿鹿"": 33, ""炎帝"": 107, ""神农"": 419, ""禹"": 1231, ""精卫"": 92, ""蚩尤"": 84, ""赤帝"": 11, ""轩辕"": 369, ""轩辕氏"": 13, ""阪泉"": 5, ""雨师"": 10, ""颛顼"": 58, ""风伯"": 19, ""鲧"": 21, ""黄帝"": 814, ""黄帝氏"": 1}"
GCI-HOLD-0002,730,data/CASIA-LM_ChineseWebText2.0_partial-000730.parquet,224504362,d87cb30c7d4e51a8b99e2270523a0c1080147490f21d9218e2eded4a8c1143f5,100000,1,3648,"{""九黎"": 19, ""共工"": 49, ""共工氏"": 5, ""句龙"": 2, ""后土"": 58, ""太昊"": 10, ""太皞"": 1, ""女娃"": 36, ""女娲"": 299, ""少昊"": 19, ""少皞"": 1, ""帝江"": 5, ""帝鸿"": 2, ""应龙"": 128, ""有熊氏"": 3, ""榆罔"": 1, ""涿鹿"": 25, ""炎帝"": 142, ""神农"": 471, ""禹"": 1180, ""精卫"": 109, ""蚩尤"": 142, ""赤帝"": 12, ""轩辕"": 216, ""轩辕氏"": 10, ""阪泉"": 3, ""雨师"": 8, ""颛顼"": 42, ""风伯"": 5, ""鲧"": 30, ""黄帝"": 615}"
GCI-HOLD-0002,731,data/CASIA-LM_ChineseWebText2.0_partial-000731.parquet,224511417,b9183685d9d9ce4534801ee923cd8756868c46a71c6acdaa04c4dbdc8ba6d774,100000,1,4617,"{""九黎"": 42, ""共工"": 106, ""共工氏"": 7, ""句龙"": 1, ""后土"": 41, ""太昊"": 38, ""太皞"": 5, ""女娃"": 46, ""女娲"": 397, ""少昊"": 63, ""少皞"": 6, ""帝江"": 8, ""帝鸿"": 4, ""应龙"": 116, ""有熊氏"": 8, ""榆罔"": 2, ""涿鹿"": 56, ""炎帝"": 154, ""神农"": 698, ""禹"": 1204, ""精卫"": 108, ""蚩尤"": 192, ""赤帝"": 8, ""轩辕"": 290, ""轩辕氏"": 4, ""阪泉"": 5, ""雨师"": 27, ""颛顼"": 113, ""风伯"": 10, ""鲧"": 47, ""黄帝"": 808, ""黄帝氏"": 3}"
GCI-HOLD-0002,732,data/CASIA-LM_ChineseWebText2.0_partial-000732.parquet,224126127,1894726688af14bd7cbf75325222962eece72b8dfe1eaaf72952dc1104d8b2f2,100000,1,3978,"{""九黎"": 22, ""共工"": 54, ""共工氏"": 5, ""句龙"": 3, ""后土"": 107, ""太昊"": 14, ""太皞"": 2, ""女娃"": 89, ""女娲"": 284, ""少昊"": 24, ""少皞"": 2, ""帝江"": 3, ""帝鸿"": 2, ""帝鸿氏"": 1, ""应龙"": 89, ""有熊氏"": 3, ""榆罔"": 5, ""涿鹿"": 38, ""炎帝"": 163, ""神农"": 486, ""禹"": 1360, ""精卫"": 170, ""缙云氏"": 1, ""蚩尤"": 106, ""赤帝"": 5, ""轩辕"": 281, ""轩辕氏"": 12, ""阪泉"": 10, ""雨师"": 12, ""颛顼"": 85, ""风伯"": 16, ""鲧"": 12, ""黄帝"": 512}"
GCI-HOLD-0002,733,data/CASIA-LM_ChineseWebText2.0_partial-000733.parquet,225981745,493287a2f13d7359430a05b0649634ea353811a799e356b25b293b06ea0ff84a,100000,1,5448,"{""九黎"": 76, ""共工"": 103, ""共工氏"": 13, ""句龙"": 1, ""后土"": 63, ""太昊"": 23, ""太皞"": 5, ""女娃"": 32, ""女娲"": 274, ""少昊"": 20, ""少皞"": 6, ""帝江"": 2, ""帝鸿"": 2, ""帝鸿氏"": 2, ""应龙"": 45, ""有熊氏"": 25, ""榆罔"": 1, ""涿鹿"": 76, ""炎帝"": 240, ""神农"": 667, ""禹"": 1365, ""精卫"": 91, ""缙云氏"": 8, ""蚩尤"": 322, ""赤帝"": 20, ""轩辕"": 476, ""轩辕氏"": 25, ""阪泉"": 15, ""雨师"": 12, ""颛顼"": 127, ""风伯"": 9, ""鲧"": 62, ""黄帝"": 1238, ""黄帝氏"": 2}"
GCI-HOLD-0002,734,data/CASIA-LM_ChineseWebText2.0_partial-000734.parquet,223677491,cd552386d0594da992591b1176597c12113f111a378698954da3769a096434f6,100000,1,4814,"{""九黎"": 70, ""共工"": 65, ""共工氏"": 4, ""句龙"": 1, ""后土"": 67, ""太昊"": 21, ""太皞"": 1, ""女娃"": 59, ""女娲"": 210, ""少昊"": 32, ""少皞"": 5, ""帝江"": 5, ""帝鸿"": 11, ""帝鸿氏"": 2, ""应龙"": 121, ""有熊氏"": 5, ""榆罔"": 21, ""涿鹿"": 60, ""炎帝"": 312, ""神农"": 569, ""禹"": 1212, ""精卫"": 122, ""缙云氏"": 1, ""蚩尤"": 318, ""赤帝"": 17, ""轩辕"": 340, ""轩辕氏"": 20, ""阪泉"": 17, ""雨师"": 36, ""颛顼"": 94, ""风伯"": 29, ""鲧"": 69, ""黄帝"": 896, ""黄帝氏"": 2}"
GCI-HOLD-0002,735,data/CASIA-LM_ChineseWebText2.0_partial-000735.parquet,224446598,46183bf0388b27cd40637282ca7ed262f2743e0992e87c3683bd4ad0363f614b,100000,1,4589,"{""九黎"": 21, ""共工"": 83, ""共工氏"": 22, ""句龙"": 17, ""后土"": 81, ""太昊"": 12, ""太皞"": 7, ""女娃"": 30, ""女娲"": 365, ""少昊"": 118, ""少皞"": 3, ""帝江"": 14, ""帝鸿"": 4, ""帝鸿氏"": 2, ""应龙"": 58, ""有熊氏"": 8, ""榆罔"": 10, ""涿鹿"": 65, ""炎帝"": 144, ""神农"": 380, ""禹"": 1261, ""精卫"": 97, ""缙云氏"": 6, ""蚩尤"": 181, ""赤帝"": 7, ""轩辕"": 579, ""轩辕氏"": 31, ""阪泉"": 4, ""雨师"": 20, ""颛顼"": 115, ""风伯"": 13, ""鲧"": 35, ""黄帝"": 795, ""黄帝氏"": 1}"
GCI-HOLD-0002,736,data/CASIA-LM_ChineseWebText2.0_partial-000736.parquet,223153602,797056d7eae5eb5e68d292f03b09c17d0af07cc52d7978ab2a5c7c4a5133522b,100000,1,4014,"{""九黎"": 14, ""共工"": 68, ""共工氏"": 5, ""后土"": 38, ""太昊"": 21, ""太皞"": 6, ""女娃"": 41, ""女娲"": 218, ""少昊"": 19, ""少皞"": 5, ""帝江"": 1, ""应龙"": 67, ""榆罔"": 5, ""涿鹿"": 72, ""炎帝"": 145, ""神农"": 420, ""禹"": 1138, ""精卫"": 108, ""蚩尤"": 326, ""赤帝"": 9, ""轩辕"": 246, ""轩辕氏"": 6, ""阪泉"": 22, ""雨师"": 9, ""颛顼"": 67, ""风伯"": 6, ""鲧"": 24, ""黄帝"": 908}"
GCI-HOLD-0002,737,data/CASIA-LM_ChineseWebText2.0_partial-000737.parquet,225342055,7aa8428252a26535f152769df5a5a95dce868529e9aadc0dcc4328363dfda59b,100000,1,4933,"{""九黎"": 28, ""共工"": 140, ""共工氏"": 21, ""句龙"": 9, ""后土"": 77, ""太昊"": 32, ""太皞"": 4, ""女娃"": 32, ""女娲"": 334, ""少昊"": 128, ""少皞"": 4, ""帝江"": 1, ""帝鸿"": 2, ""帝鸿氏"": 2, ""应龙"": 86, ""有熊氏"": 14, ""榆罔"": 7, ""涿鹿"": 59, ""炎帝"": 321, ""神农"": 464, ""禹"": 1221, ""精卫"": 112, ""缙云氏"": 1, ""蚩尤"": 195, ""赤帝"": 7, ""轩辕"": 475, ""轩辕氏"": 17, ""阪泉"": 10, ""雨师"": 8, ""颛顼"": 190, ""风伯"": 11, ""鲧"": 14, ""黄帝"": 903, ""黄帝氏"": 4}"
GCI-HOLD-0002,738,data/CASIA-LM_ChineseWebText2.0_partial-000738.parquet,224685073,a4b5937521d5d3877d4f5637728aa6c49f81d18b9e8b566082bbe6dd39f6b4fd,100000,1,4248,"{""九黎"": 9, ""共工"": 49, ""共工氏"": 7, ""句龙"": 9, ""后土"": 41, ""太昊"": 13, ""太皞"": 2, ""女娃"": 34, ""女娲"": 306, ""少昊"": 23, ""少皞"": 5, ""帝江"": 8, ""帝鸿"": 1, ""帝鸿氏"": 1, ""应龙"": 63, ""有熊氏"": 7, ""榆罔"": 10, ""涿鹿"": 26, ""炎帝"": 195, ""神农"": 535, ""禹"": 1377, ""精卫"": 171, ""缙云氏"": 1, ""蚩尤"": 137, ""赤帝"": 12, ""轩辕"": 299, ""轩辕氏"": 4, ""阪泉"": 10, ""雨师"": 5, ""颛顼"": 52, ""风伯"": 4, ""鲧"": 45, ""黄帝"": 786, ""黄帝氏"": 1}"
GCI-HOLD-0002,739,data/CASIA-LM_ChineseWebText2.0_partial-000739.parquet,224598820,080c92875cdcd84f1ce71a1005f3be33d9f307c597599e9f941b4afbe727b242,100000,1,4730,"{""九黎"": 34, ""共工"": 85, ""共工氏"": 8, ""后土"": 62, ""太昊"": 77, ""太皞"": 7, ""女娃"": 37, ""女娲"": 553, ""少昊"": 37, ""少皞"": 4, ""帝江"": 4, ""应龙"": 87, ""有熊氏"": 2, ""榆罔"": 5, ""涿鹿"": 54, ""炎帝"": 140, ""神农"": 470, ""禹"": 1236, ""精卫"": 84, ""蚩尤"": 167, ""赤帝"": 9, ""轩辕"": 435, ""轩辕氏"": 13, ""阪泉"": 4, ""雨师"": 115, ""颛顼"": 126, ""风伯"": 96, ""鲧"": 31, ""黄帝"": 748}"
GCI-HOLD-0002,740,data/CASIA-LM_ChineseWebText2.0_partial-000740.parquet,223948866,f3c1dcdd7041df982c1fd006da5f1689b064859b7042e9e2819fa4d491eb0231,100000,1,4138,"{""九黎"": 30, ""共工"": 75, ""共工氏"": 6, ""后土"": 41, ""太昊"": 24, ""太皞"": 2, ""女娃"": 35, ""女娲"": 217, ""少昊"": 24, ""少皞"": 3, ""帝江"": 4, ""帝鸿"": 26, ""帝鸿氏"": 1, ""应龙"": 65, ""有熊氏"": 12, ""榆罔"": 2, ""涿鹿"": 26, ""炎帝"": 114, ""神农"": 421, ""禹"": 1427, ""精卫"": 181, ""蚩尤"": 142, ""赤帝"": 10, ""轩辕"": 261, ""轩辕氏"": 13, ""阪泉"": 1, ""雨师"": 11, ""颛顼"": 68, ""风伯"": 13, ""鲧"": 21, ""黄帝"": 862}"
GCI-HOLD-0002,741,data/CASIA-LM_ChineseWebText2.0_partial-000741.parquet,225053936,10f4121f780d70ea595e14916b71efddf4b1185ce2f3b03628d0ab94d8f039cc,100000,1,3877,"{""九黎"": 16, ""共工"": 93, ""共工氏"": 6, ""句龙"": 2, ""后土"": 60, ""太昊"": 42, ""太皞"": 5, ""女娃"": 36, ""女娲"": 284, ""少昊"": 36, ""少皞"": 9, ""帝江"": 8, ""帝鸿"": 1, ""应龙"": 174, ""榆罔"": 2, ""涿鹿"": 21, ""炎帝"": 117, ""神农"": 450, ""禹"": 1125, ""精卫"": 166, ""蚩尤"": 71, ""赤帝"": 12, ""轩辕"": 283, ""轩辕氏"": 10, ""阪泉"": 2, ""雨师"": 15, ""颛顼"": 99, ""风伯"": 19, ""鲧"": 76, ""黄帝"": 637}"
GCI-HOLD-0002,742,data/CASIA-LM_ChineseWebText2.0_partial-000742.parquet,189519683,58fdda7405917152c6e29cfc179d548fb98e265fe6a11b5e45294cea8054dd74,100000,1,3176,"{""九黎"": 36, ""共工"": 24, ""共工氏"": 1, ""后土"": 43, ""太昊"": 3, ""太皞"": 1, ""女娃"": 90, ""女娲"": 181, ""少昊"": 18, ""帝江"": 34, ""帝鸿"": 2, ""应龙"": 71, ""涿鹿"": 15, ""炎帝"": 87, ""神农"": 179, ""禹"": 1397, ""精卫"": 45, ""缙云氏"": 4, ""蚩尤"": 79, ""赤帝"": 3, ""轩辕"": 537, ""轩辕氏"": 3, ""阪泉"": 3, ""雨师"": 8, ""颛顼"": 12, ""风伯"": 7, ""鲧"": 10, ""黄帝"": 283}"
GCI-HOLD-0002,743,data/CASIA-LM_ChineseWebText2.0_partial-000743.parquet,181070706,0f7d697aaff8002f634177a4a644fc0903b073733fd00d4e7d0a211a55d70728,100000,1,2964,"{""九黎"": 47, ""共工"": 52, ""后土"": 34, ""太昊"": 1, ""太皞"": 2, ""女娃"": 81, ""女娲"": 212, ""少昊"": 4, ""少皞"": 1, ""帝江"": 1, ""应龙"": 51, ""榆罔"": 3, ""涿鹿"": 47, ""炎帝"": 58, ""神农"": 153, ""禹"": 1141, ""精卫"": 28, ""蚩尤"": 127, ""赤帝"": 20, ""轩辕"": 541, ""雨师"": 28, ""颛顼"": 12, ""风伯"": 11, ""鲧"": 31, ""黄帝"": 276, ""黄帝氏"": 2}"
GCI-HOLD-0002,744,data/CASIA-LM_ChineseWebText2.0_partial-000744.parquet,181355675,4170dd5deeb07b1ea419d5a1cbd16a51b9abb8ed6e46e684b9c71e07427867b3,100000,1,3001,"{""九黎"": 20, ""共工"": 31, ""共工氏"": 3, ""句龙"": 2, ""后土"": 62, ""太昊"": 24, ""女娃"": 118, ""女娲"": 183, ""少昊"": 26, ""少皞"": 2, ""帝江"": 17, ""帝鸿"": 1, ""应龙"": 39, ""有熊氏"": 1, ""涿鹿"": 13, ""炎帝"": 50, ""神农"": 156, ""禹"": 1325, ""精卫"": 28, ""缙云氏"": 1, ""蚩尤"": 72, ""赤帝"": 12, ""轩辕"": 464, ""轩辕氏"": 3, ""雨师"": 17, ""颛顼"": 31, ""风伯"": 4, ""鲧"": 8, ""黄帝"": 288}"
GCI-HOLD-0002,745,data/CASIA-LM_ChineseWebText2.0_partial-000745.parquet,181058211,fc79abdd8f56c8095745ea927c766f7b1512b0c50a4f48e2d656801918053008,100000,1,3258,"{""九黎"": 24, ""共工"": 10, ""后土"": 28, ""太昊"": 15, ""女娃"": 127, ""女娲"": 182, ""少昊"": 22, ""帝江"": 8, ""应龙"": 130, ""有熊氏"": 1, ""榆罔"": 2, ""涿鹿"": 25, ""炎帝"": 92, ""神农"": 181, ""禹"": 1429, ""精卫"": 19, ""蚩尤"": 115, ""轩辕"": 569, ""轩辕氏"": 7, ""雨师"": 12, ""颛顼"": 10, ""风伯"": 3, ""鲧"": 38, ""黄帝"": 209}"
GCI-HOLD-0002,746,data/CASIA-LM_ChineseWebText2.0_partial-000746.parquet,181291299,a31d4af0b3a44e2da3caa46e17c5832315d78506cf2e605a4a3943f9a8d91c86,100000,1,2744,"{""九黎"": 17, ""共工"": 31, ""共工氏"": 1, ""句龙"": 1, ""后土"": 50, ""太昊"": 6, ""女娃"": 105, ""女娲"": 164, ""少昊"": 1, ""帝江"": 3, ""帝鸿"": 33, ""帝鸿氏"": 7, ""应龙"": 91, ""有熊氏"": 1, ""榆罔"": 1, ""涿鹿"": 8, ""炎帝"": 55, ""神农"": 157, ""禹"": 1239, ""精卫"": 25, ""蚩尤"": 89, ""赤帝"": 8, ""轩辕"": 414, ""轩辕氏"": 7, ""雨师"": 7, ""颛顼"": 14, ""风伯"": 7, ""鲧"": 12, ""黄帝"": 190}"
GCI-HOLD-0002,747,data/CASIA-LM_ChineseWebText2.0_partial-000747.parquet,180900304,87fab7c5dd3b01d168f275898b2d88b23cf277bdf85aa9c2626ecdd6a391578d,100000,1,2567,"{""九黎"": 27, ""共工"": 33, ""共工氏"": 4, ""句龙"": 1, ""后土"": 33, ""太昊"": 4, ""女娃"": 114, ""女娲"": 133, ""少昊"": 6, ""帝江"": 5, ""应龙"": 85, ""有熊氏"": 3, ""榆罔"": 2, ""涿鹿"": 7, ""炎帝"": 51, ""神农"": 161, ""禹"": 1208, ""精卫"": 27, ""蚩尤"": 74, ""赤帝"": 3, ""轩辕"": 339, ""轩辕氏"": 4, ""雨师"": 13, ""颛顼"": 12, ""风伯"": 8, ""鲧"": 11, ""黄帝"": 199}"
GCI-HOLD-0002,748,data/CASIA-LM_ChineseWebText2.0_partial-000748.parquet,181590904,b02dd4dd303c2eabaff6f9c1a3889226b09d072d7c238508ee6b5c8bd98e5a6c,100000,1,2661,"{""九黎"": 18, ""共工"": 52, ""共工氏"": 5, ""后土"": 69, ""太昊"": 8, ""女娃"": 83, ""女娲"": 128, ""少昊"": 2, ""帝江"": 3, ""帝鸿"": 9, ""应龙"": 76, ""有熊氏"": 2, ""涿鹿"": 11, ""炎帝"": 88, ""神农"": 152, ""禹"": 973, ""精卫"": 16, ""缙云氏"": 1, ""蚩尤"": 87, ""赤帝"": 11, ""轩辕"": 532, ""轩辕氏"": 1, ""雨师"": 19, ""颛顼"": 22, ""风伯"": 15, ""鲧"": 23, ""黄帝"": 255}"
GCI-HOLD-0002,749,data/CASIA-LM_ChineseWebText2.0_partial-000749.parquet,181668294,cc2d30530c1a696bb6dd637e0b1f82068a992592dfd3652f7c662388b979bf16,100000,1,2985,"{""九黎"": 52, ""共工"": 54, ""后土"": 78, ""太昊"": 25, ""女娃"": 112, ""女娲"": 192, ""少昊"": 9, ""少皞"": 1, ""帝江"": 30, ""帝鸿"": 13, ""应龙"": 87, ""有熊氏"": 3, ""榆罔"": 2, ""涿鹿"": 23, ""炎帝"": 24, ""神农"": 149, ""禹"": 1274, ""精卫"": 32, ""蚩尤"": 178, ""赤帝"": 12, ""轩辕"": 386, ""轩辕氏"": 5, ""雨师"": 8, ""颛顼"": 6, ""风伯"": 9, ""鲧"": 13, ""黄帝"": 208}"
GCI-HOLD-0002,750,data/CASIA-LM_ChineseWebText2.0_partial-000750.parquet,180524534,e48251ee7a4db2186a52024e7de7e0e896a703973feeace37d85ec8c90a82e2d,100000,1,2523,"{""九黎"": 26, ""共工"": 23, ""后土"": 69, ""太昊"": 3, ""女娃"": 82, ""女娲"": 140, ""少昊"": 7, ""帝江"": 2, ""帝鸿"": 3, ""帝鸿氏"": 3, ""应龙"": 71, ""有熊氏"": 3, ""涿鹿"": 5, ""炎帝"": 38, ""神农"": 143, ""禹"": 1297, ""精卫"": 18, ""蚩尤"": 40, ""赤帝"": 14, ""轩辕"": 310, ""轩辕氏"": 4, ""雨师"": 13, ""颛顼"": 10, ""风伯"": 8, ""鲧"": 37, ""黄帝"": 153, ""黄帝氏"": 1}"
GCI-HOLD-0002,751,data/CASIA-LM_ChineseWebText2.0_partial-000751.parquet,311930712,d313e058cdcc077ee4b8bcbd5b2084d73ec7a535d95a5e665f43d257d892bbc3,100000,1,6256,"{""九黎"": 76, ""共工"": 188, ""共工氏"": 15, ""后土"": 137, ""太昊"": 22, ""太皞"": 5, ""女娃"": 258, ""女娲"": 722, ""少昊"": 75, ""少皞"": 5, ""帝江"": 20, ""帝鸿"": 8, ""帝鸿氏"": 3, ""应龙"": 164, ""有熊氏"": 1, ""涿鹿"": 37, ""炎帝"": 137, ""神农"": 247, ""禹"": 2000, ""精卫"": 265, ""蚩尤"": 249, ""赤帝"": 21, ""轩辕"": 761, ""轩辕氏"": 13, ""阪泉"": 11, ""雨师"": 46, ""颛顼"": 121, ""风伯"": 63, ""鲧"": 19, ""黄帝"": 567}"
GCI-HOLD-0002,752,data/CASIA-LM_ChineseWebText2.0_partial-000752.parquet,368450101,9d4065e45fe1c03b56bdcb2ca12b3bdf0785c8bb05cc0804da7aa56aa595a5a6,100000,1,7096,"{""九黎"": 115, ""共工"": 210, ""共工氏"": 17, ""后土"": 207, ""太昊"": 26, ""女娃"": 227, ""女娲"": 596, ""少昊"": 27, ""少皞"": 2, ""帝江"": 18, ""帝鸿"": 23, ""应龙"": 242, ""有熊氏"": 8, ""涿鹿"": 85, ""炎帝"": 185, ""神农"": 358, ""禹"": 2225, ""精卫"": 204, ""蚩尤"": 314, ""赤帝"": 3, ""轩辕"": 1071, ""轩辕氏"": 21, ""阪泉"": 22, ""雨师"": 82, ""颛顼"": 101, ""风伯"": 53, ""鲧"": 37, ""黄帝"": 617}"
GCI-HOLD-0002,753,data/CASIA-LM_ChineseWebText2.0_partial-000753.parquet,369289204,30a89408f7b852830a090ba7ae141aa1bcc327c888a181d61d7ea5212951c5c1,100000,1,7035,"{""九黎"": 91, ""共工"": 84, ""共工氏"": 2, ""后土"": 173, ""太昊"": 32, ""女娃"": 236, ""女娲"": 598, ""少昊"": 29, ""少皞"": 4, ""帝江"": 37, ""帝鸿"": 8, ""应龙"": 283, ""榆罔"": 1, ""涿鹿"": 33, ""炎帝"": 137, ""神农"": 377, ""禹"": 2215, ""精卫"": 343, ""缙云氏"": 1, ""蚩尤"": 376, ""赤帝"": 27, ""轩辕"": 980, ""轩辕氏"": 5, ""阪泉"": 11, ""雨师"": 69, ""颛顼"": 51, ""风伯"": 21, ""鲧"": 59, ""黄帝"": 749, ""黄帝氏"": 3}"
GCI-HOLD-0002,754,data/CASIA-LM_ChineseWebText2.0_partial-000754.parquet,369065477,908e41b2238213627f242dfd5099e36cbe0353a0d78c0b3725b4fcd5381ee92d,100000,1,7172,"{""九黎"": 139, ""共工"": 124, ""共工氏"": 6, ""句龙"": 2, ""后土"": 243, ""太昊"": 53, ""太皞"": 3, ""女娃"": 218, ""女娲"": 629, ""少昊"": 10, ""少皞"": 3, ""帝江"": 44, ""帝鸿"": 11, ""应龙"": 177, ""有熊氏"": 4, ""榆罔"": 2, ""涿鹿"": 14, ""炎帝"": 142, ""神农"": 360, ""禹"": 2897, ""精卫"": 293, ""缙云氏"": 3, ""蚩尤"": 205, ""赤帝"": 19, ""轩辕"": 801, ""轩辕氏"": 20, ""阪泉"": 1, ""雨师"": 29, ""颛顼"": 71, ""风伯"": 12, ""鲧"": 30, ""黄帝"": 606, ""黄帝氏"": 1}"
GCI-HOLD-0002,755,data/CASIA-LM_ChineseWebText2.0_partial-000755.parquet,369235119,72acc9189e224b032282d9011384ccd4a5ebdfd821c7ad3df5f44781b5afeef9,100000,1,7381,"{""九黎"": 86, ""共工"": 152, ""共工氏"": 13, ""句龙"": 4, ""后土"": 150, ""太昊"": 62, ""太皞"": 1, ""女娃"": 252, ""女娲"": 649, ""少昊"": 57, ""少皞"": 2, ""帝江"": 14, ""帝鸿"": 5, ""应龙"": 146, ""有熊氏"": 5, ""榆罔"": 1, ""涿鹿"": 35, ""炎帝"": 213, ""神农"": 379, ""禹"": 2195, ""精卫"": 298, ""缙云氏"": 8, ""蚩尤"": 372, ""赤帝"": 19, ""轩辕"": 1212, ""轩辕氏"": 23, ""阪泉"": 6, ""雨师"": 25, ""颛顼"": 93, ""风伯"": 29, ""鲧"": 66, ""黄帝"": 809}"
GCI-HOLD-0002,756,data/CASIA-LM_ChineseWebText2.0_partial-000756.parquet,368786350,4b4bd9e1188ecc094ea0a1c2fc259f0d10c69f04eb097b4d6c68011b549f1c50,100000,1,7053,"{""九黎"": 100, ""共工"": 126, ""共工氏"": 4, ""句龙"": 4, ""后土"": 123, ""太昊"": 20, ""太皞"": 2, ""女娃"": 296, ""女娲"": 642, ""少昊"": 18, ""帝江"": 99, ""帝鸿"": 5, ""帝鸿氏"": 1, ""应龙"": 304, ""有熊氏"": 3, ""榆罔"": 22, ""涿鹿"": 29, ""炎帝"": 169, ""神农"": 409, ""禹"": 2271, ""精卫"": 251, ""缙云氏"": 2, ""蚩尤"": 208, ""赤帝"": 13, ""轩辕"": 1006, ""轩辕氏"": 15, ""阪泉"": 11, ""雨师"": 68, ""颛顼"": 33, ""风伯"": 34, ""鲧"": 20, ""黄帝"": 745}"
GCI-HOLD-0002,757,data/CASIA-LM_ChineseWebText2.0_partial-000757.parquet,373112931,b07bca70ca8e2561cb7f2e238d61a4233de80d27335f497cc0a899b583bf64a6,100000,1,7781,"{""九黎"": 62, ""共工"": 168, ""共工氏"": 5, ""句龙"": 1, ""后土"": 125, ""太昊"": 10, ""女娃"": 200, ""女娲"": 580, ""少昊"": 87, ""少皞"": 3, ""帝江"": 103, ""帝鸿"": 2, ""应龙"": 183, ""有熊氏"": 5, ""榆罔"": 22, ""涿鹿"": 87, ""炎帝"": 284, ""神农"": 452, ""禹"": 2201, ""精卫"": 316, ""缙云氏"": 1, ""蚩尤"": 516, ""赤帝"": 25, ""轩辕"": 1100, ""轩辕氏"": 26, ""阪泉"": 14, ""雨师"": 73, ""颛顼"": 110, ""风伯"": 46, ""鲧"": 58, ""黄帝"": 914, ""黄帝氏"": 2}"
GCI-HOLD-0002,758,data/CASIA-LM_ChineseWebText2.0_partial-000758.parquet,369295038,49fd55e2ca5ce2ec5df07eb12dfc4ce08a427b6b338eebaef372a9857b1965af,100000,1,7545,"{""九黎"": 114, ""共工"": 190, ""共工氏"": 13, ""后土"": 232, ""太昊"": 43, ""女娃"": 189, ""女娲"": 563, ""少昊"": 32, ""少皞"": 1, ""帝江"": 68, ""帝鸿"": 6, ""帝鸿氏"": 4, ""应龙"": 192, ""有熊氏"": 8, ""榆罔"": 1, ""涿鹿"": 81, ""炎帝"": 220, ""神农"": 341, ""禹"": 2453, ""精卫"": 447, ""缙云氏"": 8, ""蚩尤"": 333, ""赤帝"": 28, ""轩辕"": 1013, ""轩辕氏"": 20, ""阪泉"": 10, ""雨师"": 45, ""颛顼"": 53, ""风伯"": 42, ""鲧"": 54, ""黄帝"": 741}"
GCI-HOLD-0002,759,data/CASIA-LM_ChineseWebText2.0_partial-000759.parquet,189636884,175c8eccc2d0f2c910da10baa9b2c733bf23921b9687e6fa4bafee09381c477b,100000,1,2784,"{""九黎"": 35, ""共工"": 65, ""共工氏"": 3, ""句龙"": 15, ""后土"": 55, ""女娃"": 140, ""女娲"": 187, ""少昊"": 4, ""帝江"": 71, ""帝鸿"": 12, ""应龙"": 23, ""有熊氏"": 5, ""涿鹿"": 18, ""炎帝"": 52, ""神农"": 185, ""禹"": 942, ""精卫"": 44, ""蚩尤"": 53, ""赤帝"": 9, ""轩辕"": 514, ""轩辕氏"": 5, ""阪泉"": 1, ""雨师"": 8, ""颛顼"": 6, ""风伯"": 5, ""鲧"": 22, ""黄帝"": 305}"
GCI-HOLD-0002,760,data/CASIA-LM_ChineseWebText2.0_partial-000760.parquet,182692363,c6927edb9881ab115e351036583773bc53142f796572218d052a812e910a6e7d,100000,1,2628,"{""九黎"": 25, ""共工"": 23, ""共工氏"": 1, ""句龙"": 1, ""后土"": 32, ""太昊"": 21, ""太皞"": 1, ""女娃"": 118, ""女娲"": 149, ""少昊"": 4, ""帝江"": 3, ""应龙"": 37, ""有熊氏"": 9, ""涿鹿"": 8, ""炎帝"": 49, ""神农"": 118, ""禹"": 1076, ""精卫"": 23, ""蚩尤"": 47, ""赤帝"": 10, ""轩辕"": 488, ""轩辕氏"": 2, ""雨师"": 13, ""颛顼"": 24, ""风伯"": 7, ""鲧"": 37, ""黄帝"": 302}"
GCI-HOLD-0002,761,data/CASIA-LM_ChineseWebText2.0_partial-000761.parquet,182089988,58523428a0a9d69eae4b294acc7f7d2ddcc01a51d546cd18f77f73c14b9d493d,100000,1,2888,"{""九黎"": 36, ""共工"": 81, ""句龙"": 1, ""后土"": 85, ""太昊"": 12, ""女娃"": 101, ""女娲"": 141, ""少昊"": 8, ""少皞"": 1, ""帝江"": 4, ""应龙"": 36, ""有熊氏"": 3, ""涿鹿"": 26, ""炎帝"": 71, ""神农"": 132, ""禹"": 1163, ""精卫"": 30, ""缙云氏"": 1, ""蚩尤"": 100, ""赤帝"": 7, ""轩辕"": 479, ""轩辕氏"": 1, ""雨师"": 8, ""颛顼"": 14, ""风伯"": 3, ""鲧"": 16, ""黄帝"": 328}"
GCI-HOLD-0002,762,data/CASIA-LM_ChineseWebText2.0_partial-000762.parquet,182221705,1b874af2bf69d3949533929ea2ce6612405f02d61538e8422c768c717005602e,100000,1,2529,"{""九黎"": 23, ""共工"": 33, ""共工氏"": 3, ""后土"": 58, ""太昊"": 4, ""太皞"": 1, ""女娃"": 120, ""女娲"": 196, ""少昊"": 8, ""少皞"": 1, ""帝江"": 34, ""应龙"": 23, ""有熊氏"": 1, ""涿鹿"": 15, ""炎帝"": 76, ""神农"": 142, ""禹"": 844, ""精卫"": 44, ""蚩尤"": 59, ""赤帝"": 8, ""轩辕"": 498, ""轩辕氏"": 31, ""雨师"": 6, ""颛顼"": 23, ""风伯"": 2, ""鲧"": 8, ""黄帝"": 268}"
GCI-HOLD-0002,763,data/CASIA-LM_ChineseWebText2.0_partial-000763.parquet,184005381,cca9335b7621ac3e516819c5e6baf63fb14cbb7d7bfb0c569da7c511fe3aff91,100000,1,2575,"{""九黎"": 24, ""共工"": 51, ""共工氏"": 6, ""句龙"": 1, ""后土"": 49, ""太昊"": 3, ""女娃"": 74, ""女娲"": 203, ""少昊"": 8, ""帝江"": 27, ""帝鸿"": 1, ""帝鸿氏"": 1, ""应龙"": 47, ""有熊氏"": 8, ""涿鹿"": 5, ""炎帝"": 41, ""神农"": 176, ""禹"": 924, ""精卫"": 20, ""缙云氏"": 2, ""蚩尤"": 63, ""赤帝"": 5, ""轩辕"": 479, ""轩辕氏"": 5, ""雨师"": 17, ""颛顼"": 32, ""风伯"": 6, ""鲧"": 33, ""黄帝"": 264}"
GCI-HOLD-0002,764,data/CASIA-LM_ChineseWebText2.0_partial-000764.parquet,182475410,1e3d1b86ed80f28bcb3ce8bd1814e033f96f63a4a85cc036893fa6a5411057b9,100000,1,2765,"{""九黎"": 47, ""共工"": 52, ""共工氏"": 9, ""后土"": 82, ""太昊"": 46, ""女娃"": 123, ""女娲"": 201, ""少昊"": 3, ""少皞"": 2, ""帝江"": 3, ""帝鸿"": 2, ""应龙"": 37, ""有熊氏"": 3, ""涿鹿"": 9, ""炎帝"": 66, ""神农"": 186, ""禹"": 1034, ""精卫"": 39, ""蚩尤"": 99, ""赤帝"": 6, ""轩辕"": 308, ""轩辕氏"": 8, ""雨师"": 6, ""颛顼"": 14, ""风伯"": 55, ""鲧"": 26, ""黄帝"": 299}"
GCI-HOLD-0002,765,data/CASIA-LM_ChineseWebText2.0_partial-000765.parquet,183040675,561381300b45ef2bbadae4852453c6ca58fee6efba39c02d416dbeda3944d7ab,100000,1,2655,"{""九黎"": 23, ""共工"": 51, ""句龙"": 2, ""后土"": 41, ""太昊"": 30, ""女娃"": 116, ""女娲"": 195, ""少昊"": 18, ""帝江"": 9, ""帝鸿"": 1, ""应龙"": 41, ""有熊氏"": 1, ""涿鹿"": 14, ""炎帝"": 37, ""神农"": 169, ""禹"": 1026, ""精卫"": 29, ""缙云氏"": 4, ""蚩尤"": 58, ""赤帝"": 6, ""轩辕"": 438, ""轩辕氏"": 3, ""雨师"": 1, ""颛顼"": 14, ""风伯"": 26, ""鲧"": 33, ""黄帝"": 269}"
GCI-HOLD-0002,766,data/CASIA-LM_ChineseWebText2.0_partial-000766.parquet,182261483,be8b1aa27cd04d5d5e6eb9a1b010ab70423670c092597daed9975d658eff4b1a,100000,1,2699,"{""九黎"": 15, ""共工"": 31, ""共工氏"": 2, ""句龙"": 11, ""后土"": 31, ""太昊"": 11, ""女娃"": 120, ""女娲"": 134, ""少昊"": 5, ""帝江"": 11, ""帝鸿"": 3, ""帝鸿氏"": 1, ""应龙"": 42, ""有熊氏"": 2, ""涿鹿"": 11, ""炎帝"": 76, ""神农"": 194, ""禹"": 1012, ""精卫"": 39, ""蚩尤"": 89, ""赤帝"": 10, ""轩辕"": 471, ""轩辕氏"": 5, ""雨师"": 2, ""颛顼"": 14, ""风伯"": 1, ""鲧"": 29, ""黄帝"": 327}"
GCI-HOLD-0002,767,data/CASIA-LM_ChineseWebText2.0_partial-000767.parquet,364518189,bfb1f611721e6e0e16b5cd2f45b19eb3916df61acdb51b620c4e371a44d5fe6e,100000,1,7435,"{""九黎"": 115, ""共工"": 245, ""共工氏"": 20, ""句龙"": 2, ""后土"": 270, ""太昊"": 48, ""太皞"": 9, ""女娃"": 255, ""女娲"": 595, ""少昊"": 22, ""少皞"": 4, ""帝江"": 41, ""帝鸿"": 1, ""应龙"": 164, ""有熊氏"": 12, ""榆罔"": 3, ""涿鹿"": 52, ""炎帝"": 204, ""神农"": 431, ""禹"": 2265, ""精卫"": 324, ""缙云氏"": 2, ""蚩尤"": 296, ""赤帝"": 19, ""轩辕"": 968, ""轩辕氏"": 36, ""阪泉"": 15, ""雨师"": 34, ""颛顼"": 79, ""风伯"": 22, ""鲧"": 47, ""黄帝"": 833, ""黄帝氏"": 2}"
GCI-HOLD-0002,768,data/CASIA-LM_ChineseWebText2.0_partial-000768.parquet,373608434,439029dbe068f5a5f4ddb935d2faee60efcd919b14eab702c939563f3927efa2,100000,1,7561,"{""九黎"": 46, ""共工"": 212, ""共工氏"": 7, ""句龙"": 3, ""后土"": 344, ""太昊"": 22, ""女娃"": 209, ""女娲"": 680, ""少昊"": 33, ""少皞"": 2, ""帝江"": 157, ""帝鸿"": 1, ""应龙"": 171, ""有熊氏"": 2, ""榆罔"": 1, ""涿鹿"": 43, ""炎帝"": 255, ""神农"": 382, ""禹"": 2170, ""精卫"": 438, ""缙云氏"": 1, ""蚩尤"": 399, ""赤帝"": 17, ""轩辕"": 938, ""轩辕氏"": 15, ""阪泉"": 13, ""雨师"": 38, ""颛顼"": 55, ""风伯"": 23, ""鲧"": 84, ""黄帝"": 798, ""黄帝氏"": 2}"
GCI-HOLD-0002,769,data/CASIA-LM_ChineseWebText2.0_partial-000769.parquet,375044927,4e46d93518c835d119cd0fae9481b6d03dfd1250dfc042d0593666bb1f541814,100000,1,8480,"{""九黎"": 137, ""共工"": 273, ""共工氏"": 34, ""句龙"": 1, ""后土"": 453, ""太昊"": 69, ""太皞"": 2, ""女娃"": 217, ""女娲"": 1220, ""少昊"": 32, ""少皞"": 5, ""帝江"": 135, ""帝鸿"": 10, ""帝鸿氏"": 2, ""应龙"": 100, ""有熊氏"": 4, ""榆罔"": 2, ""涿鹿"": 24, ""炎帝"": 197, ""神农"": 444, ""禹"": 2250, ""精卫"": 356, ""缙云氏"": 1, ""蚩尤"": 354, ""赤帝"": 55, ""轩辕"": 1239, ""轩辕氏"": 15, ""阪泉"": 7, ""雨师"": 24, ""颛顼"": 56, ""风伯"": 23, ""鲧"": 65, ""黄帝"": 674}"
GCI-HOLD-0002,770,data/CASIA-LM_ChineseWebText2.0_partial-000770.parquet,376792595,c9c895727a97116ea9095aefb82f72749ba7f4db205bb39f80dfb5cedd3e71c5,100000,1,8869,"{""九黎"": 87, ""共工"": 201, ""共工氏"": 19, ""句龙"": 3, ""后土"": 366, ""太昊"": 81, ""太皞"": 16, ""女娃"": 315, ""女娲"": 799, ""少昊"": 71, ""少皞"": 1, ""帝江"": 86, ""帝鸿"": 6, ""帝鸿氏"": 3, ""应龙"": 143, ""有熊氏"": 6, ""榆罔"": 2, ""涿鹿"": 60, ""炎帝"": 293, ""神农"": 570, ""禹"": 2555, ""精卫"": 387, ""缙云氏"": 28, ""蚩尤"": 304, ""赤帝"": 18, ""轩辕"": 1084, ""轩辕氏"": 26, ""阪泉"": 13, ""雨师"": 33, ""颛顼"": 104, ""风伯"": 45, ""鲧"": 79, ""黄帝"": 1055, ""黄帝氏"": 10}"
GCI-HOLD-0002,771,data/CASIA-LM_ChineseWebText2.0_partial-000771.parquet,377742889,5bc769f23ff5b26b6128c4c254ae16efb45bfdd99ed4d6b083c41897d0d7e684,100000,1,8293,"{""九黎"": 71, ""共工"": 194, ""共工氏"": 9, ""句龙"": 1, ""后土"": 391, ""太昊"": 101, ""女娃"": 278, ""女娲"": 846, ""少昊"": 24, ""少皞"": 1, ""帝江"": 186, ""帝鸿"": 5, ""帝鸿氏"": 1, ""应龙"": 105, ""有熊氏"": 4, ""涿鹿"": 40, ""炎帝"": 176, ""神农"": 364, ""禹"": 2338, ""精卫"": 236, ""缙云氏"": 3, ""蚩尤"": 408, ""赤帝"": 32, ""轩辕"": 1385, ""轩辕氏"": 56, ""阪泉"": 11, ""雨师"": 32, ""颛顼"": 111, ""风伯"": 38, ""鲧"": 66, ""黄帝"": 780}"
GCI-HOLD-0002,772,data/CASIA-LM_ChineseWebText2.0_partial-000772.parquet,373033826,5d209ea24bd7f03f8f032029d470d2a03c3c502bb7240cb31e2bf4123960b282,100000,1,8224,"{""九黎"": 103, ""共工"": 214, ""共工氏"": 10, ""后土"": 260, ""太昊"": 33, ""太皞"": 16, ""女娃"": 255, ""女娲"": 642, ""少昊"": 44, ""少皞"": 1, ""帝江"": 47, ""帝鸿"": 3, ""帝鸿氏"": 1, ""应龙"": 116, ""有熊氏"": 4, ""榆罔"": 5, ""涿鹿"": 32, ""炎帝"": 228, ""神农"": 702, ""禹"": 2637, ""精卫"": 294, ""缙云氏"": 1, ""蚩尤"": 315, ""赤帝"": 8, ""轩辕"": 1071, ""轩辕氏"": 29, ""阪泉"": 11, ""雨师"": 13, ""颛顼"": 80, ""风伯"": 22, ""鲧"": 81, ""黄帝"": 946}"
GCI-HOLD-0002,773,data/CASIA-LM_ChineseWebText2.0_partial-000773.parquet,219031788,256821d88e126c3dbb9fd0df7c2e87771cc925eb13e2069640a8986e23a40e95,100000,1,3561,"{""九黎"": 17, ""共工"": 31, ""共工氏"": 4, ""句龙"": 1, ""后土"": 140, ""太昊"": 13, ""女娃"": 125, ""女娲"": 206, ""少昊"": 12, ""帝江"": 9, ""应龙"": 44, ""有熊氏"": 4, ""榆罔"": 2, ""涿鹿"": 31, ""炎帝"": 113, ""神农"": 241, ""禹"": 1157, ""精卫"": 87, ""蚩尤"": 119, ""赤帝"": 16, ""轩辕"": 481, ""轩辕氏"": 6, ""阪泉"": 3, ""雨师"": 26, ""颛顼"": 45, ""风伯"": 32, ""鲧"": 47, ""黄帝"": 549}"
GCI-HOLD-0002,774,data/CASIA-LM_ChineseWebText2.0_partial-000774.parquet,177617421,8ce9d9646ddc498bf08ea7578202132a582704beb505a4fca1c5eaeddfae2e70,100000,1,2284,"{""九黎"": 26, ""共工"": 38, ""共工氏"": 1, ""后土"": 39, ""太昊"": 5, ""女娃"": 57, ""女娲"": 126, ""少昊"": 20, ""少皞"": 1, ""帝江"": 6, ""帝鸿"": 1, ""帝鸿氏"": 1, ""应龙"": 83, ""有熊氏"": 13, ""涿鹿"": 16, ""炎帝"": 72, ""神农"": 193, ""禹"": 840, ""精卫"": 48, ""蚩尤"": 102, ""轩辕"": 193, ""轩辕氏"": 6, ""雨师"": 29, ""颛顼"": 16, ""风伯"": 6, ""鲧"": 43, ""黄帝"": 303}"
GCI-HOLD-0002,775,data/CASIA-LM_ChineseWebText2.0_partial-000775.parquet,177241375,aa5a654d22852051e34514ab9df1578d82678417bb43805a4a44c4b9a4dccea9,100000,1,2174,"{""九黎"": 9, ""共工"": 26, ""后土"": 57, ""太昊"": 8, ""女娃"": 62, ""女娲"": 92, ""少昊"": 12, ""少皞"": 1, ""帝江"": 12, ""帝鸿"": 2, ""帝鸿氏"": 2, ""应龙"": 49, ""有熊氏"": 2, ""涿鹿"": 5, ""炎帝"": 115, ""神农"": 140, ""禹"": 770, ""精卫"": 35, ""蚩尤"": 23, ""轩辕"": 318, ""轩辕氏"": 8, ""雨师"": 12, ""颛顼"": 5, ""风伯"": 4, ""鲧"": 11, ""黄帝"": 394}"
GCI-HOLD-0002,776,data/CASIA-LM_ChineseWebText2.0_partial-000776.parquet,178107542,de2333c813218747613740155bb6bd5713294b84c35f49c398e10bbf291410b5,100000,1,2318,"{""九黎"": 17, ""共工"": 59, ""共工氏"": 33, ""后土"": 31, ""太昊"": 13, ""太皞"": 4, ""女娃"": 99, ""女娲"": 88, ""少昊"": 13, ""少皞"": 2, ""帝江"": 3, ""帝鸿"": 2, ""应龙"": 48, ""有熊氏"": 1, ""榆罔"": 2, ""涿鹿"": 12, ""炎帝"": 78, ""神农"": 202, ""禹"": 938, ""精卫"": 25, ""缙云氏"": 3, ""蚩尤"": 97, ""赤帝"": 5, ""轩辕"": 250, ""轩辕氏"": 6, ""雨师"": 9, ""颛顼"": 41, ""风伯"": 11, ""鲧"": 4, ""黄帝"": 222}"
GCI-HOLD-0002,777,data/CASIA-LM_ChineseWebText2.0_partial-000777.parquet,178158541,f6fe364e4851c1fc57b52252fec7258917319d32e71889269a59d0a6249fb978,100000,1,2046,"{""九黎"": 8, ""共工"": 35, ""共工氏"": 5, ""后土"": 33, ""太昊"": 12, ""太皞"": 1, ""女娃"": 82, ""女娲"": 136, ""少昊"": 27, ""少皞"": 1, ""帝江"": 9, ""帝鸿"": 9, ""应龙"": 58, ""有熊氏"": 3, ""涿鹿"": 3, ""炎帝"": 58, ""神农"": 143, ""禹"": 778, ""精卫"": 22, ""蚩尤"": 42, ""赤帝"": 3, ""轩辕"": 308, ""轩辕氏"": 4, ""雨师"": 9, ""颛顼"": 25, ""风伯"": 11, ""鲧"": 13, ""黄帝"": 208}"
GCI-HOLD-0002,778,data/CASIA-LM_ChineseWebText2.0_partial-000778.parquet,178769249,6394575b09a75acec0b0b4867047666876981f015c72ba6743edfe8819de0675,100000,1,2100,"{""九黎"": 5, ""共工"": 41, ""共工氏"": 5, ""句龙"": 1, ""后土"": 46, ""太昊"": 5, ""女娃"": 72, ""女娲"": 153, ""少昊"": 10, ""帝江"": 4, ""应龙"": 30, ""榆罔"": 1, ""涿鹿"": 4, ""炎帝"": 83, ""神农"": 195, ""禹"": 832, ""精卫"": 38, ""缙云氏"": 1, ""蚩尤"": 33, ""赤帝"": 6, ""轩辕"": 303, ""轩辕氏"": 7, ""雨师"": 25, ""颛顼"": 14, ""风伯"": 19, ""鲧"": 16, ""黄帝"": 151}"
GCI-HOLD-0002,779,data/CASIA-LM_ChineseWebText2.0_partial-000779.parquet,179086317,cde4741e2be804192685dc0c396ae11d82938fd1c817fc26cbc3c822f9906b4b,100000,1,2451,"{""九黎"": 64, ""共工"": 49, ""共工氏"": 5, ""句龙"": 1, ""后土"": 50, ""太昊"": 15, ""太皞"": 1, ""女娃"": 108, ""女娲"": 134, ""少昊"": 5, ""少皞"": 3, ""帝江"": 7, ""帝鸿"": 2, ""帝鸿氏"": 1, ""应龙"": 67, ""榆罔"": 1, ""涿鹿"": 7, ""炎帝"": 69, ""神农"": 207, ""禹"": 762, ""精卫"": 82, ""蚩尤"": 69, ""赤帝"": 5, ""轩辕"": 377, ""轩辕氏"": 6, ""雨师"": 24, ""颛顼"": 16, ""风伯"": 8, ""鲧"": 18, ""黄帝"": 288}"
GCI-HOLD-0002,780,data/CASIA-LM_ChineseWebText2.0_partial-000780.parquet,178428929,9265f7a52bb6d9cb44698278cd99cdeb5d7c25175743aaa8d3a19b5f8fc8e271,100000,1,2384,"{""九黎"": 15, ""共工"": 74, ""共工氏"": 27, ""后土"": 56, ""太昊"": 25, ""女娃"": 90, ""女娲"": 152, ""少昊"": 16, ""少皞"": 4, ""帝江"": 6, ""应龙"": 72, ""有熊氏"": 1, ""涿鹿"": 14, ""炎帝"": 57, ""神农"": 184, ""禹"": 848, ""精卫"": 25, ""蚩尤"": 63, ""赤帝"": 6, ""轩辕"": 245, ""轩辕氏"": 7, ""雨师"": 16, ""颛顼"": 45, ""风伯"": 8, ""鲧"": 31, ""黄帝"": 296, ""黄帝氏"": 1}"
GCI-HOLD-0002,781,data/CASIA-LM_ChineseWebText2.0_partial-000781.parquet,281748823,b255a51418ed3390c6187528676810d33ceaf4878c1ecea43282f3ff48699441,100000,1,4650,"{""九黎"": 20, ""共工"": 61, ""共工氏"": 2, ""后土"": 76, ""太昊"": 10, ""女娃"": 149, ""女娲"": 358, ""少昊"": 11, ""少皞"": 1, ""帝江"": 42, ""帝鸿"": 7, ""帝鸿氏"": 2, ""应龙"": 87, ""有熊氏"": 5, ""榆罔"": 3, ""涿鹿"": 13, ""炎帝"": 222, ""神农"": 317, ""禹"": 1562, ""精卫"": 200, ""缙云氏"": 1, ""蚩尤"": 122, ""赤帝"": 27, ""轩辕"": 695, ""轩辕氏"": 15, ""阪泉"": 9, ""雨师"": 72, ""颛顼"": 64, ""风伯"": 10, ""鲧"": 25, ""黄帝"": 462}"
GCI-HOLD-0002,782,data/CASIA-LM_ChineseWebText2.0_partial-000782.parquet,381803879,6d67f116ffc95e5cae8a35fe08256a544fa18993dd8aa54a05763b2de09c5bed,100000,1,7143,"{""九黎"": 110, ""共工"": 145, ""共工氏"": 17, ""句龙"": 1, ""后土"": 197, ""太昊"": 21, ""太皞"": 4, ""女娃"": 182, ""女娲"": 481, ""少昊"": 33, ""少皞"": 2, ""帝江"": 69, ""帝鸿"": 1, ""帝鸿氏"": 1, ""应龙"": 55, ""有熊氏"": 2, ""榆罔"": 1, ""涿鹿"": 14, ""炎帝"": 172, ""神农"": 392, ""禹"": 2433, ""精卫"": 305, ""缙云氏"": 1, ""蚩尤"": 266, ""赤帝"": 24, ""轩辕"": 1362, ""轩辕氏"": 59, ""阪泉"": 6, ""雨师"": 58, ""颛顼"": 49, ""风伯"": 20, ""鲧"": 61, ""黄帝"": 599}"
GCI-HOLD-0002,783,data/CASIA-LM_ChineseWebText2.0_partial-000783.parquet,384638842,9f42d0f21fab9a442fdcaaff6c9fe926cbba889fbb775e46a7081a813d0c2763,100000,1,8559,"{""九黎"": 301, ""共工"": 169, ""共工氏"": 9, ""句龙"": 2, ""后土"": 217, ""太昊"": 51, ""太皞"": 4, ""女娃"": 252, ""女娲"": 475, ""少昊"": 73, ""少皞"": 8, ""帝江"": 21, ""帝鸿"": 3, ""帝鸿氏"": 2, ""应龙"": 141, ""有熊氏"": 12, ""榆罔"": 7, ""涿鹿"": 39, ""炎帝"": 316, ""神农"": 434, ""禹"": 2786, ""精卫"": 392, ""缙云氏"": 1, ""蚩尤"": 492, ""赤帝"": 14, ""轩辕"": 1203, ""轩辕氏"": 52, ""阪泉"": 7, ""雨师"": 35, ""颛顼"": 53, ""风伯"": 12, ""鲧"": 95, ""黄帝"": 880, ""黄帝氏"": 1}"
GCI-HOLD-0002,784,data/CASIA-LM_ChineseWebText2.0_partial-000784.parquet,390681471,2a2b772432babb2e98f9b75b373f3e482b24856dada0c3f7155a5d51c5b7bbea,100000,1,7626,"{""九黎"": 136, ""共工"": 118, ""共工氏"": 23, ""后土"": 199, ""太昊"": 32, ""太皞"": 2, ""女娃"": 207, ""女娲"": 374, ""少昊"": 66, ""少皞"": 2, ""帝江"": 37, ""帝鸿"": 2, ""帝鸿氏"": 1, ""应龙"": 127, ""有熊氏"": 13, ""榆罔"": 37, ""涿鹿"": 28, ""炎帝"": 310, ""神农"": 483, ""禹"": 2295, ""精卫"": 438, ""蚩尤"": 191, ""赤帝"": 28, ""轩辕"": 1259, ""轩辕氏"": 28, ""阪泉"": 20, ""雨师"": 73, ""颛顼"": 142, ""风伯"": 51, ""鲧"": 92, ""黄帝"": 811, ""黄帝氏"": 1}"
GCI-HOLD-0002,785,data/CASIA-LM_ChineseWebText2.0_partial-000785.parquet,389952217,09d51cf3c02d535bb63d0fb39c6baf426ca66a5d685f3debc17ef8b24af24c3c,100000,1,9337,"{""九黎"": 207, ""共工"": 179, ""共工氏"": 3, ""后土"": 276, ""太昊"": 72, ""太皞"": 4, ""女娃"": 224, ""女娲"": 453, ""少昊"": 104, ""少皞"": 4, ""帝江"": 39, ""帝鸿"": 9, ""帝鸿氏"": 1, ""应龙"": 89, ""有熊氏"": 8, ""榆罔"": 12, ""涿鹿"": 59, ""炎帝"": 308, ""神农"": 424, ""禹"": 3732, ""精卫"": 299, ""缙云氏"": 1, ""蚩尤"": 562, ""赤帝"": 42, ""轩辕"": 1111, ""轩辕氏"": 48, ""阪泉"": 15, ""雨师"": 22, ""颛顼"": 109, ""风伯"": 8, ""鲧"": 99, ""黄帝"": 812, ""黄帝氏"": 2}"
GCI-HOLD-0002,786,data/CASIA-LM_ChineseWebText2.0_partial-000786.parquet,386872192,df25225fa8f2596397cdd20385b32691f1a91083e210351337361d96d8edc3d7,100000,1,8343,"{""九黎"": 183, ""共工"": 190, ""共工氏"": 23, ""句龙"": 2, ""后土"": 243, ""太昊"": 35, ""太皞"": 4, ""女娃"": 216, ""女娲"": 608, ""少昊"": 114, ""少皞"": 8, ""帝江"": 60, ""帝鸿"": 3, ""帝鸿氏"": 1, ""应龙"": 81, ""有熊氏"": 5, ""榆罔"": 19, ""涿鹿"": 28, ""炎帝"": 355, ""神农"": 578, ""禹"": 2552, ""精卫"": 258, ""缙云氏"": 10, ""蚩尤"": 434, ""赤帝"": 6, ""轩辕"": 1193, ""轩辕氏"": 28, ""阪泉"": 10, ""雨师"": 32, ""颛顼"": 112, ""风伯"": 11, ""鲧"": 65, ""黄帝"": 876}"
GCI-HOLD-0002,787,data/CASIA-LM_ChineseWebText2.0_partial-000787.parquet,385925801,f1ca688c310f2926fcfee8b3aa36b159343ccb670520d4cee5585a8f5588b297,100000,1,7823,"{""九黎"": 201, ""共工"": 105, ""共工氏"": 4, ""句龙"": 2, ""后土"": 240, ""太昊"": 12, ""太皞"": 3, ""女娃"": 177, ""女娲"": 559, ""少昊"": 242, ""少皞"": 4, ""帝江"": 85, ""帝鸿"": 1, ""应龙"": 108, ""有熊氏"": 1, ""榆罔"": 8, ""涿鹿"": 20, ""炎帝"": 287, ""神农"": 553, ""禹"": 2533, ""精卫"": 214, ""缙云氏"": 4, ""蚩尤"": 211, ""赤帝"": 15, ""轩辕"": 1266, ""轩辕氏"": 12, ""阪泉"": 12, ""雨师"": 38, ""颛顼"": 42, ""风伯"": 15, ""鲧"": 24, ""黄帝"": 825}"
GCI-HOLD-0002,788,data/CASIA-LM_ChineseWebText2.0_partial-000788.parquet,202310293,77e48106a60f41f993a48a391e244109a7a2a152347b0363eb86c00e45703e8a,100000,1,3056,"{""九黎"": 56, ""共工"": 54, ""共工氏"": 9, ""后土"": 29, ""太昊"": 11, ""女娃"": 144, ""女娲"": 234, ""少昊"": 19, ""少皞"": 1, ""帝江"": 2, ""帝鸿"": 2, ""应龙"": 66, ""有熊氏"": 3, ""榆罔"": 1, ""涿鹿"": 15, ""炎帝"": 94, ""神农"": 180, ""禹"": 1045, ""精卫"": 59, ""蚩尤"": 63, ""赤帝"": 22, ""轩辕"": 591, ""轩辕氏"": 3, ""阪泉"": 1, ""雨师"": 5, ""颛顼"": 37, ""风伯"": 1, ""鲧"": 14, ""黄帝"": 295}"
GCI-HOLD-0002,789,data/CASIA-LM_ChineseWebText2.0_partial-000789.parquet,210081570,310b8ce667da4f58d6578caf25876cc0581d7a975dae1c88df2d810d2b3f8621,100000,1,3419,"{""九黎"": 51, ""共工"": 77, ""共工氏"": 16, ""句龙"": 2, ""后土"": 88, ""太昊"": 7, ""女娃"": 107, ""女娲"": 187, ""少昊"": 19, ""帝江"": 7, ""帝鸿"": 3, ""应龙"": 81, ""有熊氏"": 1, ""榆罔"": 1, ""涿鹿"": 5, ""炎帝"": 57, ""神农"": 175, ""禹"": 1178, ""精卫"": 35, ""蚩尤"": 55, ""赤帝"": 7, ""轩辕"": 791, ""轩辕氏"": 15, ""雨师"": 10, ""颛顼"": 131, ""风伯"": 4, ""鲧"": 16, ""黄帝"": 293}"
GCI-HOLD-0002,790,data/CASIA-LM_ChineseWebText2.0_partial-000790.parquet,374702358,0cbfb4c68a75d0806b0fb5b57d0534b9e2e01ef8a524b9ca98940b73d55bc2d8,100000,1,7157,"{""九黎"": 77, ""共工"": 133, ""共工氏"": 4, ""句龙"": 2, ""后土"": 91, ""太昊"": 17, ""女娃"": 221, ""女娲"": 369, ""少昊"": 31, ""少皞"": 1, ""帝江"": 18, ""帝鸿"": 16, ""帝鸿氏"": 4, ""应龙"": 163, ""有熊氏"": 6, ""榆罔"": 3, ""涿鹿"": 42, ""炎帝"": 195, ""神农"": 431, ""禹"": 2311, ""精卫"": 281, ""蚩尤"": 348, ""赤帝"": 18, ""轩辕"": 1012, ""轩辕氏"": 16, ""阪泉"": 4, ""雨师"": 34, ""颛顼"": 334, ""风伯"": 48, ""鲧"": 132, ""黄帝"": 794, ""黄帝氏"": 1}"
GCI-HOLD-0002,791,data/CASIA-LM_ChineseWebText2.0_partial-000791.parquet,376478490,f4ba2e19ada1ae46ff2bc1e61bc7813832fd13bda6ceefa4ba716dd8ccecdf3b,100000,1,6637,"{""九黎"": 54, ""共工"": 110, ""共工氏"": 11, ""后土"": 100, ""太昊"": 23, ""太皞"": 1, ""女娃"": 302, ""女娲"": 525, ""少昊"": 14, ""少皞"": 1, ""帝江"": 12, ""帝鸿"": 16, ""帝鸿氏"": 2, ""应龙"": 93, ""有熊氏"": 1, ""榆罔"": 1, ""涿鹿"": 25, ""炎帝"": 236, ""神农"": 378, ""禹"": 1962, ""精卫"": 430, ""缙云氏"": 1, ""蚩尤"": 254, ""赤帝"": 21, ""轩辕"": 1135, ""轩辕氏"": 17, ""阪泉"": 9, ""雨师"": 54, ""颛顼"": 84, ""风伯"": 17, ""鲧"": 95, ""黄帝"": 653}"
GCI-HOLD-0002,792,data/CASIA-LM_ChineseWebText2.0_partial-000792.parquet,371169176,6081eb483ead17039599cf910f58d7b3cf755b25baaef441b85c4916fcb3a760,100000,1,7860,"{""九黎"": 45, ""共工"": 164, ""共工氏"": 11, ""句龙"": 5, ""后土"": 233, ""太昊"": 19, ""女娃"": 220, ""女娲"": 336, ""少昊"": 19, ""少皞"": 12, ""帝江"": 57, ""帝鸿"": 37, ""帝鸿氏"": 3, ""应龙"": 298, ""有熊氏"": 8, ""榆罔"": 2, ""涿鹿"": 26, ""炎帝"": 231, ""神农"": 428, ""禹"": 1967, ""精卫"": 343, ""蚩尤"": 238, ""赤帝"": 12, ""轩辕"": 1823, ""轩辕氏"": 155, ""阪泉"": 16, ""雨师"": 80, ""颛顼"": 213, ""风伯"": 19, ""鲧"": 50, ""黄帝"": 787, ""黄帝氏"": 3}"
GCI-HOLD-0002,793,data/CASIA-LM_ChineseWebText2.0_partial-000793.parquet,375523128,dcc652dd5b07f94a359ed3c76bdcc2d5fb846d40018fe07b6921b38fb6759871,100000,1,7313,"{""九黎"": 64, ""共工"": 172, ""共工氏"": 38, ""句龙"": 3, ""后土"": 195, ""太昊"": 14, ""太皞"": 7, ""女娃"": 350, ""女娲"": 637, ""少昊"": 58, ""帝江"": 14, ""帝鸿"": 2, ""帝鸿氏"": 1, ""应龙"": 177, ""有熊氏"": 1, ""榆罔"": 1, ""涿鹿"": 20, ""炎帝"": 158, ""神农"": 380, ""禹"": 2294, ""精卫"": 275, ""蚩尤"": 175, ""赤帝"": 18, ""轩辕"": 1154, ""轩辕氏"": 22, ""阪泉"": 4, ""雨师"": 31, ""颛顼"": 157, ""风伯"": 16, ""鲧"": 166, ""黄帝"": 709}"
GCI-HOLD-0002,794,data/CASIA-LM_ChineseWebText2.0_partial-000794.parquet,367513291,772d00bec50118b496420fccded02ebccd1412afb34cff5263fe28db2866cadc,100000,1,6253,"{""九黎"": 68, ""共工"": 111, ""共工氏"": 4, ""后土"": 117, ""太昊"": 35, ""太皞"": 1, ""女娃"": 212, ""女娲"": 415, ""少昊"": 34, ""少皞"": 1, ""帝江"": 36, ""帝鸿"": 22, ""应龙"": 144, ""有熊氏"": 2, ""榆罔"": 9, ""涿鹿"": 18, ""炎帝"": 145, ""神农"": 388, ""禹"": 2081, ""精卫"": 284, ""蚩尤"": 235, ""赤帝"": 17, ""轩辕"": 1039, ""轩辕氏"": 16, ""阪泉"": 7, ""雨师"": 28, ""颛顼"": 47, ""风伯"": 14, ""鲧"": 41, ""黄帝"": 682}"
GCI-HOLD-0002,795,data/CASIA-LM_ChineseWebText2.0_partial-000795.parquet,222629312,51d044468f6a8b16f56aa3ec9229302153aba097576f1370838f8555205d7d87,100000,1,4039,"{""九黎"": 38, ""共工"": 86, ""共工氏"": 2, ""句龙"": 1, ""后土"": 146, ""太昊"": 5, ""女娃"": 115, ""女娲"": 293, ""少昊"": 9, ""少皞"": 2, ""帝江"": 114, ""帝鸿"": 2, ""应龙"": 146, ""有熊氏"": 2, ""榆罔"": 1, ""涿鹿"": 4, ""炎帝"": 52, ""神农"": 226, ""禹"": 1349, ""精卫"": 156, ""蚩尤"": 90, ""赤帝"": 8, ""轩辕"": 507, ""轩辕氏"": 8, ""雨师"": 10, ""颛顼"": 268, ""风伯"": 2, ""鲧"": 20, ""黄帝"": 374, ""黄帝氏"": 3}"
GCI-HOLD-0002,796,data/CASIA-LM_ChineseWebText2.0_partial-000796.parquet,174736456,f43bc8f436c49e7a2763db2ea43aeba472d97a1543db144d47948fed9b51927d,100000,1,2371,"{""九黎"": 13, ""共工"": 14, ""后土"": 30, ""太昊"": 6, ""太皞"": 12, ""女娃"": 84, ""女娲"": 147, ""少昊"": 7, ""帝江"": 12, ""帝鸿"": 9, ""应龙"": 31, ""有熊氏"": 1, ""涿鹿"": 10, ""炎帝"": 21, ""神农"": 185, ""禹"": 1000, ""精卫"": 16, ""蚩尤"": 74, ""轩辕"": 362, ""轩辕氏"": 3, ""雨师"": 6, ""颛顼"": 16, ""风伯"": 3, ""鲧"": 17, ""黄帝"": 292}"
GCI-HOLD-0002,797,data/CASIA-LM_ChineseWebText2.0_partial-000797.parquet,174654077,1956133c92e0c55bf9a5a8e66d6c433ecec123043aa11c55a780fc3f87554fbc,100000,1,2513,"{""九黎"": 47, ""共工"": 100, ""共工氏"": 22, ""句龙"": 1, ""后土"": 49, ""太昊"": 19, ""太皞"": 16, ""女娃"": 71, ""女娲"": 118, ""少昊"": 9, ""帝江"": 12, ""帝鸿"": 6, ""应龙"": 73, ""有熊氏"": 14, ""涿鹿"": 12, ""炎帝"": 65, ""神农"": 157, ""禹"": 841, ""精卫"": 43, ""缙云氏"": 6, ""蚩尤"": 75, ""赤帝"": 11, ""轩辕"": 415, ""轩辕氏"": 5, ""雨师"": 14, ""颛顼"": 58, ""风伯"": 12, ""鲧"": 24, ""黄帝"": 218}"
GCI-HOLD-0002,798,data/CASIA-LM_ChineseWebText2.0_partial-000798.parquet,174266529,644e908363282368a247a9a906040f0fa6342828c3384dc506f39bcf48e8aa5a,100000,1,2278,"{""九黎"": 11, ""共工"": 34, ""共工氏"": 2, ""后土"": 52, ""太昊"": 3, ""女娃"": 70, ""女娲"": 109, ""少昊"": 3, ""帝江"": 9, ""帝鸿"": 2, ""应龙"": 34, ""有熊氏"": 3, ""涿鹿"": 2, ""炎帝"": 45, ""神农"": 125, ""禹"": 957, ""精卫"": 15, ""缙云氏"": 1, ""蚩尤"": 74, ""赤帝"": 15, ""轩辕"": 334, ""轩辕氏"": 4, ""雨师"": 18, ""颛顼"": 23, ""风伯"": 17, ""鲧"": 36, ""黄帝"": 280}"
GCI-HOLD-0002,799,data/CASIA-LM_ChineseWebText2.0_partial-000799.parquet,174802497,13282cea0a6fc676dddb499ae6a74dc93eb7abe308e120f2aa73d9a910bf7254,100000,1,2146,"{""九黎"": 13, ""共工"": 47, ""共工氏"": 2, ""后土"": 35, ""太昊"": 4, ""太皞"": 5, ""女娃"": 68, ""女娲"": 111, ""少昊"": 10, ""少皞"": 7, ""帝江"": 8, ""应龙"": 53, ""涿鹿"": 19, ""炎帝"": 32, ""神农"": 140, ""禹"": 833, ""精卫"": 28, ""蚩尤"": 82, ""赤帝"": 14, ""轩辕"": 266, ""雨师"": 11, ""颛顼"": 44, ""风伯"": 8, ""鲧"": 13, ""黄帝"": 292, ""黄帝氏"": 1}"
GCI-HOLD-0002,800,data/CASIA-LM_ChineseWebText2.0_partial-000800.parquet,174812222,e2e7bd8753868220f316598807abc313ea0b770283597ece65eb97118214460e,100000,1,1970,"{""九黎"": 21, ""共工"": 26, ""共工氏"": 2, ""后土"": 25, ""太昊"": 16, ""女娃"": 85, ""女娲"": 104, ""少昊"": 3, ""少皞"": 2, ""帝江"": 13, ""应龙"": 28, ""有熊氏"": 4, ""涿鹿"": 2, ""炎帝"": 36, ""神农"": 122, ""禹"": 706, ""精卫"": 10, ""蚩尤"": 82, ""赤帝"": 3, ""轩辕"": 519, ""轩辕氏"": 1, ""雨师"": 5, ""颛顼"": 8, ""风伯"": 7, ""鲧"": 8, ""黄帝"": 132}"
GCI-HOLD-0002,801,data/CASIA-LM_ChineseWebText2.0_partial-000801.parquet,174580717,528cd369a9fa47b966c56ac402778c01f79e81f61c8f0f340c2f0bd14b5cd47c,100000,1,2372,"{""九黎"": 14, ""共工"": 25, ""后土"": 38, ""太昊"": 1, ""女娃"": 103, ""女娲"": 94, ""少昊"": 3, ""帝江"": 1, ""应龙"": 146, ""涿鹿"": 7, ""炎帝"": 56, ""神农"": 143, ""禹"": 858, ""精卫"": 18, ""蚩尤"": 85, ""赤帝"": 8, ""轩辕"": 424, ""轩辕氏"": 2, ""雨师"": 17, ""颛顼"": 24, ""风伯"": 26, ""鲧"": 31, ""黄帝"": 248}"
GCI-HOLD-0002,802,data/CASIA-LM_ChineseWebText2.0_partial-000802.parquet,175202811,daa84a70e7d8b3adca1b2924e7829375d619c50f1b91f71aa0e2f7a07d131cb7,100000,1,2676,"{""九黎"": 39, ""共工"": 33, ""共工氏"": 1, ""后土"": 69, ""太昊"": 4, ""太皞"": 6, ""女娃"": 73, ""女娲"": 182, ""少昊"": 8, ""少皞"": 5, ""帝江"": 23, ""帝鸿"": 5, ""应龙"": 32, ""有熊氏"": 1, ""涿鹿"": 8, ""炎帝"": 29, ""神农"": 240, ""禹"": 905, ""精卫"": 32, ""蚩尤"": 49, ""赤帝"": 18, ""轩辕"": 527, ""轩辕氏"": 3, ""雨师"": 6, ""颛顼"": 27, ""风伯"": 3, ""鲧"": 48, ""黄帝"": 300}"
GCI-HOLD-0002,803,data/CASIA-LM_ChineseWebText2.0_partial-000803.parquet,174327641,b7633182dfa14d06e4efa452f12e2a8b6ccc544d058dbdb97e4710601499efcd,100000,1,2296,"{""九黎"": 18, ""共工"": 54, ""共工氏"": 1, ""句龙"": 1, ""后土"": 24, ""太昊"": 3, ""女娃"": 69, ""女娲"": 114, ""少昊"": 19, ""帝江"": 6, ""应龙"": 76, ""有熊氏"": 8, ""涿鹿"": 14, ""炎帝"": 67, ""神农"": 197, ""禹"": 854, ""精卫"": 17, ""缙云氏"": 4, ""蚩尤"": 65, ""赤帝"": 13, ""轩辕"": 368, ""轩辕氏"": 4, ""雨师"": 4, ""颛顼"": 22, ""风伯"": 4, ""鲧"": 18, ""黄帝"": 252}"
GCI-HOLD-0002,804,data/CASIA-LM_ChineseWebText2.0_partial-000804.parquet,295827856,59ae02dec997ebdb5297e9960f5b1cdcd5602f7ccd61b3cc26da21eb844a4dca,100000,1,4849,"{""九黎"": 48, ""共工"": 63, ""共工氏"": 3, ""句龙"": 3, ""后土"": 86, ""太昊"": 15, ""女娃"": 110, ""女娲"": 235, ""少昊"": 14, ""帝江"": 16, ""应龙"": 107, ""有熊氏"": 6, ""榆罔"": 9, ""涿鹿"": 33, ""炎帝"": 95, ""神农"": 198, ""禹"": 1755, ""精卫"": 241, ""缙云氏"": 1, ""蚩尤"": 199, ""赤帝"": 8, ""轩辕"": 1002, ""轩辕氏"": 13, ""阪泉"": 2, ""雨师"": 27, ""颛顼"": 35, ""风伯"": 15, ""鲧"": 39, ""黄帝"": 471}"
GCI-HOLD-0002,805,data/CASIA-LM_ChineseWebText2.0_partial-000805.parquet,379979086,c47f9a69b27a68043f4b286d3a845001d4ecbfb94c05bbcef6eaf487ea778822,100000,1,7083,"{""九黎"": 44, ""共工"": 109, ""共工氏"": 8, ""句龙"": 14, ""后土"": 122, ""太昊"": 38, ""太皞"": 2, ""女娃"": 175, ""女娲"": 382, ""少昊"": 25, ""少皞"": 6, ""帝江"": 40, ""帝鸿"": 3, ""帝鸿氏"": 2, ""应龙"": 127, ""有熊氏"": 8, ""涿鹿"": 46, ""炎帝"": 281, ""神农"": 470, ""禹"": 2362, ""精卫"": 378, ""缙云氏"": 1, ""蚩尤"": 315, ""赤帝"": 29, ""轩辕"": 948, ""轩辕氏"": 41, ""阪泉"": 16, ""雨师"": 45, ""颛顼"": 63, ""风伯"": 27, ""鲧"": 51, ""黄帝"": 902, ""黄帝氏"": 3}"
GCI-HOLD-0002,806,data/CASIA-LM_ChineseWebText2.0_partial-000806.parquet,383280336,1056be9f597e2cf8abf5178d908b46563fc13900f695066c1bb1d0e32b930045,100000,1,7374,"{""九黎"": 154, ""共工"": 152, ""共工氏"": 14, ""后土"": 153, ""太昊"": 21, ""女娃"": 198, ""女娲"": 405, ""少昊"": 35, ""帝江"": 20, ""帝鸿"": 1, ""应龙"": 88, ""有熊氏"": 14, ""榆罔"": 3, ""涿鹿"": 30, ""炎帝"": 190, ""神农"": 402, ""禹"": 2623, ""精卫"": 419, ""蚩尤"": 249, ""赤帝"": 11, ""轩辕"": 1006, ""轩辕氏"": 55, ""阪泉"": 13, ""雨师"": 34, ""颛顼"": 166, ""风伯"": 10, ""鲧"": 67, ""黄帝"": 841}"
GCI-HOLD-0002,807,data/CASIA-LM_ChineseWebText2.0_partial-000807.parquet,383302281,b1bf2621184c4e60b333038958957a16b8dda7a38cbe38c461af59225779d41a,100000,1,6271,"{""九黎"": 61, ""共工"": 101, ""共工氏"": 6, ""后土"": 168, ""太昊"": 30, ""太皞"": 3, ""女娃"": 226, ""女娲"": 407, ""少昊"": 15, ""少皞"": 1, ""帝江"": 38, ""帝鸿"": 1, ""应龙"": 195, ""有熊氏"": 5, ""涿鹿"": 24, ""炎帝"": 115, ""神农"": 456, ""禹"": 1897, ""精卫"": 299, ""缙云氏"": 1, ""蚩尤"": 245, ""赤帝"": 32, ""轩辕"": 1075, ""轩辕氏"": 13, ""阪泉"": 5, ""雨师"": 26, ""颛顼"": 56, ""风伯"": 18, ""鲧"": 44, ""黄帝"": 707, ""黄帝氏"": 1}"
GCI-HOLD-0002,808,data/CASIA-LM_ChineseWebText2.0_partial-000808.parquet,380794086,6762fa4c5b2e22dfcc431264a0dd51cfc48cdcabf51d8f1f0c1cbbc541d85a7c,100000,1,7161,"{""九黎"": 58, ""共工"": 128, ""共工氏"": 6, ""后土"": 158, ""太昊"": 45, ""女娃"": 242, ""女娲"": 469, ""少昊"": 45, ""少皞"": 2, ""帝江"": 36, ""帝鸿"": 2, ""帝鸿氏"": 1, ""应龙"": 166, ""有熊氏"": 11, ""榆罔"": 2, ""涿鹿"": 44, ""炎帝"": 127, ""神农"": 415, ""禹"": 2286, ""精卫"": 448, ""蚩尤"": 330, ""赤帝"": 15, ""轩辕"": 1072, ""轩辕氏"": 12, ""阪泉"": 22, ""雨师"": 41, ""颛顼"": 116, ""风伯"": 17, ""鲧"": 43, ""黄帝"": 801, ""黄帝氏"": 1}"
GCI-HOLD-0002,809,data/CASIA-LM_ChineseWebText2.0_partial-000809.parquet,381880444,7e51182260a8a87daf2e461d66b28f9fcd679d82d0816dce1605935e91e35184,100000,1,7679,"{""九黎"": 124, ""共工"": 194, ""共工氏"": 5, ""后土"": 130, ""太昊"": 60, ""太皞"": 33, ""女娃"": 174, ""女娲"": 455, ""少昊"": 22, ""少皞"": 3, ""帝江"": 29, ""帝鸿"": 2, ""帝鸿氏"": 1, ""应龙"": 170, ""有熊氏"": 8, ""榆罔"": 4, ""涿鹿"": 39, ""炎帝"": 378, ""神农"": 692, ""禹"": 2288, ""精卫"": 389, ""缙云氏"": 1, ""蚩尤"": 339, ""赤帝"": 29, ""轩辕"": 972, ""轩辕氏"": 21, ""阪泉"": 17, ""雨师"": 16, ""颛顼"": 86, ""风伯"": 14, ""鲧"": 75, ""黄帝"": 907, ""黄帝氏"": 2}"
GCI-HOLD-0002,810,data/CASIA-LM_ChineseWebText2.0_partial-000810.parquet,383955780,e81c0c30c752045aff0a57bc916b33b25f19727c0615da4c25bf76730402fb1d,100000,1,7011,"{""九黎"": 107, ""共工"": 142, ""共工氏"": 4, ""句龙"": 1, ""后土"": 138, ""太昊"": 32, ""女娃"": 198, ""女娲"": 553, ""少昊"": 26, ""少皞"": 1, ""帝江"": 52, ""帝鸿"": 4, ""应龙"": 165, ""有熊氏"": 7, ""榆罔"": 1, ""涿鹿"": 26, ""炎帝"": 233, ""神农"": 437, ""禹"": 2000, ""精卫"": 405, ""蚩尤"": 318, ""赤帝"": 7, ""轩辕"": 1026, ""轩辕氏"": 14, ""阪泉"": 15, ""雨师"": 38, ""颛顼"": 77, ""风伯"": 17, ""鲧"": 64, ""黄帝"": 903}"
GCI-HOLD-0002,811,data/CASIA-LM_ChineseWebText2.0_partial-000811.parquet,362954050,c7b522f19ec5d5fe40e0fe20b90a31d2286308317dbc0f80c53ecba0cb2b89d8,100000,1,6764,"{""九黎"": 80, ""共工"": 119, ""共工氏"": 12, ""句龙"": 8, ""后土"": 186, ""太昊"": 26, ""太皞"": 6, ""女娃"": 161, ""女娲"": 464, ""少昊"": 29, ""少皞"": 11, ""帝江"": 55, ""帝鸿"": 6, ""帝鸿氏"": 2, ""应龙"": 234, ""有熊氏"": 6, ""涿鹿"": 48, ""炎帝"": 196, ""神农"": 510, ""禹"": 1996, ""精卫"": 368, ""缙云氏"": 7, ""蚩尤"": 305, ""赤帝"": 24, ""轩辕"": 1074, ""轩辕氏"": 21, ""阪泉"": 18, ""雨师"": 30, ""颛顼"": 84, ""风伯"": 14, ""鲧"": 31, ""黄帝"": 632, ""黄帝氏"": 1}"
GCI-HOLD-0002,812,data/CASIA-LM_ChineseWebText2.0_partial-000812.parquet,127189691,c7c8bc5937e003e8eec8211005ae1ee6df55d5fc9652c740f3ea45cd3e825a36,100000,1,1876,"{""九黎"": 11, ""共工"": 51, ""共工氏"": 5, ""句龙"": 1, ""后土"": 39, ""太昊"": 8, ""女娃"": 16, ""女娲"": 75, ""少昊"": 15, ""帝江"": 2, ""帝鸿"": 1, ""帝鸿氏"": 1, ""应龙"": 11, ""有熊氏"": 1, ""涿鹿"": 19, ""炎帝"": 41, ""神农"": 167, ""禹"": 770, ""精卫"": 66, ""蚩尤"": 66, ""赤帝"": 6, ""轩辕"": 172, ""轩辕氏"": 5, ""阪泉"": 1, ""雨师"": 8, ""颛顼"": 26, ""风伯"": 7, ""鲧"": 18, ""黄帝"": 267}"
GCI-HOLD-0002,813,data/CASIA-LM_ChineseWebText2.0_partial-000813.parquet,127329827,7c12595cbd84f93291ba636555bae2bce6340debefd3da0048a0b2d01af73ad1,100000,1,2344,"{""九黎"": 38, ""共工"": 52, ""共工氏"": 5, ""句龙"": 1, ""后土"": 27, ""太昊"": 48, ""女娃"": 13, ""女娲"": 135, ""少昊"": 28, ""少皞"": 1, ""应龙"": 25, ""涿鹿"": 38, ""炎帝"": 95, ""神农"": 208, ""禹"": 839, ""精卫"": 19, ""缙云氏"": 1, ""蚩尤"": 71, ""赤帝"": 4, ""轩辕"": 269, ""轩辕氏"": 8, ""阪泉"": 1, ""雨师"": 2, ""颛顼"": 44, ""风伯"": 1, ""鲧"": 9, ""黄帝"": 361, ""黄帝氏"": 1}"
GCI-HOLD-0002,814,data/CASIA-LM_ChineseWebText2.0_partial-000814.parquet,127032267,defe9164dab2453f978aaf229cdbca9e8f7a71a2f4f6ded529ab37b05dd28cac,100000,1,2177,"{""九黎"": 21, ""共工"": 34, ""共工氏"": 5, ""后土"": 28, ""太昊"": 5, ""女娃"": 19, ""女娲"": 118, ""少昊"": 8, ""帝江"": 3, ""应龙"": 24, ""有熊氏"": 2, ""榆罔"": 6, ""涿鹿"": 34, ""炎帝"": 70, ""神农"": 205, ""禹"": 695, ""精卫"": 51, ""缙云氏"": 5, ""蚩尤"": 98, ""赤帝"": 5, ""轩辕"": 265, ""轩辕氏"": 3, ""阪泉"": 3, ""雨师"": 4, ""颛顼"": 21, ""风伯"": 8, ""鲧"": 24, ""黄帝"": 413}"
GCI-HOLD-0002,815,data/CASIA-LM_ChineseWebText2.0_partial-000815.parquet,127772924,eac480ff4fee97b3d189f962cf602cd5cd8d68330ba6d0300c8d52d4d66e3d9e,100000,1,2388,"{""九黎"": 44, ""共工"": 31, ""共工氏"": 3, ""后土"": 24, ""太昊"": 9, ""太皞"": 1, ""女娃"": 11, ""女娲"": 75, ""少昊"": 13, ""少皞"": 2, ""应龙"": 33, ""有熊氏"": 5, ""榆罔"": 2, ""涿鹿"": 18, ""炎帝"": 73, ""神农"": 181, ""禹"": 869, ""精卫"": 40, ""蚩尤"": 59, ""赤帝"": 3, ""轩辕"": 291, ""轩辕氏"": 10, ""阪泉"": 3, ""雨师"": 3, ""颛顼"": 62, ""风伯"": 2, ""鲧"": 45, ""黄帝"": 476}"
GCI-HOLD-0002,816,data/CASIA-LM_ChineseWebText2.0_partial-000816.parquet,127350329,acf4376210f2dbfb6b6b4a8557cf652f5b0c60e0b096edc431b6de9130a2114f,100000,1,1865,"{""九黎"": 5, ""共工"": 23, ""共工氏"": 4, ""句龙"": 1, ""后土"": 31, ""太昊"": 4, ""女娃"": 18, ""女娲"": 74, ""少昊"": 17, ""帝江"": 9, ""帝鸿"": 7, ""应龙"": 30, ""有熊氏"": 4, ""涿鹿"": 25, ""炎帝"": 45, ""神农"": 167, ""禹"": 705, ""精卫"": 25, ""蚩尤"": 51, ""赤帝"": 2, ""轩辕"": 194, ""轩辕氏"": 4, ""阪泉"": 4, ""雨师"": 9, ""颛顼"": 21, ""风伯"": 10, ""鲧"": 45, ""黄帝"": 331}"
GCI-HOLD-0002,817,data/CASIA-LM_ChineseWebText2.0_partial-000817.parquet,127273929,4d381927ca5f4c40e7f246b69c778d100cae2ab835783c51aa3ed2fa6015e6da,100000,1,2110,"{""九黎"": 13, ""共工"": 36, ""共工氏"": 3, ""后土"": 32, ""太昊"": 12, ""太皞"": 3, ""女娃"": 17, ""女娲"": 74, ""少昊"": 15, ""少皞"": 7, ""帝江"": 1, ""应龙"": 43, ""有熊氏"": 3, ""涿鹿"": 31, ""炎帝"": 86, ""神农"": 194, ""禹"": 694, ""精卫"": 32, ""蚩尤"": 29, ""赤帝"": 7, ""轩辕"": 371, ""轩辕氏"": 3, ""雨师"": 4, ""颛顼"": 55, ""风伯"": 5, ""鲧"": 28, ""黄帝"": 312}"
GCI-HOLD-0002,818,data/CASIA-LM_ChineseWebText2.0_partial-000818.parquet,127055812,0872b0a0b9079b5a1e95747383de6b8caa87acca24a9415768cd7790dcbcfe70,100000,1,2194,"{""九黎"": 22, ""共工"": 34, ""共工氏"": 3, ""后土"": 14, ""太昊"": 8, ""女娃"": 21, ""女娲"": 98, ""少昊"": 18, ""少皞"": 1, ""帝江"": 9, ""帝鸿"": 1, ""帝鸿氏"": 1, ""应龙"": 32, ""涿鹿"": 21, ""炎帝"": 88, ""神农"": 199, ""禹"": 811, ""精卫"": 27, ""缙云氏"": 1, ""蚩尤"": 90, ""赤帝"": 5, ""轩辕"": 273, ""轩辕氏"": 4, ""阪泉"": 9, ""雨师"": 5, ""颛顼"": 41, ""风伯"": 4, ""鲧"": 23, ""黄帝"": 330, ""黄帝氏"": 1}"
GCI-HOLD-0002,819,data/CASIA-LM_ChineseWebText2.0_partial-000819.parquet,126998804,fdb9033c8e26e27af40caa7c375026317e066039c483fdc2d4d20a50a849ced8,100000,1,2462,"{""九黎"": 17, ""共工"": 32, ""共工氏"": 3, ""后土"": 36, ""太昊"": 10, ""女娃"": 16, ""女娲"": 118, ""少昊"": 31, ""少皞"": 3, ""帝江"": 2, ""应龙"": 25, ""有熊氏"": 1, ""涿鹿"": 21, ""炎帝"": 78, ""神农"": 166, ""禹"": 826, ""精卫"": 55, ""蚩尤"": 97, ""轩辕"": 356, ""轩辕氏"": 2, ""阪泉"": 4, ""雨师"": 11, ""颛顼"": 102, ""风伯"": 4, ""鲧"": 65, ""黄帝"": 381}"
GCI-HOLD-0002,820,data/CASIA-LM_ChineseWebText2.0_partial-000820.parquet,126841430,153952c2363b8795b573f7767ced386a3c4e9fd162ddb2e53c18d47bfc22baf6,100000,1,2073,"{""九黎"": 14, ""共工"": 27, ""共工氏"": 2, ""后土"": 25, ""太昊"": 16, ""太皞"": 9, ""女娃"": 14, ""女娲"": 126, ""少昊"": 53, ""少皞"": 9, ""帝江"": 2, ""帝鸿"": 1, ""帝鸿氏"": 1, ""应龙"": 10, ""有熊氏"": 3, ""涿鹿"": 23, ""炎帝"": 68, ""神农"": 229, ""禹"": 740, ""精卫"": 30, ""蚩尤"": 86, ""赤帝"": 5, ""轩辕"": 208, ""轩辕氏"": 5, ""阪泉"": 2, ""雨师"": 12, ""颛顼"": 53, ""风伯"": 1, ""鲧"": 21, ""黄帝"": 277, ""黄帝氏"": 1}"
GCI-HOLD-0002,821,data/CASIA-LM_ChineseWebText2.0_partial-000821.parquet,127437636,64f9e33180f35704b260fe4145c5f2b786e788f4f407fd267c0a23a200d5462e,100000,1,1966,"{""九黎"": 15, ""共工"": 36, ""后土"": 29, ""太昊"": 4, ""女娃"": 22, ""女娲"": 80, ""少昊"": 5, ""应龙"": 35, ""有熊氏"": 3, ""涿鹿"": 33, ""炎帝"": 64, ""神农"": 167, ""禹"": 648, ""精卫"": 36, ""蚩尤"": 106, ""赤帝"": 6, ""轩辕"": 181, ""轩辕氏"": 9, ""阪泉"": 1, ""雨师"": 50, ""颛顼"": 14, ""风伯"": 22, ""鲧"": 14, ""黄帝"": 385, ""黄帝氏"": 1}"
GCI-HOLD-0002,822,data/CASIA-LM_ChineseWebText2.0_partial-000822.parquet,126806903,e9208eb35f44cba8cc67ef1f871b6021ad6b1e2010a56bd2be7db4ac9a8716ed,100000,1,1977,"{""九黎"": 12, ""共工"": 27, ""共工氏"": 1, ""句龙"": 1, ""后土"": 12, ""太昊"": 13, ""太皞"": 21, ""女娃"": 72, ""女娲"": 67, ""少昊"": 22, ""少皞"": 17, ""帝江"": 4, ""应龙"": 36, ""涿鹿"": 15, ""炎帝"": 74, ""神农"": 175, ""禹"": 737, ""精卫"": 35, ""蚩尤"": 56, ""赤帝"": 6, ""轩辕"": 210, ""轩辕氏"": 2, ""阪泉"": 1, ""雨师"": 4, ""颛顼"": 19, ""风伯"": 4, ""鲧"": 14, ""黄帝"": 319, ""黄帝氏"": 1}"
GCI-HOLD-0002,823,data/CASIA-LM_ChineseWebText2.0_partial-000823.parquet,127357055,58e8622eede24c5e84c088e1f8f9f984170fa234fad15c67e49359893221224b,100000,1,2086,"{""九黎"": 12, ""共工"": 42, ""共工氏"": 2, ""后土"": 15, ""太昊"": 16, ""女娃"": 24, ""女娲"": 108, ""少昊"": 30, ""应龙"": 44, ""涿鹿"": 13, ""炎帝"": 47, ""神农"": 158, ""禹"": 757, ""精卫"": 61, ""蚩尤"": 57, ""赤帝"": 3, ""轩辕"": 287, ""轩辕氏"": 2, ""阪泉"": 2, ""雨师"": 8, ""颛顼"": 19, ""风伯"": 6, ""鲧"": 19, ""黄帝"": 354}"
GCI-HOLD-0002,824,data/CASIA-LM_ChineseWebText2.0_partial-000824.parquet,126880308,4e70daa686bdfece25c859c0275cf9a0f1a88f2201fcf4dbdb1d18d054e0dc48,100000,1,2281,"{""九黎"": 11, ""共工"": 55, ""共工氏"": 7, ""后土"": 77, ""太昊"": 8, ""太皞"": 1, ""女娃"": 22, ""女娲"": 110, ""少昊"": 15, ""少皞"": 3, ""帝江"": 1, ""帝鸿"": 2, ""应龙"": 30, ""有熊氏"": 3, ""涿鹿"": 40, ""炎帝"": 74, ""神农"": 179, ""禹"": 755, ""精卫"": 20, ""缙云氏"": 1, ""蚩尤"": 128, ""赤帝"": 5, ""轩辕"": 264, ""轩辕氏"": 13, ""阪泉"": 5, ""雨师"": 9, ""颛顼"": 45, ""风伯"": 4, ""鲧"": 17, ""黄帝"": 377}"
GCI-HOLD-0002,825,data/CASIA-LM_ChineseWebText2.0_partial-000825.parquet,126823720,31f4fd6f7f73b820911ca34849c922cdb02c88a153f68a2a161710c1fda47244,100000,1,2110,"{""九黎"": 4, ""共工"": 60, ""共工氏"": 1, ""后土"": 36, ""太昊"": 5, ""女娃"": 9, ""女娲"": 71, ""少昊"": 7, ""少皞"": 1, ""帝江"": 3, ""帝鸿"": 5, ""帝鸿氏"": 1, ""应龙"": 67, ""有熊氏"": 3, ""涿鹿"": 17, ""炎帝"": 70, ""神农"": 228, ""禹"": 777, ""精卫"": 41, ""缙云氏"": 9, ""蚩尤"": 28, ""赤帝"": 10, ""轩辕"": 279, ""轩辕氏"": 3, ""阪泉"": 1, ""雨师"": 3, ""颛顼"": 24, ""风伯"": 5, ""鲧"": 12, ""黄帝"": 330}"
GCI-HOLD-0002,826,data/CASIA-LM_ChineseWebText2.0_partial-000826.parquet,126333247,ca1aadfde97fe59eddcaa6236f74d8ef9c393656dcb7c756c6b5efcbf85b55d2,100000,1,2218,"{""九黎"": 4, ""共工"": 56, ""共工氏"": 5, ""后土"": 43, ""太昊"": 9, ""太皞"": 1, ""女娃"": 26, ""女娲"": 87, ""少昊"": 9, ""少皞"": 1, ""帝江"": 11, ""帝鸿"": 1, ""应龙"": 26, ""有熊氏"": 4, ""涿鹿"": 20, ""炎帝"": 139, ""神农"": 244, ""禹"": 804, ""精卫"": 36, ""蚩尤"": 16, ""赤帝"": 9, ""轩辕"": 293, ""轩辕氏"": 8, ""阪泉"": 1, ""雨师"": 7, ""颛顼"": 25, ""风伯"": 5, ""鲧"": 19, ""黄帝"": 309}"
GCI-HOLD-0002,827,data/CASIA-LM_ChineseWebText2.0_partial-000827.parquet,126910158,57cce3512939b95d9c3cdef54d491a8548494db43c4d8dc49e04094688d83e3f,100000,1,2500,"{""九黎"": 27, ""共工"": 30, ""共工氏"": 7, ""后土"": 27, ""太昊"": 18, ""女娃"": 20, ""女娲"": 107, ""少昊"": 17, ""帝江"": 2, ""应龙"": 38, ""有熊氏"": 5, ""榆罔"": 4, ""涿鹿"": 18, ""炎帝"": 98, ""神农"": 336, ""禹"": 864, ""精卫"": 27, ""蚩尤"": 61, ""赤帝"": 3, ""轩辕"": 259, ""轩辕氏"": 6, ""阪泉"": 4, ""雨师"": 4, ""颛顼"": 52, ""风伯"": 1, ""鲧"": 34, ""黄帝"": 431}"
GCI-HOLD-0002,828,data/CASIA-LM_ChineseWebText2.0_partial-000828.parquet,126731066,c67accdbf8762581a522822731aff2d65a27823a0fdda3ad8b44e1ce2091d2a3,100000,1,2096,"{""九黎"": 10, ""共工"": 35, ""共工氏"": 8, ""后土"": 33, ""太昊"": 5, ""太皞"": 1, ""女娃"": 43, ""女娲"": 113, ""少昊"": 9, ""少皞"": 12, ""帝江"": 10, ""帝鸿"": 1, ""应龙"": 16, ""有熊氏"": 2, ""涿鹿"": 23, ""炎帝"": 92, ""神农"": 172, ""禹"": 738, ""精卫"": 11, ""蚩尤"": 52, ""赤帝"": 7, ""轩辕"": 225, ""轩辕氏"": 8, ""阪泉"": 3, ""雨师"": 6, ""颛顼"": 23, ""风伯"": 2, ""鲧"": 17, ""黄帝"": 417, ""黄帝氏"": 2}"
GCI-HOLD-0002,829,data/CASIA-LM_ChineseWebText2.0_partial-000829.parquet,127632642,9eeda411d0d36aea6e1b353f3a3b9ef2e93e0018a5e3f7ac68e0cad88c23bf63,100000,1,1843,"{""九黎"": 21, ""共工"": 40, ""共工氏"": 2, ""句龙"": 1, ""后土"": 13, ""太昊"": 7, ""女娃"": 16, ""女娲"": 70, ""少昊"": 13, ""帝江"": 1, ""应龙"": 18, ""有熊氏"": 1, ""榆罔"": 2, ""涿鹿"": 32, ""炎帝"": 43, ""神农"": 153, ""禹"": 649, ""精卫"": 19, ""蚩尤"": 67, ""赤帝"": 10, ""轩辕"": 260, ""轩辕氏"": 3, ""阪泉"": 8, ""雨师"": 10, ""颛顼"": 17, ""风伯"": 4, ""鲧"": 28, ""黄帝"": 335}"
GCI-HOLD-0002,830,data/CASIA-LM_ChineseWebText2.0_partial-000830.parquet,127124558,b8f9ed224f7af5024ebc16cb47b0bf6c4cac9f628abd60a782132a90b8ade440,100000,1,1739,"{""九黎"": 6, ""共工"": 18, ""共工氏"": 2, ""句龙"": 1, ""后土"": 13, ""太昊"": 25, ""女娃"": 4, ""女娲"": 72, ""少昊"": 41, ""少皞"": 1, ""帝江"": 3, ""帝鸿"": 1, ""应龙"": 40, ""涿鹿"": 16, ""炎帝"": 59, ""神农"": 162, ""禹"": 666, ""精卫"": 36, ""蚩尤"": 72, ""赤帝"": 2, ""轩辕"": 139, ""轩辕氏"": 2, ""阪泉"": 1, ""雨师"": 5, ""颛顼"": 14, ""风伯"": 2, ""鲧"": 17, ""黄帝"": 319}"
GCI-HOLD-0002,831,data/CASIA-LM_ChineseWebText2.0_partial-000831.parquet,127566237,eb9a0ce3d86eec3e1d3b26dc9847f40b770a3cc5bed7347ffbc1e0184cd4801d,100000,1,2250,"{""九黎"": 9, ""共工"": 90, ""共工氏"": 8, ""句龙"": 1, ""后土"": 31, ""太昊"": 8, ""女娃"": 18, ""女娲"": 100, ""少昊"": 23, ""应龙"": 25, ""涿鹿"": 24, ""炎帝"": 49, ""神农"": 183, ""禹"": 884, ""精卫"": 33, ""蚩尤"": 59, ""赤帝"": 2, ""轩辕"": 280, ""轩辕氏"": 3, ""阪泉"": 5, ""雨师"": 6, ""颛顼"": 44, ""风伯"": 2, ""鲧"": 31, ""黄帝"": 332}"
GCI-HOLD-0002,832,data/CASIA-LM_ChineseWebText2.0_partial-000832.parquet,127226474,95680d2604e13c885604b1ebe62bcbf7572d0d267dec0f33394e76d094e31006,100000,1,2041,"{""九黎"": 5, ""共工"": 30, ""共工氏"": 4, ""句龙"": 1, ""后土"": 28, ""太昊"": 11, ""女娃"": 22, ""女娲"": 79, ""少昊"": 17, ""少皞"": 3, ""帝江"": 3, ""帝鸿"": 10, ""应龙"": 17, ""有熊氏"": 8, ""涿鹿"": 26, ""炎帝"": 61, ""神农"": 141, ""禹"": 706, ""精卫"": 60, ""蚩尤"": 38, ""赤帝"": 1, ""轩辕"": 284, ""轩辕氏"": 4, ""阪泉"": 1, ""颛顼"": 42, ""鲧"": 54, ""黄帝"": 385}"
GCI-HOLD-0002,833,data/CASIA-LM_ChineseWebText2.0_partial-000833.parquet,127114184,1133df26ab04a65d07057abd0babc8ecb09b987e00bbe457658c3fca9a6af720,100000,1,2046,"{""九黎"": 7, ""共工"": 42, ""共工氏"": 4, ""后土"": 21, ""太昊"": 9, ""女娃"": 33, ""女娲"": 93, ""少昊"": 5, ""帝江"": 1, ""帝鸿"": 1, ""应龙"": 35, ""有熊氏"": 3, ""榆罔"": 3, ""涿鹿"": 19, ""炎帝"": 100, ""神农"": 252, ""禹"": 651, ""精卫"": 19, ""缙云氏"": 1, ""蚩尤"": 31, ""赤帝"": 2, ""轩辕"": 351, ""轩辕氏"": 4, ""阪泉"": 2, ""雨师"": 5, ""颛顼"": 22, ""风伯"": 3, ""鲧"": 24, ""黄帝"": 303}"
GCI-HOLD-0002,834,data/CASIA-LM_ChineseWebText2.0_partial-000834.parquet,127718071,4a70d4e60489dace66070900c364c456b0de2544fc1158995719da429b06204e,100000,1,1927,"{""九黎"": 14, ""共工"": 26, ""共工氏"": 2, ""句龙"": 1, ""后土"": 19, ""太昊"": 7, ""太皞"": 1, ""女娃"": 43, ""女娲"": 84, ""少昊"": 5, ""帝江"": 15, ""帝鸿"": 1, ""帝鸿氏"": 1, ""应龙"": 31, ""有熊氏"": 1, ""榆罔"": 1, ""涿鹿"": 16, ""炎帝"": 45, ""神农"": 225, ""禹"": 673, ""精卫"": 108, ""蚩尤"": 65, ""赤帝"": 4, ""轩辕"": 186, ""轩辕氏"": 4, ""阪泉"": 1, ""雨师"": 6, ""颛顼"": 28, ""风伯"": 5, ""鲧"": 17, ""黄帝"": 292}"
GCI-HOLD-0002,835,data/CASIA-LM_ChineseWebText2.0_partial-000835.parquet,127147864,35357fceb99f68eb3493e6f65bc3de3ddadd39e5536aced8b55fbf72656db694,100000,1,2145,"{""九黎"": 8, ""共工"": 46, ""共工氏"": 3, ""句龙"": 3, ""后土"": 18, ""太昊"": 13, ""女娃"": 21, ""女娲"": 53, ""少昊"": 20, ""少皞"": 2, ""帝鸿"": 1, ""应龙"": 53, ""有熊氏"": 1, ""榆罔"": 1, ""涿鹿"": 40, ""炎帝"": 93, ""神农"": 199, ""禹"": 640, ""精卫"": 20, ""蚩尤"": 47, ""赤帝"": 5, ""轩辕"": 298, ""轩辕氏"": 5, ""阪泉"": 3, ""雨师"": 3, ""颛顼"": 90, ""风伯"": 2, ""鲧"": 17, ""黄帝"": 436, ""黄帝氏"": 4}"
GCI-HOLD-0002,836,data/CASIA-LM_ChineseWebText2.0_partial-000836.parquet,127509652,21170783dfd783fb47b32b880ea32734e373a173b03db7caf2c8b2d25877d81d,100000,1,1940,"{""九黎"": 6, ""共工"": 36, ""共工氏"": 1, ""句龙"": 1, ""后土"": 84, ""太昊"": 6, ""太皞"": 2, ""女娃"": 27, ""女娲"": 77, ""少昊"": 13, ""帝江"": 1, ""应龙"": 24, ""涿鹿"": 15, ""炎帝"": 53, ""神农"": 201, ""禹"": 719, ""精卫"": 28, ""蚩尤"": 54, ""赤帝"": 3, ""轩辕"": 178, ""轩辕氏"": 3, ""阪泉"": 1, ""雨师"": 27, ""颛顼"": 21, ""风伯"": 8, ""鲧"": 17, ""黄帝"": 334}"
GCI-HOLD-0002,837,data/CASIA-LM_ChineseWebText2.0_partial-000837.parquet,126793826,e95f1facb75235b985eb5dfd9329d6364269c27caa404828b5cf64f716409690,100000,1,1903,"{""九黎"": 8, ""共工"": 38, ""共工氏"": 1, ""后土"": 12, ""太昊"": 7, ""女娃"": 13, ""女娲"": 78, ""少昊"": 14, ""帝江"": 1, ""帝鸿"": 1, ""应龙"": 14, ""榆罔"": 2, ""涿鹿"": 18, ""炎帝"": 70, ""神农"": 196, ""禹"": 638, ""精卫"": 24, ""蚩尤"": 36, ""赤帝"": 4, ""轩辕"": 250, ""轩辕氏"": 8, ""阪泉"": 2, ""雨师"": 21, ""颛顼"": 57, ""风伯"": 5, ""鲧"": 11, ""黄帝"": 372, ""黄帝氏"": 2}"
GCI-HOLD-0002,838,data/CASIA-LM_ChineseWebText2.0_partial-000838.parquet,126919680,046531d8a548b22b658e87efd55053f85c08a75d8bc70d29f6328316c4f5bc1a,100000,1,1998,"{""九黎"": 4, ""共工"": 38, ""共工氏"": 4, ""句龙"": 1, ""后土"": 24, ""太昊"": 5, ""女娃"": 26, ""女娲"": 114, ""少昊"": 3, ""帝江"": 2, ""帝鸿"": 2, ""帝鸿氏"": 1, ""应龙"": 28, ""有熊氏"": 5, ""涿鹿"": 18, ""炎帝"": 42, ""神农"": 175, ""禹"": 706, ""精卫"": 32, ""蚩尤"": 43, ""赤帝"": 1, ""轩辕"": 244, ""轩辕氏"": 5, ""雨师"": 3, ""颛顼"": 26, ""风伯"": 2, ""鲧"": 13, ""黄帝"": 431}"
GCI-HOLD-0002,839,data/CASIA-LM_ChineseWebText2.0_partial-000839.parquet,127353070,52b3bf4fb0ef2ae679d0212380627b453c93ca3190cabcbd085b8064157134d2,100000,1,2271,"{""九黎"": 28, ""共工"": 48, ""共工氏"": 3, ""后土"": 26, ""太昊"": 12, ""太皞"": 1, ""女娃"": 9, ""女娲"": 85, ""少昊"": 2, ""帝江"": 5, ""应龙"": 21, ""有熊氏"": 16, ""涿鹿"": 49, ""炎帝"": 29, ""神农"": 164, ""禹"": 821, ""精卫"": 23, ""蚩尤"": 42, ""赤帝"": 5, ""轩辕"": 334, ""轩辕氏"": 12, ""阪泉"": 5, ""雨师"": 6, ""颛顼"": 20, ""风伯"": 4, ""鲧"": 83, ""黄帝"": 417, ""黄帝氏"": 1}"
GCI-HOLD-0002,840,data/CASIA-LM_ChineseWebText2.0_partial-000840.parquet,127495411,a0bdfde91ad64cee687a5b0e61215d9a442080a201d8875256fef8d79601b4a0,100000,1,2226,"{""九黎"": 6, ""共工"": 52, ""共工氏"": 3, ""句龙"": 4, ""后土"": 17, ""太昊"": 14, ""太皞"": 2, ""女娃"": 28, ""女娲"": 97, ""少昊"": 19, ""少皞"": 3, ""帝江"": 17, ""帝鸿"": 4, ""应龙"": 44, ""有熊氏"": 1, ""榆罔"": 3, ""涿鹿"": 26, ""炎帝"": 143, ""神农"": 237, ""禹"": 677, ""精卫"": 52, ""缙云氏"": 1, ""蚩尤"": 54, ""赤帝"": 3, ""轩辕"": 285, ""轩辕氏"": 7, ""阪泉"": 2, ""雨师"": 8, ""颛顼"": 47, ""风伯"": 2, ""鲧"": 24, ""黄帝"": 344}"
GCI-HOLD-0002,841,data/CASIA-LM_ChineseWebText2.0_partial-000841.parquet,126842235,b81b98053f3eb01d41a70d12dc562ed742d9f617a7251e7deba6e17b5bc9112b,100000,1,2058,"{""九黎"": 5, ""共工"": 33, ""共工氏"": 11, ""后土"": 27, ""太昊"": 3, ""女娃"": 10, ""女娲"": 87, ""少昊"": 6, ""少皞"": 1, ""帝江"": 1, ""帝鸿"": 1, ""帝鸿氏"": 1, ""应龙"": 39, ""涿鹿"": 24, ""炎帝"": 69, ""神农"": 230, ""禹"": 678, ""精卫"": 33, ""缙云氏"": 1, ""蚩尤"": 65, ""赤帝"": 7, ""轩辕"": 255, ""阪泉"": 2, ""雨师"": 10, ""颛顼"": 46, ""风伯"": 5, ""鲧"": 11, ""黄帝"": 396, ""黄帝氏"": 1}"
GCI-HOLD-0002,842,data/CASIA-LM_ChineseWebText2.0_partial-000842.parquet,126705808,4a8c1c08ad2dc3ea086a6027dd2a7f6033f4c1e9c6e4729a4ed4a739dbcd3b35,100000,1,2095,"{""九黎"": 7, ""共工"": 39, ""共工氏"": 3, ""后土"": 22, ""太昊"": 7, ""太皞"": 1, ""女娃"": 22, ""女娲"": 62, ""少昊"": 40, ""少皞"": 4, ""应龙"": 41, ""涿鹿"": 33, ""炎帝"": 65, ""神农"": 171, ""禹"": 770, ""精卫"": 59, ""蚩尤"": 75, ""赤帝"": 11, ""轩辕"": 264, ""轩辕氏"": 2, ""阪泉"": 1, ""雨师"": 8, ""颛顼"": 19, ""风伯"": 2, ""鲧"": 6, ""黄帝"": 360, ""黄帝氏"": 1}"
GCI-HOLD-0002,843,data/CASIA-LM_ChineseWebText2.0_partial-000843.parquet,126800084,78f99abca52c6849f37a181d1d28cb717b70015833776059198814317a829261,100000,1,1908,"{""九黎"": 16, ""共工"": 22, ""共工氏"": 1, ""句龙"": 2, ""后土"": 23, ""太昊"": 5, ""女娃"": 24, ""女娲"": 91, ""少昊"": 5, ""少皞"": 2, ""应龙"": 88, ""有熊氏"": 4, ""涿鹿"": 16, ""炎帝"": 58, ""神农"": 170, ""禹"": 701, ""精卫"": 14, ""缙云氏"": 10, ""蚩尤"": 76, ""赤帝"": 1, ""轩辕"": 234, ""轩辕氏"": 4, ""阪泉"": 2, ""雨师"": 2, ""颛顼"": 31, ""风伯"": 1, ""鲧"": 5, ""黄帝"": 300}"
GCI-HOLD-0002,844,data/CASIA-LM_ChineseWebText2.0_partial-000844.parquet,126659953,314b8c8ea334fb010b1772a3b20cdc4ae64b5de40f4f56b069e45b543f6db4e2,100000,1,2088,"{""九黎"": 20, ""共工"": 13, ""共工氏"": 1, ""句龙"": 1, ""后土"": 23, ""太昊"": 11, ""女娃"": 12, ""女娲"": 93, ""少昊"": 31, ""少皞"": 3, ""帝江"": 23, ""帝鸿"": 3, ""应龙"": 17, ""涿鹿"": 21, ""炎帝"": 73, ""神农"": 283, ""禹"": 733, ""精卫"": 29, ""蚩尤"": 67, ""赤帝"": 23, ""轩辕"": 199, ""轩辕氏"": 3, ""阪泉"": 5, ""雨师"": 3, ""颛顼"": 15, ""风伯"": 2, ""鲧"": 11, ""黄帝"": 370}"
GCI-HOLD-0002,845,data/CASIA-LM_ChineseWebText2.0_partial-000845.parquet,126671398,ba3cacc6bebff8d8d701c0dc26d911131e43b8260a1a08e35ba2862e53a6878c,100000,1,1909,"{""九黎"": 9, ""共工"": 36, ""共工氏"": 5, ""句龙"": 1, ""后土"": 21, ""太昊"": 17, ""女娃"": 19, ""女娲"": 87, ""少昊"": 6, ""帝江"": 14, ""帝鸿"": 1, ""应龙"": 29, ""有熊氏"": 1, ""涿鹿"": 9, ""炎帝"": 51, ""神农"": 227, ""禹"": 740, ""精卫"": 19, ""缙云氏"": 1, ""蚩尤"": 26, ""赤帝"": 4, ""轩辕"": 241, ""轩辕氏"": 5, ""雨师"": 9, ""颛顼"": 34, ""风伯"": 2, ""鲧"": 12, ""黄帝"": 283}"
GCI-HOLD-0002,846,data/CASIA-LM_ChineseWebText2.0_partial-000846.parquet,127501886,c280631f10c5577d503457fbbe8e4ae39ac340209288cd31a5bd0311dbacc040,100000,1,2023,"{""九黎"": 10, ""共工"": 35, ""共工氏"": 2, ""后土"": 24, ""太昊"": 6, ""女娃"": 19, ""女娲"": 88, ""少昊"": 32, ""少皞"": 2, ""帝江"": 3, ""应龙"": 36, ""有熊氏"": 1, ""榆罔"": 1, ""涿鹿"": 35, ""炎帝"": 39, ""神农"": 208, ""禹"": 683, ""精卫"": 33, ""蚩尤"": 70, ""赤帝"": 3, ""轩辕"": 245, ""轩辕氏"": 18, ""阪泉"": 14, ""雨师"": 2, ""颛顼"": 112, ""鲧"": 16, ""黄帝"": 286}"
GCI-HOLD-0002,847,data/CASIA-LM_ChineseWebText2.0_partial-000847.parquet,127343482,f4b77763e87fb16c2be98f9bb44ae65b8d943633f74015fd6400b89ebacd823b,100000,1,1919,"{""九黎"": 7, ""共工"": 25, ""共工氏"": 9, ""句龙"": 1, ""后土"": 21, ""太昊"": 21, ""太皞"": 2, ""女娃"": 22, ""女娲"": 98, ""少昊"": 4, ""帝鸿"": 1, ""帝鸿氏"": 1, ""应龙"": 22, ""有熊氏"": 1, ""涿鹿"": 29, ""炎帝"": 87, ""神农"": 180, ""禹"": 728, ""精卫"": 41, ""缙云氏"": 2, ""蚩尤"": 62, ""赤帝"": 2, ""轩辕"": 173, ""轩辕氏"": 5, ""阪泉"": 1, ""雨师"": 7, ""颛顼"": 13, ""风伯"": 6, ""鲧"": 21, ""黄帝"": 326, ""黄帝氏"": 1}"
GCI-HOLD-0002,848,data/CASIA-LM_ChineseWebText2.0_partial-000848.parquet,126747828,a0fa241768851a4374d8de0e10e4435374392e9763e048a6aa9c0d3c3229e177,100000,1,2430,"{""九黎"": 19, ""共工"": 26, ""共工氏"": 1, ""句龙"": 1, ""后土"": 29, ""太昊"": 2, ""太皞"": 1, ""女娃"": 24, ""女娲"": 100, ""少昊"": 23, ""少皞"": 2, ""帝江"": 3, ""帝鸿"": 1, ""帝鸿氏"": 1, ""应龙"": 51, ""有熊氏"": 2, ""榆罔"": 6, ""涿鹿"": 57, ""炎帝"": 76, ""神农"": 252, ""禹"": 794, ""精卫"": 30, ""蚩尤"": 137, ""赤帝"": 2, ""轩辕"": 196, ""轩辕氏"": 7, ""阪泉"": 7, ""雨师"": 8, ""颛顼"": 30, ""风伯"": 8, ""鲧"": 29, ""黄帝"": 505}"
GCI-HOLD-0002,849,data/CASIA-LM_ChineseWebText2.0_partial-000849.parquet,127024899,302e77494faa36b1abcb793f16953016d689ec06ebc9202b35e90dc346c09a2a,100000,1,1886,"{""九黎"": 8, ""共工"": 55, ""共工氏"": 6, ""后土"": 31, ""太昊"": 7, ""太皞"": 1, ""女娃"": 18, ""女娲"": 58, ""少昊"": 4, ""少皞"": 5, ""帝鸿"": 4, ""帝鸿氏"": 4, ""应龙"": 36, ""有熊氏"": 1, ""涿鹿"": 11, ""炎帝"": 57, ""神农"": 144, ""禹"": 759, ""精卫"": 16, ""蚩尤"": 50, ""赤帝"": 2, ""轩辕"": 178, ""轩辕氏"": 2, ""阪泉"": 1, ""雨师"": 14, ""颛顼"": 15, ""风伯"": 11, ""鲧"": 15, ""黄帝"": 370, ""黄帝氏"": 3}"
GCI-HOLD-0002,850,data/CASIA-LM_ChineseWebText2.0_partial-000850.parquet,127028276,08a147610c2df73a2daaea13dacedf6d160f582fad792584ba6282ded4a5aca5,100000,1,2208,"{""九黎"": 30, ""共工"": 29, ""共工氏"": 2, ""后土"": 23, ""太昊"": 14, ""太皞"": 2, ""女娃"": 18, ""女娲"": 66, ""少昊"": 19, ""帝江"": 6, ""应龙"": 31, ""有熊氏"": 1, ""榆罔"": 14, ""涿鹿"": 26, ""炎帝"": 77, ""神农"": 187, ""禹"": 740, ""精卫"": 31, ""蚩尤"": 92, ""赤帝"": 9, ""轩辕"": 367, ""轩辕氏"": 4, ""阪泉"": 3, ""雨师"": 11, ""颛顼"": 21, ""风伯"": 4, ""鲧"": 20, ""黄帝"": 361}"
GCI-HOLD-0002,851,data/CASIA-LM_ChineseWebText2.0_partial-000851.parquet,126832742,0d2845cea1c2910aea3d83098950caa3e0dd31d56999f11bca0742de909c920c,100000,1,1901,"{""九黎"": 10, ""共工"": 23, ""共工氏"": 3, ""句龙"": 2, ""后土"": 21, ""太昊"": 3, ""女娃"": 9, ""女娲"": 60, ""少昊"": 6, ""帝鸿"": 2, ""帝鸿氏"": 1, ""应龙"": 68, ""有熊氏"": 3, ""榆罔"": 2, ""涿鹿"": 19, ""炎帝"": 38, ""神农"": 158, ""禹"": 740, ""精卫"": 39, ""缙云氏"": 4, ""蚩尤"": 15, ""赤帝"": 1, ""轩辕"": 236, ""轩辕氏"": 7, ""阪泉"": 2, ""雨师"": 14, ""颛顼"": 36, ""风伯"": 16, ""鲧"": 11, ""黄帝"": 352}"
GCI-HOLD-0002,852,data/CASIA-LM_ChineseWebText2.0_partial-000852.parquet,126760565,c6932e39811fd23e720a8dc689f510c684e807f75133ce557cac4b9eabea7cdb,100000,1,2020,"{""九黎"": 8, ""共工"": 28, ""后土"": 29, ""太昊"": 10, ""女娃"": 21, ""女娲"": 82, ""少昊"": 7, ""少皞"": 1, ""应龙"": 16, ""榆罔"": 1, ""涿鹿"": 42, ""炎帝"": 56, ""神农"": 219, ""禹"": 635, ""精卫"": 31, ""蚩尤"": 40, ""赤帝"": 1, ""轩辕"": 336, ""轩辕氏"": 4, ""阪泉"": 2, ""雨师"": 9, ""颛顼"": 30, ""风伯"": 6, ""鲧"": 28, ""黄帝"": 377, ""黄帝氏"": 1}"
GCI-HOLD-0002,853,data/CASIA-LM_ChineseWebText2.0_partial-000853.parquet,126681505,f7f647b393d1ec4b2ef5576d4ea2687ce4aabab8fcb2f006ec2a46d9c639bdfa,100000,1,2080,"{""九黎"": 21, ""共工"": 52, ""共工氏"": 13, ""句龙"": 2, ""后土"": 62, ""太昊"": 6, ""女娃"": 13, ""女娲"": 162, ""少昊"": 20, ""少皞"": 2, ""帝江"": 1, ""帝鸿"": 4, ""帝鸿氏"": 1, ""应龙"": 48, ""有熊氏"": 3, ""榆罔"": 2, ""涿鹿"": 23, ""炎帝"": 20, ""神农"": 199, ""禹"": 774, ""精卫"": 32, ""缙云氏"": 1, ""蚩尤"": 42, ""赤帝"": 3, ""轩辕"": 243, ""轩辕氏"": 2, ""雨师"": 10, ""颛顼"": 31, ""风伯"": 4, ""鲧"": 15, ""黄帝"": 269}"
GCI-HOLD-0002,854,data/CASIA-LM_ChineseWebText2.0_partial-000854.parquet,126378109,c11fb6a19e98565111208978bcaad427106795cdf83f020292438bbcbb0b73fd,100000,1,1787,"{""九黎"": 14, ""共工"": 23, ""句龙"": 1, ""后土"": 38, ""太昊"": 2, ""太皞"": 2, ""女娃"": 13, ""女娲"": 102, ""少昊"": 34, ""少皞"": 1, ""应龙"": 10, ""榆罔"": 1, ""涿鹿"": 24, ""炎帝"": 65, ""神农"": 179, ""禹"": 693, ""精卫"": 24, ""蚩尤"": 37, ""赤帝"": 2, ""轩辕"": 117, ""轩辕氏"": 4, ""阪泉"": 1, ""雨师"": 4, ""颛顼"": 15, ""风伯"": 16, ""鲧"": 12, ""黄帝"": 353}"
GCI-HOLD-0002,855,data/CASIA-LM_ChineseWebText2.0_partial-000855.parquet,126835691,53aeb223715c03fda32520392058de8d41819ae3ab6fc37408b7d4b5f7cd1739,100000,1,2097,"{""九黎"": 3, ""共工"": 32, ""共工氏"": 1, ""句龙"": 1, ""后土"": 30, ""太昊"": 15, ""太皞"": 2, ""女娃"": 12, ""女娲"": 55, ""少昊"": 18, ""帝江"": 4, ""应龙"": 32, ""有熊氏"": 1, ""榆罔"": 1, ""涿鹿"": 14, ""炎帝"": 90, ""神农"": 287, ""禹"": 729, ""精卫"": 63, ""蚩尤"": 54, ""赤帝"": 11, ""轩辕"": 208, ""轩辕氏"": 1, ""阪泉"": 4, ""雨师"": 8, ""颛顼"": 52, ""风伯"": 3, ""鲧"": 17, ""黄帝"": 349}"
GCI-HOLD-0002,856,data/CASIA-LM_ChineseWebText2.0_partial-000856.parquet,126666384,00f2c39f5caa76d86cf901bda7ec401d3751eda2f20dcd28ed56617b5277250b,100000,1,2052,"{""九黎"": 22, ""共工"": 27, ""共工氏"": 1, ""后土"": 24, ""太昊"": 6, ""女娃"": 9, ""女娲"": 88, ""少昊"": 14, ""少皞"": 1, ""帝江"": 32, ""帝鸿"": 3, ""帝鸿氏"": 1, ""应龙"": 27, ""有熊氏"": 1, ""涿鹿"": 10, ""炎帝"": 47, ""神农"": 215, ""禹"": 711, ""精卫"": 45, ""缙云氏"": 1, ""蚩尤"": 49, ""赤帝"": 2, ""轩辕"": 359, ""轩辕氏"": 2, ""阪泉"": 2, ""雨师"": 1, ""颛顼"": 36, ""鲧"": 2, ""黄帝"": 313, ""黄帝氏"": 1}"
GCI-HOLD-0002,857,data/CASIA-LM_ChineseWebText2.0_partial-000857.parquet,126638021,6f132bf2b40c84341f832086bf5dc66ee4f00325fc5fe63bcb7cda9089965b2d,100000,1,2191,"{""九黎"": 5, ""共工"": 52, ""共工氏"": 9, ""句龙"": 5, ""后土"": 30, ""太昊"": 39, ""太皞"": 1, ""女娃"": 22, ""女娲"": 88, ""少昊"": 32, ""帝江"": 1, ""帝鸿"": 1, ""应龙"": 45, ""有熊氏"": 1, ""榆罔"": 3, ""涿鹿"": 18, ""炎帝"": 89, ""神农"": 237, ""禹"": 750, ""精卫"": 38, ""蚩尤"": 101, ""赤帝"": 5, ""轩辕"": 194, ""轩辕氏"": 3, ""阪泉"": 2, ""雨师"": 7, ""颛顼"": 44, ""风伯"": 5, ""鲧"": 16, ""黄帝"": 347, ""黄帝氏"": 1}"
GCI-HOLD-0002,858,data/CASIA-LM_ChineseWebText2.0_partial-000858.parquet,127785975,ca475a7f4ca06bb6562a369a6786e0b0c799ed9dedd5c7da2c23ed228e90ef8f,100000,1,2000,"{""九黎"": 16, ""共工"": 27, ""共工氏"": 2, ""后土"": 26, ""太昊"": 1, ""太皞"": 2, ""女娃"": 15, ""女娲"": 78, ""少昊"": 2, ""少皞"": 2, ""帝江"": 1, ""帝鸿"": 2, ""帝鸿氏"": 1, ""应龙"": 29, ""有熊氏"": 4, ""涿鹿"": 8, ""炎帝"": 46, ""神农"": 183, ""禹"": 728, ""精卫"": 10, ""蚩尤"": 66, ""赤帝"": 2, ""轩辕"": 350, ""轩辕氏"": 10, ""阪泉"": 1, ""雨师"": 9, ""颛顼"": 29, ""风伯"": 3, ""鲧"": 16, ""黄帝"": 331}"
GCI-HOLD-0002,859,data/CASIA-LM_ChineseWebText2.0_partial-000859.parquet,127448320,be1a695eb4b77cfc06b90b5e81c84700ee2e33aa110cc32f1b5b62a2b5fa6820,100000,1,2210,"{""九黎"": 6, ""共工"": 32, ""共工氏"": 8, ""后土"": 16, ""太昊"": 9, ""女娃"": 23, ""女娲"": 74, ""少昊"": 19, ""少皞"": 2, ""帝鸿"": 2, ""帝鸿氏"": 2, ""应龙"": 39, ""有熊氏"": 2, ""榆罔"": 5, ""涿鹿"": 51, ""炎帝"": 69, ""神农"": 141, ""禹"": 807, ""精卫"": 24, ""蚩尤"": 73, ""赤帝"": 15, ""轩辕"": 298, ""轩辕氏"": 6, ""阪泉"": 6, ""雨师"": 10, ""颛顼"": 28, ""风伯"": 9, ""鲧"": 36, ""黄帝"": 396, ""黄帝氏"": 2}"
GCI-HOLD-0002,860,data/CASIA-LM_ChineseWebText2.0_partial-000860.parquet,127248712,159be43bdef9b0f3c6e05106d4c35e064f27ac8fcded3e900dad578e86d732d0,100000,1,2601,"{""九黎"": 21, ""共工"": 32, ""共工氏"": 2, ""后土"": 37, ""太昊"": 6, ""女娃"": 28, ""女娲"": 169, ""少昊"": 10, ""少皞"": 3, ""帝江"": 15, ""帝鸿"": 4, ""应龙"": 24, ""有熊氏"": 2, ""榆罔"": 14, ""涿鹿"": 21, ""炎帝"": 207, ""神农"": 252, ""禹"": 787, ""精卫"": 29, ""蚩尤"": 206, ""赤帝"": 5, ""轩辕"": 218, ""轩辕氏"": 12, ""阪泉"": 6, ""雨师"": 3, ""颛顼"": 21, ""风伯"": 8, ""鲧"": 12, ""黄帝"": 446, ""黄帝氏"": 1}"
GCI-HOLD-0002,861,data/CASIA-LM_ChineseWebText2.0_partial-000861.parquet,127140583,7c740a410d9d9e5cc0ad113a40a0ffb41a9f5a7d884d4ff6f69e2b685bf631b9,100000,1,1825,"{""九黎"": 3, ""共工"": 51, ""共工氏"": 6, ""句龙"": 1, ""后土"": 27, ""太昊"": 5, ""女娃"": 10, ""女娲"": 73, ""少昊"": 2, ""少皞"": 1, ""帝江"": 2, ""应龙"": 23, ""有熊氏"": 3, ""榆罔"": 1, ""涿鹿"": 26, ""炎帝"": 52, ""神农"": 199, ""禹"": 624, ""精卫"": 73, ""蚩尤"": 27, ""赤帝"": 1, ""轩辕"": 277, ""轩辕氏"": 2, ""阪泉"": 8, ""雨师"": 14, ""颛顼"": 22, ""风伯"": 2, ""鲧"": 21, ""黄帝"": 269}"
GCI-HOLD-0002,862,data/CASIA-LM_ChineseWebText2.0_partial-000862.parquet,126536394,8eab1b65342d8c94deafd38a39ddb761a438cde2e25982ab95afd7e64372e39b,100000,1,2357,"{""九黎"": 3, ""共工"": 48, ""共工氏"": 3, ""后土"": 45, ""太昊"": 15, ""太皞"": 1, ""女娃"": 15, ""女娲"": 83, ""少昊"": 11, ""少皞"": 1, ""帝鸿"": 4, ""应龙"": 32, ""有熊氏"": 1, ""榆罔"": 5, ""涿鹿"": 25, ""炎帝"": 132, ""神农"": 231, ""禹"": 823, ""精卫"": 44, ""缙云氏"": 5, ""蚩尤"": 41, ""赤帝"": 6, ""轩辕"": 279, ""轩辕氏"": 15, ""阪泉"": 4, ""雨师"": 7, ""颛顼"": 17, ""风伯"": 5, ""鲧"": 33, ""黄帝"": 423}"
GCI-HOLD-0002,863,data/CASIA-LM_ChineseWebText2.0_partial-000863.parquet,126981941,ed1b788e7cffbe6f96c5c94845249784dd8e27c60b0ffad1795b5b146be8a043,100000,1,2186,"{""九黎"": 5, ""共工"": 66, ""共工氏"": 24, ""后土"": 19, ""太昊"": 8, ""女娃"": 52, ""女娲"": 132, ""少昊"": 24, ""帝江"": 3, ""应龙"": 59, ""有熊氏"": 1, ""榆罔"": 1, ""涿鹿"": 15, ""炎帝"": 127, ""神农"": 195, ""禹"": 776, ""精卫"": 38, ""蚩尤"": 67, ""赤帝"": 13, ""轩辕"": 223, ""轩辕氏"": 1, ""阪泉"": 2, ""雨师"": 5, ""颛顼"": 40, ""风伯"": 1, ""鲧"": 9, ""黄帝"": 280}"
GCI-HOLD-0002,864,data/CASIA-LM_ChineseWebText2.0_partial-000864.parquet,127476325,b0fa6ff2d2532fe0036e7310a58844a07163ea66427875fd91bcea4c99f1fd2a,100000,1,2165,"{""九黎"": 30, ""共工"": 29, ""共工氏"": 3, ""后土"": 21, ""太昊"": 13, ""太皞"": 4, ""女娃"": 20, ""女娲"": 69, ""少昊"": 26, ""帝江"": 3, ""应龙"": 24, ""涿鹿"": 7, ""炎帝"": 58, ""神农"": 179, ""禹"": 723, ""精卫"": 63, ""蚩尤"": 83, ""赤帝"": 1, ""轩辕"": 369, ""轩辕氏"": 8, ""阪泉"": 1, ""雨师"": 22, ""颛顼"": 39, ""风伯"": 6, ""鲧"": 9, ""黄帝"": 354, ""黄帝氏"": 1}"
GCI-HOLD-0002,865,data/CASIA-LM_ChineseWebText2.0_partial-000865.parquet,127344551,d4a70a979811b48a9af184a85fae41eb19ce8d9ef63541734968c8d6d83f0128,100000,1,2104,"{""九黎"": 14, ""共工"": 19, ""共工氏"": 1, ""后土"": 34, ""太昊"": 12, ""女娃"": 14, ""女娲"": 91, ""少昊"": 5, ""帝江"": 1, ""帝鸿"": 1, ""应龙"": 22, ""有熊氏"": 3, ""榆罔"": 3, ""涿鹿"": 34, ""炎帝"": 73, ""神农"": 237, ""禹"": 783, ""精卫"": 56, ""蚩尤"": 72, ""赤帝"": 5, ""轩辕"": 245, ""轩辕氏"": 2, ""阪泉"": 3, ""雨师"": 12, ""颛顼"": 9, ""风伯"": 8, ""鲧"": 11, ""黄帝"": 334}"
GCI-HOLD-0002,866,data/CASIA-LM_ChineseWebText2.0_partial-000866.parquet,127562204,c6f92f9dd6129836f35f4d3bd7f5cce9badb87746e91f05270f4559573c4ae6d,100000,1,1753,"{""九黎"": 4, ""共工"": 21, ""共工氏"": 1, ""后土"": 26, ""太昊"": 5, ""太皞"": 1, ""女娃"": 8, ""女娲"": 60, ""少昊"": 13, ""帝江"": 1, ""应龙"": 36, ""涿鹿"": 28, ""炎帝"": 31, ""神农"": 164, ""禹"": 744, ""精卫"": 32, ""蚩尤"": 34, ""赤帝"": 5, ""轩辕"": 175, ""轩辕氏"": 1, ""阪泉"": 1, ""雨师"": 12, ""颛顼"": 28, ""风伯"": 6, ""鲧"": 9, ""黄帝"": 307}"
GCI-HOLD-0002,867,data/CASIA-LM_ChineseWebText2.0_partial-000867.parquet,127484056,7a7c8752a23ac40fb0a09859b81f8580ad64aef67022ee30d5637d75b7d24de8,100000,1,1929,"{""九黎"": 9, ""共工"": 22, ""共工氏"": 2, ""句龙"": 1, ""后土"": 19, ""太昊"": 3, ""太皞"": 1, ""女娃"": 11, ""女娲"": 69, ""少昊"": 9, ""少皞"": 2, ""帝江"": 2, ""应龙"": 27, ""有熊氏"": 1, ""涿鹿"": 22, ""炎帝"": 52, ""神农"": 164, ""禹"": 728, ""精卫"": 32, ""蚩尤"": 66, ""赤帝"": 1, ""轩辕"": 357, ""轩辕氏"": 1, ""阪泉"": 2, ""雨师"": 10, ""颛顼"": 16, ""风伯"": 3, ""鲧"": 11, ""黄帝"": 286}"
GCI-HOLD-0002,868,data/CASIA-LM_ChineseWebText2.0_partial-000868.parquet,127552860,eacc45c9a9d992dddd3201ca45d12994bae85e1a84ea90a3bc8d5de923fbb8b3,100000,1,2057,"{""九黎"": 27, ""共工"": 41, ""共工氏"": 1, ""句龙"": 3, ""后土"": 33, ""太皞"": 1, ""女娃"": 16, ""女娲"": 78, ""少昊"": 5, ""少皞"": 1, ""帝鸿"": 1, ""帝鸿氏"": 1, ""应龙"": 27, ""有熊氏"": 4, ""涿鹿"": 19, ""炎帝"": 62, ""神农"": 223, ""禹"": 793, ""精卫"": 25, ""蚩尤"": 66, ""赤帝"": 4, ""轩辕"": 316, ""轩辕氏"": 3, ""阪泉"": 7, ""雨师"": 7, ""颛顼"": 25, ""风伯"": 3, ""鲧"": 4, ""黄帝"": 261}"
GCI-HOLD-0002,869,data/CASIA-LM_ChineseWebText2.0_partial-000869.parquet,127099675,b4510b5df37933b09908c6b7332c1879e182ee529aee07323276dbb53806a6a2,100000,1,2048,"{""九黎"": 16, ""共工"": 133, ""共工氏"": 55, ""句龙"": 1, ""后土"": 17, ""太昊"": 10, ""女娃"": 15, ""女娲"": 87, ""少昊"": 7, ""少皞"": 6, ""帝鸿"": 1, ""应龙"": 27, ""涿鹿"": 29, ""炎帝"": 59, ""神农"": 160, ""禹"": 705, ""精卫"": 118, ""蚩尤"": 53, ""赤帝"": 5, ""轩辕"": 159, ""轩辕氏"": 4, ""阪泉"": 2, ""雨师"": 2, ""颛顼"": 33, ""风伯"": 2, ""鲧"": 7, ""黄帝"": 335}"
GCI-HOLD-0002,870,data/CASIA-LM_ChineseWebText2.0_partial-000870.parquet,127169446,6a849eaf5c31c1c69577d733e018d0d9fc92a9607368eff0face1c2a2ff12a55,100000,1,2071,"{""九黎"": 15, ""共工"": 45, ""共工氏"": 9, ""后土"": 15, ""太昊"": 16, ""太皞"": 2, ""女娃"": 19, ""女娲"": 90, ""少昊"": 4, ""帝江"": 4, ""帝鸿"": 4, ""帝鸿氏"": 2, ""应龙"": 44, ""有熊氏"": 3, ""榆罔"": 5, ""涿鹿"": 35, ""炎帝"": 80, ""神农"": 171, ""禹"": 772, ""精卫"": 28, ""缙云氏"": 6, ""蚩尤"": 54, ""赤帝"": 2, ""轩辕"": 279, ""轩辕氏"": 3, ""阪泉"": 4, ""雨师"": 19, ""颛顼"": 10, ""风伯"": 2, ""鲧"": 13, ""黄帝"": 315, ""黄帝氏"": 1}"
GCI-HOLD-0002,871,data/CASIA-LM_ChineseWebText2.0_partial-000871.parquet,126823388,b822694d8b6758c6746081a891a4684289cfd45b4905e674b59e5265a476b6f4,100000,1,2276,"{""九黎"": 44, ""共工"": 43, ""共工氏"": 6, ""句龙"": 2, ""后土"": 37, ""太昊"": 14, ""太皞"": 1, ""女娃"": 18, ""女娲"": 102, ""少昊"": 32, ""少皞"": 2, ""帝江"": 8, ""应龙"": 11, ""有熊氏"": 6, ""涿鹿"": 44, ""炎帝"": 110, ""神农"": 167, ""禹"": 674, ""精卫"": 20, ""缙云氏"": 2, ""蚩尤"": 120, ""赤帝"": 1, ""轩辕"": 315, ""轩辕氏"": 16, ""阪泉"": 9, ""雨师"": 9, ""颛顼"": 29, ""风伯"": 6, ""鲧"": 5, ""黄帝"": 420, ""黄帝氏"": 3}"
GCI-HOLD-0002,872,data/CASIA-LM_ChineseWebText2.0_partial-000872.parquet,128014653,98d3a285b6da6ca4b4fe2b632d6ad5c347347c77d50bd5ba6887b1b87dcbdd85,100000,1,2217,"{""九黎"": 12, ""共工"": 25, ""共工氏"": 4, ""句龙"": 5, ""后土"": 54, ""太昊"": 16, ""太皞"": 1, ""女娃"": 22, ""女娲"": 92, ""少昊"": 11, ""帝江"": 18, ""应龙"": 31, ""有熊氏"": 2, ""涿鹿"": 47, ""炎帝"": 64, ""神农"": 169, ""禹"": 801, ""精卫"": 33, ""蚩尤"": 79, ""赤帝"": 2, ""轩辕"": 296, ""轩辕氏"": 5, ""阪泉"": 2, ""颛顼"": 29, ""风伯"": 1, ""鲧"": 4, ""黄帝"": 392}"
GCI-HOLD-0002,873,data/CASIA-LM_ChineseWebText2.0_partial-000873.parquet,127375635,fe5ea7377a0f56abedcef04408cce1d20226b39dc00bcc754e21674311bafe96,100000,1,2078,"{""九黎"": 16, ""共工"": 34, ""句龙"": 1, ""后土"": 32, ""太昊"": 4, ""女娃"": 7, ""女娲"": 61, ""少昊"": 4, ""帝江"": 1, ""帝鸿"": 1, ""帝鸿氏"": 1, ""应龙"": 24, ""有熊氏"": 7, ""涿鹿"": 6, ""炎帝"": 61, ""神农"": 160, ""禹"": 795, ""精卫"": 53, ""缙云氏"": 1, ""蚩尤"": 97, ""赤帝"": 2, ""轩辕"": 328, ""轩辕氏"": 2, ""雨师"": 16, ""颛顼"": 11, ""风伯"": 3, ""鲧"": 21, ""黄帝"": 329}"
GCI-HOLD-0002,874,data/CASIA-LM_ChineseWebText2.0_partial-000874.parquet,127707743,27b77dfcdb554ebd754d9c182f7f6a19fdccea4203b37c907226202a545ecd15,100000,1,2050,"{""九黎"": 21, ""共工"": 27, ""共工氏"": 2, ""句龙"": 1, ""后土"": 23, ""太昊"": 25, ""太皞"": 4, ""女娃"": 18, ""女娲"": 63, ""少昊"": 9, ""少皞"": 2, ""帝江"": 1, ""帝鸿"": 1, ""帝鸿氏"": 1, ""应龙"": 23, ""有熊氏"": 1, ""涿鹿"": 32, ""炎帝"": 57, ""神农"": 193, ""禹"": 733, ""精卫"": 57, ""缙云氏"": 13, ""蚩尤"": 56, ""赤帝"": 4, ""轩辕"": 308, ""轩辕氏"": 12, ""阪泉"": 1, ""雨师"": 7, ""颛顼"": 26, ""风伯"": 3, ""鲧"": 5, ""黄帝"": 320, ""黄帝氏"": 1}"
GCI-HOLD-0002,875,data/CASIA-LM_ChineseWebText2.0_partial-000875.parquet,127215956,87f29cd40ea87750d1d38078c1fe6a2e4fd0f637a9fa5d1e9a354cbea83edf51,100000,1,2685,"{""九黎"": 24, ""共工"": 48, ""共工氏"": 13, ""句龙"": 3, ""后土"": 56, ""太昊"": 15, ""太皞"": 1, ""女娃"": 13, ""女娲"": 111, ""少昊"": 14, ""少皞"": 6, ""帝江"": 2, ""帝鸿"": 9, ""应龙"": 26, ""有熊氏"": 1, ""涿鹿"": 21, ""炎帝"": 96, ""神农"": 248, ""禹"": 1066, ""精卫"": 58, ""蚩尤"": 91, ""赤帝"": 6, ""轩辕"": 211, ""轩辕氏"": 3, ""阪泉"": 2, ""雨师"": 1, ""颛顼"": 55, ""风伯"": 2, ""鲧"": 98, ""黄帝"": 385}"
GCI-HOLD-0002,876,data/CASIA-LM_ChineseWebText2.0_partial-000876.parquet,127349514,a4baaa0193791888107bf020643b1793dcf77160e91584cd6e6c2acca9e80ee5,100000,1,2318,"{""九黎"": 10, ""共工"": 25, ""后土"": 44, ""太昊"": 30, ""太皞"": 2, ""女娃"": 16, ""女娲"": 125, ""少昊"": 15, ""帝江"": 1, ""应龙"": 26, ""涿鹿"": 76, ""炎帝"": 84, ""神农"": 237, ""禹"": 707, ""精卫"": 15, ""蚩尤"": 211, ""赤帝"": 5, ""轩辕"": 270, ""轩辕氏"": 6, ""阪泉"": 13, ""雨师"": 5, ""颛顼"": 15, ""风伯"": 4, ""鲧"": 3, ""黄帝"": 373}"
GCI-HOLD-0002,877,data/CASIA-LM_ChineseWebText2.0_partial-000877.parquet,127976351,016dbc388ca2b065acadac7107f892f224f914e51fea04f68eeb85221214a930,100000,1,2201,"{""九黎"": 17, ""共工"": 24, ""共工氏"": 3, ""后土"": 19, ""太昊"": 3, ""女娃"": 21, ""女娲"": 133, ""少昊"": 8, ""少皞"": 2, ""帝江"": 2, ""应龙"": 40, ""有熊氏"": 3, ""涿鹿"": 51, ""炎帝"": 93, ""神农"": 228, ""禹"": 674, ""精卫"": 29, ""蚩尤"": 103, ""赤帝"": 1, ""轩辕"": 308, ""轩辕氏"": 8, ""阪泉"": 10, ""雨师"": 2, ""颛顼"": 19, ""风伯"": 5, ""鲧"": 9, ""黄帝"": 386}"
GCI-HOLD-0002,878,data/CASIA-LM_ChineseWebText2.0_partial-000878.parquet,126874618,a06aea9d080b52d99d448ddeeec0f276c8f54a13c24cae6231f4d136e6cf561d,100000,1,2091,"{""九黎"": 12, ""共工"": 46, ""后土"": 117, ""太昊"": 4, ""女娃"": 8, ""女娲"": 82, ""少昊"": 6, ""少皞"": 2, ""帝江"": 2, ""帝鸿"": 1, ""应龙"": 43, ""榆罔"": 4, ""涿鹿"": 11, ""炎帝"": 80, ""神农"": 197, ""禹"": 691, ""精卫"": 34, ""蚩尤"": 77, ""赤帝"": 4, ""轩辕"": 295, ""轩辕氏"": 2, ""阪泉"": 3, ""雨师"": 3, ""颛顼"": 40, ""风伯"": 1, ""鲧"": 30, ""黄帝"": 294, ""黄帝氏"": 2}"
GCI-HOLD-0002,879,data/CASIA-LM_ChineseWebText2.0_partial-000879.parquet,126203502,760c75acbc09a4c008d8b7da480632424f95b6ba3a64f8080a7dffa565494a88,100000,1,1857,"{""九黎"": 18, ""共工"": 33, ""共工氏"": 1, ""句龙"": 2, ""后土"": 29, ""太昊"": 6, ""太皞"": 3, ""女娃"": 20, ""女娲"": 77, ""少昊"": 4, ""少皞"": 3, ""帝江"": 9, ""帝鸿"": 3, ""帝鸿氏"": 1, ""应龙"": 17, ""涿鹿"": 9, ""炎帝"": 56, ""神农"": 156, ""禹"": 636, ""精卫"": 36, ""蚩尤"": 48, ""赤帝"": 4, ""轩辕"": 263, ""轩辕氏"": 3, ""阪泉"": 1, ""雨师"": 5, ""颛顼"": 49, ""风伯"": 4, ""鲧"": 15, ""黄帝"": 345, ""黄帝氏"": 1}"
GCI-HOLD-0002,880,data/CASIA-LM_ChineseWebText2.0_partial-000880.parquet,127065321,f1db15c4de039396f67e272aa004573efdd73b83fe95af6866580f6575153870,100000,1,2159,"{""九黎"": 19, ""共工"": 28, ""共工氏"": 1, ""后土"": 29, ""太昊"": 11, ""女娃"": 9, ""女娲"": 92, ""少昊"": 33, ""帝江"": 39, ""应龙"": 37, ""榆罔"": 2, ""涿鹿"": 17, ""炎帝"": 44, ""神农"": 207, ""禹"": 829, ""精卫"": 48, ""缙云氏"": 1, ""蚩尤"": 45, ""赤帝"": 2, ""轩辕"": 282, ""轩辕氏"": 4, ""雨师"": 9, ""颛顼"": 16, ""风伯"": 6, ""鲧"": 18, ""黄帝"": 331}"
GCI-HOLD-0002,881,data/CASIA-LM_ChineseWebText2.0_partial-000881.parquet,126282430,4ff3e3b6c7db7196aa6d2a5b6b8c65a9579eb1efdcc7459c20370b7240a38622,100000,1,2170,"{""九黎"": 20, ""共工"": 31, ""共工氏"": 1, ""后土"": 18, ""太昊"": 5, ""女娃"": 16, ""女娲"": 61, ""少昊"": 4, ""帝鸿"": 1, ""帝鸿氏"": 1, ""应龙"": 34, ""有熊氏"": 1, ""榆罔"": 1, ""涿鹿"": 33, ""炎帝"": 102, ""神农"": 213, ""禹"": 884, ""精卫"": 31, ""缙云氏"": 12, ""蚩尤"": 75, ""赤帝"": 8, ""轩辕"": 248, ""轩辕氏"": 3, ""阪泉"": 1, ""雨师"": 3, ""颛顼"": 16, ""风伯"": 1, ""鲧"": 29, ""黄帝"": 316, ""黄帝氏"": 1}"
GCI-HOLD-0002,882,data/CASIA-LM_ChineseWebText2.0_partial-000882.parquet,126634342,e87ea7e95ae493b8cf6be3edb0d71fbe0a1bd87da70018de7e17e439ee3f6619,100000,1,2227,"{""九黎"": 40, ""共工"": 88, ""共工氏"": 16, ""句龙"": 2, ""后土"": 74, ""太昊"": 6, ""女娃"": 10, ""女娲"": 120, ""少昊"": 20, ""少皞"": 4, ""帝江"": 8, ""帝鸿"": 1, ""帝鸿氏"": 1, ""应龙"": 34, ""有熊氏"": 4, ""榆罔"": 2, ""涿鹿"": 18, ""炎帝"": 64, ""神农"": 159, ""禹"": 721, ""精卫"": 18, ""蚩尤"": 176, ""赤帝"": 7, ""轩辕"": 221, ""轩辕氏"": 3, ""阪泉"": 3, ""雨师"": 8, ""颛顼"": 54, ""风伯"": 5, ""鲧"": 34, ""黄帝"": 306}"
GCI-HOLD-0002,883,data/CASIA-LM_ChineseWebText2.0_partial-000883.parquet,126938873,37793b41f9dbbbe38721311528304b3dba6e5fd38903af9fa21a89cd2808ff32,100000,1,2373,"{""九黎"": 7, ""共工"": 32, ""共工氏"": 3, ""后土"": 20, ""太昊"": 5, ""女娃"": 8, ""女娲"": 94, ""少昊"": 11, ""帝江"": 10, ""帝鸿"": 3, ""帝鸿氏"": 1, ""应龙"": 33, ""有熊氏"": 1, ""榆罔"": 1, ""涿鹿"": 23, ""炎帝"": 44, ""神农"": 204, ""禹"": 948, ""精卫"": 30, ""蚩尤"": 81, ""赤帝"": 4, ""轩辕"": 375, ""轩辕氏"": 6, ""阪泉"": 1, ""雨师"": 5, ""颛顼"": 26, ""风伯"": 2, ""鲧"": 36, ""黄帝"": 359}"
GCI-HOLD-0002,884,data/CASIA-LM_ChineseWebText2.0_partial-000884.parquet,126910122,0bc713d8292ef6a2aebf241757b6a5270ad8081c98ca66e78d11efba734e18dd,100000,1,2405,"{""九黎"": 32, ""共工"": 48, ""共工氏"": 4, ""后土"": 25, ""太昊"": 4, ""太皞"": 2, ""女娃"": 16, ""女娲"": 116, ""少昊"": 16, ""少皞"": 2, ""帝江"": 9, ""帝鸿"": 1, ""应龙"": 20, ""有熊氏"": 2, ""榆罔"": 2, ""涿鹿"": 31, ""炎帝"": 58, ""神农"": 197, ""禹"": 868, ""精卫"": 30, ""蚩尤"": 172, ""赤帝"": 5, ""轩辕"": 274, ""轩辕氏"": 3, ""阪泉"": 21, ""雨师"": 21, ""颛顼"": 28, ""风伯"": 10, ""鲧"": 21, ""黄帝"": 365, ""黄帝氏"": 2}"
GCI-HOLD-0002,885,data/CASIA-LM_ChineseWebText2.0_partial-000885.parquet,127596335,ce572e554d9d61e727bd457b52644f89b8fb2fde1c985dc9577d245b2574d260,100000,1,2317,"{""九黎"": 51, ""共工"": 59, ""共工氏"": 3, ""句龙"": 1, ""后土"": 49, ""太昊"": 45, ""太皞"": 4, ""女娃"": 27, ""女娲"": 74, ""少昊"": 15, ""少皞"": 8, ""帝江"": 1, ""应龙"": 18, ""有熊氏"": 1, ""榆罔"": 1, ""涿鹿"": 37, ""炎帝"": 81, ""神农"": 156, ""禹"": 841, ""精卫"": 43, ""蚩尤"": 119, ""赤帝"": 5, ""轩辕"": 205, ""轩辕氏"": 7, ""阪泉"": 7, ""雨师"": 3, ""颛顼"": 25, ""风伯"": 2, ""鲧"": 33, ""黄帝"": 395, ""黄帝氏"": 1}"
GCI-HOLD-0002,886,data/CASIA-LM_ChineseWebText2.0_partial-000886.parquet,126957071,90197c8632253259e988b76123ddcf63a168003ecfab77cf203d42833e70e661,100000,1,2149,"{""九黎"": 19, ""共工"": 50, ""共工氏"": 2, ""句龙"": 2, ""后土"": 14, ""太昊"": 20, ""女娃"": 11, ""女娲"": 103, ""少昊"": 11, ""少皞"": 2, ""帝江"": 6, ""应龙"": 13, ""有熊氏"": 1, ""榆罔"": 1, ""涿鹿"": 15, ""炎帝"": 46, ""神农"": 167, ""禹"": 881, ""精卫"": 36, ""蚩尤"": 53, ""赤帝"": 2, ""轩辕"": 282, ""轩辕氏"": 3, ""阪泉"": 1, ""雨师"": 4, ""颛顼"": 40, ""风伯"": 1, ""鲧"": 21, ""黄帝"": 342}"
GCI-HOLD-0002,887,data/CASIA-LM_ChineseWebText2.0_partial-000887.parquet,126891095,d7e124f4fe462a4c3aa49461432cfa4dc86304e5c9b4cdc7dd49250a52297fe3,100000,1,2016,"{""九黎"": 33, ""共工"": 29, ""共工氏"": 3, ""句龙"": 1, ""后土"": 18, ""太昊"": 11, ""太皞"": 1, ""女娃"": 14, ""女娲"": 61, ""少昊"": 11, ""少皞"": 1, ""帝江"": 15, ""帝鸿"": 2, ""帝鸿氏"": 1, ""应龙"": 29, ""涿鹿"": 35, ""炎帝"": 53, ""神农"": 157, ""禹"": 740, ""精卫"": 32, ""蚩尤"": 58, ""赤帝"": 12, ""轩辕"": 328, ""轩辕氏"": 1, ""雨师"": 11, ""颛顼"": 25, ""风伯"": 1, ""鲧"": 5, ""黄帝"": 328}"
GCI-HOLD-0002,888,data/CASIA-LM_ChineseWebText2.0_partial-000888.parquet,127080383,af3fc7b402cb89f6445095a85d4aee2e3631f90a468fbb6c97a06af01b2c8ab6,100000,1,1988,"{""九黎"": 3, ""共工"": 16, ""共工氏"": 1, ""后土"": 40, ""太昊"": 16, ""太皞"": 1, ""女娃"": 28, ""女娲"": 71, ""少昊"": 58, ""少皞"": 1, ""帝江"": 1, ""帝鸿"": 1, ""帝鸿氏"": 1, ""应龙"": 27, ""榆罔"": 11, ""涿鹿"": 24, ""炎帝"": 72, ""神农"": 205, ""禹"": 707, ""精卫"": 37, ""缙云氏"": 1, ""蚩尤"": 56, ""赤帝"": 3, ""轩辕"": 183, ""轩辕氏"": 8, ""阪泉"": 2, ""雨师"": 3, ""颛顼"": 32, ""风伯"": 13, ""鲧"": 14, ""黄帝"": 352}"
GCI-HOLD-0002,889,data/CASIA-LM_ChineseWebText2.0_partial-000889.parquet,127183688,0e67433443719e57cd0eac23e2257afa85a56ce5b3e44e3eb8e07930d4dedab8,100000,1,2508,"{""九黎"": 33, ""共工"": 69, ""共工氏"": 11, ""后土"": 30, ""太昊"": 49, ""太皞"": 6, ""女娃"": 11, ""女娲"": 124, ""少昊"": 36, ""少皞"": 3, ""帝鸿"": 2, ""帝鸿氏"": 1, ""应龙"": 29, ""有熊氏"": 1, ""榆罔"": 2, ""涿鹿"": 32, ""炎帝"": 77, ""神农"": 156, ""禹"": 813, ""精卫"": 54, ""缙云氏"": 4, ""蚩尤"": 88, ""赤帝"": 2, ""轩辕"": 308, ""轩辕氏"": 6, ""阪泉"": 5, ""雨师"": 18, ""颛顼"": 66, ""风伯"": 1, ""鲧"": 22, ""黄帝"": 449}"
GCI-HOLD-0002,890,data/CASIA-LM_ChineseWebText2.0_partial-000890.parquet,127179894,0acf9d6cf40f0bbf7811b277e89b344484718b4d342b9c40e2d3c7700bd3d47d,100000,1,1605,"{""九黎"": 7, ""共工"": 22, ""后土"": 14, ""太昊"": 8, ""女娃"": 15, ""女娲"": 64, ""少昊"": 4, ""少皞"": 1, ""帝江"": 2, ""帝鸿"": 1, ""应龙"": 21, ""榆罔"": 1, ""涿鹿"": 19, ""炎帝"": 36, ""神农"": 180, ""禹"": 670, ""精卫"": 39, ""缙云氏"": 4, ""蚩尤"": 30, ""赤帝"": 1, ""轩辕"": 135, ""轩辕氏"": 2, ""雨师"": 6, ""颛顼"": 8, ""风伯"": 7, ""鲧"": 9, ""黄帝"": 299}"
GCI-HOLD-0002,891,data/CASIA-LM_ChineseWebText2.0_partial-000891.parquet,127130598,933097045e53aa25dbcc8bc6c2d84dc93ef7bbc25f27860d23659511b6b8743c,100000,1,2110,"{""九黎"": 22, ""共工"": 38, ""共工氏"": 3, ""句龙"": 1, ""后土"": 19, ""太昊"": 14, ""女娃"": 19, ""女娲"": 59, ""少昊"": 12, ""帝江"": 9, ""帝鸿"": 3, ""帝鸿氏"": 1, ""应龙"": 22, ""有熊氏"": 2, ""榆罔"": 1, ""涿鹿"": 36, ""炎帝"": 133, ""神农"": 178, ""禹"": 750, ""精卫"": 21, ""蚩尤"": 75, ""赤帝"": 7, ""轩辕"": 292, ""轩辕氏"": 7, ""阪泉"": 2, ""雨师"": 6, ""颛顼"": 20, ""风伯"": 1, ""鲧"": 34, ""黄帝"": 323}"
GCI-HOLD-0002,892,data/CASIA-LM_ChineseWebText2.0_partial-000892.parquet,127612221,88d3b3cd2f199aa84b634e4188c7df83ca84c2aab2ae40b174759bfe6584638c,100000,1,2175,"{""九黎"": 19, ""共工"": 46, ""共工氏"": 6, ""句龙"": 1, ""后土"": 28, ""太昊"": 3, ""太皞"": 1, ""女娃"": 12, ""女娲"": 78, ""少昊"": 65, ""少皞"": 4, ""帝江"": 3, ""应龙"": 21, ""有熊氏"": 1, ""涿鹿"": 18, ""炎帝"": 54, ""神农"": 201, ""禹"": 738, ""精卫"": 53, ""缙云氏"": 5, ""蚩尤"": 90, ""赤帝"": 16, ""轩辕"": 227, ""轩辕氏"": 5, ""阪泉"": 4, ""雨师"": 6, ""颛顼"": 33, ""风伯"": 3, ""鲧"": 20, ""黄帝"": 413, ""黄帝氏"": 1}"
GCI-HOLD-0002,893,data/CASIA-LM_ChineseWebText2.0_partial-000893.parquet,127379550,d628bb4e3ce96ebe8987bd7129c83599b6c5cd717dd2e0fc25f4975a47d04075,100000,1,2068,"{""九黎"": 8, ""共工"": 66, ""共工氏"": 3, ""后土"": 32, ""太昊"": 4, ""太皞"": 1, ""女娃"": 9, ""女娲"": 85, ""少昊"": 23, ""少皞"": 1, ""帝江"": 8, ""应龙"": 55, ""有熊氏"": 1, ""涿鹿"": 26, ""炎帝"": 58, ""神农"": 186, ""禹"": 684, ""精卫"": 30, ""蚩尤"": 89, ""赤帝"": 5, ""轩辕"": 308, ""轩辕氏"": 9, ""阪泉"": 2, ""雨师"": 7, ""颛顼"": 40, ""风伯"": 25, ""鲧"": 12, ""黄帝"": 291}"
GCI-HOLD-0002,894,data/CASIA-LM_ChineseWebText2.0_partial-000894.parquet,126616808,b89030365837c418ddacd54f0e72def88542dafe4d2ec1a66c6e436529e5aece,100000,1,1895,"{""九黎"": 20, ""共工"": 24, ""共工氏"": 3, ""句龙"": 11, ""后土"": 17, ""太昊"": 4, ""女娃"": 6, ""女娲"": 116, ""少昊"": 24, ""帝江"": 6, ""应龙"": 29, ""有熊氏"": 2, ""涿鹿"": 21, ""炎帝"": 36, ""神农"": 177, ""禹"": 688, ""精卫"": 26, ""蚩尤"": 49, ""赤帝"": 1, ""轩辕"": 194, ""轩辕氏"": 10, ""阪泉"": 14, ""雨师"": 7, ""颛顼"": 15, ""风伯"": 3, ""鲧"": 11, ""黄帝"": 381}"
GCI-HOLD-0002,895,data/CASIA-LM_ChineseWebText2.0_partial-000895.parquet,127120840,9c7abe701545a1f8e2e3ffa73b14f02d72e7c91448c81393172f82924fe4f504,100000,1,2242,"{""九黎"": 28, ""共工"": 24, ""共工氏"": 4, ""句龙"": 6, ""后土"": 20, ""太昊"": 10, ""太皞"": 3, ""女娃"": 6, ""女娲"": 104, ""少昊"": 18, ""帝江"": 2, ""应龙"": 21, ""榆罔"": 3, ""涿鹿"": 9, ""炎帝"": 37, ""神农"": 158, ""禹"": 738, ""精卫"": 60, ""蚩尤"": 53, ""赤帝"": 1, ""轩辕"": 399, ""轩辕氏"": 2, ""阪泉"": 4, ""雨师"": 1, ""颛顼"": 23, ""风伯"": 3, ""鲧"": 85, ""黄帝"": 419, ""黄帝氏"": 1}"
GCI-HOLD-0002,896,data/CASIA-LM_ChineseWebText2.0_partial-000896.parquet,126686382,eb5a973e3effcba2b20d911a28c85bd9073588c0e614460d91ec51fd9ec92269,100000,1,2054,"{""九黎"": 11, ""共工"": 27, ""共工氏"": 4, ""句龙"": 1, ""后土"": 26, ""太昊"": 15, ""女娃"": 21, ""女娲"": 98, ""少昊"": 6, ""少皞"": 2, ""帝江"": 6, ""帝鸿"": 1, ""应龙"": 26, ""有熊氏"": 2, ""涿鹿"": 66, ""炎帝"": 57, ""神农"": 149, ""禹"": 837, ""精卫"": 35, ""蚩尤"": 37, ""赤帝"": 1, ""轩辕"": 201, ""轩辕氏"": 3, ""阪泉"": 9, ""雨师"": 10, ""颛顼"": 27, ""风伯"": 1, ""鲧"": 31, ""黄帝"": 344}"
GCI-HOLD-0002,897,data/CASIA-LM_ChineseWebText2.0_partial-000897.parquet,127009253,6e24dc20ea32f6bde41861168ebd80123846b8e47814d507cfc650566bd94123,100000,1,1895,"{""九黎"": 1, ""共工"": 25, ""共工氏"": 2, ""句龙"": 10, ""后土"": 20, ""太昊"": 33, ""女娃"": 15, ""女娲"": 54, ""少昊"": 15, ""帝江"": 3, ""应龙"": 39, ""有熊氏"": 3, ""涿鹿"": 16, ""炎帝"": 76, ""神农"": 205, ""禹"": 680, ""精卫"": 20, ""缙云氏"": 5, ""蚩尤"": 56, ""赤帝"": 4, ""轩辕"": 193, ""轩辕氏"": 5, ""阪泉"": 8, ""雨师"": 39, ""颛顼"": 35, ""风伯"": 3, ""鲧"": 5, ""黄帝"": 325}"
GCI-HOLD-0002,898,data/CASIA-LM_ChineseWebText2.0_partial-000898.parquet,126809973,c2b070ca1259eec40225d79692a7a42ed1d052dde5e1e009abf41e31fee2a093,100000,1,2451,"{""九黎"": 48, ""共工"": 30, ""共工氏"": 7, ""句龙"": 1, ""后土"": 33, ""太昊"": 4, ""太皞"": 7, ""女娃"": 17, ""女娲"": 72, ""少昊"": 35, ""少皞"": 8, ""帝江"": 2, ""应龙"": 22, ""有熊氏"": 4, ""榆罔"": 7, ""涿鹿"": 17, ""炎帝"": 85, ""神农"": 232, ""禹"": 856, ""精卫"": 20, ""蚩尤"": 99, ""赤帝"": 4, ""轩辕"": 317, ""轩辕氏"": 7, ""阪泉"": 4, ""雨师"": 5, ""颛顼"": 46, ""风伯"": 5, ""鲧"": 11, ""黄帝"": 445, ""黄帝氏"": 1}"
GCI-HOLD-0002,899,data/CASIA-LM_ChineseWebText2.0_partial-000899.parquet,126422715,2074d1eafe5d35ca01d92688ef44a62ededc7e3bf3cbb2f6a17a51b4f423cd30,100000,1,2027,"{""九黎"": 20, ""共工"": 27, ""共工氏"": 2, ""后土"": 32, ""太昊"": 24, ""女娃"": 18, ""女娲"": 133, ""少昊"": 30, ""少皞"": 2, ""帝江"": 5, ""帝鸿"": 1, ""应龙"": 14, ""有熊氏"": 1, ""涿鹿"": 21, ""炎帝"": 95, ""神农"": 265, ""禹"": 584, ""精卫"": 30, ""蚩尤"": 77, ""赤帝"": 9, ""轩辕"": 266, ""轩辕氏"": 10, ""阪泉"": 4, ""雨师"": 6, ""颛顼"": 38, ""风伯"": 3, ""鲧"": 13, ""黄帝"": 297}"
GCI-HOLD-0002,900,data/CASIA-LM_ChineseWebText2.0_partial-000900.parquet,127092023,102391a815176a4ef106faf3fd1540b2b3971ec7d023e5aca9c918815cc645a2,100000,1,2208,"{""九黎"": 8, ""共工"": 28, ""共工氏"": 3, ""句龙"": 1, ""后土"": 32, ""太昊"": 5, ""太皞"": 1, ""女娃"": 14, ""女娲"": 56, ""少昊"": 5, ""帝鸿"": 2, ""帝鸿氏"": 2, ""应龙"": 25, ""有熊氏"": 1, ""涿鹿"": 45, ""炎帝"": 42, ""神农"": 172, ""禹"": 847, ""精卫"": 25, ""蚩尤"": 40, ""赤帝"": 7, ""轩辕"": 342, ""轩辕氏"": 1, ""阪泉"": 9, ""雨师"": 10, ""颛顼"": 24, ""风伯"": 6, ""鲧"": 73, ""黄帝"": 382}"
GCI-HOLD-0002,901,data/CASIA-LM_ChineseWebText2.0_partial-000901.parquet,127463086,2a6c546092983eaae8e3cc27871eb5cdf2e89b2baa71d8a1feaa7d36a5bf736f,100000,1,2054,"{""九黎"": 8, ""共工"": 26, ""共工氏"": 8, ""后土"": 29, ""太昊"": 23, ""太皞"": 2, ""女娃"": 18, ""女娲"": 88, ""少昊"": 100, ""少皞"": 6, ""帝江"": 2, ""帝鸿"": 3, ""帝鸿氏"": 2, ""应龙"": 25, ""有熊氏"": 1, ""榆罔"": 1, ""涿鹿"": 28, ""炎帝"": 55, ""神农"": 203, ""禹"": 645, ""精卫"": 50, ""缙云氏"": 3, ""蚩尤"": 35, ""赤帝"": 7, ""轩辕"": 283, ""轩辕氏"": 8, ""阪泉"": 1, ""雨师"": 8, ""颛顼"": 51, ""风伯"": 3, ""鲧"": 4, ""黄帝"": 327, ""黄帝氏"": 1}"
GCI-HOLD-0002,902,data/CASIA-LM_ChineseWebText2.0_partial-000902.parquet,127070590,d67e97ff6b8e9843868362145e4e02198bad1726cde384da060b5becfa52417f,100000,1,2234,"{""九黎"": 29, ""共工"": 20, ""共工氏"": 1, ""句龙"": 4, ""后土"": 33, ""太昊"": 7, ""女娃"": 6, ""女娲"": 58, ""少昊"": 21, ""少皞"": 3, ""帝江"": 3, ""帝鸿"": 2, ""帝鸿氏"": 1, ""应龙"": 24, ""有熊氏"": 4, ""榆罔"": 1, ""涿鹿"": 22, ""炎帝"": 98, ""神农"": 122, ""禹"": 726, ""精卫"": 42, ""缙云氏"": 1, ""蚩尤"": 173, ""赤帝"": 4, ""轩辕"": 319, ""轩辕氏"": 3, ""阪泉"": 6, ""雨师"": 5, ""颛顼"": 18, ""风伯"": 7, ""鲧"": 4, ""黄帝"": 466, ""黄帝氏"": 1}"
GCI-HOLD-0002,903,data/CASIA-LM_ChineseWebText2.0_partial-000903.parquet,126850656,982285bb797219273cbd2e975f248c279e331130abff39608409818facdb42ec,100000,1,1980,"{""九黎"": 9, ""共工"": 44, ""共工氏"": 5, ""句龙"": 1, ""后土"": 61, ""太昊"": 17, ""太皞"": 3, ""女娃"": 13, ""女娲"": 111, ""少昊"": 31, ""帝鸿"": 3, ""应龙"": 51, ""有熊氏"": 2, ""涿鹿"": 13, ""炎帝"": 108, ""神农"": 229, ""禹"": 635, ""精卫"": 43, ""蚩尤"": 56, ""赤帝"": 2, ""轩辕"": 237, ""轩辕氏"": 4, ""雨师"": 6, ""颛顼"": 21, ""风伯"": 1, ""鲧"": 21, ""黄帝"": 252, ""黄帝氏"": 1}"
GCI-HOLD-0002,904,data/CASIA-LM_ChineseWebText2.0_partial-000904.parquet,126914878,dc739bdcb8237d5401cb01054a3afbd221ec933554164b2f61a7f6395a8444c9,100000,1,1816,"{""九黎"": 20, ""共工"": 20, ""句龙"": 1, ""后土"": 21, ""太昊"": 2, ""女娃"": 18, ""女娲"": 92, ""少昊"": 5, ""少皞"": 2, ""帝江"": 6, ""帝鸿"": 1, ""帝鸿氏"": 1, ""应龙"": 40, ""涿鹿"": 24, ""炎帝"": 26, ""神农"": 186, ""禹"": 606, ""精卫"": 82, ""蚩尤"": 46, ""赤帝"": 14, ""轩辕"": 257, ""轩辕氏"": 4, ""阪泉"": 1, ""雨师"": 1, ""颛顼"": 15, ""风伯"": 1, ""鲧"": 2, ""黄帝"": 322}"
GCI-HOLD-0002,905,data/CASIA-LM_ChineseWebText2.0_partial-000905.parquet,126965517,641da61660b5acce6a76c641b13c29e2406fb4902c1bc5244e911fb621d65b8d,100000,1,1849,"{""九黎"": 18, ""共工"": 27, ""共工氏"": 3, ""后土"": 27, ""太昊"": 16, ""女娃"": 12, ""女娲"": 80, ""少昊"": 18, ""少皞"": 1, ""帝江"": 3, ""帝鸿"": 1, ""应龙"": 26, ""有熊氏"": 1, ""榆罔"": 1, ""涿鹿"": 10, ""炎帝"": 56, ""神农"": 198, ""禹"": 601, ""精卫"": 36, ""蚩尤"": 60, ""赤帝"": 5, ""轩辕"": 359, ""轩辕氏"": 4, ""阪泉"": 1, ""雨师"": 9, ""颛顼"": 5, ""风伯"": 4, ""鲧"": 10, ""黄帝"": 256, ""黄帝氏"": 1}"
GCI-HOLD-0002,906,data/CASIA-LM_ChineseWebText2.0_partial-000906.parquet,127232213,c8e3e33d64871d81337fc68fb12f0b2d201e7faf010a07c20370190f104132b5,100000,1,2422,"{""九黎"": 13, ""共工"": 44, ""共工氏"": 4, ""句龙"": 2, ""后土"": 19, ""太昊"": 1, ""女娃"": 30, ""女娲"": 137, ""少昊"": 9, ""帝江"": 5, ""应龙"": 29, ""有熊氏"": 2, ""涿鹿"": 32, ""炎帝"": 80, ""神农"": 279, ""禹"": 778, ""精卫"": 35, ""缙云氏"": 1, ""蚩尤"": 64, ""赤帝"": 10, ""轩辕"": 387, ""轩辕氏"": 4, ""阪泉"": 2, ""雨师"": 7, ""颛顼"": 36, ""风伯"": 3, ""鲧"": 5, ""黄帝"": 404}"
GCI-HOLD-0002,907,data/CASIA-LM_ChineseWebText2.0_partial-000907.parquet,126948387,32a719d6bd3428d55e94abc18849a000400ea8e02f08bfef7fb41eef7a4cddae,100000,1,2178,"{""九黎"": 13, ""共工"": 37, ""共工氏"": 6, ""后土"": 24, ""太昊"": 7, ""女娃"": 16, ""女娲"": 108, ""少昊"": 5, ""帝江"": 4, ""应龙"": 30, ""有熊氏"": 3, ""涿鹿"": 24, ""炎帝"": 30, ""神农"": 229, ""禹"": 843, ""精卫"": 42, ""蚩尤"": 63, ""赤帝"": 5, ""轩辕"": 235, ""轩辕氏"": 13, ""阪泉"": 10, ""雨师"": 9, ""颛顼"": 48, ""鲧"": 18, ""黄帝"": 356}"
GCI-HOLD-0002,908,data/CASIA-LM_ChineseWebText2.0_partial-000908.parquet,126993267,187fca1ffa8493cb5624623d8610621975194a83d30b300e011a64c48f464515,100000,1,2128,"{""九黎"": 6, ""共工"": 34, ""共工氏"": 1, ""后土"": 57, ""太昊"": 18, ""女娃"": 13, ""女娲"": 68, ""少昊"": 6, ""帝江"": 7, ""帝鸿"": 3, ""帝鸿氏"": 1, ""应龙"": 19, ""有熊氏"": 3, ""涿鹿"": 14, ""炎帝"": 53, ""神农"": 295, ""禹"": 835, ""精卫"": 23, ""蚩尤"": 34, ""赤帝"": 4, ""轩辕"": 239, ""轩辕氏"": 4, ""阪泉"": 2, ""雨师"": 12, ""颛顼"": 24, ""风伯"": 5, ""鲧"": 17, ""黄帝"": 331}"
GCI-HOLD-0002,909,data/CASIA-LM_ChineseWebText2.0_partial-000909.parquet,126563082,6383dfc1c2f0f5dd06accd6fcfa33fd5e91915d5cf986c7575145c4ca46fd346,100000,1,1884,"{""九黎"": 15, ""共工"": 45, ""共工氏"": 4, ""句龙"": 3, ""后土"": 32, ""太昊"": 7, ""太皞"": 2, ""女娃"": 12, ""女娲"": 61, ""少昊"": 13, ""帝江"": 5, ""帝鸿"": 3, ""帝鸿氏"": 1, ""应龙"": 17, ""有熊氏"": 3, ""榆罔"": 2, ""涿鹿"": 24, ""炎帝"": 38, ""神农"": 190, ""禹"": 611, ""精卫"": 23, ""缙云氏"": 6, ""蚩尤"": 67, ""赤帝"": 2, ""轩辕"": 230, ""轩辕氏"": 7, ""阪泉"": 5, ""雨师"": 14, ""颛顼"": 27, ""风伯"": 9, ""鲧"": 9, ""黄帝"": 397}"
GCI-HOLD-0002,910,data/CASIA-LM_ChineseWebText2.0_partial-000910.parquet,127095261,d55b0321b50c804b602df35e6946de7318b1f47f59c21a8852d5035de3561874,100000,1,2591,"{""九黎"": 12, ""共工"": 215, ""共工氏"": 92, ""句龙"": 2, ""后土"": 37, ""太昊"": 17, ""太皞"": 1, ""女娃"": 22, ""女娲"": 120, ""少昊"": 56, ""帝江"": 8, ""帝鸿"": 2, ""帝鸿氏"": 1, ""应龙"": 36, ""榆罔"": 1, ""涿鹿"": 17, ""炎帝"": 85, ""神农"": 179, ""禹"": 681, ""精卫"": 49, ""蚩尤"": 47, ""赤帝"": 2, ""轩辕"": 283, ""轩辕氏"": 5, ""阪泉"": 1, ""雨师"": 29, ""颛顼"": 128, ""风伯"": 2, ""鲧"": 37, ""黄帝"": 424}"
GCI-HOLD-0002,911,data/CASIA-LM_ChineseWebText2.0_partial-000911.parquet,127462014,58a6bdb70362872c12a9fd413e9cd314454858ebcb44159aab9b5c9c57b30769,100000,1,2395,"{""九黎"": 29, ""共工"": 26, ""共工氏"": 1, ""后土"": 51, ""太昊"": 9, ""太皞"": 3, ""女娃"": 29, ""女娲"": 88, ""少昊"": 8, ""少皞"": 3, ""帝江"": 2, ""帝鸿"": 1, ""帝鸿氏"": 1, ""应龙"": 20, ""有熊氏"": 6, ""榆罔"": 3, ""涿鹿"": 39, ""炎帝"": 69, ""神农"": 187, ""禹"": 701, ""精卫"": 80, ""缙云氏"": 5, ""蚩尤"": 173, ""赤帝"": 5, ""轩辕"": 340, ""轩辕氏"": 17, ""阪泉"": 4, ""雨师"": 22, ""颛顼"": 30, ""风伯"": 2, ""鲧"": 11, ""黄帝"": 428, ""黄帝氏"": 2}"
GCI-HOLD-0002,912,data/CASIA-LM_ChineseWebText2.0_partial-000912.parquet,126901916,e401e1ec88b03d461894c6853a2d5b411220a756bd8a14c7f59cc2c1bd5601a9,100000,1,2195,"{""九黎"": 20, ""共工"": 31, ""共工氏"": 8, ""句龙"": 1, ""后土"": 23, ""太昊"": 6, ""女娃"": 16, ""女娲"": 73, ""少昊"": 11, ""帝江"": 25, ""应龙"": 25, ""有熊氏"": 3, ""涿鹿"": 27, ""炎帝"": 43, ""神农"": 176, ""禹"": 826, ""精卫"": 25, ""缙云氏"": 2, ""蚩尤"": 35, ""赤帝"": 7, ""轩辕"": 404, ""轩辕氏"": 8, ""阪泉"": 1, ""雨师"": 2, ""颛顼"": 27, ""风伯"": 9, ""鲧"": 15, ""黄帝"": 346}"
GCI-HOLD-0002,913,data/CASIA-LM_ChineseWebText2.0_partial-000913.parquet,127276096,c73298df09db278e0890573e4ec4d9338431521eb8774db6be40cd697f8fa2d5,100000,1,2291,"{""九黎"": 6, ""共工"": 40, ""共工氏"": 3, ""句龙"": 1, ""后土"": 34, ""太昊"": 26, ""太皞"": 1, ""女娃"": 15, ""女娲"": 112, ""少昊"": 18, ""少皞"": 1, ""帝鸿"": 1, ""应龙"": 29, ""有熊氏"": 2, ""榆罔"": 1, ""涿鹿"": 18, ""炎帝"": 84, ""神农"": 221, ""禹"": 795, ""精卫"": 26, ""蚩尤"": 96, ""赤帝"": 7, ""轩辕"": 245, ""轩辕氏"": 6, ""阪泉"": 3, ""雨师"": 3, ""颛顼"": 43, ""风伯"": 2, ""鲧"": 31, ""黄帝"": 421}"
GCI-HOLD-0002,914,data/CASIA-LM_ChineseWebText2.0_partial-000914.parquet,127019523,ef96eb19f340bb254e470d9f999fa2b39b7b6d995d5d79d18441cdc3096c2c55,100000,1,2158,"{""九黎"": 38, ""共工"": 43, ""共工氏"": 4, ""后土"": 20, ""太昊"": 9, ""女娃"": 12, ""女娲"": 85, ""少昊"": 16, ""少皞"": 2, ""帝江"": 3, ""帝鸿"": 1, ""帝鸿氏"": 1, ""应龙"": 31, ""有熊氏"": 4, ""涿鹿"": 28, ""炎帝"": 35, ""神农"": 164, ""禹"": 655, ""精卫"": 33, ""蚩尤"": 33, ""赤帝"": 7, ""轩辕"": 488, ""轩辕氏"": 5, ""阪泉"": 6, ""雨师"": 5, ""颛顼"": 26, ""风伯"": 4, ""鲧"": 13, ""黄帝"": 387}"
GCI-HOLD-0002,915,data/CASIA-LM_ChineseWebText2.0_partial-000915.parquet,126665471,48febbae7433b2b11a2046c1dcd5b63d4ab8b0441f5e48aa39c6c5fec195039c,100000,1,2260,"{""九黎"": 14, ""共工"": 37, ""共工氏"": 2, ""句龙"": 1, ""后土"": 18, ""太昊"": 19, ""女娃"": 25, ""女娲"": 74, ""少昊"": 21, ""帝江"": 1, ""帝鸿"": 5, ""帝鸿氏"": 5, ""应龙"": 32, ""有熊氏"": 1, ""榆罔"": 3, ""涿鹿"": 66, ""炎帝"": 57, ""神农"": 183, ""禹"": 754, ""精卫"": 39, ""缙云氏"": 3, ""蚩尤"": 67, ""赤帝"": 5, ""轩辕"": 369, ""轩辕氏"": 6, ""阪泉"": 2, ""雨师"": 8, ""颛顼"": 22, ""风伯"": 10, ""鲧"": 11, ""黄帝"": 399, ""黄帝氏"": 1}"
GCI-HOLD-0002,916,data/CASIA-LM_ChineseWebText2.0_partial-000916.parquet,126658127,14371eb70e67e408302c8bba761541e8aba6294d42d15654b5ea56a39b47a96c,100000,1,2117,"{""九黎"": 12, ""共工"": 41, ""共工氏"": 4, ""后土"": 37, ""太昊"": 7, ""太皞"": 1, ""女娃"": 8, ""女娲"": 65, ""少昊"": 10, ""少皞"": 9, ""帝江"": 2, ""应龙"": 44, ""有熊氏"": 1, ""涿鹿"": 47, ""炎帝"": 78, ""神农"": 197, ""禹"": 818, ""精卫"": 30, ""蚩尤"": 50, ""赤帝"": 6, ""轩辕"": 187, ""轩辕氏"": 1, ""阪泉"": 1, ""雨师"": 9, ""颛顼"": 49, ""风伯"": 7, ""鲧"": 20, ""黄帝"": 374, ""黄帝氏"": 2}"
GCI-HOLD-0002,917,data/CASIA-LM_ChineseWebText2.0_partial-000917.parquet,126837318,2ac26e6de09ffdc9aecbe7abb229f2619fb1471dd68d9f89f08d971e7637062b,100000,1,2000,"{""九黎"": 10, ""共工"": 83, ""共工氏"": 5, ""后土"": 18, ""太昊"": 9, ""太皞"": 1, ""女娃"": 10, ""女娲"": 78, ""少昊"": 20, ""少皞"": 3, ""帝江"": 5, ""帝鸿"": 2, ""帝鸿氏"": 2, ""应龙"": 18, ""有熊氏"": 1, ""涿鹿"": 21, ""炎帝"": 51, ""神农"": 211, ""禹"": 624, ""精卫"": 15, ""缙云氏"": 5, ""蚩尤"": 58, ""赤帝"": 4, ""轩辕"": 324, ""轩辕氏"": 1, ""雨师"": 2, ""颛顼"": 43, ""风伯"": 4, ""鲧"": 16, ""黄帝"": 356}"
GCI-HOLD-0002,918,data/CASIA-LM_ChineseWebText2.0_partial-000918.parquet,127665452,1f683d77a23273d2667e12ab8039bd9cf2bf6546b69b0eaff634b291be725149,100000,1,1993,"{""九黎"": 4, ""共工"": 32, ""共工氏"": 3, ""后土"": 17, ""太昊"": 8, ""太皞"": 4, ""女娃"": 18, ""女娲"": 168, ""少昊"": 12, ""少皞"": 5, ""帝江"": 1, ""应龙"": 39, ""涿鹿"": 15, ""炎帝"": 30, ""神农"": 188, ""禹"": 752, ""精卫"": 26, ""缙云氏"": 1, ""蚩尤"": 46, ""赤帝"": 1, ""轩辕"": 186, ""轩辕氏"": 4, ""阪泉"": 2, ""雨师"": 2, ""颛顼"": 52, ""风伯"": 2, ""鲧"": 41, ""黄帝"": 334}"
GCI-HOLD-0002,919,data/CASIA-LM_ChineseWebText2.0_partial-000919.parquet,126906767,322d406149c9bd18d293b3e805e650bb46954efe5a2064bc1cc768767a4fbca0,100000,1,2415,"{""九黎"": 14, ""共工"": 35, ""共工氏"": 4, ""句龙"": 1, ""后土"": 23, ""太昊"": 8, ""太皞"": 3, ""女娃"": 21, ""女娲"": 120, ""少昊"": 23, ""少皞"": 2, ""帝江"": 4, ""应龙"": 63, ""有熊氏"": 2, ""涿鹿"": 14, ""炎帝"": 141, ""神农"": 318, ""禹"": 874, ""精卫"": 31, ""蚩尤"": 88, ""赤帝"": 4, ""轩辕"": 197, ""阪泉"": 4, ""雨师"": 3, ""颛顼"": 67, ""鲧"": 18, ""黄帝"": 332, ""黄帝氏"": 1}"
GCI-HOLD-0002,920,data/CASIA-LM_ChineseWebText2.0_partial-000920.parquet,126118802,71fedd318677281393cbfddd399955cb79a7d32a50dac7c430e69ca3e7e57dc2,100000,1,1775,"{""九黎"": 13, ""共工"": 28, ""共工氏"": 1, ""后土"": 21, ""太昊"": 8, ""女娃"": 14, ""女娲"": 87, ""少昊"": 8, ""少皞"": 1, ""帝江"": 1, ""应龙"": 17, ""榆罔"": 1, ""涿鹿"": 21, ""炎帝"": 50, ""神农"": 153, ""禹"": 709, ""精卫"": 17, ""蚩尤"": 38, ""赤帝"": 7, ""轩辕"": 242, ""轩辕氏"": 1, ""阪泉"": 19, ""雨师"": 5, ""颛顼"": 10, ""风伯"": 2, ""鲧"": 12, ""黄帝"": 289}"
GCI-HOLD-0002,921,data/CASIA-LM_ChineseWebText2.0_partial-000921.parquet,127617667,7c7bbc799acd78ca060acac1f9fbf24b2a2fcce7b7f9cd9b11556c712da21fab,100000,1,2039,"{""九黎"": 12, ""共工"": 38, ""后土"": 23, ""太昊"": 10, ""女娃"": 26, ""女娲"": 87, ""少昊"": 6, ""少皞"": 1, ""应龙"": 39, ""涿鹿"": 27, ""炎帝"": 84, ""神农"": 179, ""禹"": 732, ""精卫"": 59, ""蚩尤"": 79, ""赤帝"": 10, ""轩辕"": 272, ""轩辕氏"": 3, ""阪泉"": 3, ""雨师"": 3, ""颛顼"": 36, ""风伯"": 6, ""鲧"": 10, ""黄帝"": 293, ""黄帝氏"": 1}"
GCI-HOLD-0002,922,data/CASIA-LM_ChineseWebText2.0_partial-000922.parquet,126886518,11e674a0001ae89586df272e8a52b33f5277bd6dc7f776928e871a3b39c2eac7,100000,1,2160,"{""九黎"": 27, ""共工"": 19, ""共工氏"": 2, ""后土"": 17, ""太昊"": 13, ""太皞"": 1, ""女娃"": 27, ""女娲"": 119, ""少昊"": 7, ""少皞"": 5, ""帝江"": 7, ""帝鸿"": 2, ""应龙"": 31, ""有熊氏"": 1, ""榆罔"": 2, ""涿鹿"": 16, ""炎帝"": 45, ""神农"": 155, ""禹"": 830, ""精卫"": 19, ""蚩尤"": 78, ""轩辕"": 243, ""轩辕氏"": 7, ""阪泉"": 2, ""雨师"": 11, ""颛顼"": 22, ""风伯"": 7, ""鲧"": 21, ""黄帝"": 422, ""黄帝氏"": 2}"
GCI-HOLD-0002,923,data/CASIA-LM_ChineseWebText2.0_partial-000923.parquet,127000840,1d6ed71e25fc74180bd239cd15832be1fbe284b75ec9fd9517758968da15c9cd,100000,1,1934,"{""九黎"": 5, ""共工"": 24, ""句龙"": 3, ""后土"": 25, ""太昊"": 11, ""太皞"": 1, ""女娃"": 19, ""女娲"": 109, ""少昊"": 4, ""帝江"": 1, ""应龙"": 31, ""有熊氏"": 1, ""涿鹿"": 52, ""炎帝"": 52, ""神农"": 200, ""禹"": 653, ""精卫"": 43, ""蚩尤"": 32, ""赤帝"": 3, ""轩辕"": 246, ""轩辕氏"": 2, ""雨师"": 11, ""颛顼"": 22, ""风伯"": 2, ""鲧"": 13, ""黄帝"": 369}"
GCI-HOLD-0002,924,data/CASIA-LM_ChineseWebText2.0_partial-000924.parquet,127139192,ecc65bbcfc693a400347283cc3e5d9a7f2231bbbca3332b822953ba1014ac3c2,100000,1,1894,"{""九黎"": 30, ""共工"": 41, ""共工氏"": 10, ""句龙"": 3, ""后土"": 29, ""太昊"": 4, ""女娃"": 11, ""女娲"": 91, ""少昊"": 17, ""少皞"": 2, ""帝江"": 2, ""应龙"": 21, ""有熊氏"": 1, ""涿鹿"": 26, ""炎帝"": 32, ""神农"": 194, ""禹"": 617, ""精卫"": 27, ""蚩尤"": 49, ""赤帝"": 5, ""轩辕"": 345, ""轩辕氏"": 3, ""阪泉"": 1, ""雨师"": 8, ""颛顼"": 18, ""风伯"": 4, ""鲧"": 16, ""黄帝"": 287}"
GCI-HOLD-0002,925,data/CASIA-LM_ChineseWebText2.0_partial-000925.parquet,126689351,9f688f8b5b79c0281fd6d8864d5c68c7f9b1240520dbe492f50a18f11fb2e1ac,100000,1,2040,"{""九黎"": 19, ""共工"": 61, ""共工氏"": 4, ""后土"": 15, ""太昊"": 8, ""女娃"": 11, ""女娲"": 106, ""少昊"": 19, ""少皞"": 1, ""帝江"": 10, ""应龙"": 24, ""有熊氏"": 2, ""榆罔"": 1, ""涿鹿"": 31, ""炎帝"": 62, ""神农"": 185, ""禹"": 737, ""精卫"": 21, ""缙云氏"": 1, ""蚩尤"": 67, ""赤帝"": 2, ""轩辕"": 272, ""轩辕氏"": 1, ""阪泉"": 8, ""雨师"": 8, ""颛顼"": 30, ""风伯"": 5, ""鲧"": 34, ""黄帝"": 295}"
GCI-HOLD-0002,926,data/CASIA-LM_ChineseWebText2.0_partial-000926.parquet,127593851,cdf18ba02f282e3a510602cc97d209582ddbbf8f8d8ecaf98a80917c8fbb9c6c,100000,1,2178,"{""九黎"": 5, ""共工"": 33, ""共工氏"": 4, ""句龙"": 3, ""后土"": 39, ""太昊"": 13, ""女娃"": 18, ""女娲"": 119, ""少昊"": 24, ""少皞"": 1, ""帝江"": 2, ""帝鸿"": 1, ""应龙"": 58, ""有熊氏"": 1, ""涿鹿"": 11, ""炎帝"": 47, ""神农"": 240, ""禹"": 799, ""精卫"": 32, ""蚩尤"": 42, ""赤帝"": 12, ""轩辕"": 330, ""轩辕氏"": 5, ""阪泉"": 2, ""雨师"": 10, ""颛顼"": 24, ""风伯"": 7, ""鲧"": 14, ""黄帝"": 282}"
GCI-HOLD-0002,927,data/CASIA-LM_ChineseWebText2.0_partial-000927.parquet,126874068,26feb5aac8ea8f18ed3bfc682d42c53401a3b6c85e19e5297b10331577456a15,100000,1,2108,"{""九黎"": 10, ""共工"": 34, ""共工氏"": 5, ""后土"": 19, ""太昊"": 28, ""太皞"": 2, ""女娃"": 20, ""女娲"": 87, ""少昊"": 27, ""应龙"": 68, ""有熊氏"": 2, ""涿鹿"": 19, ""炎帝"": 99, ""神农"": 199, ""禹"": 703, ""精卫"": 45, ""蚩尤"": 97, ""赤帝"": 3, ""轩辕"": 208, ""轩辕氏"": 19, ""阪泉"": 1, ""雨师"": 3, ""颛顼"": 30, ""风伯"": 3, ""鲧"": 16, ""黄帝"": 357, ""黄帝氏"": 4}"
GCI-HOLD-0002,928,data/CASIA-LM_ChineseWebText2.0_partial-000928.parquet,127182702,32e3ed7da07c253c70bff8a02a9d644572a780ce05ce31ca1f0b5a46d87aa224,100000,1,2467,"{""九黎"": 9, ""共工"": 31, ""共工氏"": 4, ""句龙"": 2, ""后土"": 57, ""太昊"": 7, ""太皞"": 4, ""女娃"": 21, ""女娲"": 112, ""少昊"": 39, ""少皞"": 1, ""帝鸿"": 3, ""应龙"": 18, ""有熊氏"": 6, ""涿鹿"": 32, ""炎帝"": 105, ""神农"": 318, ""禹"": 833, ""精卫"": 24, ""蚩尤"": 42, ""赤帝"": 8, ""轩辕"": 183, ""轩辕氏"": 8, ""阪泉"": 5, ""雨师"": 2, ""颛顼"": 85, ""风伯"": 3, ""鲧"": 54, ""黄帝"": 449, ""黄帝氏"": 2}"
GCI-HOLD-0002,929,data/CASIA-LM_ChineseWebText2.0_partial-000929.parquet,126433732,9f34aa3e2b4143a4610af5e4a08795fab2caaeec936520ffe6ed843da91a2523,100000,1,2184,"{""九黎"": 7, ""共工"": 39, ""共工氏"": 2, ""句龙"": 1, ""后土"": 33, ""太昊"": 7, ""太皞"": 5, ""女娃"": 11, ""女娲"": 68, ""少昊"": 10, ""少皞"": 3, ""帝江"": 2, ""帝鸿"": 2, ""帝鸿氏"": 2, ""应龙"": 26, ""有熊氏"": 2, ""榆罔"": 1, ""涿鹿"": 32, ""炎帝"": 115, ""神农"": 196, ""禹"": 755, ""精卫"": 21, ""缙云氏"": 11, ""蚩尤"": 54, ""赤帝"": 4, ""轩辕"": 383, ""轩辕氏"": 4, ""阪泉"": 4, ""雨师"": 5, ""颛顼"": 18, ""风伯"": 1, ""鲧"": 7, ""黄帝"": 353}"
GCI-HOLD-0002,930,data/CASIA-LM_ChineseWebText2.0_partial-000930.parquet,126128611,a8628c7384e17b3ebc098896b32e46d4df7a5332967e7cd317b94ae23ebb3a65,100000,1,2237,"{""九黎"": 3, ""共工"": 23, ""共工氏"": 1, ""句龙"": 2, ""后土"": 20, ""太昊"": 7, ""太皞"": 1, ""女娃"": 15, ""女娲"": 87, ""少昊"": 11, ""少皞"": 1, ""帝江"": 3, ""应龙"": 21, ""有熊氏"": 1, ""榆罔"": 1, ""涿鹿"": 55, ""炎帝"": 74, ""神农"": 183, ""禹"": 719, ""精卫"": 19, ""蚩尤"": 139, ""赤帝"": 13, ""轩辕"": 294, ""轩辕氏"": 9, ""阪泉"": 8, ""雨师"": 32, ""颛顼"": 24, ""风伯"": 11, ""鲧"": 18, ""黄帝"": 442}"
GCI-HOLD-0002,931,data/CASIA-LM_ChineseWebText2.0_partial-000931.parquet,126517746,01be5bdc893dfe15619952cd5743dd9dd52348ad8dff0d94a6bf60f42ccc3ada,100000,1,2277,"{""九黎"": 11, ""共工"": 65, ""共工氏"": 7, ""句龙"": 4, ""后土"": 163, ""太昊"": 1, ""太皞"": 1, ""女娃"": 7, ""女娲"": 73, ""少昊"": 3, ""少皞"": 1, ""帝江"": 1, ""应龙"": 22, ""有熊氏"": 2, ""榆罔"": 5, ""涿鹿"": 8, ""炎帝"": 107, ""神农"": 241, ""禹"": 771, ""精卫"": 22, ""蚩尤"": 47, ""赤帝"": 8, ""轩辕"": 263, ""轩辕氏"": 14, ""阪泉"": 2, ""雨师"": 49, ""颛顼"": 16, ""风伯"": 19, ""鲧"": 10, ""黄帝"": 334}"
GCI-HOLD-0002,932,data/CASIA-LM_ChineseWebText2.0_partial-000932.parquet,127528670,d34598d16054542122ba55a0331fe499900072064d955b688daf47cb797bf3e0,100000,1,2108,"{""九黎"": 13, ""共工"": 28, ""共工氏"": 4, ""句龙"": 2, ""后土"": 44, ""太昊"": 10, ""女娃"": 15, ""女娲"": 112, ""少昊"": 18, ""少皞"": 1, ""帝江"": 13, ""帝鸿"": 1, ""应龙"": 40, ""有熊氏"": 4, ""榆罔"": 2, ""涿鹿"": 20, ""炎帝"": 61, ""神农"": 206, ""禹"": 674, ""精卫"": 12, ""蚩尤"": 42, ""赤帝"": 5, ""轩辕"": 214, ""轩辕氏"": 4, ""阪泉"": 3, ""雨师"": 2, ""颛顼"": 39, ""风伯"": 1, ""鲧"": 35, ""黄帝"": 483}"
GCI-HOLD-0002,933,data/CASIA-LM_ChineseWebText2.0_partial-000933.parquet,127772769,f0496b2b520fc6f3a5733402650c1c9779593d26ed42dd8bbb1fa312dd9716c9,100000,1,2358,"{""九黎"": 30, ""共工"": 25, ""后土"": 26, ""太昊"": 7, ""女娃"": 24, ""女娲"": 77, ""少昊"": 4, ""帝江"": 1, ""帝鸿"": 1, ""帝鸿氏"": 1, ""应龙"": 12, ""有熊氏"": 2, ""榆罔"": 14, ""涿鹿"": 75, ""炎帝"": 119, ""神农"": 231, ""禹"": 710, ""精卫"": 15, ""蚩尤"": 60, ""赤帝"": 6, ""轩辕"": 387, ""轩辕氏"": 19, ""阪泉"": 9, ""雨师"": 2, ""颛顼"": 23, ""风伯"": 2, ""鲧"": 24, ""黄帝"": 452}"
GCI-HOLD-0002,934,data/CASIA-LM_ChineseWebText2.0_partial-000934.parquet,126657483,3db7849edb65b00a1a850108709b8c56631b7a7843ddd4718486276ed69cf033,100000,1,2170,"{""九黎"": 20, ""共工"": 28, ""共工氏"": 3, ""后土"": 21, ""太昊"": 4, ""女娃"": 14, ""女娲"": 91, ""少昊"": 32, ""少皞"": 2, ""帝江"": 1, ""帝鸿"": 1, ""应龙"": 15, ""有熊氏"": 2, ""榆罔"": 1, ""涿鹿"": 25, ""炎帝"": 55, ""神农"": 182, ""禹"": 933, ""精卫"": 26, ""蚩尤"": 22, ""赤帝"": 1, ""轩辕"": 208, ""轩辕氏"": 8, ""阪泉"": 4, ""雨师"": 3, ""颛顼"": 32, ""风伯"": 2, ""鲧"": 11, ""黄帝"": 422, ""黄帝氏"": 1}"
GCI-HOLD-0002,935,data/CASIA-LM_ChineseWebText2.0_partial-000935.parquet,127266930,24aa6d497b24c5f5d66b7ca82d774a5bdc2ca36f889ddeb656ff48d5dfe4fecc,100000,1,2005,"{""九黎"": 29, ""共工"": 32, ""共工氏"": 3, ""后土"": 46, ""太昊"": 18, ""女娃"": 18, ""女娲"": 85, ""少昊"": 40, ""少皞"": 1, ""帝江"": 7, ""帝鸿"": 9, ""帝鸿氏"": 1, ""应龙"": 28, ""有熊氏"": 8, ""涿鹿"": 15, ""炎帝"": 48, ""神农"": 184, ""禹"": 672, ""精卫"": 38, ""缙云氏"": 2, ""蚩尤"": 55, ""赤帝"": 3, ""轩辕"": 281, ""轩辕氏"": 7, ""雨师"": 3, ""颛顼"": 17, ""风伯"": 1, ""鲧"": 5, ""黄帝"": 349}"
GCI-HOLD-0002,936,data/CASIA-LM_ChineseWebText2.0_partial-000936.parquet,126586294,b058c70124924fe8958d51b235ba7420a1259e835feb0448dab0394a52bf20ed,100000,1,1742,"{""九黎"": 8, ""共工"": 21, ""共工氏"": 4, ""句龙"": 2, ""后土"": 26, ""太昊"": 14, ""女娃"": 26, ""女娲"": 148, ""少昊"": 11, ""帝江"": 1, ""应龙"": 20, ""有熊氏"": 2, ""涿鹿"": 16, ""炎帝"": 49, ""神农"": 203, ""禹"": 553, ""精卫"": 52, ""蚩尤"": 51, ""轩辕"": 176, ""轩辕氏"": 2, ""阪泉"": 14, ""雨师"": 5, ""颛顼"": 20, ""风伯"": 4, ""鲧"": 13, ""黄帝"": 299, ""黄帝氏"": 2}"
GCI-HOLD-0002,937,data/CASIA-LM_ChineseWebText2.0_partial-000937.parquet,127455211,b36bf7ec8e2236cebcd49a213e23ce01a88b1b52443523a29a4a64b87e0f7d32,100000,1,2183,"{""九黎"": 25, ""共工"": 37, ""共工氏"": 3, ""后土"": 23, ""太昊"": 4, ""太皞"": 1, ""女娃"": 15, ""女娲"": 98, ""少昊"": 7, ""帝江"": 1, ""应龙"": 23, ""有熊氏"": 1, ""榆罔"": 2, ""涿鹿"": 45, ""炎帝"": 52, ""神农"": 170, ""禹"": 775, ""精卫"": 8, ""缙云氏"": 3, ""蚩尤"": 58, ""赤帝"": 3, ""轩辕"": 291, ""轩辕氏"": 3, ""阪泉"": 4, ""雨师"": 2, ""颛顼"": 27, ""风伯"": 4, ""鲧"": 30, ""黄帝"": 467, ""黄帝氏"": 1}"
GCI-HOLD-0002,938,data/CASIA-LM_ChineseWebText2.0_partial-000938.parquet,127790908,955ccda34cbf4703f5cdcda531d5e233b373fb0abff424bf1caa9f8e27ba91bb,100000,1,2182,"{""九黎"": 37, ""共工"": 40, ""共工氏"": 6, ""句龙"": 1, ""后土"": 31, ""太昊"": 10, ""太皞"": 2, ""女娃"": 8, ""女娲"": 127, ""少昊"": 18, ""少皞"": 1, ""帝江"": 32, ""帝鸿"": 5, ""帝鸿氏"": 3, ""应龙"": 24, ""榆罔"": 1, ""涿鹿"": 17, ""炎帝"": 57, ""神农"": 172, ""禹"": 724, ""精卫"": 48, ""缙云氏"": 2, ""蚩尤"": 83, ""赤帝"": 13, ""轩辕"": 216, ""轩辕氏"": 5, ""阪泉"": 2, ""雨师"": 8, ""颛顼"": 35, ""风伯"": 2, ""鲧"": 52, ""黄帝"": 400}"
GCI-HOLD-0002,939,data/CASIA-LM_ChineseWebText2.0_partial-000939.parquet,126584155,471e0475df2ab85ee3e47ab1833b031a8274fc92e3b98dbecdda884ca024e58a,100000,1,1972,"{""九黎"": 23, ""共工"": 20, ""后土"": 35, ""太昊"": 27, ""太皞"": 3, ""女娃"": 29, ""女娲"": 104, ""少昊"": 1, ""少皞"": 3, ""应龙"": 43, ""有熊氏"": 5, ""榆罔"": 1, ""涿鹿"": 32, ""炎帝"": 67, ""神农"": 210, ""禹"": 646, ""精卫"": 30, ""蚩尤"": 71, ""赤帝"": 5, ""轩辕"": 313, ""轩辕氏"": 4, ""阪泉"": 1, ""雨师"": 2, ""颛顼"": 16, ""风伯"": 2, ""鲧"": 8, ""黄帝"": 270, ""黄帝氏"": 1}"
GCI-HOLD-0002,940,data/CASIA-LM_ChineseWebText2.0_partial-000940.parquet,126730588,bfdf1c72e6daf0b934b9bac5455f869d05ed5513774316c67fc19b24b3b17238,100000,1,1822,"{""九黎"": 24, ""共工"": 33, ""后土"": 22, ""太昊"": 20, ""女娃"": 37, ""女娲"": 121, ""少昊"": 16, ""少皞"": 1, ""应龙"": 20, ""涿鹿"": 34, ""炎帝"": 89, ""神农"": 160, ""禹"": 550, ""精卫"": 101, ""蚩尤"": 71, ""赤帝"": 4, ""轩辕"": 251, ""轩辕氏"": 2, ""阪泉"": 2, ""雨师"": 1, ""颛顼"": 23, ""风伯"": 3, ""鲧"": 2, ""黄帝"": 234, ""黄帝氏"": 1}"
GCI-HOLD-0002,941,data/CASIA-LM_ChineseWebText2.0_partial-000941.parquet,127655991,e0426d6ed15df2c41d2f8e55e3801f67806edb598ad7a91dcc40242e0514e9bf,100000,1,2205,"{""九黎"": 16, ""共工"": 39, ""共工氏"": 4, ""后土"": 30, ""太昊"": 20, ""太皞"": 4, ""女娃"": 35, ""女娲"": 117, ""少昊"": 31, ""少皞"": 1, ""帝江"": 2, ""应龙"": 31, ""有熊氏"": 2, ""榆罔"": 3, ""涿鹿"": 16, ""炎帝"": 58, ""神农"": 151, ""禹"": 830, ""精卫"": 45, ""缙云氏"": 4, ""蚩尤"": 74, ""赤帝"": 2, ""轩辕"": 168, ""轩辕氏"": 3, ""阪泉"": 1, ""雨师"": 25, ""颛顼"": 51, ""风伯"": 7, ""鲧"": 46, ""黄帝"": 389}"
GCI-HOLD-0002,942,data/CASIA-LM_ChineseWebText2.0_partial-000942.parquet,127385470,7280e100238ad6292995c8162526bd86441ad135eb77f1d56771bfe7ef783a7a,100000,1,2473,"{""九黎"": 14, ""共工"": 66, ""共工氏"": 11, ""后土"": 31, ""太昊"": 15, ""太皞"": 2, ""女娃"": 27, ""女娲"": 89, ""少昊"": 31, ""少皞"": 5, ""帝江"": 3, ""应龙"": 31, ""有熊氏"": 2, ""榆罔"": 23, ""涿鹿"": 62, ""炎帝"": 151, ""神农"": 151, ""禹"": 872, ""精卫"": 51, ""蚩尤"": 228, ""赤帝"": 20, ""轩辕"": 156, ""阪泉"": 13, ""雨师"": 6, ""颛顼"": 29, ""风伯"": 6, ""鲧"": 20, ""黄帝"": 355, ""黄帝氏"": 3}"
GCI-HOLD-0002,943,data/CASIA-LM_ChineseWebText2.0_partial-000943.parquet,127388876,28c0f2570ed93e689a0612654847aae5fbb3cee76a8a3b8c7d079fe1404fb5bd,100000,1,2055,"{""九黎"": 7, ""共工"": 37, ""共工氏"": 3, ""后土"": 14, ""太昊"": 5, ""女娃"": 9, ""女娲"": 134, ""少昊"": 5, ""帝江"": 2, ""应龙"": 17, ""涿鹿"": 16, ""炎帝"": 61, ""神农"": 226, ""禹"": 719, ""精卫"": 21, ""蚩尤"": 22, ""赤帝"": 4, ""轩辕"": 396, ""轩辕氏"": 1, ""阪泉"": 1, ""雨师"": 3, ""颛顼"": 16, ""鲧"": 27, ""黄帝"": 309}"
GCI-HOLD-0002,944,data/CASIA-LM_ChineseWebText2.0_partial-000944.parquet,126932366,6c4a2739810d10b1d3b050428477540ef13d128c2f2dc052468e25a21fcd8738,100000,1,1868,"{""九黎"": 4, ""共工"": 52, ""共工氏"": 3, ""句龙"": 1, ""后土"": 11, ""太昊"": 7, ""女娃"": 19, ""女娲"": 81, ""少昊"": 8, ""少皞"": 1, ""帝江"": 1, ""帝鸿"": 1, ""帝鸿氏"": 1, ""应龙"": 4, ""有熊氏"": 2, ""涿鹿"": 19, ""炎帝"": 71, ""神农"": 158, ""禹"": 694, ""精卫"": 29, ""缙云氏"": 1, ""蚩尤"": 42, ""赤帝"": 17, ""轩辕"": 230, ""轩辕氏"": 21, ""阪泉"": 5, ""雨师"": 3, ""颛顼"": 31, ""风伯"": 1, ""鲧"": 15, ""黄帝"": 335}"
GCI-HOLD-0002,945,data/CASIA-LM_ChineseWebText2.0_partial-000945.parquet,126862984,9f4ec7eedda26be1f66d0be607610e08eab36bdc1195b31ed40a5a84158d5d5c,100000,1,2037,"{""九黎"": 17, ""共工"": 27, ""共工氏"": 1, ""后土"": 30, ""太昊"": 7, ""女娃"": 9, ""女娲"": 58, ""少昊"": 8, ""帝江"": 2, ""帝鸿"": 9, ""应龙"": 20, ""涿鹿"": 17, ""炎帝"": 137, ""神农"": 214, ""禹"": 716, ""精卫"": 47, ""缙云氏"": 1, ""蚩尤"": 58, ""赤帝"": 2, ""轩辕"": 274, ""轩辕氏"": 4, ""阪泉"": 12, ""雨师"": 11, ""颛顼"": 23, ""风伯"": 5, ""鲧"": 10, ""黄帝"": 318}"
GCI-HOLD-0002,946,data/CASIA-LM_ChineseWebText2.0_partial-000946.parquet,126954390,53ef48d8fc80ed5fc3e728fae9c17cfb7665c9555056f38a7b4f878f032ce99b,100000,1,1825,"{""九黎"": 10, ""共工"": 61, ""共工氏"": 15, ""句龙"": 2, ""后土"": 30, ""太昊"": 1, ""女娃"": 12, ""女娲"": 106, ""少昊"": 7, ""帝鸿"": 6, ""帝鸿氏"": 1, ""应龙"": 25, ""有熊氏"": 2, ""榆罔"": 1, ""涿鹿"": 25, ""炎帝"": 38, ""神农"": 136, ""禹"": 679, ""精卫"": 17, ""蚩尤"": 74, ""赤帝"": 4, ""轩辕"": 202, ""轩辕氏"": 3, ""阪泉"": 1, ""雨师"": 5, ""颛顼"": 22, ""风伯"": 5, ""鲧"": 15, ""黄帝"": 320}"
GCI-HOLD-0002,947,data/CASIA-LM_ChineseWebText2.0_partial-000947.parquet,126820943,0518f5248b11f4220833e01575ea1f214523b7d918ee490cf9a0d290776fdd0b,100000,1,2042,"{""九黎"": 18, ""共工"": 52, ""共工氏"": 3, ""句龙"": 1, ""后土"": 23, ""太昊"": 16, ""太皞"": 4, ""女娃"": 8, ""女娲"": 91, ""少昊"": 22, ""少皞"": 2, ""帝江"": 2, ""应龙"": 34, ""涿鹿"": 20, ""炎帝"": 55, ""神农"": 284, ""禹"": 702, ""精卫"": 12, ""蚩尤"": 12, ""赤帝"": 3, ""轩辕"": 317, ""轩辕氏"": 4, ""阪泉"": 1, ""颛顼"": 44, ""风伯"": 1, ""鲧"": 29, ""黄帝"": 282}"
GCI-HOLD-0002,948,data/CASIA-LM_ChineseWebText2.0_partial-000948.parquet,127031447,8bf0477e55cea9bb60d0df604c285832bc1e40b247e1eb880322e639a3918ec1,100000,1,2068,"{""九黎"": 15, ""共工"": 47, ""共工氏"": 8, ""句龙"": 6, ""后土"": 11, ""太昊"": 49, ""太皞"": 1, ""女娃"": 29, ""女娲"": 141, ""少昊"": 9, ""少皞"": 2, ""帝江"": 1, ""应龙"": 30, ""榆罔"": 1, ""涿鹿"": 29, ""炎帝"": 117, ""神农"": 164, ""禹"": 760, ""精卫"": 51, ""蚩尤"": 58, ""赤帝"": 8, ""轩辕"": 189, ""轩辕氏"": 4, ""阪泉"": 1, ""雨师"": 9, ""颛顼"": 29, ""风伯"": 7, ""鲧"": 11, ""黄帝"": 281}"
GCI-HOLD-0002,949,data/CASIA-LM_ChineseWebText2.0_partial-000949.parquet,127595705,d3b41dfbcfbf9f3cbceb0fbd1e78328dc55939129ae065124907180b01379c3c,100000,1,1861,"{""九黎"": 6, ""共工"": 31, ""共工氏"": 4, ""后土"": 20, ""女娃"": 11, ""女娲"": 127, ""少昊"": 4, ""帝江"": 4, ""应龙"": 19, ""有熊氏"": 3, ""涿鹿"": 10, ""炎帝"": 42, ""神农"": 144, ""禹"": 721, ""精卫"": 48, ""蚩尤"": 62, ""赤帝"": 3, ""轩辕"": 199, ""轩辕氏"": 4, ""阪泉"": 1, ""雨师"": 5, ""颛顼"": 33, ""风伯"": 5, ""鲧"": 21, ""黄帝"": 334}"
GCI-HOLD-0002,950,data/CASIA-LM_ChineseWebText2.0_partial-000950.parquet,127634352,7bf0026594c93a98de3da6d295d4ced6df7bd31fc4b937f158c49c3092702b26,100000,1,2361,"{""九黎"": 22, ""共工"": 26, ""共工氏"": 2, ""句龙"": 2, ""后土"": 27, ""太昊"": 2, ""女娃"": 6, ""女娲"": 61, ""少昊"": 11, ""少皞"": 1, ""帝江"": 6, ""应龙"": 44, ""有熊氏"": 1, ""榆罔"": 2, ""涿鹿"": 58, ""炎帝"": 91, ""神农"": 220, ""禹"": 727, ""精卫"": 14, ""蚩尤"": 188, ""赤帝"": 8, ""轩辕"": 233, ""轩辕氏"": 18, ""阪泉"": 11, ""雨师"": 19, ""颛顼"": 30, ""风伯"": 13, ""鲧"": 8, ""黄帝"": 510}"
GCI-HOLD-0002,951,data/CASIA-LM_ChineseWebText2.0_partial-000951.parquet,127207505,f1e6d04f03fe481fc20fa8d489be6798eb87f4170e5d56da76629b8f851a8711,100000,1,2011,"{""九黎"": 14, ""共工"": 38, ""共工氏"": 3, ""后土"": 56, ""太昊"": 12, ""女娃"": 19, ""女娲"": 64, ""少昊"": 6, ""少皞"": 1, ""帝江"": 3, ""应龙"": 27, ""有熊氏"": 4, ""涿鹿"": 22, ""炎帝"": 109, ""神农"": 209, ""禹"": 658, ""精卫"": 33, ""缙云氏"": 1, ""蚩尤"": 42, ""赤帝"": 5, ""轩辕"": 307, ""轩辕氏"": 8, ""阪泉"": 14, ""雨师"": 3, ""颛顼"": 26, ""鲧"": 3, ""黄帝"": 324}"
GCI-HOLD-0002,952,data/CASIA-LM_ChineseWebText2.0_partial-000952.parquet,126434380,33e1314a851702cbe81823cc5fa60de42d142851b8317f17b3a1ecfa5b28b404,100000,1,2131,"{""九黎"": 5, ""共工"": 32, ""共工氏"": 3, ""句龙"": 1, ""后土"": 23, ""太昊"": 9, ""太皞"": 1, ""女娃"": 9, ""女娲"": 106, ""少昊"": 14, ""少皞"": 3, ""帝江"": 2, ""帝鸿"": 2, ""应龙"": 45, ""有熊氏"": 3, ""涿鹿"": 22, ""炎帝"": 42, ""神农"": 153, ""禹"": 748, ""精卫"": 44, ""蚩尤"": 56, ""赤帝"": 3, ""轩辕"": 371, ""轩辕氏"": 6, ""阪泉"": 2, ""雨师"": 5, ""颛顼"": 26, ""风伯"": 4, ""鲧"": 18, ""黄帝"": 373}"
GCI-HOLD-0002,953,data/CASIA-LM_ChineseWebText2.0_partial-000953.parquet,126976657,d59dfe71fa60b8f3658197cbcede51114043326ebfa96cec396afa39266d4e7e,100000,1,2038,"{""九黎"": 15, ""共工"": 18, ""共工氏"": 1, ""后土"": 15, ""太昊"": 45, ""太皞"": 1, ""女娃"": 33, ""女娲"": 88, ""少昊"": 11, ""少皞"": 1, ""帝江"": 22, ""帝鸿"": 2, ""帝鸿氏"": 1, ""应龙"": 17, ""有熊氏"": 1, ""涿鹿"": 23, ""炎帝"": 45, ""神农"": 184, ""禹"": 627, ""精卫"": 57, ""蚩尤"": 62, ""赤帝"": 7, ""轩辕"": 262, ""轩辕氏"": 12, ""阪泉"": 2, ""雨师"": 3, ""颛顼"": 23, ""风伯"": 2, ""鲧"": 12, ""黄帝"": 444, ""黄帝氏"": 2}"
GCI-HOLD-0002,954,data/CASIA-LM_ChineseWebText2.0_partial-000954.parquet,126920690,6b1654ed0c36d37bc9318f6bbae5d397d74164954c65ca640a4c9738c80a6fc5,100000,1,1877,"{""九黎"": 6, ""共工"": 33, ""共工氏"": 3, ""句龙"": 1, ""后土"": 21, ""太昊"": 7, ""女娃"": 15, ""女娲"": 51, ""少昊"": 12, ""帝鸿"": 2, ""应龙"": 25, ""有熊氏"": 2, ""榆罔"": 1, ""涿鹿"": 29, ""炎帝"": 87, ""神农"": 198, ""禹"": 693, ""精卫"": 34, ""蚩尤"": 38, ""赤帝"": 3, ""轩辕"": 265, ""轩辕氏"": 4, ""阪泉"": 2, ""雨师"": 4, ""颛顼"": 37, ""鲧"": 6, ""黄帝"": 298}"
GCI-HOLD-0002,955,data/CASIA-LM_ChineseWebText2.0_partial-000955.parquet,127041511,3636b9cfe5b17186eb53e62d772f1680e8438d8fbcfb2857ead5a3dbb2b70b12,100000,1,2051,"{""九黎"": 11, ""共工"": 24, ""共工氏"": 4, ""句龙"": 1, ""后土"": 58, ""太昊"": 10, ""女娃"": 8, ""女娲"": 108, ""少昊"": 6, ""少皞"": 1, ""帝江"": 1, ""应龙"": 15, ""有熊氏"": 2, ""涿鹿"": 48, ""炎帝"": 97, ""神农"": 173, ""禹"": 748, ""精卫"": 17, ""缙云氏"": 2, ""蚩尤"": 57, ""赤帝"": 4, ""轩辕"": 294, ""轩辕氏"": 2, ""阪泉"": 2, ""雨师"": 3, ""颛顼"": 22, ""风伯"": 5, ""鲧"": 10, ""黄帝"": 318}"
GCI-HOLD-0002,956,data/CASIA-LM_ChineseWebText2.0_partial-000956.parquet,126938422,c2c621a0571fc4b5f595a2fd7f4e99337cdf741c545bd108c116aeb262af421a,100000,1,2291,"{""九黎"": 15, ""共工"": 35, ""共工氏"": 2, ""后土"": 18, ""太昊"": 46, ""太皞"": 21, ""女娃"": 32, ""女娲"": 145, ""少昊"": 35, ""少皞"": 13, ""帝江"": 2, ""应龙"": 42, ""有熊氏"": 2, ""涿鹿"": 18, ""炎帝"": 62, ""神农"": 152, ""禹"": 791, ""精卫"": 27, ""蚩尤"": 75, ""赤帝"": 7, ""轩辕"": 278, ""轩辕氏"": 6, ""阪泉"": 3, ""雨师"": 26, ""颛顼"": 91, ""风伯"": 1, ""鲧"": 22, ""黄帝"": 323, ""黄帝氏"": 1}"
GCI-HOLD-0002,957,data/CASIA-LM_ChineseWebText2.0_partial-000957.parquet,127105606,b630124bf9e9cc93a1d4e971ea73d024db3a96539da6f0f08676473c73c280c6,100000,1,2167,"{""九黎"": 13, ""共工"": 27, ""共工氏"": 2, ""句龙"": 1, ""后土"": 46, ""太昊"": 13, ""女娃"": 10, ""女娲"": 100, ""少昊"": 7, ""帝江"": 1, ""应龙"": 43, ""榆罔"": 1, ""涿鹿"": 22, ""炎帝"": 37, ""神农"": 214, ""禹"": 860, ""精卫"": 23, ""蚩尤"": 47, ""赤帝"": 6, ""轩辕"": 322, ""轩辕氏"": 3, ""阪泉"": 1, ""雨师"": 5, ""颛顼"": 47, ""风伯"": 2, ""鲧"": 19, ""黄帝"": 295}"
GCI-HOLD-0002,958,data/CASIA-LM_ChineseWebText2.0_partial-000958.parquet,127212187,6009f1b8b65514de4f420e593a7eafaab5ef39cd2e10a344b525c92e8900af1c,100000,1,1897,"{""九黎"": 26, ""共工"": 25, ""共工氏"": 3, ""后土"": 26, ""太昊"": 9, ""女娃"": 17, ""女娲"": 92, ""少昊"": 19, ""少皞"": 2, ""帝江"": 3, ""应龙"": 38, ""榆罔"": 1, ""涿鹿"": 22, ""炎帝"": 20, ""神农"": 136, ""禹"": 687, ""精卫"": 47, ""缙云氏"": 1, ""蚩尤"": 32, ""赤帝"": 1, ""轩辕"": 365, ""轩辕氏"": 7, ""阪泉"": 3, ""雨师"": 10, ""颛顼"": 42, ""风伯"": 1, ""鲧"": 5, ""黄帝"": 257}"
GCI-HOLD-0002,959,data/CASIA-LM_ChineseWebText2.0_partial-000959.parquet,127157014,16df06b7ab76da65596372523b28276a2b729f2d8a17e431e593d8c6183b329f,100000,1,2119,"{""九黎"": 4, ""共工"": 36, ""句龙"": 1, ""后土"": 18, ""太昊"": 10, ""太皞"": 1, ""女娃"": 16, ""女娲"": 86, ""少昊"": 67, ""少皞"": 1, ""应龙"": 40, ""有熊氏"": 3, ""涿鹿"": 117, ""炎帝"": 43, ""神农"": 217, ""禹"": 843, ""精卫"": 32, ""缙云氏"": 1, ""蚩尤"": 82, ""赤帝"": 5, ""轩辕"": 151, ""轩辕氏"": 9, ""阪泉"": 1, ""雨师"": 18, ""颛顼"": 21, ""风伯"": 8, ""鲧"": 13, ""黄帝"": 275}"
GCI-HOLD-0002,960,data/CASIA-LM_ChineseWebText2.0_partial-000960.parquet,127758612,12e3ba30598c7fc4157c9b7b7b02d49fb6db834669d6d94499b07d71b9b9dd97,100000,1,2234,"{""九黎"": 15, ""共工"": 33, ""共工氏"": 6, ""句龙"": 1, ""后土"": 70, ""太昊"": 6, ""女娃"": 18, ""女娲"": 60, ""少昊"": 1, ""少皞"": 1, ""帝江"": 3, ""帝鸿"": 3, ""帝鸿氏"": 2, ""应龙"": 21, ""有熊氏"": 1, ""涿鹿"": 19, ""炎帝"": 170, ""神农"": 209, ""禹"": 744, ""精卫"": 23, ""缙云氏"": 1, ""蚩尤"": 51, ""赤帝"": 8, ""轩辕"": 303, ""轩辕氏"": 5, ""阪泉"": 1, ""雨师"": 4, ""颛顼"": 38, ""风伯"": 6, ""鲧"": 9, ""黄帝"": 401, ""黄帝氏"": 1}"
GCI-HOLD-0002,961,data/CASIA-LM_ChineseWebText2.0_partial-000961.parquet,127125443,9fd12f943bd85f7ec0960228f37ca82614b4b2763cba9475066d6a923bab0148,100000,1,2152,"{""九黎"": 24, ""共工"": 31, ""共工氏"": 2, ""句龙"": 11, ""后土"": 40, ""太昊"": 12, ""女娃"": 14, ""女娲"": 97, ""少昊"": 12, ""帝江"": 6, ""帝鸿"": 1, ""帝鸿氏"": 1, ""应龙"": 27, ""有熊氏"": 2, ""涿鹿"": 50, ""炎帝"": 49, ""神农"": 155, ""禹"": 861, ""精卫"": 29, ""蚩尤"": 111, ""赤帝"": 3, ""轩辕"": 253, ""轩辕氏"": 8, ""阪泉"": 7, ""雨师"": 16, ""颛顼"": 22, ""风伯"": 1, ""鲧"": 10, ""黄帝"": 297}"
GCI-HOLD-0002,962,data/CASIA-LM_ChineseWebText2.0_partial-000962.parquet,127041596,a61c2ba5615749f2a17ae8197e826ad66d9162ff540b9d3fdbf173a180f9ea02,100000,1,2038,"{""九黎"": 11, ""共工"": 37, ""共工氏"": 3, ""后土"": 17, ""太昊"": 4, ""太皞"": 2, ""女娃"": 14, ""女娲"": 79, ""少昊"": 18, ""少皞"": 1, ""应龙"": 14, ""涿鹿"": 52, ""炎帝"": 28, ""神农"": 210, ""禹"": 728, ""精卫"": 14, ""蚩尤"": 58, ""赤帝"": 2, ""轩辕"": 329, ""轩辕氏"": 11, ""阪泉"": 5, ""雨师"": 3, ""颛顼"": 16, ""风伯"": 3, ""鲧"": 37, ""黄帝"": 342}"
GCI-HOLD-0002,963,data/CASIA-LM_ChineseWebText2.0_partial-000963.parquet,126767646,414446b628b2dfc9871d7ca13b4e6267aa3ab5e49bbe597a71a3446d4af3f917,100000,1,2063,"{""九黎"": 13, ""共工"": 29, ""共工氏"": 4, ""后土"": 8, ""太昊"": 6, ""太皞"": 2, ""女娃"": 25, ""女娲"": 52, ""少昊"": 7, ""帝江"": 3, ""帝鸿"": 8, ""帝鸿氏"": 2, ""应龙"": 14, ""有熊氏"": 2, ""涿鹿"": 11, ""炎帝"": 80, ""神农"": 186, ""禹"": 856, ""精卫"": 47, ""缙云氏"": 1, ""蚩尤"": 31, ""轩辕"": 267, ""轩辕氏"": 3, ""雨师"": 3, ""颛顼"": 36, ""风伯"": 2, ""鲧"": 26, ""黄帝"": 339}"
GCI-HOLD-0002,964,data/CASIA-LM_ChineseWebText2.0_partial-000964.parquet,127153108,5e18b6a123779beae4928c6d3b66b559c56bd2595a68564ccfc231584ce00b6d,100000,1,2141,"{""九黎"": 3, ""共工"": 50, ""共工氏"": 1, ""句龙"": 1, ""后土"": 45, ""太昊"": 9, ""太皞"": 1, ""女娃"": 11, ""女娲"": 119, ""少昊"": 8, ""少皞"": 1, ""帝江"": 2, ""帝鸿"": 1, ""帝鸿氏"": 1, ""应龙"": 50, ""涿鹿"": 24, ""炎帝"": 137, ""神农"": 166, ""禹"": 774, ""精卫"": 26, ""缙云氏"": 2, ""蚩尤"": 37, ""赤帝"": 4, ""轩辕"": 232, ""轩辕氏"": 4, ""阪泉"": 6, ""雨师"": 8, ""颛顼"": 24, ""风伯"": 4, ""鲧"": 8, ""黄帝"": 381, ""黄帝氏"": 1}"
GCI-HOLD-0002,965,data/CASIA-LM_ChineseWebText2.0_partial-000965.parquet,127283156,cd319552b9f03fe1741f057ba328035878fe3112eb889e00059474034e224cce,100000,1,2073,"{""九黎"": 7, ""共工"": 20, ""共工氏"": 1, ""后土"": 36, ""太昊"": 18, ""太皞"": 1, ""女娃"": 18, ""女娲"": 98, ""少昊"": 16, ""少皞"": 2, ""帝江"": 16, ""帝鸿"": 6, ""帝鸿氏"": 2, ""应龙"": 16, ""有熊氏"": 4, ""榆罔"": 1, ""涿鹿"": 11, ""炎帝"": 84, ""神农"": 204, ""禹"": 771, ""精卫"": 25, ""缙云氏"": 1, ""蚩尤"": 33, ""赤帝"": 1, ""轩辕"": 228, ""轩辕氏"": 9, ""阪泉"": 2, ""雨师"": 12, ""颛顼"": 32, ""风伯"": 6, ""鲧"": 35, ""黄帝"": 357}"
GCI-HOLD-0002,966,data/CASIA-LM_ChineseWebText2.0_partial-000966.parquet,126922734,d7e2475796aee42cfd8d68033d7b00206b4beaf387644aeeaf95351bf682a54b,100000,1,1811,"{""九黎"": 5, ""共工"": 54, ""共工氏"": 2, ""句龙"": 1, ""后土"": 20, ""太昊"": 10, ""太皞"": 4, ""女娃"": 12, ""女娲"": 61, ""少昊"": 11, ""少皞"": 3, ""帝江"": 2, ""应龙"": 40, ""涿鹿"": 4, ""炎帝"": 37, ""神农"": 117, ""禹"": 790, ""精卫"": 46, ""蚩尤"": 34, ""赤帝"": 3, ""轩辕"": 156, ""轩辕氏"": 8, ""雨师"": 14, ""颛顼"": 23, ""风伯"": 6, ""鲧"": 19, ""黄帝"": 328, ""黄帝氏"": 1}"
GCI-HOLD-0002,967,data/CASIA-LM_ChineseWebText2.0_partial-000967.parquet,126089744,3ed02067b330a576a7171e2c86a954d601a66e7a5bf9ec5fba201e19cc5a2c4b,100000,1,2020,"{""九黎"": 12, ""共工"": 30, ""共工氏"": 1, ""句龙"": 1, ""后土"": 40, ""太昊"": 2, ""女娃"": 13, ""女娲"": 82, ""少昊"": 6, ""帝江"": 2, ""帝鸿"": 3, ""应龙"": 11, ""榆罔"": 1, ""涿鹿"": 17, ""炎帝"": 67, ""神农"": 273, ""禹"": 736, ""精卫"": 63, ""蚩尤"": 63, ""赤帝"": 7, ""轩辕"": 185, ""轩辕氏"": 3, ""阪泉"": 5, ""雨师"": 2, ""颛顼"": 16, ""风伯"": 5, ""鲧"": 11, ""黄帝"": 363}"
GCI-HOLD-0002,968,data/CASIA-LM_ChineseWebText2.0_partial-000968.parquet,127574875,69e12e5d1ba205e69c88419a8fa776e9de7b03e703a68b242a908643f97a3ae1,100000,1,2224,"{""九黎"": 9, ""共工"": 42, ""共工氏"": 4, ""后土"": 29, ""太昊"": 28, ""太皞"": 5, ""女娃"": 16, ""女娲"": 121, ""少昊"": 10, ""少皞"": 9, ""帝江"": 2, ""应龙"": 18, ""有熊氏"": 1, ""榆罔"": 3, ""涿鹿"": 14, ""炎帝"": 93, ""神农"": 304, ""禹"": 736, ""精卫"": 39, ""缙云氏"": 2, ""蚩尤"": 33, ""赤帝"": 9, ""轩辕"": 246, ""轩辕氏"": 3, ""阪泉"": 1, ""雨师"": 6, ""颛顼"": 43, ""风伯"": 4, ""鲧"": 30, ""黄帝"": 363, ""黄帝氏"": 1}"
GCI-HOLD-0002,969,data/CASIA-LM_ChineseWebText2.0_partial-000969.parquet,126850215,9974e082b538a047f0267ebf4f2a80ae0d76ef939e72b0c1a96069adfe1ca729,100000,1,1844,"{""九黎"": 7, ""共工"": 44, ""共工氏"": 4, ""句龙"": 1, ""后土"": 19, ""太昊"": 11, ""女娃"": 22, ""女娲"": 88, ""少昊"": 14, ""少皞"": 1, ""帝鸿"": 1, ""帝鸿氏"": 1, ""应龙"": 25, ""有熊氏"": 3, ""涿鹿"": 14, ""炎帝"": 49, ""神农"": 163, ""禹"": 722, ""精卫"": 54, ""缙云氏"": 1, ""蚩尤"": 31, ""赤帝"": 4, ""轩辕"": 157, ""轩辕氏"": 1, ""雨师"": 1, ""颛顼"": 32, ""风伯"": 3, ""鲧"": 13, ""黄帝"": 358}"
GCI-HOLD-0002,970,data/CASIA-LM_ChineseWebText2.0_partial-000970.parquet,126965575,fba63393389707a09305f287c5b9d38e2de1314f9cb473ddfb7972e7e0fe8393,100000,1,2006,"{""九黎"": 8, ""共工"": 47, ""后土"": 55, ""太昊"": 8, ""女娃"": 29, ""女娲"": 76, ""少昊"": 7, ""帝江"": 7, ""帝鸿"": 1, ""应龙"": 40, ""有熊氏"": 1, ""榆罔"": 2, ""涿鹿"": 22, ""炎帝"": 86, ""神农"": 199, ""禹"": 636, ""精卫"": 34, ""蚩尤"": 65, ""赤帝"": 4, ""轩辕"": 248, ""轩辕氏"": 5, ""阪泉"": 6, ""雨师"": 9, ""颛顼"": 31, ""风伯"": 3, ""鲧"": 38, ""黄帝"": 339}"
GCI-HOLD-0002,971,data/CASIA-LM_ChineseWebText2.0_partial-000971.parquet,126923654,926de16c7de4e034bfaf1941400914465ead37f3b1c816e9bfaf8626494a92f0,100000,1,2003,"{""九黎"": 2, ""共工"": 25, ""共工氏"": 1, ""后土"": 23, ""太昊"": 6, ""太皞"": 2, ""女娃"": 20, ""女娲"": 72, ""少昊"": 7, ""帝江"": 2, ""帝鸿"": 2, ""帝鸿氏"": 1, ""应龙"": 39, ""有熊氏"": 1, ""涿鹿"": 21, ""炎帝"": 31, ""神农"": 141, ""禹"": 792, ""精卫"": 38, ""蚩尤"": 37, ""赤帝"": 4, ""轩辕"": 369, ""轩辕氏"": 6, ""阪泉"": 2, ""雨师"": 4, ""颛顼"": 13, ""风伯"": 4, ""鲧"": 7, ""黄帝"": 331}"
GCI-HOLD-0002,972,data/CASIA-LM_ChineseWebText2.0_partial-000972.parquet,127553846,40cc4ebbabd202736f40e28a95c45dde5a5c3902128ecefd6e4af1e2e3aee730,100000,1,1741,"{""九黎"": 13, ""共工"": 17, ""共工氏"": 1, ""句龙"": 1, ""后土"": 22, ""太昊"": 3, ""女娃"": 25, ""女娲"": 57, ""少昊"": 6, ""少皞"": 1, ""帝江"": 4, ""帝鸿"": 5, ""应龙"": 24, ""有熊氏"": 1, ""涿鹿"": 10, ""炎帝"": 53, ""神农"": 169, ""禹"": 593, ""精卫"": 48, ""缙云氏"": 1, ""蚩尤"": 35, ""赤帝"": 3, ""轩辕"": 245, ""轩辕氏"": 2, ""阪泉"": 1, ""雨师"": 1, ""颛顼"": 10, ""风伯"": 3, ""鲧"": 14, ""黄帝"": 372, ""黄帝氏"": 1}"
GCI-HOLD-0002,973,data/CASIA-LM_ChineseWebText2.0_partial-000973.parquet,127026200,ff33f13a70c9d56e08cb22a56b3f38f1122d0f80044fd971b73b18c565967bd4,100000,1,1909,"{""九黎"": 20, ""共工"": 31, ""共工氏"": 3, ""句龙"": 3, ""后土"": 59, ""太昊"": 6, ""女娃"": 24, ""女娲"": 72, ""少昊"": 8, ""应龙"": 44, ""有熊氏"": 3, ""榆罔"": 1, ""涿鹿"": 14, ""炎帝"": 44, ""神农"": 122, ""禹"": 714, ""精卫"": 21, ""蚩尤"": 55, ""赤帝"": 9, ""轩辕"": 286, ""轩辕氏"": 1, ""阪泉"": 2, ""雨师"": 3, ""颛顼"": 23, ""风伯"": 19, ""鲧"": 14, ""黄帝"": 308}"
GCI-HOLD-0002,974,data/CASIA-LM_ChineseWebText2.0_partial-000974.parquet,126710308,205831c9f264f40991ff83c0dd6c31624231e9468f34aebb8ce0d4ca3b09fa8b,100000,1,2170,"{""九黎"": 20, ""共工"": 43, ""共工氏"": 8, ""句龙"": 1, ""后土"": 25, ""太昊"": 15, ""太皞"": 13, ""女娃"": 8, ""女娲"": 73, ""少昊"": 34, ""少皞"": 4, ""帝江"": 2, ""应龙"": 64, ""榆罔"": 2, ""涿鹿"": 25, ""炎帝"": 78, ""神农"": 176, ""禹"": 762, ""精卫"": 25, ""缙云氏"": 1, ""蚩尤"": 120, ""赤帝"": 7, ""轩辕"": 179, ""轩辕氏"": 2, ""阪泉"": 5, ""雨师"": 27, ""颛顼"": 70, ""风伯"": 6, ""鲧"": 22, ""黄帝"": 353}"
GCI-HOLD-0002,975,data/CASIA-LM_ChineseWebText2.0_partial-000975.parquet,126915152,78e8dac8035cf998bc8c1bb8d884798e414960efbbe3975012f61e33b836ddde,100000,1,1835,"{""九黎"": 6, ""共工"": 30, ""共工氏"": 2, ""句龙"": 1, ""后土"": 31, ""太昊"": 3, ""女娃"": 23, ""女娲"": 54, ""少昊"": 7, ""少皞"": 1, ""帝江"": 3, ""帝鸿"": 1, ""应龙"": 54, ""涿鹿"": 40, ""炎帝"": 33, ""神农"": 177, ""禹"": 652, ""精卫"": 42, ""蚩尤"": 22, ""赤帝"": 8, ""轩辕"": 284, ""轩辕氏"": 7, ""阪泉"": 1, ""雨师"": 3, ""颛顼"": 15, ""风伯"": 3, ""鲧"": 21, ""黄帝"": 311}"
GCI-HOLD-0002,976,data/CASIA-LM_ChineseWebText2.0_partial-000976.parquet,127023274,98ef957fd0adb8373a911c1637a830e1a80f42545783551b3b00d4388a1bf0be,100000,1,1935,"{""九黎"": 7, ""共工"": 32, ""共工氏"": 3, ""后土"": 37, ""太昊"": 3, ""太皞"": 1, ""女娃"": 7, ""女娲"": 151, ""少昊"": 5, ""帝江"": 3, ""应龙"": 18, ""有熊氏"": 1, ""榆罔"": 2, ""涿鹿"": 26, ""炎帝"": 62, ""神农"": 148, ""禹"": 684, ""精卫"": 59, ""蚩尤"": 62, ""赤帝"": 3, ""轩辕"": 242, ""轩辕氏"": 4, ""阪泉"": 2, ""雨师"": 4, ""颛顼"": 33, ""风伯"": 4, ""鲧"": 10, ""黄帝"": 322}"
GCI-HOLD-0002,977,data/CASIA-LM_ChineseWebText2.0_partial-000977.parquet,126686748,d78525d38e8612268faf3edac2ea851e5651532070d2f656ef3fe2c846e02889,100000,1,1801,"{""九黎"": 30, ""共工"": 19, ""共工氏"": 6, ""句龙"": 1, ""后土"": 23, ""太昊"": 8, ""女娃"": 12, ""女娲"": 67, ""少昊"": 22, ""帝江"": 1, ""帝鸿"": 1, ""应龙"": 44, ""有熊氏"": 2, ""涿鹿"": 5, ""炎帝"": 34, ""神农"": 147, ""禹"": 788, ""精卫"": 15, ""蚩尤"": 47, ""赤帝"": 6, ""轩辕"": 193, ""阪泉"": 2, ""雨师"": 5, ""颛顼"": 23, ""风伯"": 3, ""鲧"": 5, ""黄帝"": 292}"
GCI-HOLD-0002,978,data/CASIA-LM_ChineseWebText2.0_partial-000978.parquet,127214100,69bef43d1662eaac5708eebaf7b122c3030953941baa13ae2db25b09eb789c7d,100000,1,2341,"{""九黎"": 22, ""共工"": 49, ""共工氏"": 2, ""后土"": 22, ""太昊"": 2, ""女娃"": 14, ""女娲"": 76, ""少昊"": 7, ""少皞"": 1, ""帝江"": 2, ""帝鸿"": 1, ""帝鸿氏"": 1, ""应龙"": 28, ""有熊氏"": 1, ""涿鹿"": 18, ""炎帝"": 122, ""神农"": 209, ""禹"": 832, ""精卫"": 42, ""蚩尤"": 80, ""赤帝"": 13, ""轩辕"": 278, ""轩辕氏"": 9, ""阪泉"": 6, ""雨师"": 5, ""颛顼"": 15, ""风伯"": 3, ""鲧"": 33, ""黄帝"": 448}"
GCI-HOLD-0002,979,data/CASIA-LM_ChineseWebText2.0_partial-000979.parquet,127386292,4474823f4babd98d63408b7b1fa822791a16096ccc04ccf7e46028d11ce296f9,100000,1,1776,"{""九黎"": 29, ""共工"": 19, ""共工氏"": 2, ""后土"": 16, ""太昊"": 3, ""女娃"": 8, ""女娲"": 73, ""少昊"": 12, ""少皞"": 1, ""帝江"": 3, ""应龙"": 22, ""涿鹿"": 8, ""炎帝"": 41, ""神农"": 222, ""禹"": 688, ""精卫"": 16, ""蚩尤"": 37, ""赤帝"": 1, ""轩辕"": 246, ""轩辕氏"": 9, ""阪泉"": 5, ""雨师"": 4, ""颛顼"": 23, ""风伯"": 6, ""鲧"": 12, ""黄帝"": 270}"
GCI-HOLD-0002,980,data/CASIA-LM_ChineseWebText2.0_partial-000980.parquet,127418212,99641eb926a87565c07ed0270e1bb30d682502198e6163a6109c603423500fbf,100000,1,2131,"{""九黎"": 19, ""共工"": 33, ""共工氏"": 4, ""后土"": 29, ""太昊"": 5, ""女娃"": 29, ""女娲"": 98, ""少昊"": 7, ""少皞"": 2, ""帝鸿"": 2, ""应龙"": 55, ""有熊氏"": 1, ""榆罔"": 1, ""涿鹿"": 22, ""炎帝"": 60, ""神农"": 221, ""禹"": 685, ""精卫"": 52, ""缙云氏"": 2, ""蚩尤"": 69, ""赤帝"": 4, ""轩辕"": 334, ""轩辕氏"": 2, ""阪泉"": 1, ""雨师"": 5, ""颛顼"": 25, ""风伯"": 5, ""鲧"": 49, ""黄帝"": 309, ""黄帝氏"": 1}"
GCI-HOLD-0002,981,data/CASIA-LM_ChineseWebText2.0_partial-000981.parquet,127354503,60b470754f2d125f457bd82007a6df7d0d8fbaa8abe7b1935331dbe5dee8d8c9,100000,1,2006,"{""九黎"": 22, ""共工"": 54, ""共工氏"": 3, ""句龙"": 1, ""后土"": 30, ""太昊"": 10, ""女娃"": 15, ""女娲"": 67, ""少昊"": 20, ""少皞"": 2, ""帝江"": 3, ""应龙"": 26, ""有熊氏"": 1, ""涿鹿"": 37, ""炎帝"": 64, ""神农"": 136, ""禹"": 822, ""精卫"": 19, ""蚩尤"": 64, ""赤帝"": 3, ""轩辕"": 241, ""轩辕氏"": 4, ""阪泉"": 2, ""雨师"": 4, ""颛顼"": 18, ""风伯"": 2, ""鲧"": 25, ""黄帝"": 310, ""黄帝氏"": 1}"
GCI-HOLD-0002,982,data/CASIA-LM_ChineseWebText2.0_partial-000982.parquet,126637439,b44bbc426798287d8f83f5c5a66950179772ed2702d1f31fd399a450fb527d60,100000,1,1819,"{""九黎"": 14, ""共工"": 30, ""共工氏"": 3, ""句龙"": 4, ""后土"": 18, ""太昊"": 8, ""女娃"": 14, ""女娲"": 75, ""少昊"": 21, ""少皞"": 1, ""帝江"": 1, ""应龙"": 14, ""涿鹿"": 24, ""炎帝"": 43, ""神农"": 142, ""禹"": 712, ""精卫"": 60, ""蚩尤"": 44, ""赤帝"": 3, ""轩辕"": 254, ""轩辕氏"": 6, ""阪泉"": 2, ""雨师"": 4, ""颛顼"": 18, ""风伯"": 10, ""鲧"": 6, ""黄帝"": 287, ""黄帝氏"": 1}"
GCI-HOLD-0002,983,data/CASIA-LM_ChineseWebText2.0_partial-000983.parquet,126694566,d69610f202ff5e34fe7175a260d35683031d21a79452543914e6f06843634214,100000,1,2136,"{""九黎"": 12, ""共工"": 17, ""后土"": 95, ""太昊"": 9, ""女娃"": 17, ""女娲"": 69, ""少昊"": 22, ""少皞"": 2, ""帝江"": 5, ""帝鸿"": 3, ""帝鸿氏"": 3, ""应龙"": 17, ""有熊氏"": 2, ""涿鹿"": 20, ""炎帝"": 55, ""神农"": 157, ""禹"": 688, ""精卫"": 49, ""缙云氏"": 9, ""蚩尤"": 67, ""赤帝"": 3, ""轩辕"": 272, ""轩辕氏"": 7, ""雨师"": 13, ""颛顼"": 25, ""风伯"": 8, ""鲧"": 111, ""黄帝"": 378, ""黄帝氏"": 1}"
GCI-HOLD-0002,984,data/CASIA-LM_ChineseWebText2.0_partial-000984.parquet,127684390,3e08a685dfa56ec861281da7d8eca854e1e0089f0a7e573753f5498e2c2fb810,100000,1,1709,"{""九黎"": 3, ""共工"": 32, ""共工氏"": 10, ""后土"": 18, ""太昊"": 2, ""女娃"": 8, ""女娲"": 73, ""少昊"": 32, ""少皞"": 1, ""帝江"": 2, ""帝鸿"": 1, ""帝鸿氏"": 1, ""应龙"": 19, ""有熊氏"": 2, ""榆罔"": 5, ""涿鹿"": 25, ""炎帝"": 81, ""神农"": 147, ""禹"": 553, ""精卫"": 29, ""缙云氏"": 3, ""蚩尤"": 64, ""赤帝"": 8, ""轩辕"": 213, ""轩辕氏"": 2, ""阪泉"": 4, ""雨师"": 14, ""颛顼"": 29, ""风伯"": 3, ""鲧"": 8, ""黄帝"": 317}"
GCI-HOLD-0002,985,data/CASIA-LM_ChineseWebText2.0_partial-000985.parquet,127641326,5b44c45534ecd92c38a7c9a74d2ffd80c6c342506d535a6e7efb91a9f19c02aa,100000,1,2186,"{""九黎"": 13, ""共工"": 37, ""共工氏"": 5, ""句龙"": 1, ""后土"": 23, ""太昊"": 16, ""女娃"": 20, ""女娲"": 109, ""少昊"": 28, ""帝江"": 10, ""应龙"": 64, ""涿鹿"": 48, ""炎帝"": 52, ""神农"": 174, ""禹"": 773, ""精卫"": 29, ""缙云氏"": 4, ""蚩尤"": 92, ""赤帝"": 5, ""轩辕"": 240, ""轩辕氏"": 3, ""阪泉"": 5, ""雨师"": 5, ""颛顼"": 40, ""风伯"": 2, ""鲧"": 22, ""黄帝"": 365, ""黄帝氏"": 1}"
GCI-HOLD-0002,986,data/CASIA-LM_ChineseWebText2.0_partial-000986.parquet,126914522,d7510c2e3e1c85bf62c94d41f6721a63149809fc7a51850c016ebba2767587b0,100000,1,1832,"{""九黎"": 17, ""共工"": 15, ""共工氏"": 1, ""后土"": 22, ""太昊"": 1, ""太皞"": 4, ""女娃"": 19, ""女娲"": 68, ""少昊"": 15, ""少皞"": 3, ""帝鸿"": 3, ""帝鸿氏"": 1, ""应龙"": 16, ""有熊氏"": 2, ""榆罔"": 4, ""涿鹿"": 49, ""炎帝"": 45, ""神农"": 189, ""禹"": 687, ""精卫"": 34, ""缙云氏"": 1, ""蚩尤"": 55, ""赤帝"": 1, ""轩辕"": 237, ""轩辕氏"": 3, ""阪泉"": 4, ""雨师"": 3, ""颛顼"": 18, ""风伯"": 6, ""鲧"": 4, ""黄帝"": 304, ""黄帝氏"": 1}"
GCI-HOLD-0002,987,data/CASIA-LM_ChineseWebText2.0_partial-000987.parquet,126703796,ef3e85005ab9c97dba4a26a5678d2475916486df95567333c2083e18eefc06e8,100000,1,2151,"{""九黎"": 5, ""共工"": 18, ""共工氏"": 1, ""句龙"": 1, ""后土"": 38, ""太昊"": 14, ""女娃"": 21, ""女娲"": 100, ""少昊"": 18, ""少皞"": 4, ""帝江"": 4, ""帝鸿"": 1, ""帝鸿氏"": 1, ""应龙"": 25, ""有熊氏"": 1, ""涿鹿"": 13, ""炎帝"": 54, ""神农"": 218, ""禹"": 757, ""精卫"": 29, ""缙云氏"": 4, ""蚩尤"": 54, ""赤帝"": 4, ""轩辕"": 340, ""轩辕氏"": 4, ""雨师"": 9, ""颛顼"": 52, ""风伯"": 5, ""鲧"": 18, ""黄帝"": 338}"
GCI-HOLD-0002,988,data/CASIA-LM_ChineseWebText2.0_partial-000988.parquet,127398820,899c6b313739a4f0c3f682f43cbc50dae83b327df16ee046efa04bf6e71cc3a6,100000,1,2266,"{""九黎"": 12, ""共工"": 33, ""共工氏"": 3, ""后土"": 19, ""太昊"": 35, ""太皞"": 1, ""女娃"": 10, ""女娲"": 87, ""少昊"": 13, ""帝江"": 2, ""应龙"": 66, ""有熊氏"": 1, ""涿鹿"": 34, ""炎帝"": 52, ""神农"": 173, ""禹"": 894, ""精卫"": 57, ""蚩尤"": 56, ""赤帝"": 1, ""轩辕"": 278, ""轩辕氏"": 3, ""阪泉"": 2, ""雨师"": 5, ""颛顼"": 36, ""风伯"": 3, ""鲧"": 17, ""黄帝"": 373}"
GCI-HOLD-0002,989,data/CASIA-LM_ChineseWebText2.0_partial-000989.parquet,127624139,095fca4e95a3f6b7897c0e62b72b4d4cd7a7afb52ec8e3ba629755b1f3e6dd3d,100000,1,2260,"{""九黎"": 34, ""共工"": 34, ""共工氏"": 2, ""句龙"": 6, ""后土"": 28, ""太昊"": 5, ""太皞"": 4, ""女娃"": 26, ""女娲"": 72, ""少昊"": 6, ""少皞"": 1, ""帝江"": 2, ""应龙"": 69, ""榆罔"": 3, ""涿鹿"": 23, ""炎帝"": 63, ""神农"": 218, ""禹"": 883, ""精卫"": 37, ""蚩尤"": 110, ""赤帝"": 3, ""轩辕"": 232, ""轩辕氏"": 4, ""阪泉"": 5, ""雨师"": 3, ""颛顼"": 18, ""风伯"": 5, ""鲧"": 17, ""黄帝"": 347}"
GCI-HOLD-0002,990,data/CASIA-LM_ChineseWebText2.0_partial-000990.parquet,127109913,022bd250960121334a42c44e1849fbb0fcbab9848c4b5b63c7db51a9a5d6b6d2,100000,1,2210,"{""九黎"": 15, ""共工"": 28, ""后土"": 37, ""太昊"": 1, ""女娃"": 39, ""女娲"": 64, ""少昊"": 37, ""帝江"": 30, ""帝鸿"": 1, ""应龙"": 29, ""有熊氏"": 2, ""榆罔"": 2, ""涿鹿"": 16, ""炎帝"": 92, ""神农"": 220, ""禹"": 820, ""精卫"": 49, ""蚩尤"": 71, ""赤帝"": 10, ""轩辕"": 220, ""轩辕氏"": 6, ""阪泉"": 5, ""雨师"": 2, ""颛顼"": 18, ""风伯"": 1, ""鲧"": 28, ""黄帝"": 367}"
GCI-HOLD-0002,991,data/CASIA-LM_ChineseWebText2.0_partial-000991.parquet,127627930,0573da6091dd73573451609d31b09e9c1b236bf536220a1f610343bfddf09624,100000,1,2263,"{""九黎"": 12, ""共工"": 29, ""共工氏"": 3, ""后土"": 19, ""太昊"": 39, ""太皞"": 3, ""女娃"": 20, ""女娲"": 109, ""少昊"": 18, ""少皞"": 5, ""帝江"": 13, ""帝鸿"": 4, ""帝鸿氏"": 1, ""应龙"": 27, ""有熊氏"": 1, ""榆罔"": 2, ""涿鹿"": 20, ""炎帝"": 64, ""神农"": 235, ""禹"": 792, ""精卫"": 51, ""缙云氏"": 2, ""蚩尤"": 35, ""赤帝"": 5, ""轩辕"": 239, ""轩辕氏"": 10, ""阪泉"": 1, ""雨师"": 3, ""颛顼"": 53, ""风伯"": 3, ""鲧"": 8, ""黄帝"": 436, ""黄帝氏"": 1}"
GCI-HOLD-0002,992,data/CASIA-LM_ChineseWebText2.0_partial-000992.parquet,127231644,10d532903a9196849c5533c4bfd7faab9e268e587986c976ef0e014744efee3d,100000,1,1817,"{""九黎"": 9, ""共工"": 18, ""共工氏"": 6, ""句龙"": 1, ""后土"": 16, ""太昊"": 11, ""太皞"": 5, ""女娃"": 21, ""女娲"": 111, ""少昊"": 9, ""少皞"": 3, ""帝江"": 2, ""帝鸿"": 6, ""帝鸿氏"": 1, ""应龙"": 38, ""有熊氏"": 9, ""涿鹿"": 10, ""炎帝"": 44, ""神农"": 165, ""禹"": 664, ""精卫"": 29, ""蚩尤"": 50, ""赤帝"": 11, ""轩辕"": 192, ""轩辕氏"": 5, ""阪泉"": 6, ""雨师"": 2, ""颛顼"": 21, ""风伯"": 2, ""鲧"": 17, ""黄帝"": 333}"
GCI-HOLD-0002,993,data/CASIA-LM_ChineseWebText2.0_partial-000993.parquet,127011595,871cf7155084d47149d7c2126b24e99265b416c08009d177378eb50e2a5700e1,100000,1,2247,"{""九黎"": 13, ""共工"": 65, ""共工氏"": 13, ""句龙"": 3, ""后土"": 16, ""太昊"": 24, ""女娃"": 20, ""女娲"": 140, ""少昊"": 26, ""少皞"": 3, ""帝江"": 10, ""帝鸿"": 1, ""帝鸿氏"": 1, ""应龙"": 23, ""有熊氏"": 2, ""榆罔"": 2, ""涿鹿"": 8, ""炎帝"": 59, ""神农"": 196, ""禹"": 821, ""精卫"": 42, ""蚩尤"": 45, ""赤帝"": 6, ""轩辕"": 287, ""轩辕氏"": 5, ""阪泉"": 6, ""雨师"": 3, ""颛顼"": 42, ""风伯"": 11, ""鲧"": 10, ""黄帝"": 343, ""黄帝氏"": 1}"
GCI-HOLD-0002,994,data/CASIA-LM_ChineseWebText2.0_partial-000994.parquet,128137149,139f12ad4a23d1666f2dffaccb266e8155f0abd6a0d02438154cd2ad968b574e,100000,1,2243,"{""九黎"": 1, ""共工"": 24, ""共工氏"": 1, ""后土"": 27, ""太昊"": 5, ""女娃"": 22, ""女娲"": 87, ""少昊"": 9, ""少皞"": 5, ""帝江"": 5, ""帝鸿"": 2, ""帝鸿氏"": 2, ""应龙"": 14, ""有熊氏"": 1, ""涿鹿"": 79, ""炎帝"": 91, ""神农"": 158, ""禹"": 886, ""精卫"": 37, ""缙云氏"": 1, ""蚩尤"": 62, ""赤帝"": 3, ""轩辕"": 287, ""轩辕氏"": 12, ""阪泉"": 2, ""雨师"": 7, ""颛顼"": 49, ""风伯"": 2, ""鲧"": 16, ""黄帝"": 346}"
GCI-HOLD-0002,995,data/CASIA-LM_ChineseWebText2.0_partial-000995.parquet,126968350,28d7e7cd1335c85b0f7b433ffc1a2e0631cc73aea17f5119e53fbfae8b29b7df,100000,1,1671,"{""九黎"": 3, ""共工"": 29, ""共工氏"": 4, ""后土"": 23, ""太昊"": 3, ""太皞"": 1, ""女娃"": 23, ""女娲"": 84, ""少昊"": 4, ""帝江"": 2, ""应龙"": 24, ""有熊氏"": 3, ""涿鹿"": 19, ""炎帝"": 54, ""神农"": 112, ""禹"": 694, ""精卫"": 39, ""蚩尤"": 30, ""赤帝"": 16, ""轩辕"": 175, ""轩辕氏"": 2, ""阪泉"": 2, ""雨师"": 3, ""颛顼"": 33, ""风伯"": 3, ""鲧"": 4, ""黄帝"": 282}"
GCI-HOLD-0002,996,data/CASIA-LM_ChineseWebText2.0_partial-000996.parquet,126934976,841fb4eb19710b404326acedb1ac342880f67a5e1b459503a6412e5f81071173,100000,1,2082,"{""九黎"": 21, ""共工"": 106, ""共工氏"": 20, ""句龙"": 3, ""后土"": 33, ""太昊"": 3, ""女娃"": 12, ""女娲"": 95, ""少昊"": 10, ""少皞"": 1, ""应龙"": 15, ""涿鹿"": 23, ""炎帝"": 59, ""神农"": 251, ""禹"": 789, ""精卫"": 14, ""蚩尤"": 12, ""赤帝"": 9, ""轩辕"": 227, ""轩辕氏"": 3, ""雨师"": 1, ""颛顼"": 48, ""风伯"": 1, ""鲧"": 24, ""黄帝"": 301, ""黄帝氏"": 1}"
GCI-HOLD-0002,997,data/CASIA-LM_ChineseWebText2.0_partial-000997.parquet,127395796,3fa4f7b671f75727335dcf05936f119bb9f494af07f73187d9b842b18ff01a28,100000,1,1974,"{""九黎"": 11, ""共工"": 44, ""共工氏"": 1, ""后土"": 19, ""太昊"": 11, ""女娃"": 10, ""女娲"": 65, ""少昊"": 14, ""帝江"": 4, ""帝鸿"": 1, ""帝鸿氏"": 1, ""应龙"": 12, ""有熊氏"": 2, ""榆罔"": 8, ""涿鹿"": 28, ""炎帝"": 101, ""神农"": 187, ""禹"": 666, ""精卫"": 64, ""缙云氏"": 2, ""蚩尤"": 93, ""赤帝"": 7, ""轩辕"": 176, ""轩辕氏"": 7, ""阪泉"": 5, ""雨师"": 1, ""颛顼"": 15, ""风伯"": 1, ""鲧"": 30, ""黄帝"": 387, ""黄帝氏"": 1}"
GCI-HOLD-0002,998,data/CASIA-LM_ChineseWebText2.0_partial-000998.parquet,127665386,9600849acd60c88b41ce8769ec396eace0af445fea6c813cbdcc3782d0223f00,100000,1,2119,"{""九黎"": 14, ""共工"": 47, ""后土"": 21, ""太昊"": 4, ""女娃"": 15, ""女娲"": 76, ""少昊"": 19, ""少皞"": 2, ""帝江"": 2, ""帝鸿"": 1, ""帝鸿氏"": 1, ""应龙"": 25, ""榆罔"": 2, ""涿鹿"": 16, ""炎帝"": 99, ""神农"": 166, ""禹"": 659, ""精卫"": 36, ""缙云氏"": 3, ""蚩尤"": 77, ""赤帝"": 7, ""轩辕"": 434, ""轩辕氏"": 4, ""阪泉"": 2, ""雨师"": 17, ""颛顼"": 19, ""风伯"": 12, ""鲧"": 6, ""黄帝"": 332, ""黄帝氏"": 1}"
GCI-HOLD-0002,999,data/CASIA-LM_ChineseWebText2.0_partial-000999.parquet,127382090,1c1a35e1bd06ad22a3595f2ef00339f1f49bf1688bf83fc04632222da4450756,100000,1,1760,"{""九黎"": 17, ""共工"": 25, ""共工氏"": 4, ""后土"": 27, ""太昊"": 6, ""女娃"": 16, ""女娲"": 124, ""少昊"": 13, ""帝江"": 3, ""帝鸿"": 2, ""应龙"": 19, ""有熊氏"": 2, ""涿鹿"": 19, ""炎帝"": 57, ""神农"": 174, ""禹"": 519, ""精卫"": 46, ""缙云氏"": 1, ""蚩尤"": 44, ""赤帝"": 3, ""轩辕"": 242, ""轩辕氏"": 6, ""阪泉"": 4, ""雨师"": 7, ""颛顼"": 25, ""风伯"": 4, ""鲧"": 10, ""黄帝"": 341}"
GCI-HOLD-0002,1000,data/CASIA-LM_ChineseWebText2.0_partial-001000.parquet,127495280,14a64c829cca809f78564c03fddad858ad106939c18a3a45a200e27f978901f5,100000,1,2330,"{""九黎"": 17, ""共工"": 24, ""共工氏"": 2, ""句龙"": 1, ""后土"": 33, ""太昊"": 10, ""女娃"": 10, ""女娲"": 80, ""少昊"": 18, ""少皞"": 3, ""帝江"": 3, ""应龙"": 26, ""有熊氏"": 8, ""榆罔"": 21, ""涿鹿"": 53, ""炎帝"": 152, ""神农"": 197, ""禹"": 707, ""精卫"": 37, ""蚩尤"": 174, ""赤帝"": 15, ""轩辕"": 221, ""轩辕氏"": 6, ""阪泉"": 10, ""雨师"": 9, ""颛顼"": 38, ""风伯"": 3, ""鲧"": 23, ""黄帝"": 427, ""黄帝氏"": 2}"
GCI-HOLD-0002,1001,data/CASIA-LM_ChineseWebText2.0_partial-001001.parquet,127697535,4dfc15d2697ba1db3762c9b42748c7f2f8b0935c252a28614d832cd18a49e6ce,100000,1,2031,"{""九黎"": 25, ""共工"": 31, ""共工氏"": 2, ""句龙"": 1, ""后土"": 20, ""太昊"": 16, ""女娃"": 11, ""女娲"": 70, ""少昊"": 11, ""少皞"": 3, ""帝江"": 1, ""应龙"": 35, ""有熊氏"": 1, ""榆罔"": 4, ""涿鹿"": 33, ""炎帝"": 57, ""神农"": 161, ""禹"": 659, ""精卫"": 23, ""蚩尤"": 92, ""赤帝"": 6, ""轩辕"": 340, ""轩辕氏"": 3, ""雨师"": 7, ""颛顼"": 67, ""风伯"": 4, ""鲧"": 13, ""黄帝"": 335}"
GCI-HOLD-0002,1002,data/CASIA-LM_ChineseWebText2.0_partial-001002.parquet,127202981,e8fe19e604fd289c917380ba09ab56eb3e3e72b459bd5237b0f20b83dddd2f1c,100000,1,1910,"{""九黎"": 8, ""共工"": 46, ""共工氏"": 1, ""后土"": 25, ""太昊"": 17, ""太皞"": 2, ""女娃"": 14, ""女娲"": 69, ""少昊"": 10, ""帝江"": 3, ""帝鸿"": 1, ""应龙"": 41, ""榆罔"": 3, ""涿鹿"": 19, ""炎帝"": 91, ""神农"": 149, ""禹"": 708, ""精卫"": 14, ""蚩尤"": 32, ""赤帝"": 1, ""轩辕"": 275, ""轩辕氏"": 8, ""阪泉"": 3, ""雨师"": 9, ""颛顼"": 25, ""风伯"": 3, ""鲧"": 24, ""黄帝"": 308, ""黄帝氏"": 1}"
GCI-HOLD-0002,1003,data/CASIA-LM_ChineseWebText2.0_partial-001003.parquet,127133166,9479ba6d9a945999c0f21e4124ae81ba9c92924877d625cf397bc67594a64b0b,100000,1,1992,"{""九黎"": 14, ""共工"": 33, ""共工氏"": 1, ""句龙"": 2, ""后土"": 26, ""太昊"": 4, ""太皞"": 3, ""女娃"": 17, ""女娲"": 51, ""少昊"": 12, ""少皞"": 2, ""帝江"": 1, ""帝鸿"": 1, ""应龙"": 11, ""涿鹿"": 31, ""炎帝"": 55, ""神农"": 206, ""禹"": 702, ""精卫"": 34, ""蚩尤"": 49, ""赤帝"": 1, ""轩辕"": 356, ""轩辕氏"": 6, ""阪泉"": 2, ""雨师"": 25, ""颛顼"": 18, ""风伯"": 1, ""鲧"": 7, ""黄帝"": 320, ""黄帝氏"": 1}"
GCI-HOLD-0002,1004,data/CASIA-LM_ChineseWebText2.0_partial-001004.parquet,127253704,10f9a74df7cb378203b96dcc57d8fd33e1a70997767cbd0ed44f02aa97b6d32f,100000,1,1756,"{""九黎"": 2, ""共工"": 30, ""共工氏"": 6, ""句龙"": 1, ""后土"": 24, ""太昊"": 2, ""女娃"": 15, ""女娲"": 53, ""少昊"": 13, ""帝江"": 2, ""应龙"": 10, ""榆罔"": 1, ""涿鹿"": 29, ""炎帝"": 24, ""神农"": 237, ""禹"": 704, ""精卫"": 32, ""蚩尤"": 30, ""赤帝"": 2, ""轩辕"": 207, ""颛顼"": 17, ""风伯"": 1, ""鲧"": 11, ""黄帝"": 303}"
GCI-HOLD-0002,1005,data/CASIA-LM_ChineseWebText2.0_partial-001005.parquet,127022044,ecd8f1ce305a8e0c1d34c7c1a12a2e32741a23303230cf9afab08e18c115221f,100000,1,1826,"{""九黎"": 13, ""共工"": 31, ""共工氏"": 7, ""后土"": 19, ""太昊"": 11, ""太皞"": 3, ""女娃"": 14, ""女娲"": 124, ""少昊"": 20, ""少皞"": 2, ""帝江"": 6, ""应龙"": 31, ""有熊氏"": 5, ""涿鹿"": 25, ""炎帝"": 51, ""神农"": 193, ""禹"": 622, ""精卫"": 18, ""蚩尤"": 24, ""赤帝"": 5, ""轩辕"": 185, ""轩辕氏"": 5, ""阪泉"": 1, ""雨师"": 4, ""颛顼"": 39, ""风伯"": 4, ""鲧"": 10, ""黄帝"": 354}"
GCI-HOLD-0002,1006,data/CASIA-LM_ChineseWebText2.0_partial-001006.parquet,126907278,833598fd696a0b816d9dff10bfdcb9b25c891d240682dca94b6da443dc6296e8,100000,1,2011,"{""九黎"": 35, ""共工"": 51, ""共工氏"": 3, ""后土"": 17, ""太昊"": 5, ""女娃"": 10, ""女娲"": 52, ""少昊"": 4, ""少皞"": 2, ""帝江"": 5, ""帝鸿"": 1, ""帝鸿氏"": 1, ""应龙"": 16, ""有熊氏"": 4, ""榆罔"": 7, ""涿鹿"": 22, ""炎帝"": 154, ""神农"": 195, ""禹"": 693, ""精卫"": 23, ""蚩尤"": 67, ""赤帝"": 8, ""轩辕"": 186, ""轩辕氏"": 11, ""阪泉"": 5, ""雨师"": 9, ""颛顼"": 40, ""风伯"": 4, ""鲧"": 8, ""黄帝"": 372, ""黄帝氏"": 1}"
GCI-HOLD-0002,1007,data/CASIA-LM_ChineseWebText2.0_partial-001007.parquet,127304337,8748bcba72190a91a7cff6c5ab824fe23ea1a7d335ea3e0cf45f1e658f8bf30e,100000,1,2176,"{""九黎"": 7, ""共工"": 37, ""共工氏"": 10, ""句龙"": 1, ""后土"": 12, ""太昊"": 24, ""太皞"": 1, ""女娃"": 18, ""女娲"": 127, ""少昊"": 12, ""少皞"": 1, ""帝江"": 3, ""帝鸿"": 3, ""帝鸿氏"": 1, ""应龙"": 13, ""涿鹿"": 32, ""炎帝"": 137, ""神农"": 249, ""禹"": 730, ""精卫"": 31, ""蚩尤"": 102, ""赤帝"": 5, ""轩辕"": 239, ""轩辕氏"": 11, ""阪泉"": 3, ""雨师"": 2, ""颛顼"": 29, ""风伯"": 1, ""鲧"": 4, ""黄帝"": 330, ""黄帝氏"": 1}"
GCI-HOLD-0002,1008,data/CASIA-LM_ChineseWebText2.0_partial-001008.parquet,127163472,0b57f49a772c23aaddc5b5c703336a375ef2a842775d5eaa971216df03c2a48e,100000,1,2167,"{""九黎"": 16, ""共工"": 33, ""共工氏"": 2, ""后土"": 25, ""太昊"": 5, ""女娃"": 24, ""女娲"": 80, ""少昊"": 5, ""帝鸿"": 2, ""应龙"": 31, ""有熊氏"": 4, ""涿鹿"": 42, ""炎帝"": 80, ""神农"": 221, ""禹"": 699, ""精卫"": 39, ""蚩尤"": 102, ""赤帝"": 3, ""轩辕"": 235, ""轩辕氏"": 11, ""阪泉"": 5, ""雨师"": 7, ""颛顼"": 16, ""风伯"": 5, ""鲧"": 17, ""黄帝"": 458}"
GCI-HOLD-0002,1009,data/CASIA-LM_ChineseWebText2.0_partial-001009.parquet,126979650,94d39361211183cf71f7fdafb1fc6fc5c1df9cb4ddde4868d3eab1b6c2e09377,100000,1,1986,"{""九黎"": 13, ""共工"": 38, ""后土"": 17, ""太昊"": 9, ""太皞"": 4, ""女娃"": 14, ""女娲"": 82, ""少昊"": 7, ""少皞"": 1, ""应龙"": 43, ""有熊氏"": 2, ""涿鹿"": 51, ""炎帝"": 93, ""神农"": 161, ""禹"": 711, ""精卫"": 24, ""蚩尤"": 62, ""赤帝"": 2, ""轩辕"": 228, ""轩辕氏"": 2, ""阪泉"": 3, ""雨师"": 6, ""颛顼"": 39, ""风伯"": 3, ""鲧"": 38, ""黄帝"": 333}"
GCI-HOLD-0002,1010,data/CASIA-LM_ChineseWebText2.0_partial-001010.parquet,127312789,0fff251d5bd0a64dee7292fecfdab792a18ae810843fbc4d726fbc4fb4a9e286,100000,1,2180,"{""九黎"": 9, ""共工"": 29, ""共工氏"": 1, ""后土"": 17, ""太昊"": 13, ""女娃"": 11, ""女娲"": 58, ""少昊"": 20, ""少皞"": 2, ""应龙"": 48, ""有熊氏"": 1, ""涿鹿"": 21, ""炎帝"": 66, ""神农"": 231, ""禹"": 779, ""精卫"": 18, ""蚩尤"": 56, ""赤帝"": 2, ""轩辕"": 252, ""轩辕氏"": 7, ""阪泉"": 2, ""雨师"": 4, ""颛顼"": 28, ""风伯"": 1, ""鲧"": 59, ""黄帝"": 444, ""黄帝氏"": 1}"
GCI-HOLD-0002,1011,data/CASIA-LM_ChineseWebText2.0_partial-001011.parquet,126916185,e27b34ea6e01fc0f9fc756220b0397baf95fda54b2a2c01b3271c4d490212b1d,100000,1,2290,"{""九黎"": 12, ""共工"": 27, ""共工氏"": 3, ""后土"": 27, ""太昊"": 16, ""女娃"": 21, ""女娲"": 92, ""少昊"": 5, ""少皞"": 1, ""帝江"": 1, ""应龙"": 72, ""有熊氏"": 1, ""涿鹿"": 34, ""炎帝"": 73, ""神农"": 239, ""禹"": 814, ""精卫"": 40, ""缙云氏"": 2, ""蚩尤"": 60, ""赤帝"": 8, ""轩辕"": 369, ""轩辕氏"": 2, ""雨师"": 21, ""颛顼"": 20, ""风伯"": 3, ""鲧"": 21, ""黄帝"": 305, ""黄帝氏"": 1}"
GCI-HOLD-0002,1012,data/CASIA-LM_ChineseWebText2.0_partial-001012.parquet,127117231,9cc97af5fc8b9d36fe5c08aaa11bc496355317bf980064817a961668fd1152fa,100000,1,2109,"{""九黎"": 21, ""共工"": 27, ""共工氏"": 1, ""后土"": 20, ""太昊"": 11, ""女娃"": 11, ""女娲"": 81, ""少昊"": 7, ""少皞"": 1, ""应龙"": 51, ""有熊氏"": 2, ""涿鹿"": 17, ""炎帝"": 82, ""神农"": 257, ""禹"": 698, ""精卫"": 23, ""蚩尤"": 62, ""赤帝"": 4, ""轩辕"": 328, ""轩辕氏"": 2, ""阪泉"": 1, ""雨师"": 3, ""颛顼"": 35, ""风伯"": 1, ""鲧"": 20, ""黄帝"": 343}"
GCI-HOLD-0002,1013,data/CASIA-LM_ChineseWebText2.0_partial-001013.parquet,126724157,d27aa774de536cec46c884695c4d138dfd305edf6d58b72058f2861f23b4742b,100000,1,2203,"{""九黎"": 30, ""共工"": 34, ""句龙"": 2, ""后土"": 42, ""太昊"": 4, ""女娃"": 20, ""女娲"": 72, ""少昊"": 8, ""帝江"": 1, ""帝鸿"": 1, ""帝鸿氏"": 1, ""应龙"": 57, ""有熊氏"": 1, ""涿鹿"": 17, ""炎帝"": 57, ""神农"": 200, ""禹"": 812, ""精卫"": 52, ""缙云氏"": 3, ""蚩尤"": 149, ""赤帝"": 4, ""轩辕"": 222, ""轩辕氏"": 3, ""阪泉"": 3, ""雨师"": 2, ""颛顼"": 35, ""风伯"": 9, ""鲧"": 6, ""黄帝"": 355, ""黄帝氏"": 1}"
GCI-HOLD-0002,1014,data/CASIA-LM_ChineseWebText2.0_partial-001014.parquet,127217237,745185868eaaa0156694322562af5e95a411ca21f6b38215acd17a4efef54358,100000,1,2287,"{""九黎"": 4, ""共工"": 58, ""共工氏"": 3, ""句龙"": 1, ""后土"": 53, ""太昊"": 4, ""女娃"": 13, ""女娲"": 101, ""少昊"": 4, ""少皞"": 5, ""帝江"": 1, ""帝鸿"": 2, ""应龙"": 25, ""榆罔"": 1, ""涿鹿"": 56, ""炎帝"": 41, ""神农"": 203, ""禹"": 874, ""精卫"": 46, ""蚩尤"": 53, ""赤帝"": 3, ""轩辕"": 246, ""轩辕氏"": 4, ""阪泉"": 3, ""雨师"": 3, ""颛顼"": 25, ""风伯"": 4, ""鲧"": 92, ""黄帝"": 358, ""黄帝氏"": 1}"
GCI-HOLD-0002,1015,data/CASIA-LM_ChineseWebText2.0_partial-001015.parquet,127138960,17592ba10f6867c0e3914fb1c088574d4852cc1a41236e300dd545c36ad72add,100000,1,2120,"{""九黎"": 36, ""共工"": 21, ""共工氏"": 1, ""句龙"": 1, ""后土"": 14, ""太昊"": 29, ""女娃"": 11, ""女娲"": 71, ""少昊"": 10, ""帝鸿"": 1, ""帝鸿氏"": 1, ""应龙"": 42, ""有熊氏"": 7, ""榆罔"": 1, ""涿鹿"": 17, ""炎帝"": 52, ""神农"": 244, ""禹"": 767, ""精卫"": 29, ""蚩尤"": 36, ""赤帝"": 3, ""轩辕"": 394, ""轩辕氏"": 3, ""阪泉"": 2, ""颛顼"": 38, ""鲧"": 5, ""黄帝"": 284}"
GCI-HOLD-0002,1016,data/CASIA-LM_ChineseWebText2.0_partial-001016.parquet,126234930,a1f1a04afb52f0c318a203b373b7f8ff209c006bb1f6b485c03afd2c5c95d2de,100000,1,2047,"{""九黎"": 16, ""共工"": 21, ""共工氏"": 1, ""后土"": 18, ""太昊"": 11, ""太皞"": 7, ""女娃"": 6, ""女娲"": 82, ""少昊"": 24, ""少皞"": 6, ""帝江"": 2, ""帝鸿"": 3, ""帝鸿氏"": 2, ""应龙"": 12, ""涿鹿"": 22, ""炎帝"": 67, ""神农"": 299, ""禹"": 780, ""精卫"": 23, ""缙云氏"": 7, ""蚩尤"": 26, ""赤帝"": 9, ""轩辕"": 194, ""轩辕氏"": 5, ""阪泉"": 9, ""雨师"": 6, ""颛顼"": 38, ""风伯"": 1, ""鲧"": 13, ""黄帝"": 336, ""黄帝氏"": 1}"
GCI-HOLD-0002,1017,data/CASIA-LM_ChineseWebText2.0_partial-001017.parquet,127365740,aa50e4cae0a225a22780040693d26de368a310daa759dbf41a9542ff31b02c09,100000,1,2113,"{""九黎"": 9, ""共工"": 33, ""后土"": 28, ""太昊"": 5, ""女娃"": 13, ""女娲"": 153, ""少昊"": 29, ""少皞"": 1, ""帝江"": 11, ""帝鸿"": 2, ""帝鸿氏"": 2, ""应龙"": 4, ""有熊氏"": 1, ""榆罔"": 4, ""涿鹿"": 30, ""炎帝"": 38, ""神农"": 233, ""禹"": 730, ""精卫"": 35, ""缙云氏"": 5, ""蚩尤"": 61, ""赤帝"": 3, ""轩辕"": 254, ""轩辕氏"": 6, ""阪泉"": 2, ""雨师"": 12, ""颛顼"": 24, ""风伯"": 2, ""鲧"": 18, ""黄帝"": 365}"
GCI-HOLD-0002,1018,data/CASIA-LM_ChineseWebText2.0_partial-001018.parquet,127301447,0eefacfe7283acd3bb96df533073fcd41db49a135c376dda6f3f8dbd856cad68,100000,1,2124,"{""九黎"": 21, ""共工"": 47, ""共工氏"": 1, ""后土"": 18, ""太昊"": 2, ""女娃"": 9, ""女娲"": 74, ""少昊"": 2, ""少皞"": 1, ""帝江"": 6, ""帝鸿"": 2, ""应龙"": 21, ""涿鹿"": 33, ""炎帝"": 40, ""神农"": 138, ""禹"": 816, ""精卫"": 16, ""蚩尤"": 71, ""赤帝"": 4, ""轩辕"": 364, ""轩辕氏"": 4, ""阪泉"": 2, ""雨师"": 9, ""颛顼"": 10, ""风伯"": 3, ""鲧"": 6, ""黄帝"": 404}"
GCI-HOLD-0002,1019,data/CASIA-LM_ChineseWebText2.0_partial-001019.parquet,126986114,f91ad12ecf3e896923386f24f71a0a4d7862119da4e7ce544862401e55288383,100000,1,1901,"{""九黎"": 34, ""共工"": 19, ""后土"": 20, ""太昊"": 12, ""女娃"": 13, ""女娲"": 74, ""少昊"": 9, ""应龙"": 37, ""有熊氏"": 1, ""榆罔"": 2, ""涿鹿"": 12, ""炎帝"": 53, ""神农"": 169, ""禹"": 711, ""精卫"": 17, ""蚩尤"": 65, ""赤帝"": 4, ""轩辕"": 255, ""轩辕氏"": 11, ""阪泉"": 1, ""雨师"": 3, ""颛顼"": 17, ""风伯"": 1, ""鲧"": 28, ""黄帝"": 333}"
GCI-HOLD-0002,1020,data/CASIA-LM_ChineseWebText2.0_partial-001020.parquet,126775954,df39ffcbf94b715b32aeb66f95c124d61c21e1fdf4a4baadce866755f15161da,100000,1,2510,"{""九黎"": 13, ""共工"": 42, ""共工氏"": 2, ""句龙"": 3, ""后土"": 26, ""太昊"": 10, ""女娃"": 23, ""女娲"": 56, ""少昊"": 16, ""少皞"": 2, ""帝江"": 4, ""帝鸿"": 1, ""帝鸿氏"": 1, ""应龙"": 28, ""有熊氏"": 2, ""榆罔"": 13, ""涿鹿"": 74, ""炎帝"": 138, ""神农"": 171, ""禹"": 692, ""精卫"": 84, ""缙云氏"": 2, ""蚩尤"": 217, ""赤帝"": 4, ""轩辕"": 237, ""轩辕氏"": 5, ""阪泉"": 64, ""雨师"": 9, ""颛顼"": 35, ""风伯"": 6, ""鲧"": 35, ""黄帝"": 493, ""黄帝氏"": 2}"
GCI-HOLD-0002,1021,data/CASIA-LM_ChineseWebText2.0_partial-001021.parquet,126791634,c4e5ef6d944f8d6e4ab93cfa6d47c7567a0e7c3db5525944986d5600436dba7b,100000,1,2145,"{""九黎"": 25, ""共工"": 32, ""共工氏"": 3, ""后土"": 21, ""太昊"": 3, ""女娃"": 9, ""女娲"": 87, ""少昊"": 8, ""帝江"": 3, ""应龙"": 17, ""有熊氏"": 1, ""榆罔"": 2, ""涿鹿"": 11, ""炎帝"": 59, ""神农"": 205, ""禹"": 888, ""精卫"": 28, ""蚩尤"": 51, ""赤帝"": 7, ""轩辕"": 260, ""轩辕氏"": 6, ""阪泉"": 2, ""雨师"": 5, ""颛顼"": 6, ""风伯"": 3, ""鲧"": 16, ""黄帝"": 386, ""黄帝氏"": 1}"
GCI-HOLD-0002,1022,data/CASIA-LM_ChineseWebText2.0_partial-001022.parquet,127292608,b809d054e19457519cb7c6f4beeefe0cb65be90db8ece6e84d8d88eab9b06639,100000,1,2118,"{""九黎"": 20, ""共工"": 37, ""共工氏"": 13, ""后土"": 19, ""太昊"": 32, ""太皞"": 3, ""女娃"": 12, ""女娲"": 97, ""少昊"": 14, ""帝江"": 1, ""帝鸿"": 9, ""帝鸿氏"": 1, ""应龙"": 30, ""有熊氏"": 1, ""榆罔"": 2, ""涿鹿"": 17, ""炎帝"": 155, ""神农"": 214, ""禹"": 719, ""精卫"": 15, ""蚩尤"": 108, ""赤帝"": 15, ""轩辕"": 234, ""轩辕氏"": 3, ""阪泉"": 10, ""雨师"": 4, ""颛顼"": 20, ""风伯"": 2, ""鲧"": 11, ""黄帝"": 299, ""黄帝氏"": 1}"
GCI-HOLD-0002,1023,data/CASIA-LM_ChineseWebText2.0_partial-001023.parquet,127960931,2af32989bbff47d22aea528db8d727e606431eb78b16530f72ff9e5668e0d35d,100000,1,2196,"{""九黎"": 19, ""共工"": 49, ""共工氏"": 13, ""后土"": 34, ""太昊"": 6, ""女娃"": 17, ""女娲"": 113, ""少昊"": 2, ""帝江"": 1, ""应龙"": 34, ""有熊氏"": 1, ""涿鹿"": 14, ""炎帝"": 56, ""神农"": 151, ""禹"": 701, ""精卫"": 50, ""缙云氏"": 4, ""蚩尤"": 62, ""赤帝"": 4, ""轩辕"": 365, ""阪泉"": 1, ""雨师"": 3, ""颛顼"": 111, ""风伯"": 6, ""鲧"": 44, ""黄帝"": 334, ""黄帝氏"": 1}"
GCI-HOLD-0002,1024,data/CASIA-LM_ChineseWebText2.0_partial-001024.parquet,127531783,b0d9f45eb2279a0c941467e0eab692f43b588825baa69a266a49675384c2d61f,100000,1,2491,"{""九黎"": 21, ""共工"": 17, ""后土"": 29, ""太昊"": 14, ""女娃"": 19, ""女娲"": 61, ""少昊"": 10, ""少皞"": 3, ""帝江"": 1, ""帝鸿"": 3, ""应龙"": 85, ""有熊氏"": 3, ""榆罔"": 22, ""涿鹿"": 65, ""炎帝"": 165, ""神农"": 211, ""禹"": 667, ""精卫"": 47, ""缙云氏"": 2, ""蚩尤"": 261, ""赤帝"": 26, ""轩辕"": 254, ""轩辕氏"": 2, ""阪泉"": 8, ""雨师"": 8, ""颛顼"": 18, ""风伯"": 3, ""鲧"": 1, ""黄帝"": 463, ""黄帝氏"": 2}"
GCI-HOLD-0002,1025,data/CASIA-LM_ChineseWebText2.0_partial-001025.parquet,127338550,31716a9d6a74ab5e458644e64169713008a35b2662c0b149efa86f1b351d631e,100000,1,2134,"{""九黎"": 15, ""共工"": 38, ""共工氏"": 2, ""后土"": 16, ""太昊"": 7, ""女娃"": 15, ""女娲"": 66, ""少昊"": 43, ""少皞"": 1, ""帝江"": 1, ""帝鸿"": 1, ""帝鸿氏"": 1, ""应龙"": 24, ""有熊氏"": 2, ""涿鹿"": 23, ""炎帝"": 36, ""神农"": 200, ""禹"": 905, ""精卫"": 33, ""缙云氏"": 2, ""蚩尤"": 31, ""赤帝"": 2, ""轩辕"": 228, ""轩辕氏"": 2, ""阪泉"": 1, ""雨师"": 1, ""颛顼"": 39, ""风伯"": 2, ""鲧"": 20, ""黄帝"": 374, ""黄帝氏"": 3}"
GCI-HOLD-0002,1026,data/CASIA-LM_ChineseWebText2.0_partial-001026.parquet,127276074,433044566c7c031fd6fba0ffc200b6b1f6251f57ba6ed417e1502620fa1c3861,100000,1,2266,"{""九黎"": 27, ""共工"": 33, ""共工氏"": 8, ""后土"": 30, ""太昊"": 7, ""女娃"": 8, ""女娲"": 82, ""少昊"": 10, ""应龙"": 17, ""有熊氏"": 2, ""榆罔"": 1, ""涿鹿"": 31, ""炎帝"": 91, ""神农"": 237, ""禹"": 669, ""精卫"": 45, ""蚩尤"": 242, ""赤帝"": 2, ""轩辕"": 230, ""轩辕氏"": 6, ""阪泉"": 6, ""雨师"": 15, ""颛顼"": 32, ""风伯"": 2, ""鲧"": 25, ""黄帝"": 407, ""黄帝氏"": 1}"
GCI-HOLD-0002,1027,data/CASIA-LM_ChineseWebText2.0_partial-001027.parquet,126654625,02ebcdf677a58d1d691c68a945a05b1a0176ac3dc00ccfa03e83ab7b38bdcad5,100000,1,2090,"{""九黎"": 39, ""共工"": 23, ""共工氏"": 1, ""句龙"": 1, ""后土"": 54, ""太昊"": 6, ""女娃"": 18, ""女娲"": 74, ""少昊"": 8, ""帝江"": 1, ""应龙"": 33, ""有熊氏"": 1, ""涿鹿"": 95, ""炎帝"": 39, ""神农"": 202, ""禹"": 776, ""精卫"": 68, ""蚩尤"": 71, ""赤帝"": 4, ""轩辕"": 240, ""轩辕氏"": 4, ""阪泉"": 3, ""雨师"": 34, ""颛顼"": 26, ""风伯"": 4, ""鲧"": 5, ""黄帝"": 260}"
GCI-HOLD-0002,1028,data/CASIA-LM_ChineseWebText2.0_partial-001028.parquet,127313996,e632c4e8f311ca9216671c24c609fecf730bac127668ee70c979bb717082701c,100000,1,2454,"{""九黎"": 51, ""共工"": 27, ""共工氏"": 4, ""后土"": 28, ""太昊"": 9, ""太皞"": 2, ""女娃"": 21, ""女娲"": 93, ""少昊"": 33, ""少皞"": 3, ""帝江"": 10, ""应龙"": 44, ""榆罔"": 2, ""涿鹿"": 27, ""炎帝"": 94, ""神农"": 172, ""禹"": 775, ""精卫"": 24, ""缙云氏"": 4, ""蚩尤"": 135, ""赤帝"": 5, ""轩辕"": 403, ""轩辕氏"": 12, ""阪泉"": 21, ""雨师"": 7, ""颛顼"": 49, ""风伯"": 4, ""鲧"": 15, ""黄帝"": 379, ""黄帝氏"": 1}"
GCI-HOLD-0002,1029,data/CASIA-LM_ChineseWebText2.0_partial-001029.parquet,127049205,a8db6ece0a18efc46c301e38dde3032dedde70fb6f65eca1cbb0a7cb35108dad,100000,1,2055,"{""九黎"": 16, ""共工"": 28, ""共工氏"": 2, ""后土"": 34, ""太昊"": 10, ""女娃"": 17, ""女娲"": 76, ""少昊"": 13, ""少皞"": 1, ""帝江"": 2, ""帝鸿"": 2, ""应龙"": 25, ""有熊氏"": 1, ""榆罔"": 7, ""涿鹿"": 37, ""炎帝"": 60, ""神农"": 152, ""禹"": 759, ""精卫"": 30, ""蚩尤"": 48, ""赤帝"": 5, ""轩辕"": 368, ""阪泉"": 3, ""雨师"": 10, ""颛顼"": 27, ""风伯"": 2, ""鲧"": 11, ""黄帝"": 309}"
GCI-HOLD-0002,1030,data/CASIA-LM_ChineseWebText2.0_partial-001030.parquet,127181485,3ff6384d41bd9835d45fad7a1e759fb221a2c2e4d61bd53b747545d9b00dd82b,100000,1,2149,"{""九黎"": 14, ""共工"": 27, ""共工氏"": 1, ""句龙"": 1, ""后土"": 28, ""太昊"": 8, ""太皞"": 4, ""女娃"": 21, ""女娲"": 92, ""少昊"": 19, ""少皞"": 4, ""帝鸿"": 3, ""帝鸿氏"": 1, ""应龙"": 13, ""有熊氏"": 1, ""榆罔"": 2, ""涿鹿"": 28, ""炎帝"": 61, ""神农"": 187, ""禹"": 719, ""精卫"": 62, ""缙云氏"": 1, ""蚩尤"": 51, ""赤帝"": 4, ""轩辕"": 316, ""轩辕氏"": 5, ""阪泉"": 12, ""雨师"": 2, ""颛顼"": 43, ""风伯"": 1, ""鲧"": 9, ""黄帝"": 409}"
GCI-HOLD-0002,1031,data/CASIA-LM_ChineseWebText2.0_partial-001031.parquet,126798518,06996ad4db359077535939942ea157f65f9198204c57222950b5b8a6f172f1f6,100000,1,2121,"{""九黎"": 12, ""共工"": 29, ""共工氏"": 4, ""句龙"": 1, ""后土"": 50, ""太昊"": 5, ""女娃"": 16, ""女娲"": 121, ""少昊"": 5, ""少皞"": 1, ""帝鸿"": 1, ""应龙"": 50, ""有熊氏"": 6, ""涿鹿"": 23, ""炎帝"": 63, ""神农"": 206, ""禹"": 725, ""精卫"": 17, ""蚩尤"": 60, ""赤帝"": 2, ""轩辕"": 177, ""轩辕氏"": 8, ""阪泉"": 1, ""雨师"": 1, ""颛顼"": 15, ""风伯"": 1, ""鲧"": 47, ""黄帝"": 474}"
GCI-HOLD-0002,1032,data/CASIA-LM_ChineseWebText2.0_partial-001032.parquet,128089655,582d7a6fc31721c711486d5303baefe72a965ddfebff39f0e42f19e0e1113a4c,100000,1,1948,"{""九黎"": 35, ""共工"": 29, ""共工氏"": 3, ""后土"": 36, ""太昊"": 6, ""女娃"": 13, ""女娲"": 76, ""少昊"": 8, ""帝江"": 7, ""应龙"": 26, ""涿鹿"": 43, ""炎帝"": 54, ""神农"": 188, ""禹"": 650, ""精卫"": 17, ""蚩尤"": 113, ""赤帝"": 2, ""轩辕"": 298, ""轩辕氏"": 3, ""阪泉"": 1, ""雨师"": 8, ""颛顼"": 10, ""风伯"": 8, ""鲧"": 22, ""黄帝"": 292}"
GCI-HOLD-0002,1033,data/CASIA-LM_ChineseWebText2.0_partial-001033.parquet,126642864,16b97c58d792afe05e2e752b905fed947c637fe6f103eb2b5f2d54afc10d7e1c,100000,1,1827,"{""九黎"": 7, ""共工"": 22, ""后土"": 23, ""太昊"": 4, ""太皞"": 1, ""女娃"": 16, ""女娲"": 82, ""少昊"": 14, ""少皞"": 1, ""帝江"": 2, ""应龙"": 18, ""有熊氏"": 2, ""涿鹿"": 13, ""炎帝"": 38, ""神农"": 160, ""禹"": 724, ""精卫"": 20, ""蚩尤"": 52, ""赤帝"": 1, ""轩辕"": 250, ""轩辕氏"": 11, ""阪泉"": 2, ""雨师"": 13, ""颛顼"": 36, ""风伯"": 8, ""鲧"": 3, ""黄帝"": 304}"
GCI-HOLD-0002,1034,data/CASIA-LM_ChineseWebText2.0_partial-001034.parquet,127458392,ad69391d6bef1d83ac24411f2f92f7633d5c0407246915128e99d93db32a9046,100000,1,1877,"{""九黎"": 9, ""共工"": 24, ""共工氏"": 1, ""后土"": 59, ""太昊"": 9, ""太皞"": 1, ""女娃"": 18, ""女娲"": 49, ""少昊"": 6, ""帝鸿"": 2, ""应龙"": 14, ""涿鹿"": 12, ""炎帝"": 75, ""神农"": 281, ""禹"": 657, ""精卫"": 36, ""蚩尤"": 47, ""赤帝"": 1, ""轩辕"": 182, ""轩辕氏"": 5, ""阪泉"": 14, ""雨师"": 3, ""颛顼"": 20, ""风伯"": 1, ""鲧"": 7, ""黄帝"": 344}"
GCI-HOLD-0002,1035,data/CASIA-LM_ChineseWebText2.0_partial-001035.parquet,127459021,5d2e4fe4e19a93c9273541db8d7bd8b91d67fa6718638fe92ab910bc4d7dfdbc,100000,1,1924,"{""九黎"": 19, ""共工"": 34, ""共工氏"": 3, ""后土"": 20, ""太昊"": 4, ""女娃"": 12, ""女娲"": 101, ""少昊"": 2, ""少皞"": 1, ""帝江"": 4, ""帝鸿"": 1, ""帝鸿氏"": 1, ""应龙"": 20, ""有熊氏"": 1, ""涿鹿"": 55, ""炎帝"": 51, ""神农"": 143, ""禹"": 817, ""精卫"": 23, ""缙云氏"": 1, ""蚩尤"": 53, ""赤帝"": 3, ""轩辕"": 180, ""轩辕氏"": 4, ""阪泉"": 7, ""雨师"": 3, ""颛顼"": 25, ""风伯"": 5, ""鲧"": 25, ""黄帝"": 306}"
GCI-HOLD-0002,1036,data/CASIA-LM_ChineseWebText2.0_partial-001036.parquet,127273248,4ffd5c1fa526819fd79ff75a2447cc4c4f9d5d64f612f5ef38f9110e2efeeb92,100000,1,2095,"{""九黎"": 28, ""共工"": 20, ""共工氏"": 2, ""句龙"": 2, ""后土"": 22, ""太昊"": 10, ""太皞"": 3, ""女娃"": 31, ""女娲"": 89, ""少昊"": 8, ""帝江"": 6, ""应龙"": 46, ""有熊氏"": 4, ""涿鹿"": 61, ""炎帝"": 81, ""神农"": 143, ""禹"": 821, ""精卫"": 42, ""蚩尤"": 68, ""赤帝"": 4, ""轩辕"": 261, ""轩辕氏"": 2, ""雨师"": 1, ""颛顼"": 24, ""鲧"": 10, ""黄帝"": 305, ""黄帝氏"": 1}"
GCI-HOLD-0002,1037,data/CASIA-LM_ChineseWebText2.0_partial-001037.parquet,127292787,7657593ffc6de7714542318c45a0359d922f33cdb3b50ffa36b0897e26b96d70,100000,1,2296,"{""九黎"": 42, ""共工"": 44, ""后土"": 24, ""太昊"": 5, ""女娃"": 23, ""女娲"": 81, ""少昊"": 8, ""应龙"": 23, ""有熊氏"": 3, ""榆罔"": 2, ""涿鹿"": 46, ""炎帝"": 124, ""神农"": 285, ""禹"": 732, ""精卫"": 22, ""蚩尤"": 131, ""赤帝"": 2, ""轩辕"": 259, ""轩辕氏"": 5, ""阪泉"": 5, ""雨师"": 3, ""颛顼"": 26, ""风伯"": 1, ""鲧"": 21, ""黄帝"": 377, ""黄帝氏"": 2}"
GCI-HOLD-0002,1038,data/CASIA-LM_ChineseWebText2.0_partial-001038.parquet,126961672,1a05d6aa80e16927d8b931a17a8dbc91a801d15b79b2ed9d85e5057e02d8757c,100000,1,2169,"{""九黎"": 7, ""共工"": 32, ""共工氏"": 4, ""后土"": 22, ""太昊"": 7, ""太皞"": 2, ""女娃"": 25, ""女娲"": 51, ""少昊"": 4, ""少皞"": 1, ""帝江"": 2, ""帝鸿"": 2, ""帝鸿氏"": 1, ""应龙"": 36, ""有熊氏"": 3, ""涿鹿"": 23, ""炎帝"": 70, ""神农"": 289, ""禹"": 702, ""精卫"": 33, ""缙云氏"": 1, ""蚩尤"": 67, ""赤帝"": 6, ""轩辕"": 326, ""轩辕氏"": 8, ""阪泉"": 1, ""雨师"": 2, ""颛顼"": 30, ""风伯"": 7, ""鲧"": 6, ""黄帝"": 399}"
GCI-HOLD-0002,1039,data/CASIA-LM_ChineseWebText2.0_partial-001039.parquet,127092302,042058d7ec8fc6682050676e4d06864f7aeac994739be79fa06c7abc9f90b362,100000,1,2044,"{""九黎"": 19, ""共工"": 20, ""共工氏"": 1, ""后土"": 25, ""太昊"": 8, ""太皞"": 1, ""女娃"": 9, ""女娲"": 114, ""少昊"": 5, ""帝江"": 4, ""帝鸿"": 2, ""应龙"": 41, ""有熊氏"": 1, ""涿鹿"": 10, ""炎帝"": 24, ""神农"": 145, ""禹"": 694, ""精卫"": 29, ""缙云氏"": 3, ""蚩尤"": 58, ""轩辕"": 368, ""轩辕氏"": 4, ""雨师"": 3, ""颛顼"": 23, ""风伯"": 11, ""鲧"": 14, ""黄帝"": 408}"
GCI-HOLD-0002,1040,data/CASIA-LM_ChineseWebText2.0_partial-001040.parquet,127052281,f46217246a2504d25769c0eebd8c3c1b8c2947a813eab75efdb9e29949724614,100000,1,1916,"{""九黎"": 6, ""共工"": 34, ""共工氏"": 3, ""后土"": 19, ""太昊"": 7, ""女娃"": 18, ""女娲"": 119, ""少昊"": 43, ""帝江"": 4, ""应龙"": 32, ""涿鹿"": 67, ""炎帝"": 37, ""神农"": 148, ""禹"": 658, ""精卫"": 48, ""蚩尤"": 95, ""轩辕"": 214, ""轩辕氏"": 3, ""雨师"": 3, ""颛顼"": 40, ""风伯"": 3, ""鲧"": 27, ""黄帝"": 288}"
GCI-HOLD-0002,1041,data/CASIA-LM_ChineseWebText2.0_partial-001041.parquet,126978610,c88dbae82b74d17c0e22a61a7c3f545925a2ef4f3562ed065f9b0458f72aa4fd,100000,1,1843,"{""九黎"": 18, ""共工"": 25, ""共工氏"": 1, ""后土"": 20, ""太昊"": 2, ""女娃"": 23, ""女娲"": 45, ""帝江"": 2, ""应龙"": 42, ""涿鹿"": 22, ""炎帝"": 24, ""神农"": 175, ""禹"": 767, ""精卫"": 28, ""蚩尤"": 43, ""轩辕"": 214, ""轩辕氏"": 11, ""阪泉"": 1, ""雨师"": 3, ""颛顼"": 37, ""风伯"": 1, ""鲧"": 2, ""黄帝"": 337}"
GCI-HOLD-0002,1042,data/CASIA-LM_ChineseWebText2.0_partial-001042.parquet,127427777,52cdbf6bf5d272f1a608d0fce26b2971fba14692cc791f76563cdfd4bb299ed2,100000,1,2308,"{""九黎"": 8, ""共工"": 42, ""共工氏"": 2, ""后土"": 20, ""太昊"": 9, ""太皞"": 5, ""女娃"": 18, ""女娲"": 101, ""少昊"": 30, ""少皞"": 18, ""帝鸿"": 2, ""帝鸿氏"": 1, ""应龙"": 12, ""榆罔"": 4, ""涿鹿"": 28, ""炎帝"": 57, ""神农"": 156, ""禹"": 968, ""精卫"": 33, ""缙云氏"": 2, ""蚩尤"": 43, ""赤帝"": 3, ""轩辕"": 263, ""轩辕氏"": 8, ""阪泉"": 2, ""雨师"": 3, ""颛顼"": 43, ""风伯"": 1, ""鲧"": 50, ""黄帝"": 376}"
GCI-HOLD-0002,1043,data/CASIA-LM_ChineseWebText2.0_partial-001043.parquet,126924086,82d0bc94c606540a966c43da1ec5340c8259789c875b3d5cb1e2c79a8c0fe4db,100000,1,2007,"{""九黎"": 3, ""共工"": 16, ""后土"": 26, ""太昊"": 2, ""女娃"": 29, ""女娲"": 53, ""少昊"": 10, ""帝江"": 14, ""帝鸿"": 2, ""应龙"": 30, ""有熊氏"": 10, ""涿鹿"": 24, ""炎帝"": 97, ""神农"": 225, ""禹"": 690, ""精卫"": 26, ""蚩尤"": 44, ""赤帝"": 1, ""轩辕"": 305, ""轩辕氏"": 15, ""阪泉"": 1, ""雨师"": 3, ""颛顼"": 29, ""风伯"": 1, ""鲧"": 7, ""黄帝"": 344}"
GCI-HOLD-0002,1044,data/CASIA-LM_ChineseWebText2.0_partial-001044.parquet,126989261,e9c96c27a190fe4e3494e0dbfb9cbda8a2457814da13eacb0a904d695998c83f,100000,1,1889,"{""九黎"": 4, ""共工"": 47, ""共工氏"": 12, ""后土"": 33, ""太昊"": 4, ""女娃"": 18, ""女娲"": 67, ""少昊"": 8, ""帝江"": 1, ""应龙"": 21, ""有熊氏"": 2, ""涿鹿"": 34, ""炎帝"": 65, ""神农"": 120, ""禹"": 654, ""精卫"": 33, ""蚩尤"": 73, ""赤帝"": 4, ""轩辕"": 222, ""轩辕氏"": 3, ""阪泉"": 7, ""雨师"": 15, ""颛顼"": 19, ""风伯"": 15, ""鲧"": 8, ""黄帝"": 400}"
GCI-HOLD-0002,1045,data/CASIA-LM_ChineseWebText2.0_partial-001045.parquet,127931651,423827398a3fa90a90c13a1da5c3bc6211f8e1056e0e8d601d1ea61a0c0c5318,100000,1,2140,"{""九黎"": 16, ""共工"": 15, ""句龙"": 1, ""后土"": 8, ""太昊"": 9, ""太皞"": 1, ""女娃"": 44, ""女娲"": 103, ""少昊"": 4, ""帝江"": 1, ""应龙"": 26, ""有熊氏"": 1, ""涿鹿"": 21, ""炎帝"": 57, ""神农"": 248, ""禹"": 816, ""精卫"": 27, ""蚩尤"": 137, ""赤帝"": 6, ""轩辕"": 186, ""轩辕氏"": 6, ""阪泉"": 3, ""雨师"": 16, ""颛顼"": 7, ""风伯"": 4, ""鲧"": 3, ""黄帝"": 374}"
GCI-HOLD-0002,1046,data/CASIA-LM_ChineseWebText2.0_partial-001046.parquet,127869409,7a2fe40245cfcb494ca34d91080d0f6d77641e8317bc824009cc403ef8e327d6,100000,1,2196,"{""九黎"": 34, ""共工"": 46, ""共工氏"": 7, ""句龙"": 1, ""后土"": 35, ""太昊"": 15, ""女娃"": 7, ""女娲"": 59, ""少昊"": 30, ""少皞"": 17, ""帝江"": 1, ""应龙"": 27, ""有熊氏"": 3, ""涿鹿"": 33, ""炎帝"": 81, ""神农"": 174, ""禹"": 713, ""精卫"": 20, ""蚩尤"": 103, ""赤帝"": 11, ""轩辕"": 267, ""轩辕氏"": 4, ""阪泉"": 4, ""雨师"": 19, ""颛顼"": 59, ""风伯"": 17, ""鲧"": 14, ""黄帝"": 393, ""黄帝氏"": 2}"
GCI-HOLD-0002,1047,data/CASIA-LM_ChineseWebText2.0_partial-001047.parquet,127273884,ab31dd0a84b8cdd9c814753d59ff9bcaf16a5de2ee93c9037ea443c1258921e0,100000,1,2125,"{""九黎"": 17, ""共工"": 86, ""共工氏"": 13, ""后土"": 41, ""太昊"": 6, ""女娃"": 28, ""女娲"": 119, ""少昊"": 6, ""少皞"": 4, ""帝江"": 4, ""帝鸿"": 1, ""应龙"": 15, ""有熊氏"": 4, ""涿鹿"": 27, ""炎帝"": 56, ""神农"": 187, ""禹"": 721, ""精卫"": 30, ""缙云氏"": 3, ""蚩尤"": 58, ""赤帝"": 2, ""轩辕"": 261, ""阪泉"": 3, ""雨师"": 6, ""颛顼"": 32, ""风伯"": 2, ""鲧"": 12, ""黄帝"": 381}"
GCI-HOLD-0002,1048,data/CASIA-LM_ChineseWebText2.0_partial-001048.parquet,127380359,95a0bec4d972853d7e170dd3901a6257ab40e275280f2c8f27ff34abaec7fac4,100000,1,2062,"{""九黎"": 34, ""共工"": 57, ""共工氏"": 7, ""后土"": 28, ""太昊"": 14, ""太皞"": 1, ""女娃"": 31, ""女娲"": 109, ""少昊"": 24, ""帝江"": 1, ""帝鸿"": 2, ""应龙"": 70, ""涿鹿"": 33, ""炎帝"": 48, ""神农"": 156, ""禹"": 665, ""精卫"": 43, ""蚩尤"": 105, ""赤帝"": 3, ""轩辕"": 208, ""轩辕氏"": 1, ""阪泉"": 3, ""雨师"": 8, ""颛顼"": 30, ""风伯"": 5, ""鲧"": 10, ""黄帝"": 366}"
GCI-HOLD-0002,1049,data/CASIA-LM_ChineseWebText2.0_partial-001049.parquet,126516834,159695f18dee10d3cac7a58dedaed9c5c6ee7301b5e8a035d91956c19cf9a62c,100000,1,2039,"{""九黎"": 5, ""共工"": 46, ""共工氏"": 1, ""后土"": 21, ""太昊"": 9, ""女娃"": 22, ""女娲"": 107, ""少昊"": 5, ""少皞"": 1, ""帝江"": 1, ""帝鸿"": 2, ""应龙"": 23, ""有熊氏"": 1, ""榆罔"": 14, ""涿鹿"": 42, ""炎帝"": 94, ""神农"": 178, ""禹"": 740, ""精卫"": 41, ""蚩尤"": 68, ""赤帝"": 7, ""轩辕"": 221, ""轩辕氏"": 19, ""阪泉"": 25, ""雨师"": 8, ""颛顼"": 33, ""风伯"": 2, ""鲧"": 10, ""黄帝"": 293}"
GCI-HOLD-0002,1050,data/CASIA-LM_ChineseWebText2.0_partial-001050.parquet,127346717,0ce9133db7c651ad06a6e7114869fad8be4816c895933930d1eccc3071f44af0,100000,1,1844,"{""九黎"": 10, ""共工"": 41, ""共工氏"": 4, ""后土"": 35, ""太昊"": 6, ""太皞"": 1, ""女娃"": 16, ""女娲"": 87, ""少昊"": 2, ""少皞"": 8, ""帝江"": 4, ""应龙"": 24, ""有熊氏"": 2, ""榆罔"": 1, ""涿鹿"": 16, ""炎帝"": 62, ""神农"": 187, ""禹"": 738, ""精卫"": 43, ""蚩尤"": 37, ""赤帝"": 1, ""轩辕"": 189, ""轩辕氏"": 6, ""阪泉"": 2, ""雨师"": 1, ""颛顼"": 20, ""风伯"": 1, ""鲧"": 7, ""黄帝"": 292, ""黄帝氏"": 1}"
GCI-HOLD-0002,1051,data/CASIA-LM_ChineseWebText2.0_partial-001051.parquet,127150929,b0a28e3104e456134e6699c411c605bd0f651d9315a9e0dfeab8faa573d8b76b,100000,1,2088,"{""九黎"": 14, ""共工"": 58, ""共工氏"": 18, ""句龙"": 2, ""后土"": 39, ""太昊"": 4, ""女娃"": 23, ""女娲"": 53, ""少昊"": 6, ""少皞"": 1, ""帝鸿"": 1, ""应龙"": 41, ""有熊氏"": 4, ""涿鹿"": 18, ""炎帝"": 55, ""神农"": 264, ""禹"": 759, ""精卫"": 30, ""蚩尤"": 44, ""赤帝"": 2, ""轩辕"": 266, ""轩辕氏"": 7, ""雨师"": 35, ""颛顼"": 35, ""风伯"": 4, ""鲧"": 10, ""黄帝"": 295}"
GCI-HOLD-0002,1052,data/CASIA-LM_ChineseWebText2.0_partial-001052.parquet,127247302,0d6a28879c335b9fa8f2943ca9e66980d871d1cb4304c17d54e2a089f2413d63,100000,1,2127,"{""九黎"": 7, ""共工"": 22, ""后土"": 16, ""太昊"": 5, ""太皞"": 2, ""女娃"": 11, ""女娲"": 87, ""少昊"": 2, ""少皞"": 2, ""帝江"": 14, ""帝鸿"": 1, ""帝鸿氏"": 1, ""应龙"": 32, ""有熊氏"": 3, ""榆罔"": 1, ""涿鹿"": 44, ""炎帝"": 73, ""神农"": 246, ""禹"": 905, ""精卫"": 51, ""蚩尤"": 47, ""赤帝"": 2, ""轩辕"": 169, ""轩辕氏"": 2, ""阪泉"": 9, ""雨师"": 28, ""颛顼"": 17, ""风伯"": 7, ""鲧"": 21, ""黄帝"": 300}"
GCI-HOLD-0002,1053,data/CASIA-LM_ChineseWebText2.0_partial-001053.parquet,127468107,c89286fb8368538369b0d1eecc7863d65acfe34ce997fa68b7d5c15b6da2ed29,100000,1,2208,"{""九黎"": 25, ""共工"": 69, ""共工氏"": 10, ""句龙"": 1, ""后土"": 24, ""太昊"": 9, ""太皞"": 2, ""女娃"": 18, ""女娲"": 82, ""少昊"": 16, ""少皞"": 3, ""帝江"": 2, ""帝鸿"": 7, ""帝鸿氏"": 3, ""应龙"": 27, ""榆罔"": 1, ""涿鹿"": 18, ""炎帝"": 116, ""神农"": 258, ""禹"": 691, ""精卫"": 31, ""缙云氏"": 4, ""蚩尤"": 58, ""赤帝"": 5, ""轩辕"": 249, ""阪泉"": 6, ""雨师"": 2, ""颛顼"": 35, ""风伯"": 3, ""鲧"": 11, ""黄帝"": 421, ""黄帝氏"": 1}"
GCI-HOLD-0002,1054,data/CASIA-LM_ChineseWebText2.0_partial-001054.parquet,127806965,e292f7b054374b445ceba601779b6fa7c3ce1c411759da1f2c0d7d21b717bca1,100000,1,2039,"{""九黎"": 16, ""共工"": 54, ""共工氏"": 4, ""句龙"": 5, ""后土"": 27, ""太昊"": 9, ""太皞"": 2, ""女娃"": 19, ""女娲"": 81, ""少昊"": 39, ""少皞"": 2, ""帝江"": 2, ""应龙"": 18, ""榆罔"": 10, ""涿鹿"": 16, ""炎帝"": 105, ""神农"": 226, ""禹"": 688, ""精卫"": 25, ""缙云氏"": 1, ""蚩尤"": 61, ""赤帝"": 7, ""轩辕"": 190, ""轩辕氏"": 4, ""阪泉"": 4, ""雨师"": 2, ""颛顼"": 38, ""风伯"": 2, ""鲧"": 26, ""黄帝"": 356}"
GCI-HOLD-0002,1055,data/CASIA-LM_ChineseWebText2.0_partial-001055.parquet,127015355,ad1a844a615a0c212fd4c6d086b5137377ecd3ee5788ee1d2349d0c8f5157587,100000,1,2045,"{""九黎"": 30, ""共工"": 18, ""句龙"": 1, ""后土"": 23, ""太昊"": 16, ""太皞"": 4, ""女娃"": 10, ""女娲"": 95, ""少昊"": 29, ""少皞"": 1, ""帝鸿"": 1, ""帝鸿氏"": 1, ""应龙"": 24, ""有熊氏"": 4, ""涿鹿"": 30, ""炎帝"": 65, ""神农"": 200, ""禹"": 661, ""精卫"": 23, ""缙云氏"": 1, ""蚩尤"": 129, ""赤帝"": 5, ""轩辕"": 322, ""轩辕氏"": 5, ""阪泉"": 2, ""雨师"": 8, ""颛顼"": 18, ""鲧"": 15, ""黄帝"": 304}"
GCI-HOLD-0002,1056,data/CASIA-LM_ChineseWebText2.0_partial-001056.parquet,126482513,659847eed3f58f32a017e1c7c91f8f4d9e4dd7b132d781364110ad2cfa1a407f,100000,1,2462,"{""九黎"": 20, ""共工"": 27, ""共工氏"": 2, ""后土"": 24, ""太昊"": 9, ""女娃"": 35, ""女娲"": 53, ""少昊"": 3, ""帝江"": 1, ""应龙"": 30, ""榆罔"": 28, ""涿鹿"": 28, ""炎帝"": 204, ""神农"": 304, ""禹"": 895, ""精卫"": 12, ""蚩尤"": 108, ""赤帝"": 7, ""轩辕"": 208, ""轩辕氏"": 24, ""阪泉"": 5, ""雨师"": 25, ""颛顼"": 21, ""风伯"": 3, ""鲧"": 7, ""黄帝"": 378, ""黄帝氏"": 1}"
GCI-HOLD-0002,1057,data/CASIA-LM_ChineseWebText2.0_partial-001057.parquet,127227716,b76f2cb26525ee570ccd5f72876877a083be701bd57c1c1248c5979ad10d1f50,100000,1,2189,"{""九黎"": 12, ""共工"": 25, ""共工氏"": 2, ""句龙"": 1, ""后土"": 24, ""太昊"": 4, ""女娃"": 21, ""女娲"": 73, ""少昊"": 18, ""帝江"": 3, ""帝鸿"": 1, ""帝鸿氏"": 1, ""应龙"": 34, ""有熊氏"": 5, ""涿鹿"": 11, ""炎帝"": 41, ""神农"": 143, ""禹"": 782, ""精卫"": 34, ""缙云氏"": 3, ""蚩尤"": 71, ""赤帝"": 3, ""轩辕"": 465, ""轩辕氏"": 7, ""阪泉"": 3, ""雨师"": 2, ""颛顼"": 31, ""鲧"": 28, ""黄帝"": 340, ""黄帝氏"": 1}"
GCI-HOLD-0002,1058,data/CASIA-LM_ChineseWebText2.0_partial-001058.parquet,127122007,9d9a217c2dd960f28fc9daed033f3c626f5c206c9e9261f26251135bf2184eb5,100000,1,2250,"{""九黎"": 11, ""共工"": 41, ""共工氏"": 6, ""句龙"": 1, ""后土"": 27, ""太昊"": 10, ""太皞"": 1, ""女娃"": 32, ""女娲"": 120, ""少昊"": 18, ""帝江"": 14, ""应龙"": 11, ""有熊氏"": 1, ""榆罔"": 1, ""涿鹿"": 11, ""炎帝"": 74, ""神农"": 181, ""禹"": 763, ""精卫"": 46, ""缙云氏"": 1, ""蚩尤"": 116, ""赤帝"": 5, ""轩辕"": 307, ""轩辕氏"": 7, ""阪泉"": 2, ""雨师"": 2, ""颛顼"": 43, ""风伯"": 3, ""鲧"": 49, ""黄帝"": 345, ""黄帝氏"": 1}"
GCI-HOLD-0002,1059,data/CASIA-LM_ChineseWebText2.0_partial-001059.parquet,126898920,f678fad2e1e6c23a4a7e71653f6f65f1319479135a3af740cb734867ac0dfffd,100000,1,2017,"{""九黎"": 15, ""共工"": 15, ""后土"": 29, ""太昊"": 7, ""女娃"": 11, ""女娲"": 66, ""少昊"": 36, ""帝江"": 1, ""应龙"": 27, ""有熊氏"": 6, ""涿鹿"": 20, ""炎帝"": 62, ""神农"": 218, ""禹"": 762, ""精卫"": 54, ""蚩尤"": 96, ""赤帝"": 1, ""轩辕"": 181, ""轩辕氏"": 4, ""阪泉"": 1, ""雨师"": 9, ""颛顼"": 23, ""风伯"": 37, ""鲧"": 7, ""黄帝"": 329}"
GCI-HOLD-0002,1060,data/CASIA-LM_ChineseWebText2.0_partial-001060.parquet,127186743,5b19fbd7c82e7403f1f636b771fd45a47d1ad8584091cb5e3f74249d88343796,100000,1,2093,"{""九黎"": 23, ""共工"": 22, ""句龙"": 1, ""后土"": 42, ""太昊"": 14, ""女娃"": 8, ""女娲"": 76, ""少昊"": 10, ""帝江"": 1, ""帝鸿"": 1, ""应龙"": 32, ""有熊氏"": 3, ""涿鹿"": 23, ""炎帝"": 40, ""神农"": 172, ""禹"": 832, ""精卫"": 28, ""蚩尤"": 82, ""轩辕"": 267, ""轩辕氏"": 5, ""阪泉"": 2, ""雨师"": 10, ""颛顼"": 37, ""风伯"": 14, ""鲧"": 11, ""黄帝"": 336, ""黄帝氏"": 1}"
GCI-HOLD-0002,1061,data/CASIA-LM_ChineseWebText2.0_partial-001061.parquet,143808518,cc8fe8d2b595d8c46bb5e4d7dea61756cb8cee7d8ec90023b484fe71a13d34bb,100000,1,2154,"{""九黎"": 14, ""共工"": 29, ""共工氏"": 1, ""后土"": 22, ""太昊"": 21, ""女娃"": 26, ""女娲"": 103, ""少昊"": 10, ""帝江"": 7, ""帝鸿"": 4, ""帝鸿氏"": 1, ""应龙"": 38, ""有熊氏"": 1, ""涿鹿"": 25, ""炎帝"": 69, ""神农"": 280, ""禹"": 769, ""精卫"": 44, ""缙云氏"": 3, ""蚩尤"": 57, ""赤帝"": 3, ""轩辕"": 265, ""轩辕氏"": 4, ""雨师"": 10, ""颛顼"": 20, ""风伯"": 4, ""鲧"": 10, ""黄帝"": 314}"
GCI-HOLD-0002,1062,data/CASIA-LM_ChineseWebText2.0_partial-001062.parquet,154716888,dbee21064243e07bd8195ca57f59e6e021f75307f37c727b0f1531054bd6fbbb,100000,1,1994,"{""九黎"": 22, ""共工"": 16, ""句龙"": 1, ""后土"": 22, ""太昊"": 27, ""女娃"": 23, ""女娲"": 123, ""少昊"": 6, ""帝江"": 5, ""应龙"": 41, ""有熊氏"": 2, ""涿鹿"": 16, ""炎帝"": 65, ""神农"": 167, ""禹"": 720, ""精卫"": 27, ""蚩尤"": 42, ""赤帝"": 5, ""轩辕"": 368, ""轩辕氏"": 5, ""阪泉"": 6, ""雨师"": 4, ""颛顼"": 11, ""风伯"": 2, ""鲧"": 7, ""黄帝"": 261}"
GCI-HOLD-0002,1063,data/CASIA-LM_ChineseWebText2.0_partial-001063.parquet,152984875,1151f626532d7ade9e94a7e4d9715c1caf1a298798da8c945bcb21274d46acf8,100000,1,1839,"{""九黎"": 21, ""共工"": 29, ""共工氏"": 3, ""后土"": 61, ""太昊"": 2, ""女娃"": 28, ""女娲"": 73, ""少昊"": 4, ""帝江"": 31, ""应龙"": 29, ""涿鹿"": 6, ""炎帝"": 28, ""神农"": 168, ""禹"": 751, ""精卫"": 55, ""蚩尤"": 33, ""赤帝"": 1, ""轩辕"": 298, ""阪泉"": 3, ""雨师"": 4, ""颛顼"": 5, ""风伯"": 4, ""鲧"": 18, ""黄帝"": 184}"
GCI-HOLD-0002,1064,data/CASIA-LM_ChineseWebText2.0_partial-001064.parquet,153525558,9dc51285c0ad056a4e3c7d26d478e1c729c215eb3193a941c7c377a03a9e3a0f,100000,1,2163,"{""九黎"": 65, ""共工"": 30, ""共工氏"": 1, ""后土"": 27, ""太昊"": 8, ""女娃"": 34, ""女娲"": 129, ""少昊"": 11, ""少皞"": 1, ""帝江"": 3, ""帝鸿"": 1, ""应龙"": 44, ""有熊氏"": 1, ""涿鹿"": 10, ""炎帝"": 92, ""神农"": 187, ""禹"": 756, ""精卫"": 59, ""蚩尤"": 67, ""赤帝"": 4, ""轩辕"": 311, ""雨师"": 13, ""颛顼"": 16, ""风伯"": 10, ""鲧"": 6, ""黄帝"": 277}"
GCI-HOLD-0002,1065,data/CASIA-LM_ChineseWebText2.0_partial-001065.parquet,154484049,477d80476fc0ae0fdbda3dcad1dcfe55363cfb58976fa4d15e2cb40c7ee802b8,100000,1,1994,"{""九黎"": 14, ""共工"": 28, ""共工氏"": 1, ""后土"": 42, ""太昊"": 20, ""太皞"": 3, ""女娃"": 20, ""女娲"": 102, ""少昊"": 35, ""少皞"": 6, ""帝江"": 5, ""应龙"": 39, ""涿鹿"": 20, ""炎帝"": 52, ""神农"": 136, ""禹"": 894, ""精卫"": 23, ""蚩尤"": 50, ""赤帝"": 4, ""轩辕"": 266, ""轩辕氏"": 4, ""阪泉"": 1, ""雨师"": 12, ""颛顼"": 12, ""风伯"": 1, ""鲧"": 9, ""黄帝"": 195}"
GCI-HOLD-0002,1066,data/CASIA-LM_ChineseWebText2.0_partial-001066.parquet,154069629,08d843832f22e36c1f315994a5eb9e024216a8dec7eaa546f62fcf9ef16e63f4,100000,1,1971,"{""九黎"": 17, ""共工"": 30, ""共工氏"": 14, ""句龙"": 1, ""后土"": 21, ""太昊"": 23, ""太皞"": 1, ""女娃"": 41, ""女娲"": 123, ""少昊"": 6, ""少皞"": 2, ""帝江"": 6, ""应龙"": 23, ""有熊氏"": 1, ""榆罔"": 5, ""涿鹿"": 23, ""炎帝"": 97, ""神农"": 184, ""禹"": 639, ""精卫"": 21, ""蚩尤"": 63, ""赤帝"": 4, ""轩辕"": 337, ""轩辕氏"": 2, ""阪泉"": 6, ""雨师"": 2, ""颛顼"": 9, ""风伯"": 1, ""鲧"": 8, ""黄帝"": 260, ""黄帝氏"": 1}"
GCI-HOLD-0002,1067,data/CASIA-LM_ChineseWebText2.0_partial-001067.parquet,154463453,0b9e0b51975377e020e90be2ff0a91c12a5a43d7f5639ca8dc1317bf0c693491,100000,1,2103,"{""九黎"": 9, ""共工"": 22, ""后土"": 23, ""太昊"": 8, ""太皞"": 1, ""女娃"": 47, ""女娲"": 122, ""少昊"": 10, ""帝江"": 5, ""应龙"": 83, ""有熊氏"": 1, ""涿鹿"": 27, ""炎帝"": 54, ""神农"": 191, ""禹"": 655, ""精卫"": 63, ""缙云氏"": 1, ""蚩尤"": 128, ""赤帝"": 2, ""轩辕"": 359, ""轩辕氏"": 1, ""阪泉"": 1, ""雨师"": 6, ""颛顼"": 17, ""风伯"": 2, ""鲧"": 15, ""黄帝"": 250}"
GCI-HOLD-0002,1068,data/CASIA-LM_ChineseWebText2.0_partial-001068.parquet,152835655,e95445c7ba2160629fe35f09042176428cfb172fe4ed042cd4a5203dbd89ea5e,100000,1,2224,"{""九黎"": 45, ""共工"": 16, ""句龙"": 1, ""后土"": 30, ""太昊"": 10, ""女娃"": 33, ""女娲"": 227, ""少昊"": 16, ""少皞"": 1, ""帝江"": 25, ""应龙"": 36, ""有熊氏"": 1, ""涿鹿"": 7, ""炎帝"": 39, ""神农"": 160, ""禹"": 792, ""精卫"": 36, ""蚩尤"": 78, ""赤帝"": 8, ""轩辕"": 440, ""轩辕氏"": 6, ""阪泉"": 1, ""雨师"": 8, ""颛顼"": 6, ""风伯"": 8, ""鲧"": 15, ""黄帝"": 179}"
GCI-HOLD-0002,1069,data/CASIA-LM_ChineseWebText2.0_partial-001069.parquet,153401792,80fa87a189ea4c9390214a3b3195197297d446ff3fe5dec89e1d7baa758ea18d,100000,1,1749,"{""九黎"": 11, ""共工"": 19, ""后土"": 30, ""太昊"": 6, ""太皞"": 1, ""女娃"": 28, ""女娲"": 123, ""少昊"": 2, ""少皞"": 2, ""帝江"": 6, ""帝鸿"": 2, ""帝鸿氏"": 2, ""应龙"": 35, ""涿鹿"": 33, ""炎帝"": 48, ""神农"": 166, ""禹"": 637, ""精卫"": 52, ""缙云氏"": 3, ""蚩尤"": 54, ""赤帝"": 4, ""轩辕"": 258, ""轩辕氏"": 5, ""阪泉"": 3, ""雨师"": 7, ""颛顼"": 8, ""风伯"": 13, ""鲧"": 9, ""黄帝"": 182}"
GCI-HOLD-0002,1070,data/CASIA-LM_ChineseWebText2.0_partial-001070.parquet,154443623,f382a512f47374bcad9f9f0a6ea5f1aa74595079d8ba18fdc7a585b42e7b1bad,100000,1,1901,"{""九黎"": 31, ""共工"": 30, ""共工氏"": 3, ""后土"": 72, ""太昊"": 29, ""女娃"": 37, ""女娲"": 113, ""少昊"": 13, ""帝江"": 15, ""帝鸿"": 1, ""应龙"": 25, ""涿鹿"": 14, ""炎帝"": 39, ""神农"": 139, ""禹"": 629, ""精卫"": 47, ""蚩尤"": 92, ""赤帝"": 7, ""轩辕"": 301, ""轩辕氏"": 3, ""阪泉"": 2, ""雨师"": 13, ""颛顼"": 18, ""风伯"": 6, ""鲧"": 34, ""黄帝"": 188}"
GCI-HOLD-0002,1071,data/CASIA-LM_ChineseWebText2.0_partial-001071.parquet,154042007,d7ff71bf8bdff7f4a94aa818b29cce0bc7a2b8e0612462f15d4f7b298e1855f0,100000,1,1681,"{""九黎"": 7, ""共工"": 20, ""后土"": 61, ""太昊"": 4, ""女娃"": 25, ""女娲"": 92, ""少昊"": 4, ""帝江"": 7, ""应龙"": 22, ""有熊氏"": 3, ""涿鹿"": 5, ""炎帝"": 52, ""神农"": 120, ""禹"": 660, ""精卫"": 28, ""蚩尤"": 23, ""赤帝"": 1, ""轩辕"": 370, ""轩辕氏"": 7, ""阪泉"": 12, ""雨师"": 4, ""颛顼"": 7, ""风伯"": 4, ""鲧"": 1, ""黄帝"": 142}"
GCI-HOLD-0002,1072,data/CASIA-LM_ChineseWebText2.0_partial-001072.parquet,153688012,242e52e69a5b45dc8638a764f2d56179af81c92888e1cefae9f9370b1d6e5f38,100000,1,1715,"{""九黎"": 28, ""共工"": 14, ""后土"": 22, ""太昊"": 7, ""女娃"": 29, ""女娲"": 116, ""少昊"": 6, ""帝江"": 4, ""应龙"": 70, ""涿鹿"": 11, ""炎帝"": 58, ""神农"": 110, ""禹"": 680, ""精卫"": 23, ""蚩尤"": 24, ""赤帝"": 7, ""轩辕"": 321, ""阪泉"": 1, ""雨师"": 4, ""颛顼"": 22, ""风伯"": 2, ""黄帝"": 156}"
GCI-HOLD-0002,1073,data/CASIA-LM_ChineseWebText2.0_partial-001073.parquet,154573934,40caa96a073f6bdb923b6c45a2cb989d3552e9acb27a6befb633b2a15cc3142c,100000,1,1904,"{""九黎"": 42, ""共工"": 20, ""共工氏"": 2, ""后土"": 28, ""太昊"": 9, ""太皞"": 1, ""女娃"": 31, ""女娲"": 124, ""少昊"": 12, ""少皞"": 1, ""帝江"": 2, ""帝鸿"": 1, ""帝鸿氏"": 1, ""应龙"": 31, ""涿鹿"": 18, ""炎帝"": 55, ""神农"": 153, ""禹"": 720, ""精卫"": 32, ""缙云氏"": 1, ""蚩尤"": 78, ""赤帝"": 2, ""轩辕"": 295, ""轩辕氏"": 3, ""阪泉"": 5, ""雨师"": 4, ""颛顼"": 10, ""风伯"": 4, ""鲧"": 17, ""黄帝"": 202}"
GCI-HOLD-0002,1074,data/CASIA-LM_ChineseWebText2.0_partial-001074.parquet,154220747,16ce0c9b11631417c868f88826e8fe4963c66e6269f1c33d3a41ddb0338f583b,100000,1,1923,"{""九黎"": 23, ""共工"": 27, ""后土"": 25, ""太昊"": 11, ""太皞"": 1, ""女娃"": 31, ""女娲"": 122, ""少昊"": 16, ""少皞"": 1, ""帝江"": 11, ""帝鸿"": 2, ""应龙"": 42, ""有熊氏"": 1, ""涿鹿"": 8, ""炎帝"": 95, ""神农"": 190, ""禹"": 744, ""精卫"": 24, ""缙云氏"": 1, ""蚩尤"": 31, ""赤帝"": 6, ""轩辕"": 261, ""轩辕氏"": 2, ""雨师"": 7, ""颛顼"": 22, ""风伯"": 6, ""鲧"": 9, ""黄帝"": 204}"
GCI-HOLD-0002,1075,data/CASIA-LM_ChineseWebText2.0_partial-001075.parquet,153834242,544fd0e167b521b45ab4100e062ae24917f5dd3fd2e7064279d6d73341e9c4fe,100000,1,2166,"{""九黎"": 24, ""共工"": 22, ""共工氏"": 6, ""后土"": 23, ""太昊"": 6, ""太皞"": 1, ""女娃"": 31, ""女娲"": 230, ""少昊"": 5, ""帝江"": 13, ""应龙"": 26, ""榆罔"": 2, ""涿鹿"": 20, ""炎帝"": 67, ""神农"": 166, ""禹"": 812, ""精卫"": 40, ""蚩尤"": 72, ""赤帝"": 1, ""轩辕"": 367, ""轩辕氏"": 7, ""阪泉"": 3, ""雨师"": 7, ""颛顼"": 9, ""风伯"": 4, ""鲧"": 13, ""黄帝"": 189}"
GCI-HOLD-0002,1076,data/CASIA-LM_ChineseWebText2.0_partial-001076.parquet,153414966,b5df52de61d34748efc47b035089a7bbfffa0a58658225940d352165c1a7d63c,100000,1,1977,"{""九黎"": 42, ""共工"": 25, ""共工氏"": 1, ""句龙"": 1, ""后土"": 18, ""太昊"": 4, ""女娃"": 15, ""女娲"": 92, ""少昊"": 9, ""帝江"": 3, ""帝鸿"": 1, ""应龙"": 44, ""有熊氏"": 2, ""涿鹿"": 10, ""炎帝"": 70, ""神农"": 155, ""禹"": 629, ""精卫"": 29, ""蚩尤"": 82, ""赤帝"": 3, ""轩辕"": 432, ""轩辕氏"": 1, ""阪泉"": 2, ""雨师"": 15, ""颛顼"": 3, ""风伯"": 4, ""鲧"": 31, ""黄帝"": 254}"
GCI-HOLD-0002,1077,data/CASIA-LM_ChineseWebText2.0_partial-001077.parquet,153440793,bcccf37517a815eb042378fa0e457d5877459282bc60d50b891c23a5e48b3933,100000,1,1967,"{""九黎"": 45, ""共工"": 31, ""共工氏"": 2, ""后土"": 30, ""太昊"": 7, ""女娃"": 24, ""女娲"": 158, ""少昊"": 35, ""帝江"": 6, ""帝鸿"": 5, ""应龙"": 80, ""涿鹿"": 7, ""炎帝"": 45, ""神农"": 142, ""禹"": 763, ""精卫"": 22, ""蚩尤"": 33, ""赤帝"": 8, ""轩辕"": 263, ""轩辕氏"": 4, ""雨师"": 8, ""颛顼"": 35, ""风伯"": 8, ""鲧"": 6, ""黄帝"": 200}"
GCI-HOLD-0002,1078,data/CASIA-LM_ChineseWebText2.0_partial-001078.parquet,153995907,2b373251e7d10badc6a91b7a37861343ef0d139d3d57cbbb39ab220e3c276ffa,100000,1,1861,"{""九黎"": 26, ""共工"": 17, ""共工氏"": 1, ""后土"": 17, ""太昊"": 26, ""太皞"": 4, ""女娃"": 30, ""女娲"": 93, ""少昊"": 5, ""帝江"": 13, ""应龙"": 47, ""榆罔"": 1, ""涿鹿"": 35, ""炎帝"": 84, ""神农"": 149, ""禹"": 617, ""精卫"": 12, ""缙云氏"": 1, ""蚩尤"": 80, ""轩辕"": 409, ""轩辕氏"": 1, ""阪泉"": 1, ""雨师"": 6, ""颛顼"": 10, ""风伯"": 7, ""鲧"": 1, ""黄帝"": 168}"
GCI-HOLD-0002,1079,data/CASIA-LM_ChineseWebText2.0_partial-001079.parquet,153679217,ed836b88965449d6390cc7e16b98b6d66bbae553ab4a1035b7b7359f61c69995,100000,1,1988,"{""九黎"": 12, ""共工"": 27, ""后土"": 27, ""太昊"": 7, ""女娃"": 27, ""女娲"": 137, ""少昊"": 2, ""帝江"": 7, ""帝鸿"": 3, ""帝鸿氏"": 3, ""应龙"": 87, ""有熊氏"": 2, ""榆罔"": 3, ""涿鹿"": 16, ""炎帝"": 76, ""神农"": 104, ""禹"": 785, ""精卫"": 21, ""蚩尤"": 80, ""赤帝"": 5, ""轩辕"": 284, ""轩辕氏"": 2, ""阪泉"": 4, ""颛顼"": 22, ""风伯"": 1, ""鲧"": 7, ""黄帝"": 237}"
GCI-HOLD-0002,1080,data/CASIA-LM_ChineseWebText2.0_partial-001080.parquet,153721066,e295d14d889667e8e95b37e690b683f717684aec7ff2503bbb01ad5b33ba3a2f,100000,1,2239,"{""九黎"": 35, ""共工"": 28, ""后土"": 27, ""太昊"": 15, ""太皞"": 1, ""女娃"": 38, ""女娲"": 136, ""少昊"": 9, ""帝鸿"": 2, ""帝鸿氏"": 1, ""应龙"": 42, ""有熊氏"": 7, ""涿鹿"": 41, ""炎帝"": 75, ""神农"": 153, ""禹"": 685, ""精卫"": 20, ""蚩尤"": 142, ""赤帝"": 1, ""轩辕"": 423, ""轩辕氏"": 31, ""阪泉"": 4, ""雨师"": 10, ""颛顼"": 18, ""风伯"": 8, ""鲧"": 32, ""黄帝"": 255}"
GCI-HOLD-0002,1081,data/CASIA-LM_ChineseWebText2.0_partial-001081.parquet,153206321,b929b52926509f85afaf8c55a267e0617f3a59b31ee88537f15cdaa35c9c1bca,100000,1,1945,"{""九黎"": 12, ""共工"": 19, ""共工氏"": 1, ""句龙"": 1, ""后土"": 42, ""太昊"": 8, ""女娃"": 37, ""女娲"": 137, ""少昊"": 5, ""帝江"": 21, ""应龙"": 19, ""榆罔"": 1, ""涿鹿"": 15, ""炎帝"": 125, ""神农"": 179, ""禹"": 695, ""精卫"": 64, ""蚩尤"": 56, ""赤帝"": 12, ""轩辕"": 273, ""轩辕氏"": 1, ""阪泉"": 4, ""雨师"": 3, ""颛顼"": 13, ""风伯"": 9, ""鲧"": 19, ""黄帝"": 174}"
GCI-HOLD-0002,1082,data/CASIA-LM_ChineseWebText2.0_partial-001082.parquet,154165686,8eac65dc178eb402bd18c5ce4eecd8323be8f9dd1f230c6033a7d70d044f995d,100000,1,1890,"{""九黎"": 26, ""共工"": 19, ""共工氏"": 3, ""后土"": 53, ""太昊"": 16, ""女娃"": 36, ""女娲"": 152, ""少昊"": 5, ""少皞"": 1, ""帝江"": 8, ""帝鸿"": 1, ""应龙"": 67, ""有熊氏"": 1, ""涿鹿"": 14, ""炎帝"": 57, ""神农"": 148, ""禹"": 711, ""精卫"": 15, ""缙云氏"": 2, ""蚩尤"": 74, ""赤帝"": 3, ""轩辕"": 244, ""阪泉"": 3, ""雨师"": 15, ""颛顼"": 7, ""风伯"": 3, ""鲧"": 10, ""黄帝"": 196}"
GCI-HOLD-0002,1083,data/CASIA-LM_ChineseWebText2.0_partial-001083.parquet,153558032,0c60e4fce71d35f2d7d6dc61aaf252a009eb106ecfb77eeed287f90a0138f791,100000,1,2169,"{""九黎"": 14, ""共工"": 20, ""后土"": 26, ""太昊"": 6, ""女娃"": 50, ""女娲"": 190, ""少昊"": 9, ""帝江"": 1, ""帝鸿"": 2, ""应龙"": 38, ""有熊氏"": 4, ""榆罔"": 25, ""涿鹿"": 3, ""炎帝"": 76, ""神农"": 257, ""禹"": 726, ""精卫"": 59, ""缙云氏"": 1, ""蚩尤"": 37, ""赤帝"": 12, ""轩辕"": 368, ""轩辕氏"": 1, ""阪泉"": 1, ""雨师"": 9, ""颛顼"": 12, ""风伯"": 5, ""鲧"": 3, ""黄帝"": 214}"
GCI-HOLD-0002,1084,data/CASIA-LM_ChineseWebText2.0_partial-001084.parquet,154597059,60678946bce3fb401d82463a9ffe36038934e886fdac24aa551027af1a4f6726,100000,1,1844,"{""九黎"": 5, ""共工"": 23, ""共工氏"": 2, ""后土"": 29, ""太昊"": 2, ""女娃"": 39, ""女娲"": 125, ""少昊"": 8, ""帝江"": 4, ""应龙"": 68, ""涿鹿"": 8, ""炎帝"": 75, ""神农"": 159, ""禹"": 709, ""精卫"": 33, ""缙云氏"": 1, ""蚩尤"": 61, ""赤帝"": 13, ""轩辕"": 241, ""轩辕氏"": 5, ""阪泉"": 2, ""雨师"": 12, ""颛顼"": 8, ""风伯"": 7, ""鲧"": 5, ""黄帝"": 200}"
GCI-HOLD-0002,1085,data/CASIA-LM_ChineseWebText2.0_partial-001085.parquet,153708632,af20c9f7a02b589a56f842926bdc5a79e1a64d5315076830bc59e5745bf2ffbd,100000,1,1932,"{""九黎"": 18, ""共工"": 63, ""共工氏"": 4, ""后土"": 37, ""女娃"": 43, ""女娲"": 113, ""少昊"": 5, ""少皞"": 1, ""帝江"": 4, ""应龙"": 38, ""涿鹿"": 17, ""炎帝"": 41, ""神农"": 162, ""禹"": 759, ""精卫"": 14, ""蚩尤"": 108, ""赤帝"": 3, ""轩辕"": 251, ""轩辕氏"": 3, ""阪泉"": 2, ""雨师"": 5, ""颛顼"": 18, ""风伯"": 2, ""鲧"": 15, ""黄帝"": 206}"
GCI-HOLD-0002,1086,data/CASIA-LM_ChineseWebText2.0_partial-001086.parquet,153991215,9de7be773e2b78b725d2482e95c7cb57036565b67acc03452bd8369fe148e8a4,100000,1,1847,"{""九黎"": 12, ""共工"": 34, ""共工氏"": 10, ""句龙"": 4, ""后土"": 53, ""太昊"": 23, ""女娃"": 28, ""女娲"": 124, ""少昊"": 16, ""少皞"": 1, ""帝江"": 12, ""帝鸿"": 3, ""帝鸿氏"": 1, ""应龙"": 36, ""涿鹿"": 17, ""炎帝"": 102, ""神农"": 196, ""禹"": 678, ""精卫"": 31, ""蚩尤"": 46, ""赤帝"": 3, ""轩辕"": 225, ""轩辕氏"": 1, ""阪泉"": 1, ""雨师"": 7, ""颛顼"": 32, ""风伯"": 6, ""鲧"": 6, ""黄帝"": 139}"
GCI-HOLD-0002,1087,data/CASIA-LM_ChineseWebText2.0_partial-001087.parquet,153547880,4abdd1ca6c247e920cbea9adc1b7ca39badc555ebf3aba3626ecae63fd94cd77,100000,1,1915,"{""九黎"": 5, ""共工"": 17, ""句龙"": 1, ""后土"": 33, ""太昊"": 13, ""太皞"": 1, ""女娃"": 38, ""女娲"": 137, ""少昊"": 13, ""帝江"": 6, ""帝鸿"": 4, ""应龙"": 39, ""有熊氏"": 1, ""涿鹿"": 23, ""炎帝"": 48, ""神农"": 189, ""禹"": 623, ""精卫"": 24, ""蚩尤"": 87, ""赤帝"": 8, ""轩辕"": 304, ""轩辕氏"": 2, ""阪泉"": 6, ""雨师"": 8, ""颛顼"": 34, ""风伯"": 6, ""鲧"": 23, ""黄帝"": 221, ""黄帝氏"": 1}"
GCI-HOLD-0002,1088,data/CASIA-LM_ChineseWebText2.0_partial-001088.parquet,154893102,8a633a731f17d3c3746234057edb39f203da3ed887cad8751f4792bf69edcf7e,100000,1,2179,"{""九黎"": 41, ""共工"": 14, ""共工氏"": 2, ""后土"": 28, ""太昊"": 3, ""太皞"": 2, ""女娃"": 38, ""女娲"": 121, ""少昊"": 1, ""少皞"": 1, ""帝江"": 10, ""帝鸿"": 6, ""应龙"": 33, ""有熊氏"": 1, ""涿鹿"": 11, ""炎帝"": 121, ""神农"": 187, ""禹"": 660, ""精卫"": 20, ""缙云氏"": 1, ""蚩尤"": 134, ""赤帝"": 3, ""轩辕"": 357, ""轩辕氏"": 7, ""阪泉"": 1, ""雨师"": 3, ""颛顼"": 38, ""风伯"": 3, ""鲧"": 16, ""黄帝"": 315, ""黄帝氏"": 1}"
GCI-HOLD-0002,1089,data/CASIA-LM_ChineseWebText2.0_partial-001089.parquet,152879076,1091a5c3b031d84a831be96bdb8c11ab8e586b962238828c5cf5d8f50eda7c88,100000,1,1756,"{""九黎"": 9, ""共工"": 24, ""共工氏"": 1, ""后土"": 20, ""太昊"": 4, ""女娃"": 26, ""女娲"": 141, ""少昊"": 15, ""帝江"": 7, ""帝鸿"": 1, ""应龙"": 55, ""涿鹿"": 19, ""炎帝"": 44, ""神农"": 175, ""禹"": 585, ""精卫"": 58, ""蚩尤"": 38, ""赤帝"": 1, ""轩辕"": 327, ""轩辕氏"": 3, ""阪泉"": 1, ""雨师"": 6, ""颛顼"": 7, ""风伯"": 3, ""鲧"": 16, ""黄帝"": 170}"
GCI-HOLD-0002,1090,data/CASIA-LM_ChineseWebText2.0_partial-001090.parquet,154052818,a38f7c4c573da817c902bab6e70e208048e32a177b91de60be90c92963dc206f,100000,1,1937,"{""九黎"": 35, ""共工"": 32, ""后土"": 44, ""太昊"": 9, ""女娃"": 25, ""女娲"": 103, ""少昊"": 18, ""帝江"": 11, ""帝鸿"": 3, ""帝鸿氏"": 2, ""应龙"": 37, ""涿鹿"": 24, ""炎帝"": 51, ""神农"": 140, ""禹"": 804, ""精卫"": 43, ""缙云氏"": 2, ""蚩尤"": 58, ""赤帝"": 5, ""轩辕"": 285, ""轩辕氏"": 1, ""阪泉"": 2, ""雨师"": 9, ""颛顼"": 3, ""风伯"": 2, ""鲧"": 13, ""黄帝"": 175, ""黄帝氏"": 1}"
GCI-HOLD-0002,1091,data/CASIA-LM_ChineseWebText2.0_partial-001091.parquet,154509245,4bfad91c7a30321b3696e3331d1c0af90ed91c27f985648b363c2492f66cfac5,100000,1,1989,"{""九黎"": 33, ""共工"": 23, ""共工氏"": 2, ""后土"": 40, ""太昊"": 3, ""女娃"": 23, ""女娲"": 145, ""少昊"": 2, ""帝江"": 13, ""应龙"": 32, ""涿鹿"": 23, ""炎帝"": 47, ""神农"": 176, ""禹"": 834, ""精卫"": 19, ""蚩尤"": 56, ""赤帝"": 2, ""轩辕"": 272, ""轩辕氏"": 4, ""阪泉"": 2, ""雨师"": 16, ""颛顼"": 13, ""风伯"": 4, ""鲧"": 2, ""黄帝"": 203}"
GCI-HOLD-0002,1092,data/CASIA-LM_ChineseWebText2.0_partial-001092.parquet,153444532,2c117e07556b11fd76830cde2f99c92e77f11b24e8aa70ce603e2d04e0a2d9d5,100000,1,1785,"{""九黎"": 24, ""共工"": 31, ""后土"": 63, ""太昊"": 4, ""女娃"": 44, ""女娲"": 86, ""少昊"": 1, ""帝江"": 5, ""帝鸿"": 14, ""应龙"": 54, ""有熊氏"": 10, ""涿鹿"": 17, ""炎帝"": 45, ""神农"": 126, ""禹"": 718, ""精卫"": 29, ""蚩尤"": 68, ""赤帝"": 1, ""轩辕"": 255, ""轩辕氏"": 4, ""阪泉"": 2, ""雨师"": 3, ""颛顼"": 3, ""风伯"": 2, ""鲧"": 6, ""黄帝"": 170}"
GCI-HOLD-0002,1093,data/CASIA-LM_ChineseWebText2.0_partial-001093.parquet,153700146,d34543fcd2f95ec9a1894f9b3d0e38c4eb0be95778dc7ce3004b5767fcae79f8,100000,1,1669,"{""九黎"": 53, ""共工"": 18, ""句龙"": 1, ""后土"": 48, ""太昊"": 4, ""太皞"": 1, ""女娃"": 21, ""女娲"": 149, ""少昊"": 16, ""少皞"": 3, ""帝江"": 12, ""帝鸿"": 2, ""帝鸿氏"": 2, ""应龙"": 24, ""有熊氏"": 2, ""涿鹿"": 13, ""炎帝"": 19, ""神农"": 109, ""禹"": 574, ""精卫"": 15, ""缙云氏"": 6, ""蚩尤"": 43, ""赤帝"": 5, ""轩辕"": 277, ""轩辕氏"": 2, ""雨师"": 15, ""颛顼"": 19, ""风伯"": 1, ""鲧"": 7, ""黄帝"": 208}"
GCI-HOLD-0002,1094,data/CASIA-LM_ChineseWebText2.0_partial-001094.parquet,153977607,46dbb905bb7004b00cd6605b84db68793411ebdbe17eedddf9a385a6d81ab48e,100000,1,2082,"{""九黎"": 19, ""共工"": 27, ""共工氏"": 1, ""后土"": 25, ""太昊"": 20, ""女娃"": 79, ""女娲"": 130, ""少昊"": 3, ""帝江"": 10, ""帝鸿"": 4, ""应龙"": 58, ""有熊氏"": 2, ""涿鹿"": 14, ""炎帝"": 73, ""神农"": 176, ""禹"": 816, ""精卫"": 58, ""蚩尤"": 40, ""赤帝"": 13, ""轩辕"": 265, ""阪泉"": 1, ""雨师"": 4, ""颛顼"": 27, ""风伯"": 1, ""鲧"": 9, ""黄帝"": 207}"
GCI-HOLD-0002,1095,data/CASIA-LM_ChineseWebText2.0_partial-001095.parquet,153121866,3cf203a20d6002130e09f2c4c8e032b9f2b2660cf55b4924f2df9e5c7fc97cce,100000,1,1827,"{""九黎"": 25, ""共工"": 32, ""后土"": 28, ""太昊"": 3, ""女娃"": 26, ""女娲"": 146, ""少昊"": 22, ""帝江"": 14, ""应龙"": 46, ""榆罔"": 1, ""涿鹿"": 18, ""炎帝"": 53, ""神农"": 162, ""禹"": 725, ""精卫"": 27, ""蚩尤"": 35, ""赤帝"": 1, ""轩辕"": 240, ""轩辕氏"": 2, ""阪泉"": 1, ""雨师"": 1, ""颛顼"": 12, ""风伯"": 2, ""鲧"": 4, ""黄帝"": 201}"
GCI-HOLD-0002,1096,data/CASIA-LM_ChineseWebText2.0_partial-001096.parquet,153441686,053e318d55efccb4bd682b632ae53a0db667ba1f4f0f7761f3d5a003cf5b9217,100000,1,2037,"{""九黎"": 19, ""共工"": 27, ""共工氏"": 1, ""后土"": 32, ""太昊"": 8, ""女娃"": 26, ""女娲"": 135, ""少皞"": 2, ""帝江"": 8, ""应龙"": 13, ""涿鹿"": 10, ""炎帝"": 57, ""神农"": 174, ""禹"": 861, ""精卫"": 11, ""蚩尤"": 76, ""赤帝"": 6, ""轩辕"": 318, ""轩辕氏"": 1, ""阪泉"": 1, ""雨师"": 6, ""颛顼"": 3, ""风伯"": 5, ""鲧"": 15, ""黄帝"": 221, ""黄帝氏"": 1}"
GCI-HOLD-0002,1097,data/CASIA-LM_ChineseWebText2.0_partial-001097.parquet,153624610,cbb514a30bb65d589fb6fb422c2f756e8fbf85bb1a4c5eff9cfcab73ffd78db4,100000,1,1784,"{""九黎"": 26, ""共工"": 20, ""后土"": 36, ""太昊"": 13, ""女娃"": 20, ""女娲"": 169, ""少昊"": 5, ""帝江"": 10, ""应龙"": 17, ""有熊氏"": 1, ""涿鹿"": 11, ""炎帝"": 18, ""神农"": 129, ""禹"": 641, ""精卫"": 28, ""缙云氏"": 3, ""蚩尤"": 37, ""赤帝"": 5, ""轩辕"": 333, ""轩辕氏"": 2, ""阪泉"": 1, ""雨师"": 8, ""颛顼"": 12, ""风伯"": 20, ""鲧"": 4, ""黄帝"": 215}"
GCI-HOLD-0002,1098,data/CASIA-LM_ChineseWebText2.0_partial-001098.parquet,152993423,0b9167cb082bccac24c42d44ec80d6f125a4162c0351b177b988f5f3b942f464,100000,1,2128,"{""九黎"": 10, ""共工"": 48, ""共工氏"": 2, ""后土"": 41, ""太昊"": 5, ""女娃"": 43, ""女娲"": 194, ""少昊"": 8, ""帝江"": 14, ""帝鸿"": 1, ""应龙"": 64, ""有熊氏"": 1, ""涿鹿"": 20, ""炎帝"": 53, ""神农"": 203, ""禹"": 866, ""精卫"": 27, ""蚩尤"": 71, ""赤帝"": 7, ""轩辕"": 227, ""轩辕氏"": 1, ""阪泉"": 2, ""雨师"": 4, ""颛顼"": 13, ""风伯"": 6, ""鲧"": 12, ""黄帝"": 185}"
GCI-HOLD-0002,1099,data/CASIA-LM_ChineseWebText2.0_partial-001099.parquet,153938967,28b8831650968328e49dc93d40c63190141421617ae1984f1a5fd86a73b32e68,100000,1,1940,"{""九黎"": 38, ""共工"": 26, ""后土"": 23, ""太昊"": 5, ""女娃"": 16, ""女娲"": 93, ""少昊"": 15, ""少皞"": 1, ""帝江"": 4, ""帝鸿"": 1, ""帝鸿氏"": 1, ""应龙"": 65, ""有熊氏"": 1, ""涿鹿"": 7, ""炎帝"": 27, ""神农"": 130, ""禹"": 790, ""精卫"": 36, ""缙云氏"": 1, ""蚩尤"": 39, ""赤帝"": 4, ""轩辕"": 334, ""轩辕氏"": 4, ""阪泉"": 4, ""雨师"": 6, ""颛顼"": 27, ""风伯"": 3, ""鲧"": 11, ""黄帝"": 228}"
GCI-HOLD-0002,1100,data/CASIA-LM_ChineseWebText2.0_partial-001100.parquet,154354736,c4bf075e26cc6ba2a2d294cdddad12e914acca630611d0e7833a99a1f859e887,100000,1,2024,"{""九黎"": 54, ""共工"": 29, ""后土"": 39, ""太昊"": 11, ""女娃"": 36, ""女娲"": 101, ""少昊"": 19, ""帝江"": 2, ""应龙"": 20, ""涿鹿"": 9, ""炎帝"": 59, ""神农"": 204, ""禹"": 775, ""精卫"": 37, ""蚩尤"": 146, ""赤帝"": 13, ""轩辕"": 253, ""轩辕氏"": 9, ""雨师"": 6, ""颛顼"": 12, ""风伯"": 3, ""鲧"": 3, ""黄帝"": 184}"
GCI-HOLD-0002,1101,data/CASIA-LM_ChineseWebText2.0_partial-001101.parquet,153871437,62ed7a1d65972283921cfa4260bc8f186805274367fd5fe93034a19c6750d330,100000,1,2127,"{""九黎"": 33, ""共工"": 22, ""共工氏"": 4, ""后土"": 30, ""太昊"": 37, ""女娃"": 51, ""女娲"": 174, ""少昊"": 16, ""帝江"": 9, ""应龙"": 57, ""涿鹿"": 49, ""炎帝"": 46, ""神农"": 156, ""禹"": 789, ""精卫"": 16, ""蚩尤"": 69, ""赤帝"": 5, ""轩辕"": 322, ""轩辕氏"": 7, ""雨师"": 4, ""颛顼"": 28, ""风伯"": 5, ""鲧"": 4, ""黄帝"": 193, ""黄帝氏"": 1}"
GCI-HOLD-0002,1102,data/CASIA-LM_ChineseWebText2.0_partial-001102.parquet,153093877,9bace86aa8035c0f63c42a26f7c0f17fd4c341666f790fd1607ab369dcd27581,100000,1,2317,"{""九黎"": 24, ""共工"": 43, ""后土"": 41, ""太昊"": 28, ""女娃"": 34, ""女娲"": 192, ""少昊"": 14, ""帝江"": 25, ""应龙"": 45, ""涿鹿"": 31, ""炎帝"": 60, ""神农"": 154, ""禹"": 735, ""精卫"": 45, ""缙云氏"": 1, ""蚩尤"": 121, ""赤帝"": 2, ""轩辕"": 450, ""轩辕氏"": 10, ""阪泉"": 1, ""雨师"": 14, ""颛顼"": 19, ""风伯"": 7, ""鲧"": 4, ""黄帝"": 217}"
GCI-HOLD-0002,1103,data/CASIA-LM_ChineseWebText2.0_partial-001103.parquet,153450709,169de0972d5b318562aa1270d71e630f08dba0f269e7b2828a7e9c335e9be40e,100000,1,1861,"{""九黎"": 38, ""共工"": 33, ""共工氏"": 1, ""句龙"": 1, ""后土"": 49, ""太昊"": 2, ""女娃"": 23, ""女娲"": 129, ""少昊"": 9, ""帝江"": 5, ""应龙"": 20, ""有熊氏"": 1, ""涿鹿"": 13, ""炎帝"": 51, ""神农"": 192, ""禹"": 679, ""精卫"": 15, ""蚩尤"": 105, ""赤帝"": 4, ""轩辕"": 246, ""轩辕氏"": 4, ""阪泉"": 3, ""雨师"": 3, ""颛顼"": 16, ""风伯"": 3, ""鲧"": 7, ""黄帝"": 209}"
GCI-HOLD-0002,1104,data/CASIA-LM_ChineseWebText2.0_partial-001104.parquet,153092781,4d34d9b89e939ea45a963a06b35725b931fadfac81d537d15fdb8bbd7cd5621a,100000,1,1949,"{""九黎"": 11, ""共工"": 18, ""共工氏"": 1, ""后土"": 41, ""太昊"": 9, ""女娃"": 40, ""女娲"": 110, ""少昊"": 9, ""帝江"": 4, ""应龙"": 40, ""有熊氏"": 16, ""涿鹿"": 7, ""炎帝"": 34, ""神农"": 192, ""禹"": 855, ""精卫"": 24, ""蚩尤"": 47, ""赤帝"": 3, ""轩辕"": 280, ""雨师"": 2, ""颛顼"": 13, ""风伯"": 1, ""鲧"": 9, ""黄帝"": 183}"
GCI-HOLD-0002,1105,data/CASIA-LM_ChineseWebText2.0_partial-001105.parquet,154215684,8293f7b6e707010c76a5aa7364929e6401476f7aea835696ff3eecc13a6bbb7d,100000,1,1631,"{""九黎"": 30, ""共工"": 18, ""后土"": 25, ""太昊"": 24, ""女娃"": 24, ""女娲"": 127, ""少昊"": 1, ""帝江"": 2, ""帝鸿"": 4, ""应龙"": 28, ""涿鹿"": 11, ""炎帝"": 45, ""神农"": 148, ""禹"": 493, ""精卫"": 13, ""缙云氏"": 1, ""蚩尤"": 56, ""赤帝"": 13, ""轩辕"": 332, ""轩辕氏"": 3, ""阪泉"": 3, ""雨师"": 4, ""颛顼"": 4, ""风伯"": 7, ""黄帝"": 215}"
GCI-HOLD-0002,1106,data/CASIA-LM_ChineseWebText2.0_partial-001106.parquet,153695346,caa592c778bb2fad19323430a79c8f8588d1abc5364fbd2cdafcf8f28c781b84,100000,1,1791,"{""九黎"": 10, ""共工"": 27, ""共工氏"": 2, ""后土"": 20, ""太昊"": 12, ""太皞"": 1, ""女娃"": 36, ""女娲"": 95, ""少昊"": 12, ""少皞"": 1, ""帝江"": 6, ""应龙"": 37, ""涿鹿"": 32, ""炎帝"": 43, ""神农"": 215, ""禹"": 649, ""精卫"": 59, ""蚩尤"": 38, ""赤帝"": 4, ""轩辕"": 250, ""轩辕氏"": 2, ""雨师"": 2, ""颛顼"": 4, ""风伯"": 8, ""鲧"": 9, ""黄帝"": 217}"
GCI-HOLD-0002,1107,data/CASIA-LM_ChineseWebText2.0_partial-001107.parquet,154157668,dcc6c64f80397630a40d3f07af94cd5f86bb4e43237ba42a26542e8bbc2a8952,100000,1,2070,"{""九黎"": 63, ""共工"": 18, ""共工氏"": 1, ""后土"": 23, ""太昊"": 4, ""女娃"": 33, ""女娲"": 123, ""少昊"": 22, ""少皞"": 1, ""帝江"": 4, ""帝鸿"": 1, ""应龙"": 49, ""有熊氏"": 3, ""涿鹿"": 9, ""炎帝"": 44, ""神农"": 186, ""禹"": 689, ""精卫"": 25, ""缙云氏"": 9, ""蚩尤"": 117, ""赤帝"": 3, ""轩辕"": 352, ""轩辕氏"": 3, ""阪泉"": 2, ""雨师"": 27, ""颛顼"": 39, ""风伯"": 5, ""鲧"": 15, ""黄帝"": 200}"
GCI-HOLD-0002,1108,data/CASIA-LM_ChineseWebText2.0_partial-001108.parquet,155078632,40a5ee856d3744d4e39720e9d95bd09b904106a33c5c386f82b0572068987cb7,100000,1,1835,"{""九黎"": 15, ""共工"": 36, ""共工氏"": 2, ""后土"": 24, ""太昊"": 4, ""女娃"": 25, ""女娲"": 121, ""少昊"": 9, ""帝江"": 1, ""帝鸿"": 2, ""应龙"": 44, ""涿鹿"": 25, ""炎帝"": 39, ""神农"": 129, ""禹"": 651, ""精卫"": 26, ""蚩尤"": 80, ""赤帝"": 6, ""轩辕"": 333, ""轩辕氏"": 5, ""阪泉"": 1, ""雨师"": 20, ""颛顼"": 14, ""风伯"": 18, ""鲧"": 9, ""黄帝"": 196}"
GCI-HOLD-0002,1109,data/CASIA-LM_ChineseWebText2.0_partial-001109.parquet,153807603,0a330f2da8ba676ebe602c16817c1f0024c42e825f79b8c5daa3918007022f8e,100000,1,2002,"{""九黎"": 26, ""共工"": 23, ""共工氏"": 3, ""句龙"": 9, ""后土"": 65, ""太昊"": 6, ""女娃"": 32, ""女娲"": 122, ""少昊"": 26, ""帝江"": 3, ""帝鸿"": 1, ""帝鸿氏"": 1, ""应龙"": 44, ""有熊氏"": 1, ""涿鹿"": 15, ""炎帝"": 60, ""神农"": 123, ""禹"": 779, ""精卫"": 41, ""蚩尤"": 75, ""赤帝"": 5, ""轩辕"": 280, ""轩辕氏"": 6, ""阪泉"": 1, ""雨师"": 13, ""颛顼"": 7, ""风伯"": 2, ""鲧"": 11, ""黄帝"": 222}"
GCI-HOLD-0002,1110,data/CASIA-LM_ChineseWebText2.0_partial-001110.parquet,154145751,19313c46aa95a37b0319c278b1c1932725c38867a655490a6e1407616edab3cc,100000,1,2032,"{""九黎"": 35, ""共工"": 26, ""共工氏"": 2, ""后土"": 22, ""太昊"": 2, ""女娃"": 24, ""女娲"": 197, ""少昊"": 3, ""少皞"": 2, ""帝江"": 3, ""帝鸿"": 1, ""帝鸿氏"": 1, ""应龙"": 36, ""涿鹿"": 13, ""炎帝"": 67, ""神农"": 168, ""禹"": 765, ""精卫"": 13, ""缙云氏"": 1, ""蚩尤"": 83, ""赤帝"": 4, ""轩辕"": 255, ""轩辕氏"": 5, ""阪泉"": 1, ""雨师"": 4, ""颛顼"": 23, ""鲧"": 3, ""黄帝"": 273}"
GCI-HOLD-0002,1111,data/CASIA-LM_ChineseWebText2.0_partial-001111.parquet,153926572,dbce2090941055f081a95d39cd260783e98e3e3f90aee807e0f75fc78a49a538,100000,1,2046,"{""九黎"": 27, ""共工"": 15, ""共工氏"": 3, ""后土"": 70, ""太昊"": 4, ""女娃"": 27, ""女娲"": 143, ""少昊"": 16, ""帝江"": 5, ""应龙"": 58, ""有熊氏"": 4, ""榆罔"": 2, ""涿鹿"": 12, ""炎帝"": 104, ""神农"": 166, ""禹"": 701, ""精卫"": 33, ""蚩尤"": 75, ""赤帝"": 6, ""轩辕"": 268, ""轩辕氏"": 5, ""雨师"": 6, ""颛顼"": 13, ""鲧"": 4, ""黄帝"": 279}"
GCI-HOLD-0002,1112,data/CASIA-LM_ChineseWebText2.0_partial-001112.parquet,153869227,4b3b92a468306e730a70a4fd25bf8a8a038724c6c63144162e769914e95a128c,100000,1,2320,"{""九黎"": 27, ""共工"": 16, ""句龙"": 1, ""后土"": 25, ""太昊"": 16, ""女娃"": 30, ""女娲"": 128, ""少昊"": 8, ""帝江"": 5, ""帝鸿"": 8, ""应龙"": 86, ""榆罔"": 1, ""涿鹿"": 28, ""炎帝"": 264, ""神农"": 219, ""禹"": 656, ""精卫"": 140, ""蚩尤"": 72, ""赤帝"": 5, ""轩辕"": 241, ""轩辕氏"": 6, ""阪泉"": 4, ""雨师"": 7, ""颛顼"": 9, ""风伯"": 9, ""鲧"": 4, ""黄帝"": 305}"
GCI-HOLD-0002,1113,data/CASIA-LM_ChineseWebText2.0_partial-001113.parquet,153928953,7e401db254a0f6d7d427aad7d1d0d5b3be45cbfa9b47e1e10cedcf8adeeba56b,100000,1,1842,"{""九黎"": 25, ""共工"": 18, ""共工氏"": 1, ""后土"": 31, ""太昊"": 13, ""女娃"": 29, ""女娲"": 145, ""少昊"": 16, ""帝江"": 13, ""帝鸿"": 3, ""帝鸿氏"": 1, ""应龙"": 27, ""有熊氏"": 1, ""涿鹿"": 24, ""炎帝"": 70, ""神农"": 140, ""禹"": 724, ""精卫"": 36, ""缙云氏"": 2, ""蚩尤"": 79, ""赤帝"": 8, ""轩辕"": 190, ""轩辕氏"": 4, ""阪泉"": 2, ""雨师"": 5, ""颛顼"": 15, ""风伯"": 4, ""鲧"": 9, ""黄帝"": 207}"
GCI-HOLD-0002,1114,data/CASIA-LM_ChineseWebText2.0_partial-001114.parquet,154286867,dea7b467ee6308712270425c2835ede25bcefcffe4a877e94d59293e82ae26fa,100000,1,1952,"{""九黎"": 29, ""共工"": 55, ""共工氏"": 3, ""句龙"": 1, ""后土"": 10, ""太昊"": 5, ""太皞"": 2, ""女娃"": 36, ""女娲"": 94, ""少昊"": 2, ""少皞"": 3, ""帝江"": 7, ""帝鸿"": 4, ""应龙"": 33, ""有熊氏"": 1, ""涿鹿"": 18, ""炎帝"": 62, ""神农"": 141, ""禹"": 763, ""精卫"": 42, ""蚩尤"": 97, ""赤帝"": 5, ""轩辕"": 248, ""轩辕氏"": 8, ""雨师"": 3, ""颛顼"": 48, ""风伯"": 6, ""鲧"": 15, ""黄帝"": 211}"
GCI-HOLD-0002,1115,data/CASIA-LM_ChineseWebText2.0_partial-001115.parquet,154901149,b5df9e7bd2790caca5a7cdffd563126da237c3a359cf394db91287ad153e25fe,100000,1,2134,"{""九黎"": 63, ""共工"": 24, ""共工氏"": 1, ""后土"": 11, ""太昊"": 19, ""太皞"": 1, ""女娃"": 34, ""女娲"": 110, ""少昊"": 3, ""帝江"": 3, ""应龙"": 91, ""有熊氏"": 2, ""涿鹿"": 19, ""炎帝"": 82, ""神农"": 179, ""禹"": 688, ""精卫"": 23, ""蚩尤"": 117, ""赤帝"": 7, ""轩辕"": 362, ""轩辕氏"": 6, ""雨师"": 2, ""颛顼"": 6, ""风伯"": 10, ""鲧"": 4, ""黄帝"": 267}"
GCI-HOLD-0002,1116,data/CASIA-LM_ChineseWebText2.0_partial-001116.parquet,154118210,06f15924c769a201d575dd148c8024fd4bf02818f6bcaab4b36924bf2eba00e6,100000,1,2066,"{""九黎"": 9, ""共工"": 37, ""后土"": 49, ""太昊"": 5, ""太皞"": 1, ""女娃"": 35, ""女娲"": 198, ""少昊"": 6, ""少皞"": 1, ""帝江"": 1, ""帝鸿"": 3, ""帝鸿氏"": 1, ""应龙"": 33, ""有熊氏"": 4, ""榆罔"": 8, ""涿鹿"": 16, ""炎帝"": 73, ""神农"": 186, ""禹"": 683, ""精卫"": 61, ""缙云氏"": 1, ""蚩尤"": 47, ""赤帝"": 2, ""轩辕"": 329, ""轩辕氏"": 2, ""阪泉"": 1, ""雨师"": 26, ""颛顼"": 22, ""风伯"": 1, ""鲧"": 21, ""黄帝"": 204}"
GCI-HOLD-0002,1117,data/CASIA-LM_ChineseWebText2.0_partial-001117.parquet,153710149,d9ed16d5ec035dea8151624729397f0197f17056e3936ce2838fc96a22650d82,100000,1,1917,"{""九黎"": 7, ""共工"": 13, ""后土"": 39, ""太昊"": 11, ""女娃"": 14, ""女娲"": 116, ""少昊"": 5, ""帝江"": 10, ""应龙"": 73, ""涿鹿"": 12, ""炎帝"": 64, ""神农"": 185, ""禹"": 745, ""精卫"": 38, ""蚩尤"": 57, ""赤帝"": 4, ""轩辕"": 294, ""轩辕氏"": 2, ""阪泉"": 1, ""雨师"": 2, ""颛顼"": 14, ""风伯"": 4, ""鲧"": 7, ""黄帝"": 200}"
GCI-HOLD-0002,1118,data/CASIA-LM_ChineseWebText2.0_partial-001118.parquet,152637219,0bed8f68a1a0d7880f93631c7261e8c9e6a5c500520c39c1e64f36aee3b67fb6,100000,1,2033,"{""九黎"": 30, ""共工"": 25, ""共工氏"": 2, ""句龙"": 2, ""后土"": 30, ""太昊"": 6, ""女娃"": 34, ""女娲"": 203, ""少昊"": 33, ""帝江"": 39, ""帝鸿"": 5, ""应龙"": 38, ""涿鹿"": 30, ""炎帝"": 101, ""神农"": 193, ""禹"": 571, ""精卫"": 17, ""蚩尤"": 74, ""赤帝"": 6, ""轩辕"": 287, ""轩辕氏"": 2, ""阪泉"": 4, ""雨师"": 5, ""颛顼"": 14, ""风伯"": 3, ""鲧"": 3, ""黄帝"": 276}"
GCI-HOLD-0002,1119,data/CASIA-LM_ChineseWebText2.0_partial-001119.parquet,153056296,d252d6fd784a86360ed052107ad970881e70ffdfa03a4b6e75e7570b53d6eed8,100000,1,2043,"{""九黎"": 35, ""共工"": 52, ""共工氏"": 9, ""句龙"": 4, ""后土"": 50, ""太昊"": 4, ""太皞"": 2, ""女娃"": 21, ""女娲"": 177, ""少昊"": 23, ""帝江"": 3, ""应龙"": 38, ""涿鹿"": 11, ""炎帝"": 76, ""神农"": 179, ""禹"": 644, ""精卫"": 20, ""蚩尤"": 77, ""赤帝"": 17, ""轩辕"": 302, ""轩辕氏"": 4, ""阪泉"": 2, ""雨师"": 6, ""颛顼"": 21, ""风伯"": 5, ""鲧"": 46, ""黄帝"": 215}"
GCI-HOLD-0002,1120,data/CASIA-LM_ChineseWebText2.0_partial-001120.parquet,154818646,93ac63eca940e3e19d046d355eccf291b78aa72d9639c2d178e8ab3e44b2c2db,100000,1,1957,"{""九黎"": 24, ""共工"": 49, ""后土"": 35, ""太昊"": 7, ""女娃"": 32, ""女娲"": 112, ""少昊"": 12, ""帝江"": 1, ""帝鸿"": 1, ""帝鸿氏"": 1, ""应龙"": 48, ""有熊氏"": 1, ""涿鹿"": 28, ""炎帝"": 64, ""神农"": 188, ""禹"": 802, ""精卫"": 28, ""蚩尤"": 42, ""赤帝"": 8, ""轩辕"": 283, ""轩辕氏"": 2, ""雨师"": 3, ""颛顼"": 16, ""风伯"": 2, ""鲧"": 9, ""黄帝"": 159}"
GCI-HOLD-0002,1121,data/CASIA-LM_ChineseWebText2.0_partial-001121.parquet,154152885,8f93cb0cad1f4ef8baba682b3ea1168515ebac8d7e81b5a8b6690ea7d9c5e3eb,100000,1,1885,"{""九黎"": 24, ""共工"": 36, ""共工氏"": 1, ""后土"": 45, ""太昊"": 19, ""太皞"": 3, ""女娃"": 41, ""女娲"": 146, ""少昊"": 2, ""帝江"": 8, ""应龙"": 46, ""有熊氏"": 10, ""涿鹿"": 12, ""炎帝"": 18, ""神农"": 102, ""禹"": 700, ""精卫"": 18, ""蚩尤"": 33, ""赤帝"": 5, ""轩辕"": 413, ""轩辕氏"": 1, ""阪泉"": 3, ""颛顼"": 12, ""风伯"": 13, ""鲧"": 8, ""黄帝"": 166}"
GCI-HOLD-0002,1122,data/CASIA-LM_ChineseWebText2.0_partial-001122.parquet,154835734,20c2e36f60c355589e1987a4f6d713b1cd5220735dc948b5284c2979ce107b2c,100000,1,2096,"{""九黎"": 10, ""共工"": 49, ""共工氏"": 2, ""后土"": 33, ""太昊"": 23, ""太皞"": 2, ""女娃"": 53, ""女娲"": 189, ""少昊"": 11, ""少皞"": 2, ""帝江"": 7, ""帝鸿"": 1, ""帝鸿氏"": 1, ""应龙"": 46, ""有熊氏"": 1, ""涿鹿"": 12, ""炎帝"": 47, ""神农"": 230, ""禹"": 703, ""精卫"": 60, ""蚩尤"": 23, ""赤帝"": 4, ""轩辕"": 345, ""轩辕氏"": 1, ""阪泉"": 2, ""雨师"": 3, ""颛顼"": 23, ""风伯"": 1, ""鲧"": 9, ""黄帝"": 203}"
GCI-HOLD-0002,1123,data/CASIA-LM_ChineseWebText2.0_partial-001123.parquet,152572080,2081ddaf95aec7ab3d42f2884d5d72a08376cc825817bad0268b4bf9b1014f8f,100000,1,1915,"{""九黎"": 8, ""共工"": 18, ""后土"": 30, ""太昊"": 8, ""女娃"": 34, ""女娲"": 151, ""少昊"": 7, ""帝江"": 9, ""帝鸿"": 1, ""帝鸿氏"": 1, ""应龙"": 55, ""有熊氏"": 1, ""榆罔"": 2, ""涿鹿"": 11, ""炎帝"": 36, ""神农"": 162, ""禹"": 742, ""精卫"": 28, ""蚩尤"": 52, ""赤帝"": 3, ""轩辕"": 314, ""轩辕氏"": 17, ""雨师"": 13, ""颛顼"": 7, ""风伯"": 5, ""鲧"": 12, ""黄帝"": 188}"
GCI-HOLD-0002,1124,data/CASIA-LM_ChineseWebText2.0_partial-001124.parquet,154609555,8e93d1c6486314eabcf0bd4caf9821b963f243cc6ca7ed9d83302e748b27b430,100000,1,1905,"{""九黎"": 15, ""共工"": 49, ""共工氏"": 9, ""句龙"": 9, ""后土"": 34, ""太昊"": 10, ""太皞"": 1, ""女娃"": 37, ""女娲"": 140, ""少昊"": 2, ""少皞"": 1, ""帝江"": 6, ""帝鸿"": 1, ""应龙"": 38, ""涿鹿"": 12, ""炎帝"": 48, ""神农"": 129, ""禹"": 705, ""精卫"": 30, ""蚩尤"": 96, ""赤帝"": 9, ""轩辕"": 272, ""轩辕氏"": 3, ""雨师"": 2, ""颛顼"": 23, ""风伯"": 1, ""鲧"": 29, ""黄帝"": 194}"
GCI-HOLD-0002,1125,data/CASIA-LM_ChineseWebText2.0_partial-001125.parquet,154293978,aeb368174a55281c6ea2a33870baa306626bdfbcfcb35e3d208b64c07fcbcbf0,100000,1,1897,"{""九黎"": 15, ""共工"": 20, ""共工氏"": 1, ""后土"": 17, ""太昊"": 7, ""女娃"": 36, ""女娲"": 83, ""少昊"": 4, ""帝江"": 13, ""应龙"": 28, ""有熊氏"": 2, ""涿鹿"": 24, ""炎帝"": 53, ""神农"": 202, ""禹"": 789, ""精卫"": 35, ""蚩尤"": 83, ""赤帝"": 2, ""轩辕"": 239, ""轩辕氏"": 1, ""阪泉"": 11, ""雨师"": 4, ""颛顼"": 8, ""风伯"": 11, ""鲧"": 4, ""黄帝"": 205}"
GCI-HOLD-0002,1126,data/CASIA-LM_ChineseWebText2.0_partial-001126.parquet,153845997,1d4572544784d437e6cff83e5e24606f5ebef757fd6360547141ccdd606f4f9a,100000,1,1954,"{""九黎"": 24, ""共工"": 18, ""共工氏"": 2, ""句龙"": 1, ""后土"": 36, ""太昊"": 15, ""太皞"": 1, ""女娃"": 14, ""女娲"": 167, ""少昊"": 12, ""少皞"": 1, ""帝江"": 12, ""应龙"": 14, ""涿鹿"": 7, ""炎帝"": 88, ""神农"": 202, ""禹"": 621, ""精卫"": 33, ""缙云氏"": 3, ""蚩尤"": 96, ""赤帝"": 1, ""轩辕"": 297, ""轩辕氏"": 5, ""阪泉"": 4, ""雨师"": 6, ""颛顼"": 15, ""风伯"": 4, ""鲧"": 10, ""黄帝"": 244, ""黄帝氏"": 1}"
GCI-HOLD-0002,1127,data/CASIA-LM_ChineseWebText2.0_partial-001127.parquet,154072163,f4709fd0ce7b295424341a0f75ecbf939ba0f985e0a80bd829a454bc8fd647af,100000,1,1762,"{""九黎"": 23, ""共工"": 15, ""共工氏"": 1, ""后土"": 14, ""太昊"": 4, ""女娃"": 39, ""女娲"": 131, ""少昊"": 6, ""帝江"": 2, ""帝鸿"": 1, ""应龙"": 24, ""有熊氏"": 2, ""涿鹿"": 7, ""炎帝"": 31, ""神农"": 147, ""禹"": 751, ""精卫"": 12, ""蚩尤"": 38, ""赤帝"": 4, ""轩辕"": 312, ""轩辕氏"": 9, ""阪泉"": 1, ""雨师"": 1, ""颛顼"": 12, ""风伯"": 2, ""鲧"": 8, ""黄帝"": 165}"
GCI-HOLD-0002,1128,data/CASIA-LM_ChineseWebText2.0_partial-001128.parquet,155082342,6db99b6ad7c95f05f302a0c0b28eb88276fc257a328d7ed7f4f7ae06d48c0a7e,100000,1,1904,"{""九黎"": 22, ""共工"": 11, ""共工氏"": 3, ""后土"": 25, ""太昊"": 7, ""女娃"": 46, ""女娲"": 146, ""少昊"": 21, ""帝江"": 1, ""帝鸿"": 1, ""应龙"": 63, ""涿鹿"": 13, ""炎帝"": 51, ""神农"": 204, ""禹"": 663, ""精卫"": 17, ""蚩尤"": 70, ""赤帝"": 4, ""轩辕"": 283, ""轩辕氏"": 1, ""雨师"": 5, ""颛顼"": 26, ""风伯"": 4, ""鲧"": 25, ""黄帝"": 192}"
GCI-HOLD-0002,1129,data/CASIA-LM_ChineseWebText2.0_partial-001129.parquet,154842538,f79799dd514fb638b157e16f16a8920689f73a4b7f22ecd195f4c0f1ebc59a82,100000,1,1903,"{""九黎"": 30, ""共工"": 30, ""共工氏"": 2, ""后土"": 42, ""太昊"": 7, ""太皞"": 4, ""女娃"": 42, ""女娲"": 126, ""少昊"": 10, ""少皞"": 8, ""帝江"": 8, ""应龙"": 52, ""涿鹿"": 5, ""炎帝"": 71, ""神农"": 126, ""禹"": 631, ""精卫"": 28, ""蚩尤"": 70, ""赤帝"": 6, ""轩辕"": 307, ""轩辕氏"": 6, ""阪泉"": 3, ""雨师"": 5, ""颛顼"": 18, ""风伯"": 8, ""鲧"": 10, ""黄帝"": 248}"
GCI-HOLD-0002,1130,data/CASIA-LM_ChineseWebText2.0_partial-001130.parquet,155176223,8b8236a4c431560cc10ab92ddba2f92b4d4de51b9a7bd6d7c7706093bc835685,100000,1,1924,"{""九黎"": 26, ""共工"": 17, ""句龙"": 1, ""后土"": 15, ""太昊"": 14, ""太皞"": 1, ""女娃"": 33, ""女娲"": 108, ""少昊"": 3, ""少皞"": 3, ""帝江"": 4, ""应龙"": 48, ""有熊氏"": 1, ""涿鹿"": 12, ""炎帝"": 56, ""神农"": 173, ""禹"": 890, ""精卫"": 24, ""蚩尤"": 90, ""赤帝"": 4, ""轩辕"": 173, ""雨师"": 6, ""颛顼"": 7, ""风伯"": 3, ""鲧"": 10, ""黄帝"": 202}"
GCI-HOLD-0002,1131,data/CASIA-LM_ChineseWebText2.0_partial-001131.parquet,154207508,5e944f9ab8b0095b314751d383f8ed0bdbba587bbdb5413e21af756730023fb0,100000,1,1804,"{""九黎"": 55, ""共工"": 17, ""共工氏"": 3, ""后土"": 19, ""太昊"": 6, ""女娃"": 35, ""女娲"": 97, ""少昊"": 7, ""帝江"": 5, ""帝鸿"": 2, ""应龙"": 76, ""有熊氏"": 1, ""榆罔"": 6, ""涿鹿"": 60, ""炎帝"": 34, ""神农"": 141, ""禹"": 596, ""精卫"": 22, ""蚩尤"": 77, ""赤帝"": 2, ""轩辕"": 273, ""轩辕氏"": 17, ""阪泉"": 3, ""雨师"": 7, ""颛顼"": 7, ""风伯"": 11, ""鲧"": 4, ""黄帝"": 221}"
GCI-HOLD-0002,1132,data/CASIA-LM_ChineseWebText2.0_partial-001132.parquet,154335055,5cf2225967d73a0bc7e774503f4f32c6efef8b873a98cf2ce5473ed787188d91,100000,1,2138,"{""九黎"": 23, ""共工"": 50, ""后土"": 18, ""太昊"": 9, ""太皞"": 1, ""女娃"": 21, ""女娲"": 122, ""少昊"": 5, ""帝江"": 2, ""应龙"": 49, ""涿鹿"": 12, ""炎帝"": 45, ""神农"": 192, ""禹"": 865, ""精卫"": 48, ""蚩尤"": 87, ""赤帝"": 4, ""轩辕"": 363, ""轩辕氏"": 6, ""阪泉"": 1, ""雨师"": 5, ""颛顼"": 10, ""风伯"": 4, ""鲧"": 9, ""黄帝"": 187}"
GCI-HOLD-0002,1133,data/CASIA-LM_ChineseWebText2.0_partial-001133.parquet,153651102,6bf6be7b4c094f5e113151f498dc85682287724dc12871789d6baf0f46fba30b,100000,1,2097,"{""九黎"": 22, ""共工"": 13, ""共工氏"": 2, ""句龙"": 1, ""后土"": 42, ""太昊"": 6, ""女娃"": 39, ""女娲"": 167, ""少昊"": 6, ""少皞"": 1, ""帝江"": 9, ""应龙"": 36, ""涿鹿"": 14, ""炎帝"": 63, ""神农"": 199, ""禹"": 721, ""精卫"": 22, ""蚩尤"": 101, ""赤帝"": 5, ""轩辕"": 425, ""轩辕氏"": 2, ""雨师"": 6, ""颛顼"": 8, ""风伯"": 11, ""鲧"": 10, ""黄帝"": 166}"
GCI-HOLD-0002,1134,data/CASIA-LM_ChineseWebText2.0_partial-001134.parquet,153555385,7edc79774acf439dddfc532bb002a6d15657b8ace80c2cabb3938a95376212f5,100000,1,2309,"{""九黎"": 36, ""共工"": 35, ""共工氏"": 5, ""句龙"": 1, ""后土"": 15, ""太昊"": 12, ""太皞"": 5, ""女娃"": 20, ""女娲"": 117, ""少昊"": 3, ""少皞"": 2, ""应龙"": 55, ""涿鹿"": 28, ""炎帝"": 91, ""神农"": 179, ""禹"": 817, ""精卫"": 20, ""蚩尤"": 100, ""赤帝"": 3, ""轩辕"": 413, ""轩辕氏"": 2, ""阪泉"": 4, ""雨师"": 6, ""颛顼"": 54, ""风伯"": 7, ""鲧"": 33, ""黄帝"": 246}"
GCI-HOLD-0002,1135,data/CASIA-LM_ChineseWebText2.0_partial-001135.parquet,153293026,79d69b83aac262794b4435a8f08491a5cd1ad55e9c99855f3644a1f894e8f64d,100000,1,1848,"{""九黎"": 55, ""共工"": 21, ""共工氏"": 1, ""后土"": 32, ""太昊"": 8, ""女娃"": 42, ""女娲"": 196, ""少昊"": 2, ""帝江"": 5, ""应龙"": 74, ""榆罔"": 3, ""涿鹿"": 10, ""炎帝"": 35, ""神农"": 144, ""禹"": 646, ""精卫"": 28, ""蚩尤"": 37, ""赤帝"": 5, ""轩辕"": 346, ""轩辕氏"": 7, ""阪泉"": 3, ""雨师"": 6, ""颛顼"": 5, ""风伯"": 3, ""鲧"": 6, ""黄帝"": 128}"
GCI-HOLD-0002,1136,data/CASIA-LM_ChineseWebText2.0_partial-001136.parquet,153141483,ff9a90615440b9e390d1e7c4b302bc59e9dc1f045d46455a28fb7f47bebd0b84,100000,1,1863,"{""九黎"": 23, ""共工"": 26, ""共工氏"": 3, ""句龙"": 1, ""后土"": 49, ""太昊"": 15, ""女娃"": 25, ""女娲"": 156, ""少昊"": 16, ""少皞"": 2, ""帝江"": 5, ""应龙"": 49, ""涿鹿"": 11, ""炎帝"": 52, ""神农"": 204, ""禹"": 624, ""精卫"": 12, ""蚩尤"": 101, ""赤帝"": 3, ""轩辕"": 181, ""轩辕氏"": 1, ""阪泉"": 2, ""雨师"": 15, ""颛顼"": 17, ""风伯"": 7, ""鲧"": 7, ""黄帝"": 256}"
GCI-HOLD-0002,1137,data/CASIA-LM_ChineseWebText2.0_partial-001137.parquet,153559326,3d65cb74f95c106cc2de14227776e2ade0f48062f951f342508eef8acfbe0a11,100000,1,1871,"{""九黎"": 48, ""共工"": 20, ""共工氏"": 1, ""后土"": 32, ""太昊"": 4, ""女娃"": 30, ""女娲"": 105, ""少昊"": 9, ""少皞"": 1, ""帝江"": 3, ""帝鸿"": 3, ""帝鸿氏"": 1, ""应龙"": 25, ""有熊氏"": 2, ""涿鹿"": 17, ""炎帝"": 56, ""神农"": 214, ""禹"": 658, ""精卫"": 34, ""缙云氏"": 1, ""蚩尤"": 23, ""赤帝"": 3, ""轩辕"": 308, ""轩辕氏"": 15, ""雨师"": 7, ""颛顼"": 13, ""鲧"": 15, ""黄帝"": 223}"
GCI-HOLD-0002,1138,data/CASIA-LM_ChineseWebText2.0_partial-001138.parquet,155038301,8d8521c11160ee66d1ef71bb58f29168a436df20dea5d5d6d449c665f3f0e74d,100000,1,1936,"{""九黎"": 6, ""共工"": 23, ""后土"": 35, ""太昊"": 6, ""太皞"": 2, ""女娃"": 37, ""女娲"": 171, ""少昊"": 10, ""少皞"": 2, ""帝江"": 2, ""帝鸿"": 1, ""帝鸿氏"": 1, ""应龙"": 23, ""有熊氏"": 1, ""涿鹿"": 19, ""炎帝"": 60, ""神农"": 150, ""禹"": 756, ""精卫"": 16, ""蚩尤"": 72, ""赤帝"": 5, ""轩辕"": 261, ""轩辕氏"": 1, ""雨师"": 1, ""颛顼"": 15, ""风伯"": 1, ""鲧"": 10, ""黄帝"": 249}"
GCI-HOLD-0002,1139,data/CASIA-LM_ChineseWebText2.0_partial-001139.parquet,152930793,c814c1032649c3ba5c342d2ce83f64ff30eb79920cbeb73b104586b1649780ab,100000,1,1882,"{""九黎"": 62, ""共工"": 38, ""共工氏"": 1, ""句龙"": 1, ""后土"": 19, ""太昊"": 33, ""女娃"": 36, ""女娲"": 172, ""少昊"": 2, ""应龙"": 23, ""涿鹿"": 13, ""炎帝"": 67, ""神农"": 159, ""禹"": 653, ""精卫"": 18, ""蚩尤"": 72, ""赤帝"": 4, ""轩辕"": 262, ""轩辕氏"": 7, ""阪泉"": 1, ""雨师"": 8, ""颛顼"": 8, ""风伯"": 2, ""鲧"": 4, ""黄帝"": 217}"
GCI-HOLD-0002,1140,data/CASIA-LM_ChineseWebText2.0_partial-001140.parquet,155277618,0f0acd6be999136ac7d83d63b7728bbb1bc340fb96693b50bdeba2103b011189,100000,1,2010,"{""九黎"": 12, ""共工"": 29, ""共工氏"": 2, ""后土"": 60, ""太昊"": 8, ""太皞"": 6, ""女娃"": 36, ""女娲"": 151, ""少昊"": 2, ""少皞"": 8, ""帝江"": 8, ""应龙"": 46, ""有熊氏"": 1, ""涿鹿"": 28, ""炎帝"": 75, ""神农"": 157, ""禹"": 668, ""精卫"": 23, ""蚩尤"": 114, ""赤帝"": 5, ""轩辕"": 341, ""轩辕氏"": 3, ""阪泉"": 11, ""颛顼"": 10, ""风伯"": 2, ""鲧"": 10, ""黄帝"": 193, ""黄帝氏"": 1}"
GCI-HOLD-0002,1141,data/CASIA-LM_ChineseWebText2.0_partial-001141.parquet,155927847,f8f2fe8e7ea5f477e1c537ca9a7a96f0d53e7412866f8756c339b49343ea448c,100000,1,2399,"{""九黎"": 29, ""共工"": 31, ""句龙"": 1, ""后土"": 39, ""太昊"": 16, ""女娃"": 24, ""女娲"": 199, ""少昊"": 14, ""少皞"": 1, ""帝江"": 5, ""帝鸿"": 3, ""帝鸿氏"": 1, ""应龙"": 46, ""有熊氏"": 1, ""榆罔"": 3, ""涿鹿"": 34, ""炎帝"": 107, ""神农"": 186, ""禹"": 710, ""精卫"": 17, ""缙云氏"": 1, ""蚩尤"": 101, ""赤帝"": 2, ""轩辕"": 427, ""轩辕氏"": 1, ""阪泉"": 11, ""雨师"": 5, ""颛顼"": 18, ""风伯"": 2, ""鲧"": 29, ""黄帝"": 335}"
GCI-HOLD-0002,1142,data/CASIA-LM_ChineseWebText2.0_partial-001142.parquet,155672977,79a1212cd97035cfd620aa1103927259482517f399a35b4f4f41dc905008bbb1,100000,1,1945,"{""九黎"": 13, ""共工"": 44, ""句龙"": 1, ""后土"": 21, ""太昊"": 20, ""女娃"": 30, ""女娲"": 153, ""少昊"": 1, ""帝江"": 9, ""帝鸿"": 1, ""应龙"": 23, ""涿鹿"": 6, ""炎帝"": 70, ""神农"": 184, ""禹"": 697, ""精卫"": 15, ""蚩尤"": 61, ""赤帝"": 11, ""轩辕"": 343, ""轩辕氏"": 27, ""雨师"": 7, ""颛顼"": 17, ""风伯"": 6, ""鲧"": 23, ""黄帝"": 162}"
GCI-HOLD-0002,1143,data/CASIA-LM_ChineseWebText2.0_partial-001143.parquet,156292258,2c2d251e35e3d142ba66d3ecad52d5052e99fc043fd946418cacbdbbb7b37477,100000,1,1912,"{""九黎"": 51, ""共工"": 19, ""后土"": 21, ""太昊"": 5, ""太皞"": 1, ""女娃"": 35, ""女娲"": 108, ""少昊"": 38, ""少皞"": 3, ""帝江"": 2, ""应龙"": 26, ""涿鹿"": 17, ""炎帝"": 61, ""神农"": 200, ""禹"": 637, ""精卫"": 15, ""蚩尤"": 56, ""赤帝"": 7, ""轩辕"": 313, ""轩辕氏"": 2, ""雨师"": 31, ""颛顼"": 19, ""风伯"": 36, ""鲧"": 43, ""黄帝"": 166}"
GCI-HOLD-0002,1144,data/CASIA-LM_ChineseWebText2.0_partial-001144.parquet,154974359,bdb0dc092b98b8891ed6b5bcea461a34b41a7f1411d34bdcc2c1bd652b5fc0e6,100000,1,1784,"{""九黎"": 20, ""共工"": 14, ""后土"": 22, ""太昊"": 3, ""女娃"": 44, ""女娲"": 82, ""少昊"": 3, ""帝江"": 2, ""应龙"": 34, ""涿鹿"": 15, ""炎帝"": 61, ""神农"": 170, ""禹"": 642, ""精卫"": 11, ""蚩尤"": 94, ""赤帝"": 8, ""轩辕"": 293, ""阪泉"": 2, ""雨师"": 14, ""颛顼"": 14, ""风伯"": 3, ""鲧"": 3, ""黄帝"": 230}"
GCI-HOLD-0002,1145,data/CASIA-LM_ChineseWebText2.0_partial-001145.parquet,153861458,a56f10bcf5391e8c74c8bbe1cff3e41b9d79eae1d962883dee6a25eed7032757,100000,1,2118,"{""九黎"": 28, ""共工"": 24, ""后土"": 51, ""太昊"": 20, ""女娃"": 42, ""女娲"": 149, ""少昊"": 29, ""少皞"": 1, ""帝江"": 6, ""帝鸿"": 2, ""帝鸿氏"": 2, ""应龙"": 47, ""涿鹿"": 27, ""炎帝"": 38, ""神农"": 183, ""禹"": 841, ""精卫"": 17, ""蚩尤"": 98, ""赤帝"": 2, ""轩辕"": 263, ""轩辕氏"": 1, ""阪泉"": 1, ""雨师"": 16, ""颛顼"": 5, ""风伯"": 7, ""鲧"": 1, ""黄帝"": 217}"
GCI-HOLD-0002,1146,data/CASIA-LM_ChineseWebText2.0_partial-001146.parquet,153889805,c94db601e81d9b240d43fcc47392aab234ed0348e149929302dd2128439037ad,100000,1,2086,"{""九黎"": 28, ""共工"": 33, ""后土"": 29, ""太昊"": 9, ""女娃"": 41, ""女娲"": 168, ""少昊"": 2, ""帝江"": 3, ""应龙"": 67, ""有熊氏"": 14, ""榆罔"": 3, ""涿鹿"": 3, ""炎帝"": 16, ""神农"": 168, ""禹"": 885, ""精卫"": 16, ""蚩尤"": 132, ""赤帝"": 6, ""轩辕"": 206, ""阪泉"": 3, ""雨师"": 21, ""颛顼"": 14, ""风伯"": 37, ""鲧"": 11, ""黄帝"": 171}"
GCI-HOLD-0002,1147,data/CASIA-LM_ChineseWebText2.0_partial-001147.parquet,153160832,c708ea8e831285c7d4f89cd8259a8465b36f39ec9daa05d0fda47ee3e3fa65bc,100000,1,2026,"{""九黎"": 40, ""共工"": 34, ""共工氏"": 17, ""后土"": 105, ""太昊"": 7, ""太皞"": 1, ""女娃"": 21, ""女娲"": 109, ""少昊"": 11, ""少皞"": 2, ""帝江"": 11, ""帝鸿"": 8, ""应龙"": 34, ""涿鹿"": 13, ""炎帝"": 49, ""神农"": 244, ""禹"": 606, ""精卫"": 32, ""蚩尤"": 108, ""赤帝"": 6, ""轩辕"": 311, ""轩辕氏"": 16, ""阪泉"": 1, ""雨师"": 6, ""颛顼"": 5, ""风伯"": 5, ""鲧"": 14, ""黄帝"": 210}"
GCI-HOLD-0002,1148,data/CASIA-LM_ChineseWebText2.0_partial-001148.parquet,154232973,1b1b62b01e23365bf459e0c3d6fd02f57049272b7d8d1e6ad84dc950538c9ca4,100000,1,1944,"{""九黎"": 16, ""共工"": 19, ""共工氏"": 1, ""句龙"": 1, ""后土"": 27, ""太昊"": 1, ""女娃"": 31, ""女娲"": 100, ""少昊"": 6, ""少皞"": 4, ""帝江"": 26, ""应龙"": 16, ""有熊氏"": 2, ""涿鹿"": 17, ""炎帝"": 132, ""神农"": 206, ""禹"": 709, ""精卫"": 13, ""蚩尤"": 95, ""赤帝"": 1, ""轩辕"": 284, ""轩辕氏"": 3, ""雨师"": 8, ""颛顼"": 17, ""风伯"": 17, ""鲧"": 6, ""黄帝"": 186}"
GCI-HOLD-0002,1149,data/CASIA-LM_ChineseWebText2.0_partial-001149.parquet,154915787,77d19d62cd2ba60fd3544f5a8ae739a796f9ea00bd6f60a1f5366697961c0904,100000,1,1915,"{""九黎"": 31, ""共工"": 11, ""共工氏"": 1, ""后土"": 35, ""太昊"": 1, ""女娃"": 34, ""女娲"": 105, ""少昊"": 1, ""帝江"": 7, ""帝鸿"": 2, ""应龙"": 19, ""榆罔"": 13, ""涿鹿"": 62, ""炎帝"": 54, ""神农"": 155, ""禹"": 730, ""精卫"": 49, ""蚩尤"": 88, ""赤帝"": 3, ""轩辕"": 214, ""轩辕氏"": 3, ""阪泉"": 4, ""雨师"": 2, ""颛顼"": 14, ""风伯"": 2, ""鲧"": 21, ""黄帝"": 252, ""黄帝氏"": 2}"
GCI-HOLD-0002,1150,data/CASIA-LM_ChineseWebText2.0_partial-001150.parquet,152898025,68b3abd3f6391af9c4d9d265fd3c9d6520f815b909896303edf30f6728ae1ba4,100000,1,1803,"{""九黎"": 19, ""共工"": 44, ""句龙"": 1, ""后土"": 29, ""太昊"": 7, ""女娃"": 36, ""女娲"": 195, ""少昊"": 12, ""帝江"": 2, ""帝鸿"": 3, ""帝鸿氏"": 1, ""应龙"": 38, ""有熊氏"": 1, ""涿鹿"": 16, ""炎帝"": 31, ""神农"": 184, ""禹"": 637, ""精卫"": 17, ""缙云氏"": 1, ""蚩尤"": 58, ""赤帝"": 10, ""轩辕"": 226, ""轩辕氏"": 2, ""雨师"": 9, ""颛顼"": 5, ""风伯"": 4, ""鲧"": 6, ""黄帝"": 209}"
GCI-HOLD-0002,1151,data/CASIA-LM_ChineseWebText2.0_partial-001151.parquet,153599131,2c868a1904a9bd70c6db640644f712709095196451217341471e78d9c3ca99f7,100000,1,2021,"{""九黎"": 16, ""共工"": 33, ""共工氏"": 1, ""后土"": 49, ""太昊"": 6, ""太皞"": 1, ""女娃"": 49, ""女娲"": 116, ""少昊"": 11, ""帝江"": 18, ""应龙"": 28, ""有熊氏"": 2, ""榆罔"": 3, ""涿鹿"": 9, ""炎帝"": 32, ""神农"": 177, ""禹"": 922, ""精卫"": 36, ""蚩尤"": 26, ""赤帝"": 5, ""轩辕"": 259, ""轩辕氏"": 6, ""雨师"": 11, ""颛顼"": 4, ""风伯"": 4, ""鲧"": 11, ""黄帝"": 186}"
GCI-HOLD-0002,1152,data/CASIA-LM_ChineseWebText2.0_partial-001152.parquet,154664858,cb0e6632eba970b4a5d5258494c139ce82f455f792417567326de26ec2a7b358,100000,1,1983,"{""九黎"": 30, ""共工"": 31, ""共工氏"": 1, ""句龙"": 1, ""后土"": 45, ""太昊"": 11, ""女娃"": 32, ""女娲"": 124, ""少昊"": 7, ""少皞"": 1, ""帝江"": 10, ""帝鸿"": 4, ""帝鸿氏"": 1, ""应龙"": 41, ""有熊氏"": 2, ""涿鹿"": 10, ""炎帝"": 56, ""神农"": 164, ""禹"": 666, ""精卫"": 33, ""缙云氏"": 13, ""蚩尤"": 84, ""赤帝"": 8, ""轩辕"": 301, ""轩辕氏"": 8, ""颛顼"": 22, ""风伯"": 2, ""鲧"": 12, ""黄帝"": 262, ""黄帝氏"": 1}"
GCI-HOLD-0002,1153,data/CASIA-LM_ChineseWebText2.0_partial-001153.parquet,154348882,af4382c743733597769097bf28e54b9cdfbea29d1c8286c22660b51aaba0a241,100000,1,2099,"{""九黎"": 41, ""共工"": 30, ""共工氏"": 1, ""后土"": 22, ""太昊"": 10, ""女娃"": 46, ""女娲"": 128, ""少昊"": 10, ""帝江"": 6, ""应龙"": 68, ""有熊氏"": 1, ""涿鹿"": 39, ""炎帝"": 57, ""神农"": 220, ""禹"": 703, ""精卫"": 16, ""蚩尤"": 118, ""赤帝"": 1, ""轩辕"": 305, ""轩辕氏"": 10, ""阪泉"": 5, ""雨师"": 6, ""颛顼"": 13, ""风伯"": 2, ""鲧"": 2, ""黄帝"": 239}"
GCI-HOLD-0002,1154,data/CASIA-LM_ChineseWebText2.0_partial-001154.parquet,153477782,800de6709f36e1b1fae730a59301de361c0c09fc623f3910a990d1392382150d,100000,1,2083,"{""九黎"": 34, ""共工"": 35, ""共工氏"": 5, ""句龙"": 1, ""后土"": 53, ""太昊"": 8, ""太皞"": 4, ""女娃"": 17, ""女娲"": 164, ""少昊"": 2, ""少皞"": 1, ""帝江"": 7, ""帝鸿"": 37, ""应龙"": 25, ""有熊氏"": 1, ""涿鹿"": 16, ""炎帝"": 32, ""神农"": 140, ""禹"": 772, ""精卫"": 35, ""蚩尤"": 64, ""赤帝"": 7, ""轩辕"": 332, ""轩辕氏"": 2, ""阪泉"": 3, ""雨师"": 7, ""颛顼"": 19, ""风伯"": 31, ""鲧"": 10, ""黄帝"": 219}"
GCI-HOLD-0002,1155,data/CASIA-LM_ChineseWebText2.0_partial-001155.parquet,152983404,351eb05010f430a499439493e25c8325c858ade4446ea0ffedd669a8e882b96c,100000,1,1750,"{""九黎"": 23, ""共工"": 23, ""共工氏"": 2, ""后土"": 30, ""太昊"": 10, ""女娃"": 55, ""女娲"": 163, ""少昊"": 2, ""帝江"": 14, ""应龙"": 33, ""有熊氏"": 2, ""涿鹿"": 13, ""炎帝"": 67, ""神农"": 151, ""禹"": 659, ""精卫"": 32, ""蚩尤"": 72, ""赤帝"": 3, ""轩辕"": 248, ""轩辕氏"": 8, ""雨师"": 2, ""颛顼"": 7, ""风伯"": 1, ""鲧"": 10, ""黄帝"": 119, ""黄帝氏"": 1}"
GCI-HOLD-0002,1156,data/CASIA-LM_ChineseWebText2.0_partial-001156.parquet,154815833,32cdbcaea49885d4b288decee9e0c6be44f8efe5b24a286c2eb3e0817610a088,100000,1,2164,"{""九黎"": 13, ""共工"": 21, ""后土"": 28, ""太昊"": 5, ""女娃"": 32, ""女娲"": 127, ""少昊"": 16, ""帝江"": 27, ""帝鸿"": 12, ""应龙"": 59, ""有熊氏"": 1, ""榆罔"": 6, ""涿鹿"": 21, ""炎帝"": 84, ""神农"": 217, ""禹"": 722, ""精卫"": 20, ""蚩尤"": 66, ""赤帝"": 3, ""轩辕"": 353, ""轩辕氏"": 6, ""阪泉"": 3, ""雨师"": 4, ""颛顼"": 24, ""风伯"": 3, ""鲧"": 12, ""黄帝"": 279}"
GCI-HOLD-0002,1157,data/CASIA-LM_ChineseWebText2.0_partial-001157.parquet,154601888,6d59165f5e39536c0da8afb00a9fdf4220aa6733dac672f0c54ab728b8bb0e48,100000,1,1817,"{""九黎"": 17, ""共工"": 24, ""共工氏"": 3, ""句龙"": 5, ""后土"": 23, ""太昊"": 3, ""女娃"": 26, ""女娲"": 132, ""帝江"": 1, ""帝鸿"": 1, ""应龙"": 43, ""涿鹿"": 9, ""炎帝"": 63, ""神农"": 225, ""禹"": 643, ""精卫"": 27, ""蚩尤"": 52, ""赤帝"": 4, ""轩辕"": 234, ""轩辕氏"": 14, ""阪泉"": 6, ""雨师"": 3, ""颛顼"": 18, ""风伯"": 1, ""鲧"": 14, ""黄帝"": 226}"
GCI-HOLD-0002,1158,data/CASIA-LM_ChineseWebText2.0_partial-001158.parquet,153564748,c67a581cdb9a24034b93a313607c9f0661a39b316d467821bb3247931a04cdeb,100000,1,1951,"{""九黎"": 19, ""共工"": 20, ""句龙"": 1, ""后土"": 38, ""太昊"": 18, ""女娃"": 27, ""女娲"": 114, ""少昊"": 22, ""帝江"": 14, ""帝鸿"": 1, ""应龙"": 50, ""有熊氏"": 1, ""涿鹿"": 21, ""炎帝"": 54, ""神农"": 249, ""禹"": 740, ""精卫"": 58, ""蚩尤"": 80, ""赤帝"": 1, ""轩辕"": 191, ""轩辕氏"": 1, ""阪泉"": 1, ""雨师"": 1, ""颛顼"": 5, ""风伯"": 5, ""黄帝"": 219}"
GCI-HOLD-0002,1159,data/CASIA-LM_ChineseWebText2.0_partial-001159.parquet,153701485,33fb74769c03b837e6b68afe92b271e6b0b07e98bb8338ba50140a361f684626,100000,1,1720,"{""九黎"": 14, ""共工"": 30, ""共工氏"": 1, ""后土"": 56, ""太昊"": 6, ""太皞"": 1, ""女娃"": 21, ""女娲"": 122, ""少昊"": 11, ""帝江"": 27, ""帝鸿"": 2, ""应龙"": 15, ""有熊氏"": 2, ""榆罔"": 2, ""涿鹿"": 21, ""炎帝"": 31, ""神农"": 149, ""禹"": 604, ""精卫"": 27, ""蚩尤"": 54, ""赤帝"": 5, ""轩辕"": 272, ""轩辕氏"": 6, ""阪泉"": 1, ""雨师"": 3, ""颛顼"": 8, ""风伯"": 3, ""鲧"": 9, ""黄帝"": 217}"
GCI-HOLD-0002,1160,data/CASIA-LM_ChineseWebText2.0_partial-001160.parquet,154494031,1241ac130be98943a07edaad7b3c645800dc8752a6f029a97044efa824085d4d,100000,1,1899,"{""九黎"": 16, ""共工"": 12, ""后土"": 24, ""太昊"": 5, ""太皞"": 1, ""女娃"": 62, ""女娲"": 115, ""少昊"": 6, ""少皞"": 5, ""帝江"": 4, ""应龙"": 40, ""涿鹿"": 8, ""炎帝"": 38, ""神农"": 113, ""禹"": 843, ""精卫"": 31, ""蚩尤"": 65, ""赤帝"": 4, ""轩辕"": 271, ""轩辕氏"": 1, ""雨师"": 6, ""颛顼"": 15, ""风伯"": 6, ""鲧"": 7, ""黄帝"": 201}"
GCI-HOLD-0002,1161,data/CASIA-LM_ChineseWebText2.0_partial-001161.parquet,153707453,b5324c0fedec111e3d84cec4bb9c70bba38777728547abd83f7dc8c284cba4c1,100000,1,1913,"{""九黎"": 22, ""共工"": 23, ""句龙"": 2, ""后土"": 53, ""太昊"": 13, ""太皞"": 1, ""女娃"": 38, ""女娲"": 99, ""帝江"": 13, ""帝鸿"": 2, ""应龙"": 49, ""有熊氏"": 2, ""涿鹿"": 23, ""炎帝"": 42, ""神农"": 210, ""禹"": 687, ""精卫"": 25, ""蚩尤"": 66, ""赤帝"": 6, ""轩辕"": 353, ""轩辕氏"": 2, ""阪泉"": 4, ""雨师"": 7, ""颛顼"": 7, ""风伯"": 5, ""鲧"": 12, ""黄帝"": 147}"
GCI-HOLD-0002,1162,data/CASIA-LM_ChineseWebText2.0_partial-001162.parquet,154037744,aafb022adbecd03d899a84a5ddb4af21b2b42c15780a58fbc851a82552a0a6aa,100000,1,2077,"{""九黎"": 72, ""共工"": 26, ""共工氏"": 1, ""后土"": 41, ""太昊"": 5, ""女娃"": 27, ""女娲"": 125, ""少昊"": 4, ""帝江"": 9, ""应龙"": 28, ""有熊氏"": 5, ""榆罔"": 1, ""涿鹿"": 5, ""炎帝"": 63, ""神农"": 123, ""禹"": 754, ""精卫"": 34, ""蚩尤"": 136, ""赤帝"": 26, ""轩辕"": 298, ""轩辕氏"": 5, ""雨师"": 16, ""颛顼"": 15, ""风伯"": 2, ""鲧"": 4, ""黄帝"": 252}"
GCI-HOLD-0002,1163,data/CASIA-LM_ChineseWebText2.0_partial-001163.parquet,153917287,c1c04adc352d044f7165231ff05bf15b1e9c6e627b2538e519ecdf4efb872fbf,100000,1,1883,"{""九黎"": 43, ""共工"": 13, ""后土"": 38, ""太昊"": 8, ""女娃"": 42, ""女娲"": 133, ""少昊"": 11, ""少皞"": 2, ""帝江"": 9, ""应龙"": 42, ""有熊氏"": 2, ""涿鹿"": 17, ""炎帝"": 67, ""神农"": 127, ""禹"": 704, ""精卫"": 42, ""缙云氏"": 3, ""蚩尤"": 42, ""赤帝"": 4, ""轩辕"": 302, ""轩辕氏"": 2, ""阪泉"": 2, ""雨师"": 14, ""颛顼"": 9, ""风伯"": 20, ""鲧"": 14, ""黄帝"": 171}"
GCI-HOLD-0002,1164,data/CASIA-LM_ChineseWebText2.0_partial-001164.parquet,152841103,a5a6e1aae03939c7914dec4609d45fab3c194d2860309be25759427e0e6e44f5,100000,1,1945,"{""九黎"": 27, ""共工"": 35, ""共工氏"": 1, ""后土"": 33, ""太昊"": 1, ""太皞"": 1, ""女娃"": 27, ""女娲"": 156, ""少昊"": 5, ""帝江"": 16, ""应龙"": 15, ""涿鹿"": 19, ""炎帝"": 65, ""神农"": 120, ""禹"": 702, ""精卫"": 24, ""蚩尤"": 90, ""赤帝"": 2, ""轩辕"": 350, ""轩辕氏"": 1, ""阪泉"": 1, ""雨师"": 12, ""颛顼"": 13, ""风伯"": 3, ""鲧"": 1, ""黄帝"": 225}"
GCI-HOLD-0002,1165,data/CASIA-LM_ChineseWebText2.0_partial-001165.parquet,155570391,969b3f37cfa238e246622e75aa9f8bf65933cc5bf580392dc58eb406423cde8d,100000,1,1984,"{""九黎"": 17, ""共工"": 21, ""后土"": 23, ""太昊"": 4, ""太皞"": 5, ""女娃"": 14, ""女娲"": 143, ""少昊"": 4, ""帝江"": 18, ""帝鸿"": 2, ""帝鸿氏"": 1, ""应龙"": 57, ""有熊氏"": 7, ""榆罔"": 4, ""涿鹿"": 33, ""炎帝"": 37, ""神农"": 181, ""禹"": 763, ""精卫"": 28, ""蚩尤"": 43, ""赤帝"": 4, ""轩辕"": 327, ""阪泉"": 1, ""雨师"": 5, ""颛顼"": 12, ""风伯"": 11, ""鲧"": 15, ""黄帝"": 204}"
GCI-HOLD-0002,1166,data/CASIA-LM_ChineseWebText2.0_partial-001166.parquet,153110556,d3e1fc15145ebf5b95e0370dcd54804f3a9a67e4a62f8277d7b0ced078f87537,100000,1,2078,"{""九黎"": 58, ""共工"": 30, ""后土"": 28, ""太昊"": 3, ""女娃"": 28, ""女娲"": 111, ""少昊"": 4, ""帝江"": 9, ""帝鸿"": 5, ""应龙"": 65, ""涿鹿"": 32, ""炎帝"": 26, ""神农"": 165, ""禹"": 775, ""精卫"": 27, ""蚩尤"": 77, ""赤帝"": 3, ""轩辕"": 335, ""雨师"": 4, ""颛顼"": 11, ""风伯"": 4, ""鲧"": 26, ""黄帝"": 252}"
GCI-HOLD-0002,1167,data/CASIA-LM_ChineseWebText2.0_partial-001167.parquet,155371556,101ac646a1b5a462beac14167d0f672549eac6fbbb9170839d061a1ae0255a75,100000,1,1911,"{""九黎"": 37, ""共工"": 22, ""共工氏"": 1, ""后土"": 27, ""太昊"": 8, ""女娃"": 47, ""女娲"": 93, ""少昊"": 12, ""帝江"": 29, ""应龙"": 38, ""涿鹿"": 10, ""炎帝"": 76, ""神农"": 133, ""禹"": 679, ""精卫"": 37, ""缙云氏"": 1, ""蚩尤"": 62, ""赤帝"": 10, ""轩辕"": 312, ""轩辕氏"": 7, ""阪泉"": 2, ""雨师"": 5, ""颛顼"": 13, ""风伯"": 14, ""鲧"": 13, ""黄帝"": 222, ""黄帝氏"": 1}"
GCI-HOLD-0002,1168,data/CASIA-LM_ChineseWebText2.0_partial-001168.parquet,155039931,bfadea4c49fd30f856eca086d20c9da6f61916ef90d7d2d77af0334205d88243,100000,1,2374,"{""九黎"": 22, ""共工"": 23, ""共工氏"": 1, ""句龙"": 1, ""后土"": 22, ""太昊"": 13, ""女娃"": 27, ""女娲"": 146, ""少昊"": 6, ""帝江"": 1, ""帝鸿"": 1, ""应龙"": 22, ""有熊氏"": 12, ""涿鹿"": 21, ""炎帝"": 77, ""神农"": 206, ""禹"": 895, ""精卫"": 18, ""蚩尤"": 119, ""赤帝"": 3, ""轩辕"": 438, ""轩辕氏"": 8, ""阪泉"": 2, ""雨师"": 6, ""颛顼"": 23, ""风伯"": 10, ""鲧"": 15, ""黄帝"": 236}"
GCI-HOLD-0002,1169,data/CASIA-LM_ChineseWebText2.0_partial-001169.parquet,154167178,2496b151b9314ce53d00dcae06d58ebd553e56f0924b251006fc1f22e6c3e317,100000,1,1682,"{""九黎"": 24, ""共工"": 12, ""后土"": 14, ""太昊"": 6, ""女娃"": 22, ""女娲"": 91, ""少昊"": 16, ""少皞"": 2, ""帝江"": 18, ""帝鸿"": 1, ""应龙"": 26, ""涿鹿"": 8, ""炎帝"": 48, ""神农"": 184, ""禹"": 610, ""精卫"": 23, ""蚩尤"": 55, ""赤帝"": 3, ""轩辕"": 264, ""轩辕氏"": 1, ""雨师"": 4, ""颛顼"": 20, ""风伯"": 2, ""鲧"": 13, ""黄帝"": 215}"
GCI-HOLD-0002,1170,data/CASIA-LM_ChineseWebText2.0_partial-001170.parquet,156256658,537b145adb1298ea54216a439d0081e78fe04bb342170f7751c0a5605b980ad6,100000,1,2233,"{""九黎"": 22, ""共工"": 18, ""后土"": 19, ""太昊"": 17, ""太皞"": 1, ""女娃"": 21, ""女娲"": 169, ""少昊"": 14, ""帝江"": 6, ""应龙"": 43, ""涿鹿"": 14, ""炎帝"": 78, ""神农"": 190, ""禹"": 809, ""精卫"": 28, ""蚩尤"": 67, ""赤帝"": 4, ""轩辕"": 430, ""轩辕氏"": 4, ""阪泉"": 5, ""雨师"": 5, ""颛顼"": 17, ""风伯"": 3, ""鲧"": 7, ""黄帝"": 242}"
GCI-HOLD-0002,1171,data/CASIA-LM_ChineseWebText2.0_partial-001171.parquet,154731717,54e735f40ec8ebd68746cd4aa36a3f3c20590219bc97cb04236ddbf0f7a229e3,100000,1,1856,"{""九黎"": 51, ""共工"": 30, ""后土"": 25, ""太昊"": 14, ""女娃"": 42, ""女娲"": 120, ""少昊"": 4, ""帝江"": 4, ""应龙"": 22, ""有熊氏"": 1, ""涿鹿"": 16, ""炎帝"": 53, ""神农"": 161, ""禹"": 613, ""精卫"": 27, ""蚩尤"": 87, ""赤帝"": 12, ""轩辕"": 271, ""轩辕氏"": 9, ""阪泉"": 8, ""雨师"": 3, ""颛顼"": 8, ""风伯"": 12, ""鲧"": 8, ""黄帝"": 255}"
GCI-HOLD-0002,1172,data/CASIA-LM_ChineseWebText2.0_partial-001172.parquet,154001891,f35d7471ecf94bea58cff46a8ba610d470b0cdd178813923162a43f4fa755c8e,100000,1,2074,"{""九黎"": 6, ""共工"": 31, ""共工氏"": 1, ""句龙"": 2, ""后土"": 34, ""太昊"": 10, ""女娃"": 34, ""女娲"": 123, ""少昊"": 11, ""少皞"": 2, ""帝江"": 3, ""帝鸿"": 2, ""帝鸿氏"": 1, ""应龙"": 31, ""榆罔"": 1, ""涿鹿"": 14, ""炎帝"": 112, ""神农"": 178, ""禹"": 712, ""精卫"": 52, ""蚩尤"": 78, ""轩辕"": 375, ""轩辕氏"": 6, ""阪泉"": 1, ""雨师"": 9, ""颛顼"": 13, ""风伯"": 2, ""鲧"": 2, ""黄帝"": 228}"
GCI-HOLD-0002,1173,data/CASIA-LM_ChineseWebText2.0_partial-001173.parquet,153215121,ef07599dc185af08405b8be86e193204d03eb8c89a10def753856f5d3deba890,100000,1,1697,"{""九黎"": 12, ""共工"": 18, ""后土"": 17, ""太昊"": 8, ""女娃"": 27, ""女娲"": 118, ""少昊"": 10, ""帝江"": 5, ""帝鸿"": 1, ""应龙"": 25, ""涿鹿"": 17, ""炎帝"": 52, ""神农"": 191, ""禹"": 577, ""精卫"": 46, ""蚩尤"": 32, ""赤帝"": 4, ""轩辕"": 328, ""轩辕氏"": 3, ""雨师"": 3, ""颛顼"": 8, ""风伯"": 6, ""鲧"": 1, ""黄帝"": 188}"
GCI-HOLD-0002,1174,data/CASIA-LM_ChineseWebText2.0_partial-001174.parquet,154295327,d204187852ba83c90fb763e5b5aa4ec7c3764f558eec07d88be664b5d5bd458b,100000,1,1946,"{""九黎"": 7, ""共工"": 25, ""后土"": 49, ""太昊"": 3, ""女娃"": 45, ""女娲"": 122, ""少昊"": 7, ""帝江"": 41, ""应龙"": 11, ""有熊氏"": 3, ""榆罔"": 4, ""涿鹿"": 20, ""炎帝"": 48, ""神农"": 161, ""禹"": 698, ""精卫"": 13, ""蚩尤"": 84, ""赤帝"": 6, ""轩辕"": 300, ""轩辕氏"": 4, ""阪泉"": 3, ""雨师"": 5, ""颛顼"": 11, ""风伯"": 3, ""鲧"": 12, ""黄帝"": 261}"
GCI-HOLD-0002,1175,data/CASIA-LM_ChineseWebText2.0_partial-001175.parquet,153883249,2e37540307f099b108a32dba7b5bb8706923f2cbbc96f152c96dc93430b66ae5,100000,1,1692,"{""九黎"": 15, ""共工"": 20, ""后土"": 28, ""太昊"": 34, ""女娃"": 36, ""女娲"": 109, ""少昊"": 10, ""帝江"": 1, ""帝鸿"": 2, ""应龙"": 40, ""有熊氏"": 1, ""涿鹿"": 9, ""炎帝"": 65, ""神农"": 173, ""禹"": 558, ""精卫"": 35, ""蚩尤"": 80, ""赤帝"": 2, ""轩辕"": 278, ""轩辕氏"": 9, ""雨师"": 1, ""颛顼"": 19, ""风伯"": 2, ""鲧"": 5, ""黄帝"": 157, ""黄帝氏"": 3}"
GCI-HOLD-0002,1176,data/CASIA-LM_ChineseWebText2.0_partial-001176.parquet,152696923,675fa466dbc0a57833dba43ca1d564a9d83de771dde24192384524469da7ffa7,100000,1,2274,"{""九黎"": 45, ""共工"": 26, ""后土"": 28, ""太昊"": 24, ""女娃"": 23, ""女娲"": 232, ""少昊"": 10, ""帝江"": 8, ""帝鸿"": 3, ""应龙"": 40, ""有熊氏"": 1, ""榆罔"": 2, ""涿鹿"": 79, ""炎帝"": 79, ""神农"": 140, ""禹"": 543, ""精卫"": 21, ""蚩尤"": 185, ""赤帝"": 10, ""轩辕"": 421, ""轩辕氏"": 1, ""阪泉"": 15, ""雨师"": 14, ""颛顼"": 11, ""风伯"": 17, ""鲧"": 14, ""黄帝"": 282}"
GCI-HOLD-0002,1177,data/CASIA-LM_ChineseWebText2.0_partial-001177.parquet,155295007,43266a17c6dd271da8549e83f997cad5ae766f1d9adc4a2f1a84ca3de55fac57,100000,1,2011,"{""九黎"": 6, ""共工"": 37, ""共工氏"": 12, ""后土"": 31, ""太昊"": 22, ""女娃"": 31, ""女娲"": 182, ""少昊"": 6, ""少皞"": 2, ""帝江"": 5, ""帝鸿"": 3, ""帝鸿氏"": 2, ""应龙"": 28, ""有熊氏"": 3, ""涿鹿"": 5, ""炎帝"": 98, ""神农"": 174, ""禹"": 843, ""精卫"": 31, ""缙云氏"": 8, ""蚩尤"": 47, ""赤帝"": 3, ""轩辕"": 216, ""轩辕氏"": 2, ""阪泉"": 2, ""雨师"": 5, ""颛顼"": 22, ""风伯"": 4, ""鲧"": 3, ""黄帝"": 178}"
GCI-HOLD-0002,1178,data/CASIA-LM_ChineseWebText2.0_partial-001178.parquet,153705499,26a4411fd8c303b6e8bd702796624d2486f17e8d2aedd3a9c3a87bb338d28a8e,100000,1,2131,"{""九黎"": 35, ""共工"": 73, ""共工氏"": 1, ""句龙"": 1, ""后土"": 38, ""太昊"": 6, ""女娃"": 37, ""女娲"": 157, ""少昊"": 18, ""帝江"": 7, ""应龙"": 53, ""有熊氏"": 4, ""涿鹿"": 31, ""炎帝"": 57, ""神农"": 149, ""禹"": 698, ""精卫"": 19, ""蚩尤"": 150, ""赤帝"": 6, ""轩辕"": 277, ""轩辕氏"": 5, ""阪泉"": 4, ""雨师"": 5, ""颛顼"": 12, ""风伯"": 4, ""鲧"": 1, ""黄帝"": 283}"
GCI-HOLD-0002,1179,data/CASIA-LM_ChineseWebText2.0_partial-001179.parquet,154812801,e744249abc1052ee862483923f70db05c3e82fef1450c65ccdd0be6e0906a44b,100000,1,1916,"{""九黎"": 12, ""共工"": 41, ""后土"": 27, ""太昊"": 2, ""女娃"": 33, ""女娲"": 149, ""少昊"": 8, ""帝江"": 5, ""应龙"": 64, ""榆罔"": 2, ""涿鹿"": 5, ""炎帝"": 51, ""神农"": 139, ""禹"": 736, ""精卫"": 44, ""蚩尤"": 46, ""赤帝"": 7, ""轩辕"": 315, ""轩辕氏"": 2, ""阪泉"": 1, ""雨师"": 5, ""颛顼"": 28, ""风伯"": 8, ""鲧"": 6, ""黄帝"": 180}"
GCI-HOLD-0002,1180,data/CASIA-LM_ChineseWebText2.0_partial-001180.parquet,153791755,3ccf1f3ac6b7d6e82dad63c79db0d40dea9afe754a4290ca1a2e87249c96c086,100000,1,2271,"{""九黎"": 29, ""共工"": 21, ""共工氏"": 2, ""后土"": 44, ""太昊"": 10, ""女娃"": 23, ""女娲"": 94, ""少昊"": 24, ""少皞"": 2, ""帝江"": 13, ""应龙"": 50, ""有熊氏"": 2, ""涿鹿"": 22, ""炎帝"": 68, ""神农"": 161, ""禹"": 782, ""精卫"": 22, ""蚩尤"": 208, ""赤帝"": 4, ""轩辕"": 350, ""轩辕氏"": 1, ""阪泉"": 7, ""雨师"": 13, ""颛顼"": 18, ""风伯"": 6, ""鲧"": 4, ""黄帝"": 288, ""黄帝氏"": 3}"
GCI-HOLD-0002,1181,data/CASIA-LM_ChineseWebText2.0_partial-001181.parquet,154750748,7ec5e0ff8a00cc8e510d34b5bdadbac800b84064618916be928d957b6ce0e5e3,100000,1,1991,"{""九黎"": 13, ""共工"": 21, ""句龙"": 1, ""后土"": 29, ""太昊"": 12, ""女娃"": 32, ""女娲"": 136, ""少昊"": 14, ""少皞"": 5, ""帝江"": 2, ""帝鸿"": 2, ""应龙"": 31, ""榆罔"": 5, ""涿鹿"": 51, ""炎帝"": 57, ""神农"": 104, ""禹"": 769, ""精卫"": 17, ""蚩尤"": 73, ""赤帝"": 3, ""轩辕"": 336, ""轩辕氏"": 5, ""雨师"": 8, ""颛顼"": 9, ""风伯"": 5, ""鲧"": 9, ""黄帝"": 241, ""黄帝氏"": 1}"
GCI-HOLD-0002,1182,data/CASIA-LM_ChineseWebText2.0_partial-001182.parquet,153974117,3183ccb9e97f24ca784e5694dc5cc40d33715a9c0d65c8c0ef23bb924c38ce5b,100000,1,1828,"{""九黎"": 23, ""共工"": 26, ""后土"": 31, ""太昊"": 13, ""女娃"": 26, ""女娲"": 147, ""少昊"": 8, ""帝江"": 4, ""应龙"": 42, ""榆罔"": 1, ""涿鹿"": 9, ""炎帝"": 46, ""神农"": 165, ""禹"": 633, ""精卫"": 39, ""蚩尤"": 61, ""赤帝"": 2, ""轩辕"": 299, ""轩辕氏"": 1, ""阪泉"": 2, ""雨师"": 4, ""颛顼"": 25, ""风伯"": 2, ""鲧"": 14, ""黄帝"": 204, ""黄帝氏"": 1}"
GCI-HOLD-0002,1183,data/CASIA-LM_ChineseWebText2.0_partial-001183.parquet,154122543,5880fec343b6d249d820aff97ab249f43aa0d0939c8cac0a3c49ca03ef71d139,100000,1,2073,"{""九黎"": 36, ""共工"": 23, ""共工氏"": 2, ""后土"": 33, ""太昊"": 6, ""太皞"": 1, ""女娃"": 31, ""女娲"": 125, ""少昊"": 12, ""少皞"": 1, ""帝江"": 5, ""应龙"": 43, ""有熊氏"": 1, ""涿鹿"": 24, ""炎帝"": 76, ""神农"": 193, ""禹"": 655, ""精卫"": 21, ""蚩尤"": 167, ""赤帝"": 8, ""轩辕"": 332, ""轩辕氏"": 1, ""阪泉"": 5, ""雨师"": 12, ""颛顼"": 11, ""风伯"": 10, ""鲧"": 13, ""黄帝"": 226}"
GCI-HOLD-0002,1184,data/CASIA-LM_ChineseWebText2.0_partial-001184.parquet,153295894,133c519067d2dfbb00a43577e1812c9440a44e7ec2b766e84744ae5922bf4e36,100000,1,1758,"{""九黎"": 16, ""共工"": 33, ""共工氏"": 2, ""后土"": 32, ""太昊"": 8, ""女娃"": 33, ""女娲"": 97, ""少昊"": 3, ""少皞"": 2, ""帝江"": 9, ""应龙"": 41, ""有熊氏"": 1, ""涿鹿"": 40, ""炎帝"": 56, ""神农"": 158, ""禹"": 696, ""精卫"": 33, ""蚩尤"": 66, ""赤帝"": 7, ""轩辕"": 240, ""轩辕氏"": 1, ""阪泉"": 9, ""雨师"": 5, ""颛顼"": 13, ""风伯"": 2, ""鲧"": 9, ""黄帝"": 146}"
GCI-HOLD-0002,1185,data/CASIA-LM_ChineseWebText2.0_partial-001185.parquet,153675470,98c72d3d76553416a24c6d967e5244173e762a2b52db505010fc6c01787aff4e,100000,1,2128,"{""九黎"": 27, ""共工"": 9, ""共工氏"": 1, ""后土"": 31, ""太昊"": 5, ""女娃"": 29, ""女娲"": 149, ""少昊"": 1, ""帝江"": 16, ""帝鸿"": 2, ""应龙"": 44, ""有熊氏"": 3, ""涿鹿"": 6, ""炎帝"": 78, ""神农"": 179, ""禹"": 802, ""精卫"": 41, ""蚩尤"": 101, ""赤帝"": 1, ""轩辕"": 352, ""轩辕氏"": 2, ""雨师"": 4, ""颛顼"": 9, ""鲧"": 8, ""黄帝"": 225, ""黄帝氏"": 3}"
GCI-HOLD-0002,1186,data/CASIA-LM_ChineseWebText2.0_partial-001186.parquet,153837338,e3552cc0e3337c2f20fdea882eda117392a275bf527633c4bac50ff708d914f1,100000,1,1859,"{""九黎"": 15, ""共工"": 17, ""后土"": 56, ""太昊"": 3, ""女娃"": 42, ""女娲"": 110, ""少昊"": 7, ""帝江"": 1, ""应龙"": 52, ""涿鹿"": 8, ""炎帝"": 37, ""神农"": 246, ""禹"": 703, ""精卫"": 37, ""蚩尤"": 52, ""赤帝"": 3, ""轩辕"": 256, ""轩辕氏"": 1, ""阪泉"": 1, ""雨师"": 3, ""颛顼"": 19, ""风伯"": 6, ""鲧"": 16, ""黄帝"": 168}"
GCI-HOLD-0002,1187,data/CASIA-LM_ChineseWebText2.0_partial-001187.parquet,154129093,da9157883573ad3cccb7d9e7c951efd5f1406e94688920ff04715b72fcb58fa6,100000,1,2000,"{""九黎"": 31, ""共工"": 35, ""共工氏"": 1, ""后土"": 33, ""太昊"": 8, ""女娃"": 37, ""女娲"": 136, ""少昊"": 21, ""帝江"": 9, ""帝鸿"": 1, ""应龙"": 26, ""涿鹿"": 10, ""炎帝"": 51, ""神农"": 137, ""禹"": 895, ""精卫"": 23, ""蚩尤"": 78, ""赤帝"": 3, ""轩辕"": 251, ""轩辕氏"": 2, ""阪泉"": 3, ""雨师"": 6, ""颛顼"": 15, ""风伯"": 2, ""黄帝"": 186}"
GCI-HOLD-0002,1188,data/CASIA-LM_ChineseWebText2.0_partial-001188.parquet,154069356,e7b14e5c96d49f1551722bc2e6b543a11862a47176effb8da7cf19247973842f,100000,1,1581,"{""九黎"": 7, ""共工"": 17, ""共工氏"": 2, ""句龙"": 1, ""后土"": 39, ""太昊"": 4, ""太皞"": 4, ""女娃"": 39, ""女娲"": 102, ""少昊"": 12, ""帝江"": 3, ""应龙"": 20, ""涿鹿"": 11, ""炎帝"": 30, ""神农"": 122, ""禹"": 626, ""精卫"": 13, ""蚩尤"": 44, ""赤帝"": 4, ""轩辕"": 282, ""轩辕氏"": 2, ""阪泉"": 1, ""雨师"": 4, ""颛顼"": 15, ""风伯"": 3, ""鲧"": 12, ""黄帝"": 162}"
GCI-HOLD-0002,1189,data/CASIA-LM_ChineseWebText2.0_partial-001189.parquet,153424636,38f0138968792d7f05762d5c167924ef17b30f80a73060c85b8e0c338f26c5d7,100000,1,1826,"{""九黎"": 23, ""共工"": 13, ""共工氏"": 2, ""后土"": 33, ""太昊"": 5, ""女娃"": 24, ""女娲"": 103, ""少昊"": 5, ""帝江"": 3, ""帝鸿"": 5, ""应龙"": 66, ""有熊氏"": 1, ""榆罔"": 7, ""涿鹿"": 5, ""炎帝"": 23, ""神农"": 132, ""禹"": 704, ""精卫"": 20, ""蚩尤"": 64, ""赤帝"": 2, ""轩辕"": 314, ""轩辕氏"": 2, ""雨师"": 8, ""颛顼"": 12, ""风伯"": 3, ""鲧"": 2, ""黄帝"": 245}"
GCI-HOLD-0002,1190,data/CASIA-LM_ChineseWebText2.0_partial-001190.parquet,153812533,56b66467b8311d026ea008b7062214868c641930d5445c569acd47d06380c29f,100000,1,2010,"{""九黎"": 25, ""共工"": 13, ""共工氏"": 1, ""后土"": 16, ""太昊"": 4, ""女娃"": 28, ""女娲"": 103, ""少昊"": 3, ""帝江"": 1, ""帝鸿"": 6, ""应龙"": 45, ""有熊氏"": 6, ""榆罔"": 20, ""涿鹿"": 29, ""炎帝"": 54, ""神农"": 172, ""禹"": 767, ""精卫"": 57, ""缙云氏"": 1, ""蚩尤"": 72, ""赤帝"": 5, ""轩辕"": 317, ""轩辕氏"": 6, ""雨师"": 23, ""颛顼"": 6, ""风伯"": 5, ""鲧"": 16, ""黄帝"": 209}"
GCI-HOLD-0002,1191,data/CASIA-LM_ChineseWebText2.0_partial-001191.parquet,153585475,6fbc2edb115b55bd7e8e435c874fd25dd0f082e35867733f566181c058d8e810,100000,1,2096,"{""九黎"": 17, ""共工"": 29, ""句龙"": 1, ""后土"": 24, ""太昊"": 6, ""太皞"": 1, ""女娃"": 59, ""女娲"": 119, ""少昊"": 16, ""帝江"": 1, ""应龙"": 65, ""有熊氏"": 1, ""涿鹿"": 4, ""炎帝"": 41, ""神农"": 146, ""禹"": 838, ""精卫"": 44, ""蚩尤"": 56, ""赤帝"": 4, ""轩辕"": 368, ""轩辕氏"": 1, ""雨师"": 4, ""颛顼"": 13, ""风伯"": 9, ""鲧"": 19, ""黄帝"": 210}"
GCI-HOLD-0002,1192,data/CASIA-LM_ChineseWebText2.0_partial-001192.parquet,153722648,5e84e6334ab721a29806edda28aa3b98a72c0f56e4d005357eec135022c7a9d8,100000,1,1867,"{""九黎"": 21, ""共工"": 21, ""共工氏"": 7, ""后土"": 29, ""太昊"": 11, ""女娃"": 50, ""女娲"": 110, ""少昊"": 2, ""帝江"": 11, ""应龙"": 32, ""有熊氏"": 2, ""涿鹿"": 7, ""炎帝"": 119, ""神农"": 166, ""禹"": 663, ""精卫"": 38, ""缙云氏"": 2, ""蚩尤"": 78, ""赤帝"": 7, ""轩辕"": 247, ""轩辕氏"": 4, ""阪泉"": 1, ""雨师"": 7, ""颛顼"": 22, ""风伯"": 26, ""鲧"": 6, ""黄帝"": 178}"
GCI-HOLD-0002,1193,data/CASIA-LM_ChineseWebText2.0_partial-001193.parquet,154412831,d1c138d5b50d3750c213acff07cad230624a310f7ff9cf870df3e92b8a4ffd13,100000,1,1862,"{""九黎"": 29, ""共工"": 19, ""共工氏"": 1, ""后土"": 35, ""女娃"": 28, ""女娲"": 125, ""少昊"": 15, ""帝江"": 29, ""应龙"": 14, ""涿鹿"": 21, ""炎帝"": 25, ""神农"": 133, ""禹"": 702, ""精卫"": 37, ""蚩尤"": 102, ""赤帝"": 1, ""轩辕"": 279, ""轩辕氏"": 5, ""阪泉"": 1, ""雨师"": 6, ""颛顼"": 6, ""风伯"": 1, ""鲧"": 29, ""黄帝"": 219}"
GCI-HOLD-0002,1194,data/CASIA-LM_ChineseWebText2.0_partial-001194.parquet,247863124,3ad7984e629de835147707f27ffc52790d3b6a98a478980db860d00a53824055,100000,1,3044,"{""九黎"": 7, ""共工"": 81, ""共工氏"": 9, ""句龙"": 3, ""后土"": 76, ""太昊"": 7, ""太皞"": 7, ""女娃"": 52, ""女娲"": 237, ""少昊"": 14, ""少皞"": 5, ""帝江"": 1, ""帝鸿"": 3, ""帝鸿氏"": 3, ""应龙"": 58, ""有熊氏"": 1, ""榆罔"": 13, ""涿鹿"": 14, ""炎帝"": 98, ""神农"": 312, ""禹"": 851, ""精卫"": 57, ""蚩尤"": 121, ""赤帝"": 5, ""轩辕"": 501, ""轩辕氏"": 7, ""阪泉"": 5, ""雨师"": 16, ""颛顼"": 37, ""风伯"": 8, ""鲧"": 29, ""黄帝"": 406}"
GCI-HOLD-0002,1195,data/CASIA-LM_ChineseWebText2.0_partial-001195.parquet,252396402,9607b69ff2ad25727e2b4f93432e5a6c83599706b39c54177302c032907af563,100000,1,2862,"{""九黎"": 17, ""共工"": 75, ""共工氏"": 1, ""句龙"": 2, ""后土"": 49, ""太昊"": 6, ""太皞"": 6, ""女娃"": 53, ""女娲"": 123, ""少昊"": 12, ""少皞"": 2, ""帝江"": 7, ""帝鸿"": 2, ""帝鸿氏"": 1, ""应龙"": 39, ""有熊氏"": 3, ""涿鹿"": 18, ""炎帝"": 105, ""神农"": 262, ""禹"": 1017, ""精卫"": 103, ""缙云氏"": 1, ""蚩尤"": 86, ""赤帝"": 5, ""轩辕"": 209, ""轩辕氏"": 9, ""阪泉"": 4, ""雨师"": 10, ""颛顼"": 53, ""风伯"": 11, ""鲧"": 34, ""黄帝"": 537}"
GCI-HOLD-0002,1196,data/CASIA-LM_ChineseWebText2.0_partial-001196.parquet,262307986,83408af8029226eb8af0d34d84ac196b75ffc25d38dc0a52d704e9b0527366cf,100000,1,5436,"{""九黎"": 25, ""共工"": 288, ""共工氏"": 24, ""句龙"": 2, ""后土"": 54, ""太昊"": 27, ""太皞"": 1, ""女娃"": 73, ""女娲"": 344, ""少昊"": 50, ""少皞"": 5, ""帝江"": 10, ""帝鸿"": 14, ""帝鸿氏"": 2, ""应龙"": 67, ""有熊氏"": 6, ""榆罔"": 2, ""涿鹿"": 42, ""炎帝"": 233, ""神农"": 435, ""禹"": 1520, ""精卫"": 374, ""缙云氏"": 25, ""蚩尤"": 187, ""赤帝"": 23, ""轩辕"": 231, ""轩辕氏"": 15, ""阪泉"": 14, ""雨师"": 19, ""颛顼"": 230, ""风伯"": 23, ""鲧"": 33, ""黄帝"": 1035, ""黄帝氏"": 3}"
GCI-HOLD-0002,1197,data/CASIA-LM_ChineseWebText2.0_partial-001197.parquet,260650791,59793177cc7d7e37e29803960908bd3fed98b20e3832a18c4fb5d5d5bd344e86,100000,1,7307,"{""九黎"": 92, ""共工"": 214, ""共工氏"": 61, ""句龙"": 9, ""后土"": 76, ""太昊"": 33, ""太皞"": 5, ""女娃"": 14, ""女娲"": 216, ""少昊"": 130, ""少皞"": 5, ""帝江"": 6, ""帝鸿"": 12, ""帝鸿氏"": 8, ""应龙"": 70, ""有熊氏"": 17, ""榆罔"": 3, ""涿鹿"": 91, ""炎帝"": 273, ""神农"": 400, ""禹"": 2151, ""精卫"": 305, ""缙云氏"": 9, ""蚩尤"": 599, ""赤帝"": 18, ""轩辕"": 322, ""轩辕氏"": 21, ""阪泉"": 33, ""雨师"": 28, ""颛顼"": 276, ""风伯"": 24, ""鲧"": 104, ""黄帝"": 1680, ""黄帝氏"": 2}"
GCI-HOLD-0002,1198,data/CASIA-LM_ChineseWebText2.0_partial-001198.parquet,258740189,8f9408eb212c3d300812f7675140a980205a519bdeffa318116198a8f53774dc,100000,1,5353,"{""九黎"": 12, ""共工"": 335, ""共工氏"": 70, ""句龙"": 3, ""后土"": 67, ""太昊"": 14, ""女娃"": 79, ""女娲"": 363, ""少昊"": 26, ""少皞"": 3, ""帝江"": 5, ""帝鸿"": 3, ""帝鸿氏"": 1, ""应龙"": 57, ""有熊氏"": 4, ""榆罔"": 3, ""涿鹿"": 32, ""炎帝"": 204, ""神农"": 427, ""禹"": 1699, ""精卫"": 211, ""缙云氏"": 1, ""蚩尤"": 170, ""赤帝"": 8, ""轩辕"": 257, ""轩辕氏"": 14, ""阪泉"": 6, ""雨师"": 21, ""颛顼"": 131, ""风伯"": 16, ""鲧"": 90, ""黄帝"": 1019, ""黄帝氏"": 2}"
GCI-HOLD-0002,1199,data/CASIA-LM_ChineseWebText2.0_partial-001199.parquet,248268345,10ddff672076f9ede2bc4a7a55b7f898a21ba74b307691bc1c4a7d2a401ad167,100000,1,3177,"{""九黎"": 42, ""共工"": 70, ""共工氏"": 4, ""句龙"": 2, ""后土"": 68, ""太昊"": 15, ""女娃"": 42, ""女娲"": 110, ""少昊"": 14, ""少皞"": 4, ""帝江"": 32, ""帝鸿"": 1, ""帝鸿氏"": 1, ""应龙"": 34, ""有熊氏"": 6, ""榆罔"": 5, ""涿鹿"": 15, ""炎帝"": 108, ""神农"": 265, ""禹"": 1009, ""精卫"": 84, ""缙云氏"": 1, ""蚩尤"": 128, ""赤帝"": 9, ""轩辕"": 318, ""轩辕氏"": 8, ""阪泉"": 12, ""雨师"": 5, ""颛顼"": 57, ""风伯"": 6, ""鲧"": 46, ""黄帝"": 656}"
GCI-HOLD-0002,1200,data/CASIA-LM_ChineseWebText2.0_partial-001200.parquet,261376966,9b6dbcd422111df62fb9d6394c8fc82cd2251464918f86d5414b9e53a18c42c4,100000,1,4466,"{""九黎"": 10, ""共工"": 143, ""共工氏"": 24, ""句龙"": 16, ""后土"": 81, ""太昊"": 15, ""太皞"": 2, ""女娃"": 48, ""女娲"": 253, ""少昊"": 23, ""少皞"": 7, ""帝江"": 9, ""帝鸿"": 1, ""帝鸿氏"": 1, ""应龙"": 42, ""有熊氏"": 3, ""涿鹿"": 33, ""炎帝"": 100, ""神农"": 299, ""禹"": 1518, ""精卫"": 309, ""缙云氏"": 1, ""蚩尤"": 149, ""赤帝"": 21, ""轩辕"": 239, ""轩辕氏"": 5, ""阪泉"": 10, ""雨师"": 6, ""颛顼"": 105, ""风伯"": 9, ""鲧"": 44, ""黄帝"": 938, ""黄帝氏"": 2}"
GCI-HOLD-0002,1201,data/CASIA-LM_ChineseWebText2.0_partial-001201.parquet,262460365,4d063afa77a617b55c4df8df5a65bf7c17ef87e4ecb343c95cb986757c7dc417,100000,1,6794,"{""九黎"": 48, ""共工"": 136, ""共工氏"": 7, ""句龙"": 2, ""后土"": 77, ""太昊"": 112, ""太皞"": 4, ""女娃"": 27, ""女娲"": 447, ""少昊"": 81, ""少皞"": 8, ""帝江"": 3, ""帝鸿"": 7, ""帝鸿氏"": 2, ""应龙"": 133, ""有熊氏"": 4, ""榆罔"": 8, ""涿鹿"": 35, ""炎帝"": 292, ""神农"": 565, ""禹"": 2242, ""精卫"": 357, ""缙云氏"": 16, ""蚩尤"": 175, ""赤帝"": 19, ""轩辕"": 297, ""轩辕氏"": 32, ""阪泉"": 16, ""雨师"": 13, ""颛顼"": 266, ""风伯"": 11, ""鲧"": 80, ""黄帝"": 1267, ""黄帝氏"": 5}"
GCI-HOLD-0002,1202,data/CASIA-LM_ChineseWebText2.0_partial-001202.parquet,268673762,008bf850ffa7c0ffe2c42a535a8296a0bc2518590ec6a3f93729ad68760bc65b,100000,1,7049,"{""九黎"": 28, ""共工"": 180, ""共工氏"": 16, ""句龙"": 2, ""后土"": 62, ""太昊"": 79, ""太皞"": 5, ""女娃"": 44, ""女娲"": 478, ""少昊"": 114, ""少皞"": 7, ""帝江"": 11, ""帝鸿"": 8, ""帝鸿氏"": 8, ""应龙"": 95, ""有熊氏"": 13, ""榆罔"": 9, ""涿鹿"": 49, ""炎帝"": 313, ""神农"": 524, ""禹"": 2502, ""精卫"": 217, ""缙云氏"": 19, ""蚩尤"": 165, ""赤帝"": 29, ""轩辕"": 269, ""轩辕氏"": 16, ""阪泉"": 19, ""雨师"": 16, ""颛顼"": 258, ""风伯"": 14, ""鲧"": 155, ""黄帝"": 1325}"
GCI-HOLD-0002,1203,data/CASIA-LM_ChineseWebText2.0_partial-001203.parquet,257081811,f8de1d799796f53910ac4d2de263c36169ad1de90290b72ea16837d58bd8bcbb,100000,1,5238,"{""九黎"": 15, ""共工"": 299, ""共工氏"": 80, ""句龙"": 6, ""后土"": 89, ""太昊"": 38, ""太皞"": 6, ""女娃"": 63, ""女娲"": 194, ""少昊"": 40, ""少皞"": 6, ""帝江"": 15, ""帝鸿"": 7, ""帝鸿氏"": 5, ""应龙"": 84, ""有熊氏"": 8, ""榆罔"": 4, ""涿鹿"": 50, ""炎帝"": 325, ""神农"": 454, ""禹"": 1239, ""精卫"": 197, ""缙云氏"": 5, ""蚩尤"": 187, ""赤帝"": 11, ""轩辕"": 360, ""轩辕氏"": 26, ""阪泉"": 12, ""雨师"": 23, ""颛顼"": 180, ""风伯"": 24, ""鲧"": 30, ""黄帝"": 1154, ""黄帝氏"": 2}"
GCI-HOLD-0002,1204,data/CASIA-LM_ChineseWebText2.0_partial-001204.parquet,244718252,d73d7c62ec7e4c1e90cdd4852ab43977bf2277bf3c475d231f26a4681dc4876f,100000,1,2855,"{""九黎"": 19, ""共工"": 135, ""共工氏"": 4, ""句龙"": 4, ""后土"": 55, ""太昊"": 11, ""女娃"": 74, ""女娲"": 164, ""少昊"": 14, ""少皞"": 4, ""帝江"": 1, ""帝鸿"": 10, ""应龙"": 44, ""有熊氏"": 5, ""榆罔"": 3, ""涿鹿"": 18, ""炎帝"": 97, ""神农"": 258, ""禹"": 1062, ""精卫"": 81, ""缙云氏"": 1, ""蚩尤"": 87, ""赤帝"": 4, ""轩辕"": 140, ""轩辕氏"": 8, ""阪泉"": 3, ""雨师"": 7, ""颛顼"": 79, ""风伯"": 8, ""鲧"": 65, ""黄帝"": 390}"
GCI-HOLD-0002,1205,data/CASIA-LM_ChineseWebText2.0_partial-001205.parquet,252902067,ebd4d4e76a1726bebcd5784dccacb55a86552189e8d42a8cdcca42e36c7812a0,100000,1,2803,"{""九黎"": 41, ""共工"": 114, ""共工氏"": 6, ""句龙"": 5, ""后土"": 61, ""太昊"": 17, ""太皞"": 5, ""女娃"": 48, ""女娲"": 155, ""少昊"": 33, ""少皞"": 6, ""帝江"": 12, ""帝鸿"": 5, ""帝鸿氏"": 3, ""应龙"": 87, ""有熊氏"": 7, ""涿鹿"": 14, ""炎帝"": 91, ""神农"": 235, ""禹"": 833, ""精卫"": 91, ""缙云氏"": 1, ""蚩尤"": 151, ""赤帝"": 7, ""轩辕"": 191, ""轩辕氏"": 3, ""阪泉"": 3, ""雨师"": 27, ""颛顼"": 52, ""风伯"": 23, ""鲧"": 37, ""黄帝"": 439}"
GCI-HOLD-0002,1206,data/CASIA-LM_ChineseWebText2.0_partial-001206.parquet,255334719,5eab647738f724826903b09affa09dc75ee24f1dc042d701fab7ba46f63ffc16,100000,1,3036,"{""九黎"": 11, ""共工"": 114, ""共工氏"": 2, ""后土"": 100, ""太昊"": 22, ""太皞"": 5, ""女娃"": 72, ""女娲"": 201, ""少昊"": 25, ""少皞"": 10, ""帝江"": 6, ""帝鸿"": 4, ""应龙"": 37, ""有熊氏"": 6, ""榆罔"": 1, ""涿鹿"": 25, ""炎帝"": 85, ""神农"": 232, ""禹"": 972, ""精卫"": 131, ""蚩尤"": 82, ""赤帝"": 15, ""轩辕"": 214, ""轩辕氏"": 10, ""阪泉"": 5, ""雨师"": 27, ""颛顼"": 42, ""风伯"": 16, ""鲧"": 46, ""黄帝"": 518}"
GCI-HOLD-0002,1207,data/CASIA-LM_ChineseWebText2.0_partial-001207.parquet,249399643,805f666c350e3a5232439572a41c79d3fda5e6e9ab2352e678098edbfe0b6324,100000,1,3405,"{""九黎"": 20, ""共工"": 115, ""共工氏"": 5, ""句龙"": 3, ""后土"": 71, ""太昊"": 19, ""太皞"": 1, ""女娃"": 54, ""女娲"": 255, ""少昊"": 8, ""少皞"": 5, ""帝江"": 4, ""帝鸿"": 7, ""帝鸿氏"": 6, ""应龙"": 57, ""有熊氏"": 7, ""榆罔"": 1, ""涿鹿"": 26, ""炎帝"": 71, ""神农"": 193, ""禹"": 1309, ""精卫"": 80, ""缙云氏"": 1, ""蚩尤"": 94, ""赤帝"": 4, ""轩辕"": 306, ""轩辕氏"": 5, ""阪泉"": 4, ""雨师"": 15, ""颛顼"": 81, ""风伯"": 15, ""鲧"": 47, ""黄帝"": 513, ""黄帝氏"": 3}"
GCI-HOLD-0002,1208,data/CASIA-LM_ChineseWebText2.0_partial-001208.parquet,251951481,1595ac49e98fe526db1bc831948f9ae09652e4954030878fd7c4051e13e9b744,100000,1,4651,"{""九黎"": 13, ""共工"": 143, ""共工氏"": 36, ""句龙"": 8, ""后土"": 75, ""太昊"": 13, ""太皞"": 1, ""女娃"": 32, ""女娲"": 280, ""少昊"": 54, ""少皞"": 4, ""帝江"": 10, ""帝鸿"": 2, ""帝鸿氏"": 1, ""应龙"": 44, ""有熊氏"": 3, ""榆罔"": 6, ""涿鹿"": 65, ""炎帝"": 228, ""神农"": 366, ""禹"": 1324, ""精卫"": 175, ""缙云氏"": 1, ""蚩尤"": 147, ""赤帝"": 25, ""轩辕"": 291, ""轩辕氏"": 16, ""阪泉"": 14, ""雨师"": 24, ""颛顼"": 110, ""风伯"": 15, ""鲧"": 75, ""黄帝"": 1049, ""黄帝氏"": 1}"
GCI-HOLD-0002,1209,data/CASIA-LM_ChineseWebText2.0_partial-001209.parquet,258948994,66be6c981f5b6b54577df5b1a6cb892b869b33ada864a9b332c990e1451766cc,100000,1,7770,"{""九黎"": 17, ""共工"": 338, ""共工氏"": 58, ""句龙"": 3, ""后土"": 83, ""太昊"": 61, ""太皞"": 9, ""女娃"": 47, ""女娲"": 352, ""少昊"": 74, ""少皞"": 8, ""帝江"": 16, ""帝鸿"": 5, ""帝鸿氏"": 2, ""应龙"": 71, ""有熊氏"": 23, ""榆罔"": 28, ""涿鹿"": 100, ""炎帝"": 605, ""神农"": 566, ""禹"": 1924, ""精卫"": 213, ""缙云氏"": 9, ""蚩尤"": 288, ""赤帝"": 18, ""轩辕"": 513, ""轩辕氏"": 47, ""阪泉"": 33, ""雨师"": 32, ""颛顼"": 385, ""风伯"": 21, ""鲧"": 79, ""黄帝"": 1741, ""黄帝氏"": 1}"
GCI-HOLD-0002,1210,data/CASIA-LM_ChineseWebText2.0_partial-001210.parquet,262164583,e008ff7d8e5e4fd49f0827dcf8d467114a370690fa599bc23208323a42eb5459,100000,1,6457,"{""九黎"": 69, ""共工"": 187, ""共工氏"": 8, ""句龙"": 1, ""后土"": 65, ""太昊"": 46, ""太皞"": 6, ""女娃"": 54, ""女娲"": 260, ""少昊"": 131, ""少皞"": 8, ""帝江"": 5, ""帝鸿"": 6, ""帝鸿氏"": 1, ""应龙"": 124, ""有熊氏"": 13, ""榆罔"": 13, ""涿鹿"": 129, ""炎帝"": 375, ""神农"": 408, ""禹"": 1733, ""精卫"": 288, ""缙云氏"": 1, ""蚩尤"": 380, ""赤帝"": 35, ""轩辕"": 310, ""轩辕氏"": 30, ""阪泉"": 52, ""雨师"": 42, ""颛顼"": 208, ""风伯"": 25, ""鲧"": 95, ""黄帝"": 1349}"
GCI-HOLD-0002,1211,data/CASIA-LM_ChineseWebText2.0_partial-001211.parquet,264219270,f9970ae91b2d16c03c1e689b27214046f0ca729a7d1f9d087375f73617825c9a,100000,1,6556,"{""九黎"": 17, ""共工"": 178, ""共工氏"": 9, ""后土"": 82, ""太昊"": 25, ""太皞"": 3, ""女娃"": 65, ""女娲"": 237, ""少昊"": 94, ""少皞"": 8, ""帝江"": 8, ""帝鸿"": 3, ""帝鸿氏"": 2, ""应龙"": 90, ""有熊氏"": 7, ""榆罔"": 29, ""涿鹿"": 87, ""炎帝"": 394, ""神农"": 512, ""禹"": 1988, ""精卫"": 217, ""缙云氏"": 3, ""蚩尤"": 368, ""赤帝"": 15, ""轩辕"": 404, ""轩辕氏"": 15, ""阪泉"": 58, ""雨师"": 23, ""颛顼"": 140, ""风伯"": 20, ""鲧"": 69, ""黄帝"": 1384, ""黄帝氏"": 2}"
GCI-HOLD-0002,1212,data/CASIA-LM_ChineseWebText2.0_partial-001212.parquet,266594209,eac1427ca1d4f4dc5397fb151909460c17e257036969361093582f8acebad338,100000,1,5542,"{""九黎"": 19, ""共工"": 167, ""共工氏"": 13, ""句龙"": 2, ""后土"": 69, ""太昊"": 31, ""太皞"": 1, ""女娃"": 38, ""女娲"": 268, ""少昊"": 98, ""少皞"": 5, ""帝江"": 14, ""帝鸿"": 6, ""帝鸿氏"": 6, ""应龙"": 76, ""有熊氏"": 10, ""榆罔"": 4, ""涿鹿"": 27, ""炎帝"": 176, ""神农"": 406, ""禹"": 1826, ""精卫"": 188, ""缙云氏"": 23, ""蚩尤"": 125, ""赤帝"": 9, ""轩辕"": 325, ""轩辕氏"": 26, ""阪泉"": 13, ""雨师"": 15, ""颛顼"": 197, ""风伯"": 10, ""鲧"": 131, ""黄帝"": 1217, ""黄帝氏"": 1}"
GCI-HOLD-0002,1213,data/CASIA-LM_ChineseWebText2.0_partial-001213.parquet,259316372,e28af2ede9fe5f9cab82c940cab89eaa5b849c3b3f356dc8c3af1e241a7afeba,100000,1,5543,"{""九黎"": 32, ""共工"": 129, ""共工氏"": 2, ""句龙"": 4, ""后土"": 50, ""太昊"": 21, ""太皞"": 2, ""女娃"": 37, ""女娲"": 220, ""少昊"": 34, ""少皞"": 1, ""帝江"": 6, ""帝鸿"": 4, ""帝鸿氏"": 3, ""应龙"": 102, ""有熊氏"": 14, ""榆罔"": 6, ""涿鹿"": 66, ""炎帝"": 241, ""神农"": 549, ""禹"": 1896, ""精卫"": 181, ""缙云氏"": 6, ""蚩尤"": 248, ""赤帝"": 16, ""轩辕"": 275, ""轩辕氏"": 20, ""阪泉"": 21, ""雨师"": 18, ""颛顼"": 89, ""风伯"": 21, ""鲧"": 70, ""黄帝"": 1156, ""黄帝氏"": 3}"
GCI-HOLD-0002,1214,data/CASIA-LM_ChineseWebText2.0_partial-001214.parquet,261684937,94b18057d1bd1f9e50e43dd3dc62404ad1ddcbbb4745f8ba5d595e7710484e6c,100000,1,3529,"{""九黎"": 9, ""共工"": 113, ""共工氏"": 6, ""句龙"": 6, ""后土"": 51, ""太昊"": 15, ""太皞"": 5, ""女娃"": 61, ""女娲"": 238, ""少昊"": 33, ""少皞"": 3, ""帝江"": 3, ""帝鸿"": 4, ""帝鸿氏"": 2, ""应龙"": 20, ""有熊氏"": 3, ""榆罔"": 2, ""涿鹿"": 15, ""炎帝"": 143, ""神农"": 257, ""禹"": 1237, ""精卫"": 77, ""缙云氏"": 1, ""蚩尤"": 93, ""赤帝"": 11, ""轩辕"": 315, ""轩辕氏"": 11, ""阪泉"": 6, ""雨师"": 14, ""颛顼"": 51, ""风伯"": 9, ""鲧"": 82, ""黄帝"": 631, ""黄帝氏"": 2}"
GCI-HOLD-0002,1215,data/CASIA-LM_ChineseWebText2.0_partial-001215.parquet,265026244,013eef2ef8233c1748b4d86569c2f044027016767f3f8e0808e2eee749cd0b10,100000,1,5010,"{""九黎"": 14, ""共工"": 132, ""共工氏"": 7, ""后土"": 115, ""太昊"": 33, ""太皞"": 2, ""女娃"": 55, ""女娲"": 438, ""少昊"": 54, ""少皞"": 3, ""帝江"": 4, ""帝鸿"": 6, ""帝鸿氏"": 3, ""应龙"": 30, ""有熊氏"": 8, ""榆罔"": 10, ""涿鹿"": 19, ""炎帝"": 158, ""神农"": 232, ""禹"": 1876, ""精卫"": 130, ""缙云氏"": 11, ""蚩尤"": 109, ""赤帝"": 9, ""轩辕"": 402, ""轩辕氏"": 13, ""阪泉"": 4, ""雨师"": 45, ""颛顼"": 144, ""风伯"": 24, ""鲧"": 56, ""黄帝"": 864}"
GCI-HOLD-0002,1216,data/CASIA-LM_ChineseWebText2.0_partial-001216.parquet,263515652,7a5f72a27f3d969926354ed86405f35bbf1687730fae63f549580aaf0fbbf59b,100000,1,6422,"{""九黎"": 59, ""共工"": 172, ""共工氏"": 14, ""句龙"": 1, ""后土"": 65, ""太昊"": 20, ""太皞"": 3, ""女娃"": 55, ""女娲"": 168, ""少昊"": 77, ""帝江"": 8, ""帝鸿"": 5, ""帝鸿氏"": 4, ""应龙"": 33, ""有熊氏"": 13, ""榆罔"": 2, ""涿鹿"": 70, ""炎帝"": 222, ""神农"": 438, ""禹"": 2248, ""精卫"": 376, ""缙云氏"": 6, ""蚩尤"": 502, ""赤帝"": 34, ""轩辕"": 205, ""轩辕氏"": 16, ""阪泉"": 21, ""雨师"": 20, ""颛顼"": 127, ""风伯"": 20, ""鲧"": 80, ""黄帝"": 1335, ""黄帝氏"": 3}"
GCI-HOLD-0002,1217,data/CASIA-LM_ChineseWebText2.0_partial-001217.parquet,263630132,1441673ca1d9add65853309f3ce039f73dd8e1a25e38cff380c9d11fa6735c64,100000,1,6236,"{""九黎"": 16, ""共工"": 149, ""共工氏"": 9, ""句龙"": 3, ""后土"": 68, ""太昊"": 39, ""太皞"": 3, ""女娃"": 20, ""女娲"": 272, ""少昊"": 39, ""少皞"": 18, ""帝江"": 1, ""帝鸿"": 7, ""帝鸿氏"": 3, ""应龙"": 68, ""有熊氏"": 13, ""榆罔"": 3, ""涿鹿"": 55, ""炎帝"": 222, ""神农"": 512, ""禹"": 1762, ""精卫"": 540, ""缙云氏"": 8, ""蚩尤"": 174, ""赤帝"": 17, ""轩辕"": 295, ""轩辕氏"": 13, ""阪泉"": 16, ""雨师"": 14, ""颛顼"": 154, ""风伯"": 12, ""鲧"": 44, ""黄帝"": 1664, ""黄帝氏"": 3}"
GCI-HOLD-0002,1218,data/CASIA-LM_ChineseWebText2.0_partial-001218.parquet,253953770,05a16af689e56b4565a8fcd47b098e769d516dedd814d271e258c67165f835dc,100000,1,5108,"{""九黎"": 26, ""共工"": 149, ""共工氏"": 17, ""句龙"": 7, ""后土"": 63, ""太昊"": 26, ""太皞"": 1, ""女娃"": 50, ""女娲"": 230, ""少昊"": 63, ""少皞"": 3, ""帝江"": 7, ""帝鸿"": 4, ""帝鸿氏"": 2, ""应龙"": 118, ""有熊氏"": 6, ""榆罔"": 2, ""涿鹿"": 29, ""炎帝"": 146, ""神农"": 438, ""禹"": 1786, ""精卫"": 193, ""缙云氏"": 8, ""蚩尤"": 148, ""赤帝"": 12, ""轩辕"": 332, ""轩辕氏"": 19, ""阪泉"": 7, ""雨师"": 9, ""颛顼"": 159, ""风伯"": 9, ""鲧"": 123, ""黄帝"": 915, ""黄帝氏"": 1}"
GCI-HOLD-0002,1219,data/CASIA-LM_ChineseWebText2.0_partial-001219.parquet,245646351,25b6b045439bc62b9c80b3ff693b66bdc4c48cb08d9d32a84371f6bde01da428,100000,1,3110,"{""九黎"": 25, ""共工"": 55, ""共工氏"": 1, ""句龙"": 1, ""后土"": 62, ""太昊"": 10, ""太皞"": 1, ""女娃"": 50, ""女娲"": 381, ""少昊"": 8, ""少皞"": 3, ""帝江"": 3, ""帝鸿"": 1, ""帝鸿氏"": 1, ""应龙"": 47, ""有熊氏"": 2, ""涿鹿"": 28, ""炎帝"": 57, ""神农"": 228, ""禹"": 944, ""精卫"": 44, ""蚩尤"": 150, ""赤帝"": 9, ""轩辕"": 246, ""轩辕氏"": 5, ""阪泉"": 7, ""雨师"": 18, ""颛顼"": 59, ""风伯"": 8, ""鲧"": 43, ""黄帝"": 613}"
GCI-HOLD-0002,1220,data/CASIA-LM_ChineseWebText2.0_partial-001220.parquet,253469005,edfb7b54b7cf2ecf1cfba4ad518f175ba76bd162033ea00fb7df25707eee29ec,100000,1,3868,"{""九黎"": 11, ""共工"": 92, ""共工氏"": 3, ""句龙"": 5, ""后土"": 108, ""太昊"": 17, ""太皞"": 2, ""女娃"": 53, ""女娲"": 206, ""少昊"": 24, ""少皞"": 5, ""帝江"": 1, ""帝鸿"": 7, ""帝鸿氏"": 1, ""应龙"": 76, ""有熊氏"": 7, ""涿鹿"": 21, ""炎帝"": 171, ""神农"": 278, ""禹"": 1439, ""精卫"": 51, ""蚩尤"": 149, ""赤帝"": 4, ""轩辕"": 269, ""轩辕氏"": 16, ""阪泉"": 5, ""雨师"": 40, ""颛顼"": 73, ""风伯"": 17, ""鲧"": 41, ""黄帝"": 676}"
GCI-HOLD-0002,1221,data/CASIA-LM_ChineseWebText2.0_partial-001221.parquet,255818812,41bd5364343c29ef39f31561f09c00747c53602117435e39145fa2c1b0e67eb2,100000,1,3264,"{""九黎"": 14, ""共工"": 137, ""共工氏"": 5, ""后土"": 51, ""太昊"": 14, ""太皞"": 2, ""女娃"": 54, ""女娲"": 223, ""少昊"": 12, ""少皞"": 5, ""帝江"": 5, ""帝鸿"": 9, ""应龙"": 48, ""有熊氏"": 6, ""涿鹿"": 20, ""炎帝"": 197, ""神农"": 164, ""禹"": 1163, ""精卫"": 82, ""蚩尤"": 114, ""赤帝"": 8, ""轩辕"": 188, ""轩辕氏"": 7, ""阪泉"": 3, ""雨师"": 18, ""颛顼"": 88, ""风伯"": 55, ""鲧"": 38, ""黄帝"": 534}"
GCI-HOLD-0002,1222,data/CASIA-LM_ChineseWebText2.0_partial-001222.parquet,252020902,872d11d1cbd7a233b605ac1dd3593cab5336eee03bf13f4dd4b8005bc9aac495,100000,1,3817,"{""九黎"": 22, ""共工"": 120, ""共工氏"": 9, ""句龙"": 3, ""后土"": 50, ""太昊"": 20, ""太皞"": 1, ""女娃"": 55, ""女娲"": 238, ""少昊"": 20, ""少皞"": 5, ""帝江"": 36, ""帝鸿"": 14, ""帝鸿氏"": 4, ""应龙"": 27, ""有熊氏"": 4, ""榆罔"": 7, ""涿鹿"": 29, ""炎帝"": 243, ""神农"": 195, ""禹"": 1255, ""精卫"": 97, ""缙云氏"": 5, ""蚩尤"": 140, ""轩辕"": 406, ""轩辕氏"": 9, ""阪泉"": 11, ""雨师"": 39, ""颛顼"": 82, ""风伯"": 12, ""鲧"": 102, ""黄帝"": 557}"
GCI-HOLD-0002,1223,data/CASIA-LM_ChineseWebText2.0_partial-001223.parquet,279397817,7fdbedae40852e795332c8e28834559a48ed8e8334eab60ff0f34383cc2cbcdf,100000,1,6257,"{""九黎"": 13, ""共工"": 161, ""共工氏"": 7, ""句龙"": 5, ""后土"": 78, ""太昊"": 64, ""太皞"": 4, ""女娃"": 61, ""女娲"": 365, ""少昊"": 66, ""少皞"": 4, ""帝江"": 16, ""帝鸿"": 3, ""应龙"": 56, ""有熊氏"": 12, ""榆罔"": 6, ""涿鹿"": 46, ""炎帝"": 185, ""神农"": 604, ""禹"": 1928, ""精卫"": 229, ""缙云氏"": 12, ""蚩尤"": 153, ""赤帝"": 18, ""轩辕"": 333, ""轩辕氏"": 21, ""阪泉"": 8, ""雨师"": 37, ""颛顼"": 237, ""风伯"": 20, ""鲧"": 104, ""黄帝"": 1399, ""黄帝氏"": 2}"
GCI-HOLD-0002,1224,data/CASIA-LM_ChineseWebText2.0_partial-001224.parquet,287801711,77a9715ca2d870c497afd0b8b9c79eb599ebc8f89a54897b9abf332383615f16,100000,1,7269,"{""九黎"": 19, ""共工"": 314, ""共工氏"": 73, ""句龙"": 6, ""后土"": 71, ""太昊"": 158, ""太皞"": 5, ""女娃"": 47, ""女娲"": 300, ""少昊"": 178, ""少皞"": 22, ""帝江"": 15, ""帝鸿"": 10, ""帝鸿氏"": 6, ""应龙"": 116, ""有熊氏"": 11, ""榆罔"": 6, ""涿鹿"": 92, ""炎帝"": 251, ""神农"": 500, ""禹"": 2086, ""精卫"": 199, ""缙云氏"": 6, ""蚩尤"": 209, ""赤帝"": 40, ""轩辕"": 397, ""轩辕氏"": 62, ""阪泉"": 17, ""雨师"": 18, ""颛顼"": 353, ""风伯"": 15, ""鲧"": 69, ""黄帝"": 1596, ""黄帝氏"": 2}"
GCI-HOLD-0002,1225,data/CASIA-LM_ChineseWebText2.0_partial-001225.parquet,261336592,4d9e481b83a90418ab835a5bfdad6e4a6f4b80d74760760cf4c34afb49f95d18,100000,1,4788,"{""九黎"": 14, ""共工"": 142, ""共工氏"": 6, ""句龙"": 2, ""后土"": 79, ""太昊"": 33, ""太皞"": 2, ""女娃"": 29, ""女娲"": 172, ""少昊"": 57, ""少皞"": 6, ""帝江"": 5, ""帝鸿"": 8, ""帝鸿氏"": 6, ""应龙"": 44, ""有熊氏"": 6, ""涿鹿"": 68, ""炎帝"": 156, ""神农"": 413, ""禹"": 1598, ""精卫"": 207, ""缙云氏"": 2, ""蚩尤"": 179, ""赤帝"": 15, ""轩辕"": 364, ""轩辕氏"": 28, ""阪泉"": 18, ""雨师"": 4, ""颛顼"": 126, ""风伯"": 6, ""鲧"": 61, ""黄帝"": 932}"
GCI-HOLD-0002,1226,data/CASIA-LM_ChineseWebText2.0_partial-001226.parquet,248436424,78cf0e586d229d61b90759ef94ff341e326d0991752e044a0bfa2b45039b13b3,100000,1,2950,"{""九黎"": 45, ""共工"": 66, ""共工氏"": 2, ""后土"": 56, ""太昊"": 11, ""女娃"": 45, ""女娲"": 121, ""少昊"": 25, ""少皞"": 7, ""帝江"": 15, ""帝鸿"": 7, ""帝鸿氏"": 1, ""应龙"": 29, ""有熊氏"": 2, ""榆罔"": 1, ""涿鹿"": 5, ""炎帝"": 71, ""神农"": 335, ""禹"": 1096, ""精卫"": 58, ""缙云氏"": 2, ""蚩尤"": 66, ""赤帝"": 3, ""轩辕"": 182, ""轩辕氏"": 11, ""阪泉"": 5, ""雨师"": 9, ""颛顼"": 52, ""风伯"": 16, ""鲧"": 49, ""黄帝"": 557}"
GCI-HOLD-0002,1227,data/CASIA-LM_ChineseWebText2.0_partial-001227.parquet,251190908,fb4266beed46ba996e91b308d25b5362c6616ae0b2b2f39988bde64ac8742582,100000,1,2951,"{""九黎"": 31, ""共工"": 84, ""共工氏"": 2, ""后土"": 34, ""太昊"": 4, ""女娃"": 79, ""女娲"": 132, ""少昊"": 18, ""帝江"": 15, ""应龙"": 24, ""有熊氏"": 4, ""涿鹿"": 19, ""炎帝"": 109, ""神农"": 246, ""禹"": 847, ""精卫"": 87, ""蚩尤"": 159, ""赤帝"": 14, ""轩辕"": 352, ""轩辕氏"": 4, ""阪泉"": 8, ""雨师"": 23, ""颛顼"": 45, ""风伯"": 14, ""鲧"": 35, ""黄帝"": 562}"
GCI-HOLD-0002,1228,data/CASIA-LM_ChineseWebText2.0_partial-001228.parquet,249831773,15c2a3d9a0e007c8398fe39b281d14302e69d29e062b7c3eabe21922170980c5,100000,1,3247,"{""九黎"": 23, ""共工"": 52, ""共工氏"": 4, ""句龙"": 23, ""后土"": 68, ""太昊"": 10, ""太皞"": 5, ""女娃"": 104, ""女娲"": 168, ""少昊"": 52, ""少皞"": 4, ""帝江"": 5, ""应龙"": 60, ""有熊氏"": 3, ""涿鹿"": 13, ""炎帝"": 55, ""神农"": 244, ""禹"": 1325, ""精卫"": 50, ""蚩尤"": 69, ""赤帝"": 20, ""轩辕"": 309, ""轩辕氏"": 6, ""阪泉"": 2, ""雨师"": 5, ""颛顼"": 40, ""风伯"": 14, ""鲧"": 33, ""黄帝"": 481}"
GCI-HOLD-0002,1229,data/CASIA-LM_ChineseWebText2.0_partial-001229.parquet,250287484,5182df33aedf65d3246d8a8809ab9a4e106a1703a8db0d5c64628d3ddacdc227,100000,1,2898,"{""九黎"": 33, ""共工"": 87, ""共工氏"": 2, ""后土"": 91, ""太昊"": 5, ""女娃"": 53, ""女娲"": 189, ""少昊"": 5, ""帝江"": 11, ""应龙"": 69, ""有熊氏"": 1, ""榆罔"": 2, ""涿鹿"": 11, ""炎帝"": 173, ""神农"": 165, ""禹"": 802, ""精卫"": 41, ""蚩尤"": 125, ""赤帝"": 3, ""轩辕"": 342, ""轩辕氏"": 9, ""阪泉"": 3, ""雨师"": 15, ""颛顼"": 28, ""风伯"": 8, ""鲧"": 28, ""黄帝"": 596, ""黄帝氏"": 1}"
GCI-HOLD-0002,1230,data/CASIA-LM_ChineseWebText2.0_partial-001230.parquet,262441583,2ff9975b64e7752624cc4c25fef4568dfc3f58246f4fb04d7c04f4096b0363f7,100000,1,5683,"{""九黎"": 80, ""共工"": 183, ""共工氏"": 49, ""句龙"": 4, ""后土"": 43, ""太昊"": 55, ""太皞"": 3, ""女娃"": 41, ""女娲"": 245, ""少昊"": 66, ""少皞"": 7, ""帝江"": 1, ""帝鸿"": 6, ""帝鸿氏"": 5, ""应龙"": 42, ""有熊氏"": 16, ""榆罔"": 8, ""涿鹿"": 90, ""炎帝"": 245, ""神农"": 609, ""禹"": 1555, ""精卫"": 135, ""缙云氏"": 6, ""蚩尤"": 459, ""赤帝"": 12, ""轩辕"": 317, ""轩辕氏"": 18, ""阪泉"": 23, ""雨师"": 17, ""颛顼"": 147, ""风伯"": 14, ""鲧"": 34, ""黄帝"": 1139, ""黄帝氏"": 9}"
GCI-HOLD-0002,1231,data/CASIA-LM_ChineseWebText2.0_partial-001231.parquet,259099152,01dce71c5c113c9afa48fc3086808ccb47c8d5cea67776f63e5cca291e79c95b,100000,1,5775,"{""九黎"": 23, ""共工"": 158, ""共工氏"": 17, ""后土"": 48, ""太昊"": 29, ""女娃"": 41, ""女娲"": 367, ""少昊"": 48, ""少皞"": 6, ""帝江"": 5, ""帝鸿"": 7, ""帝鸿氏"": 4, ""应龙"": 85, ""有熊氏"": 16, ""涿鹿"": 50, ""炎帝"": 244, ""神农"": 433, ""禹"": 1585, ""精卫"": 279, ""缙云氏"": 3, ""蚩尤"": 283, ""赤帝"": 11, ""轩辕"": 406, ""轩辕氏"": 21, ""阪泉"": 19, ""雨师"": 29, ""颛顼"": 117, ""风伯"": 25, ""鲧"": 41, ""黄帝"": 1370, ""黄帝氏"": 5}"
GCI-HOLD-0002,1232,data/CASIA-LM_ChineseWebText2.0_partial-001232.parquet,257006087,a04281f324c9050335dd77f9b1637087891b13aa3872180de3c65746b205282d,100000,1,4695,"{""九黎"": 17, ""共工"": 224, ""共工氏"": 63, ""句龙"": 6, ""后土"": 65, ""太昊"": 39, ""太皞"": 7, ""女娃"": 33, ""女娲"": 253, ""少昊"": 27, ""少皞"": 1, ""帝江"": 4, ""帝鸿"": 1, ""帝鸿氏"": 1, ""应龙"": 74, ""有熊氏"": 18, ""榆罔"": 5, ""涿鹿"": 27, ""炎帝"": 195, ""神农"": 394, ""禹"": 1586, ""精卫"": 157, ""缙云氏"": 3, ""蚩尤"": 128, ""赤帝"": 19, ""轩辕"": 202, ""轩辕氏"": 24, ""阪泉"": 16, ""雨师"": 9, ""颛顼"": 125, ""风伯"": 9, ""鲧"": 116, ""黄帝"": 847}"
GCI-HOLD-0002,1233,data/CASIA-LM_ChineseWebText2.0_partial-001233.parquet,251143113,4801fdeb8daf980ccf4cb194f6351673ccb2f2da889cd15f413f5a710291fd0e,100000,1,3211,"{""九黎"": 22, ""共工"": 135, ""共工氏"": 6, ""句龙"": 2, ""后土"": 42, ""太昊"": 2, ""女娃"": 47, ""女娲"": 211, ""少昊"": 5, ""少皞"": 5, ""帝鸿"": 5, ""应龙"": 29, ""有熊氏"": 2, ""榆罔"": 2, ""涿鹿"": 83, ""炎帝"": 90, ""神农"": 265, ""禹"": 1072, ""精卫"": 49, ""缙云氏"": 3, ""蚩尤"": 192, ""赤帝"": 5, ""轩辕"": 197, ""轩辕氏"": 2, ""阪泉"": 7, ""雨师"": 17, ""颛顼"": 25, ""风伯"": 3, ""鲧"": 46, ""黄帝"": 640}"
GCI-HOLD-0002,1234,data/CASIA-LM_ChineseWebText2.0_partial-001234.parquet,245143113,01ec63d4aa3f7023b921f36fd7101fb9f6e37c8e2101f21561708a6687422772,100000,1,2926,"{""九黎"": 27, ""共工"": 54, ""后土"": 70, ""太昊"": 4, ""太皞"": 1, ""女娃"": 58, ""女娲"": 100, ""少昊"": 11, ""少皞"": 3, ""帝江"": 10, ""应龙"": 137, ""涿鹿"": 24, ""炎帝"": 52, ""神农"": 184, ""禹"": 1025, ""精卫"": 24, ""蚩尤"": 127, ""赤帝"": 4, ""轩辕"": 247, ""轩辕氏"": 6, ""阪泉"": 9, ""雨师"": 12, ""颛顼"": 39, ""风伯"": 15, ""鲧"": 63, ""黄帝"": 618, ""黄帝氏"": 2}"
GCI-HOLD-0002,1235,data/CASIA-LM_ChineseWebText2.0_partial-001235.parquet,254995018,0eee984488241d7d87aa27e066a74a16ff66f7496856ca794dd823cdbeedb938,100000,1,5242,"{""九黎"": 25, ""共工"": 115, ""共工氏"": 1, ""句龙"": 1, ""后土"": 66, ""太昊"": 12, ""太皞"": 3, ""女娃"": 53, ""女娲"": 172, ""少昊"": 386, ""少皞"": 3, ""帝江"": 8, ""帝鸿"": 3, ""帝鸿氏"": 3, ""应龙"": 103, ""榆罔"": 81, ""涿鹿"": 12, ""炎帝"": 101, ""神农"": 416, ""禹"": 1083, ""精卫"": 101, ""缙云氏"": 1, ""蚩尤"": 656, ""赤帝"": 8, ""轩辕"": 556, ""轩辕氏"": 3, ""阪泉"": 14, ""雨师"": 76, ""颛顼"": 153, ""风伯"": 72, ""鲧"": 66, ""黄帝"": 889}"
GCI-HOLD-0002,1236,data/CASIA-LM_ChineseWebText2.0_partial-001236.parquet,248533143,c084d7782f2361622cd6fef4dd97d09d5d84cafe9b99291533afe79e73b1881a,100000,1,3159,"{""九黎"": 20, ""共工"": 111, ""共工氏"": 5, ""句龙"": 3, ""后土"": 88, ""太昊"": 11, ""女娃"": 49, ""女娲"": 218, ""少昊"": 8, ""少皞"": 7, ""帝鸿"": 1, ""帝鸿氏"": 1, ""应龙"": 44, ""有熊氏"": 3, ""榆罔"": 2, ""涿鹿"": 31, ""炎帝"": 96, ""神农"": 173, ""禹"": 1239, ""精卫"": 69, ""蚩尤"": 103, ""赤帝"": 7, ""轩辕"": 285, ""轩辕氏"": 7, ""阪泉"": 11, ""雨师"": 19, ""颛顼"": 38, ""风伯"": 16, ""鲧"": 58, ""黄帝"": 436}"
GCI-HOLD-0002,1237,data/CASIA-LM_ChineseWebText2.0_partial-001237.parquet,244935060,bd80358b9a512c3b1d40db2c54473666324569e6dc27ee9c200857a8f3af2479,100000,1,2334,"{""九黎"": 13, ""共工"": 72, ""句龙"": 1, ""后土"": 29, ""太昊"": 2, ""太皞"": 1, ""女娃"": 50, ""女娲"": 109, ""少昊"": 3, ""应龙"": 50, ""有熊氏"": 2, ""涿鹿"": 27, ""炎帝"": 40, ""神农"": 192, ""禹"": 861, ""精卫"": 84, ""缙云氏"": 1, ""蚩尤"": 59, ""赤帝"": 5, ""轩辕"": 379, ""轩辕氏"": 4, ""阪泉"": 3, ""雨师"": 3, ""颛顼"": 14, ""风伯"": 6, ""鲧"": 9, ""黄帝"": 314, ""黄帝氏"": 1}"
GCI-HOLD-0002,1238,data/CASIA-LM_ChineseWebText2.0_partial-001238.parquet,248617181,e7d06a3b2f7fdc8130987f8657dd845c38b1cecfcfe995e615907afb784b80ed,100000,1,3132,"{""九黎"": 26, ""共工"": 102, ""共工氏"": 6, ""后土"": 51, ""太昊"": 7, ""太皞"": 2, ""女娃"": 56, ""女娲"": 206, ""少昊"": 17, ""少皞"": 3, ""帝江"": 3, ""帝鸿"": 2, ""帝鸿氏"": 1, ""应龙"": 76, ""榆罔"": 1, ""涿鹿"": 17, ""炎帝"": 74, ""神农"": 251, ""禹"": 1039, ""精卫"": 46, ""缙云氏"": 2, ""蚩尤"": 117, ""赤帝"": 4, ""轩辕"": 308, ""轩辕氏"": 6, ""阪泉"": 1, ""雨师"": 27, ""颛顼"": 33, ""风伯"": 13, ""鲧"": 30, ""黄帝"": 604, ""黄帝氏"": 1}"
GCI-HOLD-0002,1239,data/CASIA-LM_ChineseWebText2.0_partial-001239.parquet,253736976,49b6ea868106f5a022f374a2d6ab9f8f2b5a5ee63bed25d1aef70f304a9b9334,100000,1,3437,"{""九黎"": 13, ""共工"": 146, ""共工氏"": 10, ""句龙"": 10, ""后土"": 67, ""太昊"": 18, ""太皞"": 1, ""女娃"": 61, ""女娲"": 213, ""少昊"": 38, ""少皞"": 2, ""帝江"": 4, ""帝鸿"": 1, ""应龙"": 16, ""有熊氏"": 1, ""涿鹿"": 22, ""炎帝"": 68, ""神农"": 254, ""禹"": 1297, ""精卫"": 256, ""缙云氏"": 1, ""蚩尤"": 81, ""赤帝"": 8, ""轩辕"": 240, ""轩辕氏"": 4, ""阪泉"": 2, ""雨师"": 22, ""颛顼"": 80, ""风伯"": 6, ""鲧"": 46, ""黄帝"": 448, ""黄帝氏"": 1}"
GCI-HOLD-0002,1240,data/CASIA-LM_ChineseWebText2.0_partial-001240.parquet,259982998,62704127ab0fc14866d3f0c0c6be8588b644c33d4b9980c703c8ee5cf3708b14,100000,1,5792,"{""九黎"": 6, ""共工"": 170, ""共工氏"": 20, ""句龙"": 4, ""后土"": 140, ""太昊"": 87, ""太皞"": 6, ""女娃"": 39, ""女娲"": 250, ""少昊"": 81, ""少皞"": 9, ""帝江"": 3, ""帝鸿"": 4, ""帝鸿氏"": 2, ""应龙"": 37, ""有熊氏"": 20, ""榆罔"": 3, ""涿鹿"": 104, ""炎帝"": 213, ""神农"": 452, ""禹"": 1572, ""精卫"": 186, ""缙云氏"": 8, ""蚩尤"": 194, ""赤帝"": 19, ""轩辕"": 340, ""轩辕氏"": 28, ""阪泉"": 18, ""雨师"": 15, ""颛顼"": 200, ""风伯"": 13, ""鲧"": 90, ""黄帝"": 1457, ""黄帝氏"": 2}"
GCI-HOLD-0002,1241,data/CASIA-LM_ChineseWebText2.0_partial-001241.parquet,265622963,507f144f4748e73bd22403131bd814729c89cca6cbaa273387e6379121956a62,100000,1,5271,"{""九黎"": 19, ""共工"": 133, ""共工氏"": 9, ""句龙"": 1, ""后土"": 63, ""太昊"": 11, ""女娃"": 62, ""女娲"": 190, ""少昊"": 29, ""少皞"": 3, ""帝鸿"": 7, ""帝鸿氏"": 1, ""应龙"": 45, ""有熊氏"": 9, ""榆罔"": 2, ""涿鹿"": 38, ""炎帝"": 200, ""神农"": 405, ""禹"": 2071, ""精卫"": 168, ""缙云氏"": 5, ""蚩尤"": 125, ""赤帝"": 10, ""轩辕"": 218, ""轩辕氏"": 33, ""阪泉"": 9, ""雨师"": 10, ""颛顼"": 132, ""风伯"": 7, ""鲧"": 55, ""黄帝"": 1198, ""黄帝氏"": 3}"
GCI-HOLD-0002,1242,data/CASIA-LM_ChineseWebText2.0_partial-001242.parquet,250627746,82afeae104df940c3943b808c3f4af94cbe8670515394410cbc0418ba7cd987b,100000,1,4145,"{""九黎"": 14, ""共工"": 177, ""共工氏"": 8, ""句龙"": 2, ""后土"": 103, ""太昊"": 2, ""太皞"": 4, ""女娃"": 50, ""女娲"": 183, ""少昊"": 12, ""少皞"": 13, ""帝江"": 3, ""帝鸿"": 2, ""帝鸿氏"": 1, ""应龙"": 41, ""有熊氏"": 4, ""榆罔"": 2, ""涿鹿"": 42, ""炎帝"": 219, ""神农"": 313, ""禹"": 1320, ""精卫"": 101, ""缙云氏"": 2, ""蚩尤"": 172, ""赤帝"": 20, ""轩辕"": 402, ""轩辕氏"": 17, ""阪泉"": 22, ""雨师"": 27, ""颛顼"": 78, ""风伯"": 17, ""鲧"": 58, ""黄帝"": 712, ""黄帝氏"": 2}"
GCI-HOLD-0002,1243,data/CASIA-LM_ChineseWebText2.0_partial-001243.parquet,247475957,77dbe15f684be2de73dfb373347482bb3a6883d95fb848dddd3ed7d4cc735ae3,100000,1,3046,"{""九黎"": 10, ""共工"": 84, ""共工氏"": 13, ""句龙"": 1, ""后土"": 44, ""太昊"": 6, ""太皞"": 1, ""女娃"": 36, ""女娲"": 126, ""少昊"": 25, ""少皞"": 2, ""帝江"": 9, ""帝鸿"": 3, ""帝鸿氏"": 1, ""应龙"": 35, ""有熊氏"": 1, ""涿鹿"": 13, ""炎帝"": 97, ""神农"": 242, ""禹"": 1225, ""精卫"": 62, ""缙云氏"": 1, ""蚩尤"": 96, ""赤帝"": 8, ""轩辕"": 258, ""轩辕氏"": 5, ""阪泉"": 3, ""雨师"": 27, ""颛顼"": 62, ""风伯"": 13, ""鲧"": 80, ""黄帝"": 457}"
GCI-HOLD-0002,1244,data/CASIA-LM_ChineseWebText2.0_partial-001244.parquet,252587053,2c40adadb170d49294ad0f05b648bb54aeef50cf99099142d37b713957d76d0e,100000,1,3227,"{""九黎"": 17, ""共工"": 77, ""共工氏"": 7, ""句龙"": 3, ""后土"": 68, ""太昊"": 12, ""太皞"": 6, ""女娃"": 36, ""女娲"": 144, ""少昊"": 12, ""少皞"": 6, ""帝江"": 2, ""帝鸿"": 2, ""帝鸿氏"": 2, ""应龙"": 48, ""有熊氏"": 2, ""榆罔"": 14, ""涿鹿"": 39, ""炎帝"": 92, ""神农"": 235, ""禹"": 1216, ""精卫"": 107, ""蚩尤"": 137, ""赤帝"": 17, ""轩辕"": 287, ""轩辕氏"": 8, ""阪泉"": 6, ""雨师"": 19, ""颛顼"": 34, ""风伯"": 13, ""鲧"": 32, ""黄帝"": 527}"
GCI-HOLD-0002,1245,data/CASIA-LM_ChineseWebText2.0_partial-001245.parquet,251009471,4592d80129f735ebc86b23486ed0978db72faa2aa016da2949e6b8d56cffd4a8,100000,1,3467,"{""九黎"": 51, ""共工"": 119, ""共工氏"": 3, ""句龙"": 1, ""后土"": 85, ""太昊"": 1, ""太皞"": 1, ""女娃"": 66, ""女娲"": 268, ""少昊"": 7, ""少皞"": 6, ""帝江"": 7, ""帝鸿"": 7, ""帝鸿氏"": 6, ""应龙"": 7, ""有熊氏"": 7, ""涿鹿"": 9, ""炎帝"": 72, ""神农"": 302, ""禹"": 1159, ""精卫"": 164, ""缙云氏"": 1, ""蚩尤"": 141, ""赤帝"": 23, ""轩辕"": 381, ""轩辕氏"": 12, ""阪泉"": 7, ""雨师"": 17, ""颛顼"": 50, ""风伯"": 5, ""鲧"": 36, ""黄帝"": 445, ""黄帝氏"": 1}"
GCI-HOLD-0002,1246,data/CASIA-LM_ChineseWebText2.0_partial-001246.parquet,250074419,631f6a2c5f47d3f8c95d8a176eba19ffd2cca4c8f320f3241c8085c78a64083f,100000,1,2719,"{""九黎"": 36, ""共工"": 102, ""共工氏"": 4, ""后土"": 71, ""太昊"": 9, ""女娃"": 45, ""女娲"": 180, ""少昊"": 10, ""少皞"": 4, ""帝江"": 5, ""帝鸿"": 1, ""应龙"": 42, ""有熊氏"": 4, ""涿鹿"": 32, ""炎帝"": 98, ""神农"": 154, ""禹"": 887, ""精卫"": 29, ""蚩尤"": 64, ""赤帝"": 15, ""轩辕"": 382, ""轩辕氏"": 4, ""阪泉"": 2, ""雨师"": 15, ""颛顼"": 35, ""风伯"": 15, ""鲧"": 28, ""黄帝"": 445, ""黄帝氏"": 1}"
GCI-HOLD-0002,1247,data/CASIA-LM_ChineseWebText2.0_partial-001247.parquet,251565645,e53819a2921ba514f2769e95897fae4f37d4501d6cafb5697d38247fdec7eeec,100000,1,3496,"{""九黎"": 12, ""共工"": 91, ""共工氏"": 8, ""后土"": 71, ""太昊"": 41, ""女娃"": 42, ""女娲"": 211, ""少昊"": 49, ""少皞"": 1, ""帝鸿"": 2, ""帝鸿氏"": 1, ""应龙"": 87, ""有熊氏"": 2, ""榆罔"": 1, ""涿鹿"": 35, ""炎帝"": 100, ""神农"": 223, ""禹"": 1244, ""精卫"": 91, ""缙云氏"": 1, ""蚩尤"": 70, ""赤帝"": 19, ""轩辕"": 312, ""轩辕氏"": 9, ""阪泉"": 8, ""雨师"": 13, ""颛顼"": 76, ""风伯"": 18, ""鲧"": 51, ""黄帝"": 607}"
GCI-HOLD-0002,1248,data/CASIA-LM_ChineseWebText2.0_partial-001248.parquet,247628349,59eabd4bb995bba7323a037cb2e54fe97b0eaed4ca71230616434398c6917ea9,100000,1,2909,"{""九黎"": 13, ""共工"": 115, ""共工氏"": 8, ""句龙"": 1, ""后土"": 48, ""太昊"": 7, ""女娃"": 61, ""女娲"": 165, ""少昊"": 9, ""少皞"": 5, ""应龙"": 61, ""有熊氏"": 11, ""涿鹿"": 14, ""炎帝"": 41, ""神农"": 250, ""禹"": 1091, ""精卫"": 109, ""蚩尤"": 89, ""赤帝"": 9, ""轩辕"": 144, ""轩辕氏"": 4, ""阪泉"": 6, ""雨师"": 7, ""颛顼"": 53, ""风伯"": 26, ""鲧"": 36, ""黄帝"": 525, ""黄帝氏"": 1}"
GCI-HOLD-0002,1249,data/CASIA-LM_ChineseWebText2.0_partial-001249.parquet,249788351,3b470b4693753ef893704f4d760fe073991e6b8f0f1227d7f18ff41fecba9e20,100000,1,3144,"{""九黎"": 20, ""共工"": 73, ""后土"": 70, ""太昊"": 7, ""太皞"": 1, ""女娃"": 71, ""女娲"": 173, ""少昊"": 4, ""少皞"": 1, ""帝江"": 5, ""帝鸿"": 3, ""应龙"": 38, ""有熊氏"": 3, ""涿鹿"": 7, ""炎帝"": 85, ""神农"": 241, ""禹"": 1119, ""精卫"": 52, ""缙云氏"": 1, ""蚩尤"": 47, ""赤帝"": 18, ""轩辕"": 222, ""轩辕氏"": 5, ""阪泉"": 5, ""雨师"": 9, ""颛顼"": 30, ""风伯"": 19, ""鲧"": 73, ""黄帝"": 742}"
GCI-HOLD-0002,1250,data/CASIA-LM_ChineseWebText2.0_partial-001250.parquet,262918983,64f72f79472f74872ae7e8b1130f040d1f141b3c75cd7832e67928055c010aab,100000,1,5484,"{""九黎"": 13, ""共工"": 173, ""共工氏"": 16, ""句龙"": 1, ""后土"": 59, ""太昊"": 23, ""太皞"": 2, ""女娃"": 41, ""女娲"": 250, ""少昊"": 57, ""少皞"": 8, ""帝江"": 5, ""帝鸿"": 3, ""帝鸿氏"": 2, ""应龙"": 32, ""有熊氏"": 11, ""榆罔"": 2, ""涿鹿"": 38, ""炎帝"": 245, ""神农"": 405, ""禹"": 1746, ""精卫"": 275, ""缙云氏"": 1, ""蚩尤"": 228, ""赤帝"": 19, ""轩辕"": 286, ""轩辕氏"": 16, ""阪泉"": 13, ""雨师"": 18, ""颛顼"": 126, ""风伯"": 14, ""鲧"": 100, ""黄帝"": 1253, ""黄帝氏"": 3}"
GCI-HOLD-0002,1251,data/CASIA-LM_ChineseWebText2.0_partial-001251.parquet,264337661,1d1639922b87ac4ea0d4bfd31a3edab491712716372131a43994b3ab51d27aac,100000,1,6725,"{""九黎"": 28, ""共工"": 183, ""共工氏"": 7, ""句龙"": 2, ""后土"": 105, ""太昊"": 25, ""女娃"": 30, ""女娲"": 438, ""少昊"": 111, ""少皞"": 9, ""帝江"": 13, ""帝鸿"": 3, ""帝鸿氏"": 2, ""应龙"": 68, ""有熊氏"": 12, ""榆罔"": 5, ""涿鹿"": 41, ""炎帝"": 299, ""神农"": 570, ""禹"": 1903, ""精卫"": 399, ""蚩尤"": 190, ""赤帝"": 19, ""轩辕"": 347, ""轩辕氏"": 31, ""阪泉"": 33, ""雨师"": 15, ""颛顼"": 244, ""风伯"": 11, ""鲧"": 117, ""黄帝"": 1464, ""黄帝氏"": 1}"
GCI-HOLD-0002,1252,data/CASIA-LM_ChineseWebText2.0_partial-001252.parquet,260943345,30885c0dc20586bae569caf16ad7141cdc5a4d3cb0d138ee254ee2c806ea08a6,100000,1,5671,"{""九黎"": 14, ""共工"": 198, ""共工氏"": 23, ""句龙"": 4, ""后土"": 66, ""太昊"": 79, ""太皞"": 5, ""女娃"": 53, ""女娲"": 209, ""少昊"": 146, ""少皞"": 14, ""帝江"": 28, ""帝鸿"": 11, ""帝鸿氏"": 5, ""应龙"": 61, ""有熊氏"": 17, ""涿鹿"": 53, ""炎帝"": 241, ""神农"": 453, ""禹"": 1500, ""精卫"": 581, ""缙云氏"": 5, ""蚩尤"": 172, ""赤帝"": 15, ""轩辕"": 357, ""轩辕氏"": 14, ""阪泉"": 14, ""雨师"": 16, ""颛顼"": 215, ""风伯"": 16, ""鲧"": 68, ""黄帝"": 1013, ""黄帝氏"": 5}"
GCI-HOLD-0002,1253,data/CASIA-LM_ChineseWebText2.0_partial-001253.parquet,260838560,49d9415ed996b6b62d0b02a496eac78a419e024641ae5a936e9f14fc3a105f30,100000,1,6318,"{""九黎"": 31, ""共工"": 136, ""共工氏"": 14, ""句龙"": 5, ""后土"": 109, ""太昊"": 29, ""太皞"": 6, ""女娃"": 43, ""女娲"": 357, ""少昊"": 58, ""少皞"": 2, ""帝江"": 13, ""帝鸿"": 5, ""帝鸿氏"": 3, ""应龙"": 53, ""有熊氏"": 8, ""榆罔"": 7, ""涿鹿"": 58, ""炎帝"": 315, ""神农"": 421, ""禹"": 1873, ""精卫"": 297, ""缙云氏"": 2, ""蚩尤"": 239, ""赤帝"": 21, ""轩辕"": 389, ""轩辕氏"": 12, ""阪泉"": 25, ""雨师"": 23, ""颛顼"": 122, ""风伯"": 14, ""鲧"": 131, ""黄帝"": 1496, ""黄帝氏"": 1}"
GCI-HOLD-0002,1254,data/CASIA-LM_ChineseWebText2.0_partial-001254.parquet,258470669,e8577047a3a5483c9030eeb7c9eaaf1db4f4454265b216e3d629a295096ed646,100000,1,5577,"{""九黎"": 55, ""共工"": 136, ""共工氏"": 15, ""句龙"": 2, ""后土"": 62, ""太昊"": 22, ""女娃"": 48, ""女娲"": 163, ""少昊"": 35, ""少皞"": 6, ""帝江"": 6, ""帝鸿"": 2, ""帝鸿氏"": 2, ""应龙"": 175, ""有熊氏"": 11, ""榆罔"": 4, ""涿鹿"": 79, ""炎帝"": 234, ""神农"": 494, ""禹"": 1577, ""精卫"": 175, ""缙云氏"": 11, ""蚩尤"": 476, ""赤帝"": 19, ""轩辕"": 329, ""轩辕氏"": 35, ""阪泉"": 15, ""雨师"": 25, ""颛顼"": 181, ""风伯"": 26, ""鲧"": 62, ""黄帝"": 1094, ""黄帝氏"": 1}"
GCI-HOLD-0002,1255,data/CASIA-LM_ChineseWebText2.0_partial-001255.parquet,252168457,65ac80bb117fc43866e62a7663f7e4b73b0f9f80e23dccbdccebdd895826e4f2,100000,1,3614,"{""九黎"": 8, ""共工"": 80, ""共工氏"": 8, ""句龙"": 13, ""后土"": 109, ""太昊"": 10, ""女娃"": 76, ""女娲"": 181, ""少昊"": 26, ""少皞"": 7, ""帝江"": 9, ""帝鸿"": 3, ""应龙"": 70, ""有熊氏"": 8, ""榆罔"": 6, ""涿鹿"": 26, ""炎帝"": 116, ""神农"": 260, ""禹"": 1293, ""精卫"": 132, ""缙云氏"": 1, ""蚩尤"": 75, ""赤帝"": 5, ""轩辕"": 246, ""轩辕氏"": 5, ""阪泉"": 48, ""雨师"": 13, ""颛顼"": 73, ""风伯"": 6, ""鲧"": 42, ""黄帝"": 657, ""黄帝氏"": 2}"
GCI-HOLD-0002,1256,data/CASIA-LM_ChineseWebText2.0_partial-001256.parquet,249053124,1058dabf1cce5bcf28f60f56f1b04c10246486b25d2cb2c3996782b1dfd892fc,100000,1,3807,"{""九黎"": 8, ""共工"": 122, ""共工氏"": 11, ""句龙"": 1, ""后土"": 82, ""太昊"": 7, ""太皞"": 4, ""女娃"": 49, ""女娲"": 219, ""少昊"": 44, ""少皞"": 7, ""帝江"": 13, ""应龙"": 102, ""有熊氏"": 3, ""榆罔"": 6, ""涿鹿"": 15, ""炎帝"": 115, ""神农"": 229, ""禹"": 1224, ""精卫"": 97, ""蚩尤"": 99, ""赤帝"": 16, ""轩辕"": 531, ""轩辕氏"": 6, ""阪泉"": 12, ""雨师"": 12, ""颛顼"": 107, ""风伯"": 7, ""鲧"": 88, ""黄帝"": 568, ""黄帝氏"": 3}"
GCI-HOLD-0002,1257,data/CASIA-LM_ChineseWebText2.0_partial-001257.parquet,246148258,bd22f887840ec0c2bd70e69e94a15c29faad37b71652c8244339ead7e2d2487d,100000,1,2649,"{""九黎"": 63, ""共工"": 85, ""共工氏"": 1, ""句龙"": 2, ""后土"": 50, ""太昊"": 8, ""女娃"": 50, ""女娲"": 186, ""少昊"": 39, ""少皞"": 4, ""帝江"": 3, ""帝鸿"": 3, ""帝鸿氏"": 1, ""应龙"": 17, ""有熊氏"": 2, ""涿鹿"": 10, ""炎帝"": 43, ""神农"": 223, ""禹"": 886, ""精卫"": 82, ""蚩尤"": 94, ""赤帝"": 2, ""轩辕"": 209, ""轩辕氏"": 6, ""阪泉"": 5, ""雨师"": 19, ""颛顼"": 56, ""风伯"": 13, ""鲧"": 37, ""黄帝"": 450}"
GCI-HOLD-0002,1258,data/CASIA-LM_ChineseWebText2.0_partial-001258.parquet,259343368,45e5684cb8ca1c8cce590712440a7b48021c34eea6afa43d45aaf7f62a81678f,100000,1,6132,"{""九黎"": 8, ""共工"": 161, ""共工氏"": 3, ""句龙"": 1, ""后土"": 149, ""太昊"": 10, ""太皞"": 2, ""女娃"": 90, ""女娲"": 187, ""少昊"": 25, ""少皞"": 5, ""帝江"": 1, ""帝鸿"": 2, ""帝鸿氏"": 1, ""应龙"": 60, ""有熊氏"": 1, ""榆罔"": 2, ""涿鹿"": 19, ""炎帝"": 214, ""神农"": 372, ""禹"": 1717, ""精卫"": 468, ""缙云氏"": 4, ""蚩尤"": 180, ""赤帝"": 14, ""轩辕"": 384, ""轩辕氏"": 14, ""阪泉"": 8, ""雨师"": 11, ""颛顼"": 718, ""风伯"": 10, ""鲧"": 86, ""黄帝"": 1204, ""黄帝氏"": 1}"
GCI-HOLD-0002,1259,data/CASIA-LM_ChineseWebText2.0_partial-001259.parquet,266798869,169364f51b557a0fa0a56eb440b1b91ad395929b1a4addfcdc4457a6e648481b,100000,1,7131,"{""九黎"": 10, ""共工"": 272, ""共工氏"": 56, ""句龙"": 4, ""后土"": 84, ""太昊"": 21, ""太皞"": 6, ""女娃"": 23, ""女娲"": 397, ""少昊"": 138, ""少皞"": 12, ""帝江"": 6, ""帝鸿"": 4, ""帝鸿氏"": 2, ""应龙"": 74, ""有熊氏"": 15, ""榆罔"": 18, ""涿鹿"": 48, ""炎帝"": 479, ""神农"": 676, ""禹"": 2043, ""精卫"": 303, ""蚩尤"": 163, ""赤帝"": 16, ""轩辕"": 336, ""轩辕氏"": 28, ""阪泉"": 22, ""雨师"": 14, ""颛顼"": 303, ""风伯"": 22, ""鲧"": 211, ""黄帝"": 1324, ""黄帝氏"": 1}"
GCI-HOLD-0002,1260,data/CASIA-LM_ChineseWebText2.0_partial-001260.parquet,261813998,550966c31e994add732894bc7ff069f40e8a261fed872cf9708351c74cb9f5e5,100000,1,6353,"{""九黎"": 42, ""共工"": 267, ""共工氏"": 21, ""句龙"": 2, ""后土"": 69, ""太昊"": 16, ""太皞"": 2, ""女娃"": 17, ""女娲"": 405, ""少昊"": 61, ""少皞"": 3, ""帝江"": 4, ""帝鸿"": 5, ""帝鸿氏"": 2, ""应龙"": 44, ""有熊氏"": 21, ""榆罔"": 9, ""涿鹿"": 112, ""炎帝"": 242, ""神农"": 447, ""禹"": 1678, ""精卫"": 297, ""缙云氏"": 2, ""蚩尤"": 341, ""赤帝"": 13, ""轩辕"": 259, ""轩辕氏"": 27, ""阪泉"": 20, ""雨师"": 64, ""颛顼"": 191, ""风伯"": 61, ""鲧"": 121, ""黄帝"": 1485, ""黄帝氏"": 3}"
GCI-HOLD-0002,1261,data/CASIA-LM_ChineseWebText2.0_partial-001261.parquet,262212397,536617bad776bc49a51f48019243432362a36016f2aec77436b8c6a9fe729e55,100000,1,6117,"{""九黎"": 24, ""共工"": 201, ""共工氏"": 24, ""句龙"": 5, ""后土"": 58, ""太昊"": 32, ""太皞"": 5, ""女娃"": 28, ""女娲"": 320, ""少昊"": 144, ""少皞"": 10, ""帝江"": 2, ""帝鸿"": 3, ""帝鸿氏"": 1, ""应龙"": 42, ""有熊氏"": 19, ""榆罔"": 29, ""涿鹿"": 54, ""炎帝"": 462, ""神农"": 535, ""禹"": 1957, ""精卫"": 313, ""缙云氏"": 1, ""蚩尤"": 149, ""赤帝"": 18, ""轩辕"": 223, ""轩辕氏"": 25, ""阪泉"": 23, ""雨师"": 9, ""颛顼"": 162, ""风伯"": 14, ""鲧"": 121, ""黄帝"": 1101, ""黄帝氏"": 3}"
GCI-HOLD-0002,1262,data/CASIA-LM_ChineseWebText2.0_partial-001262.parquet,267696275,2cc7580eb23c7a8b386505c1e7d5f00e3ca2c199e130370c9b9425719e9eabf3,100000,1,6698,"{""九黎"": 22, ""共工"": 196, ""共工氏"": 41, ""句龙"": 1, ""后土"": 111, ""太昊"": 29, ""太皞"": 3, ""女娃"": 27, ""女娲"": 190, ""少昊"": 63, ""少皞"": 15, ""帝江"": 6, ""帝鸿"": 5, ""帝鸿氏"": 3, ""应龙"": 55, ""有熊氏"": 5, ""榆罔"": 1, ""涿鹿"": 96, ""炎帝"": 246, ""神农"": 523, ""禹"": 2201, ""精卫"": 326, ""缙云氏"": 5, ""蚩尤"": 185, ""赤帝"": 19, ""轩辕"": 270, ""轩辕氏"": 21, ""阪泉"": 7, ""雨师"": 57, ""颛顼"": 413, ""风伯"": 32, ""鲧"": 135, ""黄帝"": 1388, ""黄帝氏"": 1}"
GCI-HOLD-0002,1263,data/CASIA-LM_ChineseWebText2.0_partial-001263.parquet,274649898,383ccdfe403d822a03974bbd798362fde79089d6288c99d0dc16c69a3b8b5700,100000,1,4430,"{""九黎"": 12, ""共工"": 148, ""共工氏"": 4, ""句龙"": 3, ""后土"": 74, ""太昊"": 19, ""太皞"": 3, ""女娃"": 35, ""女娲"": 235, ""少昊"": 29, ""少皞"": 6, ""帝江"": 4, ""帝鸿"": 5, ""帝鸿氏"": 2, ""应龙"": 51, ""有熊氏"": 3, ""涿鹿"": 20, ""炎帝"": 138, ""神农"": 348, ""禹"": 1929, ""精卫"": 101, ""缙云氏"": 2, ""蚩尤"": 87, ""赤帝"": 22, ""轩辕"": 222, ""轩辕氏"": 9, ""阪泉"": 9, ""雨师"": 41, ""颛顼"": 84, ""风伯"": 15, ""鲧"": 44, ""黄帝"": 724, ""黄帝氏"": 2}"
GCI-HOLD-0002,1264,data/CASIA-LM_ChineseWebText2.0_partial-001264.parquet,261432897,71e43ed891cb2579384d609f61e47269e324f97b9b24de3cb13b4cce2786b9a5,100000,1,3316,"{""九黎"": 31, ""共工"": 135, ""共工氏"": 1, ""句龙"": 1, ""后土"": 54, ""太昊"": 16, ""太皞"": 21, ""女娃"": 58, ""女娲"": 239, ""少昊"": 31, ""少皞"": 2, ""帝江"": 4, ""帝鸿"": 3, ""帝鸿氏"": 1, ""应龙"": 29, ""有熊氏"": 3, ""榆罔"": 2, ""涿鹿"": 33, ""炎帝"": 144, ""神农"": 203, ""禹"": 1018, ""精卫"": 68, ""缙云氏"": 1, ""蚩尤"": 195, ""赤帝"": 10, ""轩辕"": 230, ""轩辕氏"": 14, ""阪泉"": 19, ""雨师"": 15, ""颛顼"": 65, ""风伯"": 10, ""鲧"": 23, ""黄帝"": 637}"
GCI-HOLD-0002,1265,data/CASIA-LM_ChineseWebText2.0_partial-001265.parquet,249563895,b21de64aae3e63b59e3673e09b55af70ad8df7de713a1c5927aa98d61ed004da,100000,1,3364,"{""九黎"": 15, ""共工"": 97, ""共工氏"": 5, ""句龙"": 9, ""后土"": 59, ""太昊"": 5, ""女娃"": 48, ""女娲"": 201, ""少昊"": 9, ""少皞"": 5, ""帝江"": 1, ""帝鸿"": 2, ""帝鸿氏"": 1, ""应龙"": 21, ""有熊氏"": 3, ""涿鹿"": 29, ""炎帝"": 67, ""神农"": 257, ""禹"": 1098, ""精卫"": 59, ""蚩尤"": 110, ""赤帝"": 5, ""轩辕"": 317, ""轩辕氏"": 10, ""阪泉"": 8, ""雨师"": 30, ""颛顼"": 65, ""风伯"": 11, ""鲧"": 47, ""黄帝"": 770}"
GCI-HOLD-0002,1266,data/CASIA-LM_ChineseWebText2.0_partial-001266.parquet,247005984,94c2dee037166112b97133e306a818fd6573f7c747b142842a61cc619e2d72c0,100000,1,2731,"{""九黎"": 20, ""共工"": 116, ""共工氏"": 15, ""句龙"": 1, ""后土"": 48, ""太昊"": 5, ""太皞"": 2, ""女娃"": 51, ""女娲"": 110, ""少昊"": 10, ""少皞"": 3, ""帝江"": 4, ""帝鸿"": 1, ""帝鸿氏"": 1, ""应龙"": 40, ""涿鹿"": 32, ""炎帝"": 63, ""神农"": 233, ""禹"": 900, ""精卫"": 43, ""蚩尤"": 124, ""赤帝"": 11, ""轩辕"": 186, ""轩辕氏"": 4, ""阪泉"": 8, ""雨师"": 21, ""颛顼"": 74, ""风伯"": 13, ""鲧"": 49, ""黄帝"": 542, ""黄帝氏"": 1}"
GCI-HOLD-0002,1267,data/CASIA-LM_ChineseWebText2.0_partial-001267.parquet,253649661,203764bb0602d060ddbef07f93fb2985f7f10a3dba91cd3e1490975ba809ef96,100000,1,5019,"{""九黎"": 92, ""共工"": 84, ""共工氏"": 3, ""句龙"": 1, ""后土"": 101, ""太昊"": 8, ""太皞"": 1, ""女娃"": 71, ""女娲"": 252, ""少昊"": 506, ""少皞"": 1, ""帝江"": 6, ""帝鸿"": 2, ""帝鸿氏"": 1, ""应龙"": 45, ""有熊氏"": 7, ""榆罔"": 86, ""涿鹿"": 13, ""炎帝"": 238, ""神农"": 367, ""禹"": 995, ""精卫"": 76, ""蚩尤"": 553, ""赤帝"": 16, ""轩辕"": 628, ""轩辕氏"": 18, ""阪泉"": 15, ""雨师"": 8, ""颛顼"": 49, ""风伯"": 6, ""鲧"": 53, ""黄帝"": 717}"
GCI-HOLD-0002,1268,data/CASIA-LM_ChineseWebText2.0_partial-001268.parquet,268866524,ff76e0ec8c1377a52be1306724dfa242fbdf83129bc90ce481425756b38ec2e6,100000,1,3952,"{""九黎"": 47, ""共工"": 234, ""共工氏"": 5, ""后土"": 109, ""太昊"": 9, ""太皞"": 1, ""女娃"": 73, ""女娲"": 254, ""少昊"": 36, ""少皞"": 6, ""帝江"": 8, ""帝鸿"": 2, ""应龙"": 51, ""有熊氏"": 4, ""榆罔"": 2, ""涿鹿"": 44, ""炎帝"": 103, ""神农"": 248, ""禹"": 1166, ""精卫"": 114, ""缙云氏"": 3, ""蚩尤"": 164, ""赤帝"": 14, ""轩辕"": 290, ""轩辕氏"": 6, ""阪泉"": 6, ""雨师"": 39, ""颛顼"": 115, ""风伯"": 22, ""鲧"": 59, ""黄帝"": 718}"
GCI-HOLD-0002,1269,data/CASIA-LM_ChineseWebText2.0_partial-001269.parquet,252337619,09e7d7de2bd663e5c55f7d3e114f536c049b4b68da9fac79e134f3ed60755564,100000,1,2911,"{""九黎"": 30, ""共工"": 130, ""共工氏"": 8, ""后土"": 91, ""太昊"": 18, ""女娃"": 46, ""女娲"": 141, ""少昊"": 23, ""少皞"": 1, ""帝江"": 3, ""帝鸿"": 2, ""应龙"": 26, ""有熊氏"": 4, ""涿鹿"": 12, ""炎帝"": 39, ""神农"": 244, ""禹"": 911, ""精卫"": 38, ""缙云氏"": 5, ""蚩尤"": 81, ""赤帝"": 8, ""轩辕"": 483, ""轩辕氏"": 23, ""雨师"": 9, ""颛顼"": 42, ""风伯"": 10, ""鲧"": 19, ""黄帝"": 464}"
GCI-HOLD-0002,1270,data/CASIA-LM_ChineseWebText2.0_partial-001270.parquet,250661252,a6390857bf9957cf95daf300693bbac22ca9edf35afdc99238ab12a031689799,100000,1,3496,"{""九黎"": 59, ""共工"": 100, ""共工氏"": 10, ""句龙"": 10, ""后土"": 103, ""太昊"": 23, ""女娃"": 45, ""女娲"": 377, ""少昊"": 23, ""少皞"": 4, ""帝江"": 3, ""应龙"": 77, ""有熊氏"": 1, ""榆罔"": 3, ""涿鹿"": 14, ""炎帝"": 100, ""神农"": 276, ""禹"": 994, ""精卫"": 72, ""蚩尤"": 197, ""赤帝"": 6, ""轩辕"": 313, ""轩辕氏"": 7, ""阪泉"": 6, ""雨师"": 35, ""颛顼"": 29, ""风伯"": 36, ""鲧"": 19, ""黄帝"": 552, ""黄帝氏"": 2}"
GCI-HOLD-0002,1271,data/CASIA-LM_ChineseWebText2.0_partial-001271.parquet,247543214,4c2b2c82098f2ab2e023a258c0481a434e861f61806b044ea762ca0bb3bd9dcb,100000,1,3067,"{""九黎"": 107, ""共工"": 98, ""共工氏"": 2, ""后土"": 108, ""太昊"": 7, ""太皞"": 1, ""女娃"": 38, ""女娲"": 146, ""少昊"": 18, ""帝江"": 17, ""帝鸿"": 1, ""应龙"": 88, ""有熊氏"": 3, ""榆罔"": 3, ""涿鹿"": 72, ""炎帝"": 64, ""神农"": 230, ""禹"": 937, ""精卫"": 47, ""蚩尤"": 218, ""赤帝"": 2, ""轩辕"": 299, ""轩辕氏"": 12, ""阪泉"": 9, ""雨师"": 22, ""颛顼"": 31, ""风伯"": 24, ""鲧"": 15, ""黄帝"": 447, ""黄帝氏"": 1}"
GCI-HOLD-0002,1272,data/CASIA-LM_ChineseWebText2.0_partial-001272.parquet,252628806,2e93c9f60132ca096dad5b2d194d166d5e7379ef406cd4e065b94fb56ab3ef88,100000,1,3673,"{""九黎"": 29, ""共工"": 109, ""共工氏"": 4, ""后土"": 71, ""太昊"": 53, ""太皞"": 1, ""女娃"": 59, ""女娲"": 226, ""少昊"": 5, ""少皞"": 1, ""帝江"": 6, ""应龙"": 35, ""有熊氏"": 5, ""榆罔"": 2, ""涿鹿"": 24, ""炎帝"": 102, ""神农"": 296, ""禹"": 1187, ""精卫"": 147, ""蚩尤"": 93, ""赤帝"": 11, ""轩辕"": 417, ""轩辕氏"": 9, ""阪泉"": 6, ""雨师"": 18, ""颛顼"": 44, ""风伯"": 16, ""鲧"": 43, ""黄帝"": 649, ""黄帝氏"": 5}"
GCI-HOLD-0002,1273,data/CASIA-LM_ChineseWebText2.0_partial-001273.parquet,263974125,f4d6a7e05a3804b9da58245d0e2bfc1b9640625361da2ee05049d878eb5966a6,100000,1,4962,"{""九黎"": 25, ""共工"": 145, ""共工氏"": 17, ""句龙"": 4, ""后土"": 59, ""太昊"": 19, ""太皞"": 2, ""女娃"": 31, ""女娲"": 227, ""少昊"": 120, ""少皞"": 2, ""帝江"": 16, ""帝鸿"": 5, ""帝鸿氏"": 4, ""应龙"": 105, ""有熊氏"": 4, ""榆罔"": 5, ""涿鹿"": 29, ""炎帝"": 154, ""神农"": 350, ""禹"": 1470, ""精卫"": 236, ""缙云氏"": 10, ""蚩尤"": 182, ""赤帝"": 4, ""轩辕"": 243, ""轩辕氏"": 17, ""阪泉"": 4, ""雨师"": 16, ""颛顼"": 227, ""风伯"": 23, ""鲧"": 67, ""黄帝"": 1140}"
GCI-HOLD-0002,1274,data/CASIA-LM_ChineseWebText2.0_partial-001274.parquet,258327370,a6ae2287e474ca5a2a279f0647f6e575e2c5903c622eac13e077610cef9b7805,100000,1,5499,"{""九黎"": 25, ""共工"": 197, ""共工氏"": 14, ""句龙"": 1, ""后土"": 63, ""太昊"": 29, ""太皞"": 7, ""女娃"": 44, ""女娲"": 251, ""少昊"": 155, ""少皞"": 6, ""帝鸿"": 8, ""帝鸿氏"": 4, ""应龙"": 104, ""有熊氏"": 5, ""榆罔"": 5, ""涿鹿"": 31, ""炎帝"": 292, ""神农"": 467, ""禹"": 1629, ""精卫"": 201, ""缙云氏"": 5, ""蚩尤"": 231, ""赤帝"": 14, ""轩辕"": 353, ""轩辕氏"": 13, ""阪泉"": 15, ""雨师"": 17, ""颛顼"": 125, ""风伯"": 20, ""鲧"": 94, ""黄帝"": 1073, ""黄帝氏"": 1}"
GCI-HOLD-0002,1275,data/CASIA-LM_ChineseWebText2.0_partial-001275.parquet,260649516,16e749c209983b7550ea5c59887de146ff2746f818e604bdecc966b9edee2743,100000,1,6954,"{""九黎"": 31, ""共工"": 191, ""共工氏"": 34, ""句龙"": 2, ""后土"": 87, ""太昊"": 27, ""太皞"": 4, ""女娃"": 23, ""女娲"": 381, ""少昊"": 210, ""少皞"": 12, ""帝江"": 1, ""帝鸿"": 3, ""帝鸿氏"": 3, ""应龙"": 87, ""有熊氏"": 31, ""榆罔"": 24, ""涿鹿"": 109, ""炎帝"": 304, ""神农"": 422, ""禹"": 2532, ""精卫"": 291, ""缙云氏"": 10, ""蚩尤"": 233, ""赤帝"": 24, ""轩辕"": 383, ""轩辕氏"": 22, ""阪泉"": 27, ""雨师"": 17, ""颛顼"": 176, ""风伯"": 10, ""鲧"": 81, ""黄帝"": 1161, ""黄帝氏"": 1}"
GCI-HOLD-0002,1276,data/CASIA-LM_ChineseWebText2.0_partial-001276.parquet,258988536,9d4502079b48a66bfc65fa84233ededdfb123bc0d9116bf94602dd7e415527eb,100000,1,6607,"{""九黎"": 32, ""共工"": 208, ""共工氏"": 8, ""后土"": 58, ""太昊"": 173, ""太皞"": 20, ""女娃"": 16, ""女娲"": 398, ""少昊"": 139, ""少皞"": 10, ""帝江"": 2, ""帝鸿"": 8, ""帝鸿氏"": 4, ""应龙"": 17, ""有熊氏"": 17, ""榆罔"": 14, ""涿鹿"": 70, ""炎帝"": 334, ""神农"": 611, ""禹"": 1918, ""精卫"": 229, ""缙云氏"": 3, ""蚩尤"": 186, ""赤帝"": 26, ""轩辕"": 271, ""轩辕氏"": 16, ""阪泉"": 29, ""雨师"": 2, ""颛顼"": 208, ""风伯"": 1, ""鲧"": 71, ""黄帝"": 1504, ""黄帝氏"": 4}"
GCI-HOLD-0002,1277,data/CASIA-LM_ChineseWebText2.0_partial-001277.parquet,264475425,1f73496ba68eb3be08992f1aa660cb4f927cfc12d35cdd2f11e6ec15915efa8a,100000,1,5063,"{""九黎"": 28, ""共工"": 140, ""共工氏"": 21, ""句龙"": 7, ""后土"": 66, ""太昊"": 13, ""太皞"": 1, ""女娃"": 31, ""女娲"": 172, ""少昊"": 43, ""少皞"": 2, ""帝江"": 8, ""帝鸿"": 3, ""帝鸿氏"": 2, ""应龙"": 76, ""有熊氏"": 10, ""榆罔"": 1, ""涿鹿"": 37, ""炎帝"": 240, ""神农"": 477, ""禹"": 1692, ""精卫"": 130, ""缙云氏"": 2, ""蚩尤"": 169, ""赤帝"": 10, ""轩辕"": 256, ""轩辕氏"": 30, ""阪泉"": 7, ""雨师"": 16, ""颛顼"": 162, ""风伯"": 19, ""鲧"": 61, ""黄帝"": 1129, ""黄帝氏"": 2}"
GCI-HOLD-0002,1278,data/CASIA-LM_ChineseWebText2.0_partial-001278.parquet,266991028,fe75a03de843e38718654a5b56365f4c86b6f5592dd32f2f3700032b2f36046d,100000,1,6822,"{""九黎"": 21, ""共工"": 284, ""共工氏"": 59, ""句龙"": 2, ""后土"": 182, ""太昊"": 31, ""女娃"": 24, ""女娲"": 265, ""少昊"": 106, ""少皞"": 3, ""帝江"": 3, ""帝鸿"": 4, ""帝鸿氏"": 3, ""应龙"": 59, ""有熊氏"": 13, ""榆罔"": 10, ""涿鹿"": 46, ""炎帝"": 279, ""神农"": 425, ""禹"": 2045, ""精卫"": 295, ""缙云氏"": 6, ""蚩尤"": 189, ""赤帝"": 9, ""轩辕"": 336, ""轩辕氏"": 36, ""阪泉"": 23, ""雨师"": 12, ""颛顼"": 296, ""风伯"": 13, ""鲧"": 91, ""黄帝"": 1648, ""黄帝氏"": 4}"
GCI-HOLD-0002,1279,data/CASIA-LM_ChineseWebText2.0_partial-001279.parquet,259321643,fd6f75718b1b5cac79038310615f4a5f761cdd611e568028f022d74b258821bd,100000,1,6783,"{""九黎"": 18, ""共工"": 154, ""共工氏"": 8, ""句龙"": 1, ""后土"": 69, ""太昊"": 92, ""太皞"": 8, ""女娃"": 27, ""女娲"": 395, ""少昊"": 44, ""少皞"": 6, ""帝江"": 9, ""帝鸿"": 7, ""帝鸿氏"": 2, ""应龙"": 36, ""有熊氏"": 11, ""榆罔"": 8, ""涿鹿"": 87, ""炎帝"": 178, ""神农"": 507, ""禹"": 1951, ""精卫"": 390, ""缙云氏"": 4, ""蚩尤"": 217, ""赤帝"": 19, ""轩辕"": 344, ""轩辕氏"": 30, ""阪泉"": 24, ""雨师"": 44, ""颛顼"": 374, ""风伯"": 31, ""鲧"": 109, ""黄帝"": 1576, ""黄帝氏"": 3}"
GCI-HOLD-0002,1280,data/CASIA-LM_ChineseWebText2.0_partial-001280.parquet,258279197,98d7e022758a99ab43d8102551dfa2d908f55608acd6184b587047556896f1ec,100000,1,5703,"{""九黎"": 19, ""共工"": 200, ""共工氏"": 19, ""后土"": 35, ""太昊"": 60, ""太皞"": 4, ""女娃"": 52, ""女娲"": 289, ""少昊"": 54, ""少皞"": 3, ""帝江"": 10, ""帝鸿"": 1, ""应龙"": 112, ""有熊氏"": 11, ""涿鹿"": 46, ""炎帝"": 283, ""神农"": 398, ""禹"": 1732, ""精卫"": 301, ""蚩尤"": 127, ""赤帝"": 16, ""轩辕"": 287, ""轩辕氏"": 30, ""阪泉"": 18, ""雨师"": 30, ""颛顼"": 175, ""风伯"": 27, ""鲧"": 67, ""黄帝"": 1293, ""黄帝氏"": 4}"
GCI-HOLD-0002,1281,data/CASIA-LM_ChineseWebText2.0_partial-001281.parquet,253730946,0d387eb7d6994242d7b97507d9cb2c2566151b2c11bee986e33e01ec84c87843,100000,1,3440,"{""九黎"": 36, ""共工"": 127, ""共工氏"": 1, ""句龙"": 20, ""后土"": 76, ""太昊"": 10, ""女娃"": 34, ""女娲"": 142, ""少昊"": 22, ""少皞"": 5, ""帝江"": 6, ""帝鸿"": 4, ""帝鸿氏"": 2, ""应龙"": 86, ""有熊氏"": 2, ""榆罔"": 1, ""涿鹿"": 29, ""炎帝"": 130, ""神农"": 270, ""禹"": 955, ""精卫"": 26, ""缙云氏"": 1, ""蚩尤"": 154, ""赤帝"": 6, ""轩辕"": 287, ""轩辕氏"": 5, ""阪泉"": 9, ""雨师"": 27, ""颛顼"": 29, ""风伯"": 23, ""鲧"": 39, ""黄帝"": 874, ""黄帝氏"": 2}"
GCI-HOLD-0002,1282,data/CASIA-LM_ChineseWebText2.0_partial-001282.parquet,251788738,0af6cb1d5287acba7e669fa07a72d5ea75a2b2eda5965c01836b175e18090b6a,100000,1,3548,"{""九黎"": 5, ""共工"": 155, ""共工氏"": 1, ""后土"": 104, ""太昊"": 6, ""女娃"": 67, ""女娲"": 222, ""少昊"": 26, ""少皞"": 11, ""帝江"": 5, ""帝鸿"": 1, ""帝鸿氏"": 1, ""应龙"": 69, ""有熊氏"": 1, ""榆罔"": 6, ""涿鹿"": 15, ""炎帝"": 126, ""神农"": 284, ""禹"": 1068, ""精卫"": 56, ""蚩尤"": 220, ""赤帝"": 6, ""轩辕"": 356, ""轩辕氏"": 2, ""阪泉"": 16, ""雨师"": 17, ""颛顼"": 43, ""风伯"": 13, ""鲧"": 42, ""黄帝"": 604}"
GCI-HOLD-0002,1283,data/CASIA-LM_ChineseWebText2.0_partial-001283.parquet,249167176,5ababcbf3d9fa39c91d6929fbaa06d64a1ecc6a08cdbe9c5213565db5270b9c1,100000,1,3309,"{""九黎"": 17, ""共工"": 92, ""共工氏"": 2, ""后土"": 211, ""太昊"": 9, ""太皞"": 1, ""女娃"": 41, ""女娲"": 381, ""少昊"": 7, ""少皞"": 1, ""帝江"": 42, ""帝鸿"": 1, ""帝鸿氏"": 1, ""应龙"": 43, ""有熊氏"": 2, ""涿鹿"": 21, ""炎帝"": 106, ""神农"": 240, ""禹"": 886, ""精卫"": 95, ""缙云氏"": 4, ""蚩尤"": 247, ""赤帝"": 7, ""轩辕"": 260, ""轩辕氏"": 4, ""阪泉"": 3, ""雨师"": 32, ""颛顼"": 27, ""风伯"": 14, ""鲧"": 38, ""黄帝"": 474}"
GCI-HOLD-0002,1284,data/CASIA-LM_ChineseWebText2.0_partial-001284.parquet,257627248,dd6f1bd9115e0baa20595962f2a44c48bf8e9624ee56e536d8a83345ae2647ac,100000,1,3506,"{""九黎"": 41, ""共工"": 74, ""共工氏"": 2, ""句龙"": 4, ""后土"": 271, ""太昊"": 9, ""太皞"": 2, ""女娃"": 53, ""女娲"": 206, ""少昊"": 19, ""少皞"": 1, ""帝江"": 8, ""帝鸿"": 4, ""帝鸿氏"": 2, ""应龙"": 36, ""有熊氏"": 2, ""涿鹿"": 13, ""炎帝"": 60, ""神农"": 274, ""禹"": 1024, ""精卫"": 186, ""缙云氏"": 2, ""蚩尤"": 198, ""赤帝"": 10, ""轩辕"": 260, ""轩辕氏"": 7, ""阪泉"": 2, ""雨师"": 46, ""颛顼"": 72, ""风伯"": 10, ""鲧"": 52, ""黄帝"": 556}"
GCI-HOLD-0002,1285,data/CASIA-LM_ChineseWebText2.0_partial-001285.parquet,253053880,f72ce6652788d830f9a4aae0e966d42a5cff9a7bf3002b234ca26b5d334fe564,100000,1,3863,"{""九黎"": 16, ""共工"": 114, ""共工氏"": 3, ""后土"": 66, ""太昊"": 11, ""太皞"": 1, ""女娃"": 80, ""女娲"": 205, ""少昊"": 35, ""少皞"": 1, ""帝江"": 18, ""帝鸿"": 2, ""应龙"": 37, ""有熊氏"": 3, ""涿鹿"": 9, ""炎帝"": 106, ""神农"": 287, ""禹"": 1478, ""精卫"": 97, ""缙云氏"": 11, ""蚩尤"": 113, ""赤帝"": 14, ""轩辕"": 334, ""轩辕氏"": 3, ""阪泉"": 5, ""雨师"": 14, ""颛顼"": 90, ""风伯"": 6, ""鲧"": 174, ""黄帝"": 528, ""黄帝氏"": 2}"
GCI-HOLD-0002,1286,data/CASIA-LM_ChineseWebText2.0_partial-001286.parquet,276228611,9163f8eb74c3f3853bd7c2b094978f4781221a40c42a27f85d71190d58d9e506,100000,1,6956,"{""九黎"": 56, ""共工"": 129, ""共工氏"": 16, ""句龙"": 6, ""后土"": 100, ""太昊"": 22, ""太皞"": 1, ""女娃"": 44, ""女娲"": 139, ""少昊"": 43, ""少皞"": 7, ""帝江"": 2, ""帝鸿"": 6, ""帝鸿氏"": 4, ""应龙"": 37, ""有熊氏"": 6, ""榆罔"": 13, ""涿鹿"": 89, ""炎帝"": 548, ""神农"": 525, ""禹"": 1720, ""精卫"": 232, ""缙云氏"": 7, ""蚩尤"": 671, ""赤帝"": 40, ""轩辕"": 397, ""轩辕氏"": 24, ""阪泉"": 45, ""雨师"": 17, ""颛顼"": 135, ""风伯"": 20, ""鲧"": 46, ""黄帝"": 1807, ""黄帝氏"": 2}"
GCI-HOLD-0002,1287,data/CASIA-LM_ChineseWebText2.0_partial-001287.parquet,273117793,88357e9621213fa8b19e5c78cd4654d769c3716d7a8acc90c9b47766c4d91e7b,100000,1,5650,"{""九黎"": 13, ""共工"": 214, ""共工氏"": 12, ""句龙"": 3, ""后土"": 114, ""太昊"": 46, ""太皞"": 3, ""女娃"": 23, ""女娲"": 150, ""少昊"": 79, ""少皞"": 12, ""帝江"": 5, ""帝鸿"": 14, ""帝鸿氏"": 6, ""应龙"": 37, ""有熊氏"": 8, ""榆罔"": 2, ""涿鹿"": 38, ""炎帝"": 319, ""神农"": 500, ""禹"": 1593, ""精卫"": 205, ""缙云氏"": 4, ""蚩尤"": 167, ""赤帝"": 17, ""轩辕"": 220, ""轩辕氏"": 19, ""阪泉"": 16, ""雨师"": 22, ""颛顼"": 203, ""风伯"": 24, ""鲧"": 53, ""黄帝"": 1509}"
GCI-HOLD-0002,1288,data/CASIA-LM_ChineseWebText2.0_partial-001288.parquet,257225658,1d65ccbdf73c34a10f62a96fecd45b3d2a82a52f2abf62731a56ec9baf6f7307,100000,1,2775,"{""九黎"": 2, ""共工"": 73, ""共工氏"": 4, ""句龙"": 4, ""后土"": 58, ""太昊"": 12, ""女娃"": 35, ""女娲"": 104, ""少昊"": 6, ""少皞"": 3, ""帝江"": 4, ""帝鸿"": 2, ""帝鸿氏"": 1, ""应龙"": 33, ""涿鹿"": 14, ""炎帝"": 71, ""神农"": 207, ""禹"": 1254, ""精卫"": 71, ""蚩尤"": 66, ""赤帝"": 8, ""轩辕"": 186, ""轩辕氏"": 3, ""雨师"": 12, ""颛顼"": 19, ""风伯"": 9, ""鲧"": 51, ""黄帝"": 463}"
GCI-HOLD-0002,1289,data/CASIA-LM_ChineseWebText2.0_partial-001289.parquet,250982987,a956940cd7116cc9923de4ebf8f86cca44561b684c388d0d44e389367ab22165,100000,1,3396,"{""九黎"": 19, ""共工"": 106, ""共工氏"": 15, ""后土"": 49, ""太昊"": 10, ""太皞"": 3, ""女娃"": 65, ""女娲"": 279, ""少昊"": 28, ""少皞"": 9, ""帝江"": 5, ""帝鸿"": 3, ""帝鸿氏"": 1, ""应龙"": 31, ""有熊氏"": 1, ""榆罔"": 2, ""涿鹿"": 25, ""炎帝"": 68, ""神农"": 274, ""禹"": 1251, ""精卫"": 91, ""蚩尤"": 136, ""赤帝"": 5, ""轩辕"": 236, ""轩辕氏"": 7, ""阪泉"": 12, ""雨师"": 11, ""颛顼"": 84, ""风伯"": 9, ""鲧"": 58, ""黄帝"": 503}"
GCI-HOLD-0002,1290,data/CASIA-LM_ChineseWebText2.0_partial-001290.parquet,252107111,53b7d6670f61061d926775f85d824e790c973b8b610425bf0c1171f90f44f74a,100000,1,3069,"{""九黎"": 8, ""共工"": 87, ""共工氏"": 7, ""句龙"": 10, ""后土"": 74, ""太昊"": 3, ""太皞"": 1, ""女娃"": 75, ""女娲"": 155, ""少昊"": 33, ""少皞"": 4, ""帝江"": 1, ""应龙"": 37, ""有熊氏"": 2, ""涿鹿"": 12, ""炎帝"": 60, ""神农"": 257, ""禹"": 1004, ""精卫"": 73, ""蚩尤"": 71, ""赤帝"": 9, ""轩辕"": 300, ""轩辕氏"": 11, ""阪泉"": 6, ""雨师"": 32, ""颛顼"": 58, ""风伯"": 16, ""鲧"": 79, ""黄帝"": 584}"
GCI-HOLD-0002,1291,data/CASIA-LM_ChineseWebText2.0_partial-001291.parquet,271014374,1db5d1604edbdd2fce3396cd8026846a213cef98d52d4673964a50713bc02b39,100000,1,7683,"{""九黎"": 23, ""共工"": 182, ""共工氏"": 32, ""句龙"": 41, ""后土"": 397, ""太昊"": 106, ""太皞"": 20, ""女娃"": 27, ""女娲"": 453, ""少昊"": 82, ""少皞"": 13, ""帝江"": 10, ""帝鸿"": 3, ""帝鸿氏"": 1, ""应龙"": 44, ""有熊氏"": 16, ""榆罔"": 68, ""涿鹿"": 77, ""炎帝"": 711, ""神农"": 790, ""禹"": 1929, ""精卫"": 268, ""缙云氏"": 2, ""蚩尤"": 219, ""赤帝"": 23, ""轩辕"": 432, ""轩辕氏"": 37, ""阪泉"": 26, ""雨师"": 7, ""颛顼"": 154, ""风伯"": 11, ""鲧"": 79, ""黄帝"": 1396, ""黄帝氏"": 4}"
GCI-HOLD-0002,1292,data/CASIA-LM_ChineseWebText2.0_partial-001292.parquet,267086685,97a8829b9eef9bdef47c33d460815f7ccf57e31641e07712fd9ad480d569a543,100000,1,4796,"{""九黎"": 12, ""共工"": 203, ""共工氏"": 12, ""句龙"": 2, ""后土"": 66, ""太昊"": 48, ""太皞"": 1, ""女娃"": 21, ""女娲"": 226, ""少昊"": 35, ""少皞"": 6, ""帝江"": 8, ""帝鸿"": 8, ""帝鸿氏"": 4, ""应龙"": 39, ""有熊氏"": 2, ""榆罔"": 3, ""涿鹿"": 75, ""炎帝"": 117, ""神农"": 493, ""禹"": 1660, ""精卫"": 203, ""缙云氏"": 2, ""蚩尤"": 77, ""赤帝"": 21, ""轩辕"": 307, ""轩辕氏"": 20, ""阪泉"": 4, ""雨师"": 12, ""颛顼"": 98, ""风伯"": 6, ""鲧"": 125, ""黄帝"": 875, ""黄帝氏"": 5}"
GCI-HOLD-0002,1293,data/CASIA-LM_ChineseWebText2.0_partial-001293.parquet,253198662,dc505ec69a36c11f4cf007df42bc658514307ce859f1028e2d7288ca05e5779d,100000,1,5033,"{""九黎"": 34, ""共工"": 96, ""共工氏"": 5, ""句龙"": 2, ""后土"": 73, ""太昊"": 30, ""太皞"": 6, ""女娃"": 93, ""女娲"": 300, ""少昊"": 49, ""少皞"": 1, ""帝江"": 1, ""帝鸿"": 1, ""应龙"": 47, ""有熊氏"": 13, ""榆罔"": 3, ""涿鹿"": 50, ""炎帝"": 146, ""神农"": 438, ""禹"": 1242, ""精卫"": 146, ""蚩尤"": 186, ""赤帝"": 12, ""轩辕"": 577, ""轩辕氏"": 14, ""阪泉"": 17, ""雨师"": 5, ""颛顼"": 145, ""风伯"": 15, ""鲧"": 48, ""黄帝"": 1238}"
GCI-HOLD-0002,1294,data/CASIA-LM_ChineseWebText2.0_partial-001294.parquet,247467240,5172bc0f6859f249197bdaec0c8139a1c81947ae181bb97d52abf77780a70919,100000,1,3216,"{""九黎"": 20, ""共工"": 94, ""共工氏"": 9, ""句龙"": 1, ""后土"": 139, ""太昊"": 29, ""太皞"": 2, ""女娃"": 104, ""女娲"": 201, ""少昊"": 45, ""少皞"": 3, ""帝江"": 14, ""帝鸿"": 5, ""帝鸿氏"": 1, ""应龙"": 85, ""有熊氏"": 1, ""涿鹿"": 17, ""炎帝"": 61, ""神农"": 201, ""禹"": 1088, ""精卫"": 44, ""缙云氏"": 2, ""蚩尤"": 114, ""赤帝"": 6, ""轩辕"": 318, ""轩辕氏"": 25, ""阪泉"": 7, ""雨师"": 5, ""颛顼"": 68, ""风伯"": 11, ""鲧"": 37, ""黄帝"": 459}"
GCI-HOLD-0002,1295,data/CASIA-LM_ChineseWebText2.0_partial-001295.parquet,266014674,d929d9122d8e6d15bd7be2fdeb42fcb59c21cdd35ca00e0259c47f662a140b50,100000,1,3825,"{""九黎"": 8, ""共工"": 169, ""共工氏"": 4, ""句龙"": 8, ""后土"": 88, ""太昊"": 11, ""太皞"": 1, ""女娃"": 61, ""女娲"": 202, ""少昊"": 42, ""少皞"": 6, ""帝江"": 1, ""帝鸿"": 3, ""帝鸿氏"": 1, ""应龙"": 31, ""有熊氏"": 2, ""榆罔"": 1, ""涿鹿"": 17, ""炎帝"": 96, ""神农"": 270, ""禹"": 1389, ""精卫"": 90, ""缙云氏"": 6, ""蚩尤"": 89, ""赤帝"": 9, ""轩辕"": 213, ""轩辕氏"": 11, ""阪泉"": 7, ""雨师"": 33, ""颛顼"": 86, ""风伯"": 17, ""鲧"": 65, ""黄帝"": 788}"
GCI-HOLD-0002,1296,data/CASIA-LM_ChineseWebText2.0_partial-001296.parquet,259924196,35fae90234631f467033e7831043d056839d20c553a227b00821ea6aaa99e6aa,100000,1,3971,"{""九黎"": 18, ""共工"": 97, ""共工氏"": 2, ""句龙"": 5, ""后土"": 53, ""太昊"": 5, ""女娃"": 25, ""女娲"": 200, ""少昊"": 38, ""少皞"": 2, ""帝江"": 14, ""帝鸿"": 4, ""帝鸿氏"": 2, ""应龙"": 107, ""有熊氏"": 7, ""榆罔"": 2, ""涿鹿"": 18, ""炎帝"": 252, ""神农"": 319, ""禹"": 1228, ""精卫"": 127, ""缙云氏"": 2, ""蚩尤"": 84, ""赤帝"": 10, ""轩辕"": 213, ""轩辕氏"": 14, ""阪泉"": 4, ""雨师"": 19, ""颛顼"": 94, ""风伯"": 9, ""鲧"": 68, ""黄帝"": 927, ""黄帝氏"": 2}"
GCI-HOLD-0002,1297,data/CASIA-LM_ChineseWebText2.0_partial-001297.parquet,266170504,b98dc97e5a7113d65697df38783e9b9ec909f1d4f5ad182ee63d598871c67c56,100000,1,5463,"{""九黎"": 52, ""共工"": 307, ""共工氏"": 49, ""句龙"": 4, ""后土"": 88, ""太昊"": 17, ""太皞"": 3, ""女娃"": 42, ""女娲"": 232, ""少昊"": 27, ""少皞"": 3, ""帝江"": 6, ""帝鸿"": 5, ""帝鸿氏"": 4, ""应龙"": 57, ""有熊氏"": 14, ""涿鹿"": 55, ""炎帝"": 192, ""神农"": 394, ""禹"": 1605, ""精卫"": 241, ""缙云氏"": 2, ""蚩尤"": 176, ""赤帝"": 16, ""轩辕"": 272, ""轩辕氏"": 24, ""阪泉"": 13, ""雨师"": 27, ""颛顼"": 207, ""风伯"": 23, ""鲧"": 70, ""黄帝"": 1235, ""黄帝氏"": 1}"
GCI-HOLD-0002,1298,data/CASIA-LM_ChineseWebText2.0_partial-001298.parquet,263755838,5d3cf4d050a70589398effe5cbeb263d24d335a013f054fd13d618f380b6ab98,100000,1,6530,"{""九黎"": 72, ""共工"": 176, ""共工氏"": 51, ""句龙"": 14, ""后土"": 66, ""太昊"": 47, ""太皞"": 2, ""女娃"": 26, ""女娲"": 212, ""少昊"": 87, ""少皞"": 14, ""帝江"": 2, ""帝鸿"": 4, ""帝鸿氏"": 3, ""应龙"": 58, ""有熊氏"": 14, ""榆罔"": 16, ""涿鹿"": 72, ""炎帝"": 484, ""神农"": 552, ""禹"": 1761, ""精卫"": 249, ""缙云氏"": 11, ""蚩尤"": 311, ""赤帝"": 14, ""轩辕"": 379, ""轩辕氏"": 32, ""阪泉"": 12, ""雨师"": 24, ""颛顼"": 169, ""风伯"": 24, ""鲧"": 96, ""黄帝"": 1475, ""黄帝氏"": 1}"
GCI-HOLD-0002,1299,data/CASIA-LM_ChineseWebText2.0_partial-001299.parquet,257424397,ccd76b6cbe679b5b92c1c74bba09053c9f7ac90114c10759bb54000fb3c2670f,100000,1,4666,"{""九黎"": 29, ""共工"": 117, ""共工氏"": 11, ""句龙"": 28, ""后土"": 81, ""太昊"": 38, ""太皞"": 3, ""女娃"": 75, ""女娲"": 205, ""少昊"": 18, ""少皞"": 14, ""帝江"": 6, ""帝鸿"": 4, ""帝鸿氏"": 3, ""应龙"": 94, ""有熊氏"": 10, ""榆罔"": 1, ""涿鹿"": 43, ""炎帝"": 183, ""神农"": 259, ""禹"": 1303, ""精卫"": 121, ""缙云氏"": 3, ""蚩尤"": 264, ""赤帝"": 16, ""轩辕"": 371, ""轩辕氏"": 6, ""阪泉"": 15, ""雨师"": 15, ""颛顼"": 109, ""风伯"": 11, ""鲧"": 39, ""黄帝"": 1171}"
GCI-HOLD-0002,1300,data/CASIA-LM_ChineseWebText2.0_partial-001300.parquet,255565675,557dd7d4e73ae949ae995674e1f2cb6a83be6f661a6a2078e185e7d589920bf8,100000,1,3312,"{""九黎"": 28, ""共工"": 104, ""共工氏"": 11, ""句龙"": 10, ""后土"": 48, ""太昊"": 2, ""太皞"": 3, ""女娃"": 131, ""女娲"": 190, ""少昊"": 21, ""少皞"": 3, ""帝江"": 25, ""帝鸿"": 1, ""帝鸿氏"": 1, ""应龙"": 61, ""有熊氏"": 5, ""榆罔"": 1, ""涿鹿"": 27, ""炎帝"": 178, ""神农"": 189, ""禹"": 1018, ""精卫"": 256, ""缙云氏"": 1, ""蚩尤"": 103, ""赤帝"": 3, ""轩辕"": 288, ""轩辕氏"": 4, ""阪泉"": 3, ""雨师"": 11, ""颛顼"": 47, ""风伯"": 7, ""鲧"": 39, ""黄帝"": 491, ""黄帝氏"": 2}"
GCI-HOLD-0002,1301,data/CASIA-LM_ChineseWebText2.0_partial-001301.parquet,263338327,0041e9a6a50b29fe4266a0694b5a4fde017276c29721589574a9dddea4b2ca7c,100000,1,5383,"{""九黎"": 20, ""共工"": 139, ""共工氏"": 15, ""句龙"": 9, ""后土"": 69, ""太昊"": 24, ""太皞"": 1, ""女娃"": 38, ""女娲"": 221, ""少昊"": 66, ""少皞"": 6, ""帝江"": 5, ""帝鸿"": 5, ""帝鸿氏"": 4, ""应龙"": 115, ""有熊氏"": 10, ""榆罔"": 2, ""涿鹿"": 58, ""炎帝"": 165, ""神农"": 408, ""禹"": 1733, ""精卫"": 263, ""缙云氏"": 4, ""蚩尤"": 154, ""赤帝"": 18, ""轩辕"": 222, ""轩辕氏"": 21, ""阪泉"": 9, ""雨师"": 41, ""颛顼"": 159, ""风伯"": 32, ""鲧"": 63, ""黄帝"": 1284}"
GCI-HOLD-0002,1302,data/CASIA-LM_ChineseWebText2.0_partial-001302.parquet,265317370,3370876e9635f750805993fec2e7c0596039b5e2347e3146fa2e76b87b991b5b,100000,1,6295,"{""九黎"": 52, ""共工"": 150, ""共工氏"": 14, ""句龙"": 2, ""后土"": 61, ""太昊"": 25, ""太皞"": 2, ""女娃"": 32, ""女娲"": 271, ""少昊"": 195, ""少皞"": 6, ""帝江"": 4, ""帝鸿"": 1, ""帝鸿氏"": 1, ""应龙"": 84, ""有熊氏"": 6, ""榆罔"": 14, ""涿鹿"": 71, ""炎帝"": 253, ""神农"": 803, ""禹"": 1538, ""精卫"": 335, ""缙云氏"": 5, ""蚩尤"": 461, ""赤帝"": 15, ""轩辕"": 264, ""轩辕氏"": 19, ""阪泉"": 26, ""雨师"": 21, ""颛顼"": 240, ""风伯"": 15, ""鲧"": 101, ""黄帝"": 1207, ""黄帝氏"": 1}"
GCI-HOLD-0002,1303,data/CASIA-LM_ChineseWebText2.0_partial-001303.parquet,262149254,708fb746a5fc7cfa78ff803d7fd92757d111a8ddae123de76ed9f7da23f39c2a,100000,1,5490,"{""九黎"": 30, ""共工"": 173, ""共工氏"": 22, ""句龙"": 3, ""后土"": 91, ""太昊"": 23, ""太皞"": 1, ""女娃"": 20, ""女娲"": 204, ""少昊"": 144, ""少皞"": 8, ""帝江"": 4, ""帝鸿"": 11, ""帝鸿氏"": 5, ""应龙"": 53, ""有熊氏"": 13, ""榆罔"": 13, ""涿鹿"": 58, ""炎帝"": 208, ""神农"": 342, ""禹"": 1682, ""精卫"": 241, ""缙云氏"": 3, ""蚩尤"": 246, ""赤帝"": 7, ""轩辕"": 340, ""轩辕氏"": 44, ""阪泉"": 16, ""雨师"": 13, ""颛顼"": 157, ""风伯"": 10, ""鲧"": 67, ""黄帝"": 1236, ""黄帝氏"": 2}"
GCI-HOLD-0002,1304,data/CASIA-LM_ChineseWebText2.0_partial-001304.parquet,264628746,c3338badc49b983271cfcd6e92d766bb75b0afb9900ee6585b4d13b3c75b8bca,100000,1,5836,"{""九黎"": 14, ""共工"": 187, ""共工氏"": 19, ""句龙"": 3, ""后土"": 57, ""太昊"": 55, ""太皞"": 2, ""女娃"": 37, ""女娲"": 331, ""少昊"": 52, ""少皞"": 8, ""帝江"": 5, ""帝鸿"": 2, ""帝鸿氏"": 1, ""应龙"": 65, ""有熊氏"": 6, ""涿鹿"": 36, ""炎帝"": 293, ""神农"": 471, ""禹"": 1938, ""精卫"": 332, ""缙云氏"": 1, ""蚩尤"": 74, ""赤帝"": 14, ""轩辕"": 240, ""轩辕氏"": 26, ""阪泉"": 15, ""雨师"": 7, ""颛顼"": 288, ""风伯"": 8, ""鲧"": 72, ""黄帝"": 1164, ""黄帝氏"": 13}"
GCI-HOLD-0002,1305,data/CASIA-LM_ChineseWebText2.0_partial-001305.parquet,265053587,88b6cb0d3a3d4c3700b92b7689f22fc1c3ede952a01d476e09c40476eb71236c,100000,1,5983,"{""九黎"": 22, ""共工"": 188, ""共工氏"": 37, ""句龙"": 2, ""后土"": 89, ""太昊"": 76, ""太皞"": 2, ""女娃"": 17, ""女娲"": 225, ""少昊"": 78, ""少皞"": 20, ""帝江"": 2, ""帝鸿"": 4, ""应龙"": 152, ""有熊氏"": 6, ""榆罔"": 2, ""涿鹿"": 35, ""炎帝"": 301, ""神农"": 501, ""禹"": 1981, ""精卫"": 170, ""缙云氏"": 10, ""蚩尤"": 166, ""赤帝"": 11, ""轩辕"": 281, ""轩辕氏"": 31, ""阪泉"": 11, ""雨师"": 7, ""颛顼"": 221, ""风伯"": 11, ""鲧"": 63, ""黄帝"": 1255, ""黄帝氏"": 6}"
GCI-HOLD-0002,1306,data/CASIA-LM_ChineseWebText2.0_partial-001306.parquet,257017018,ea2d648ebf32ca460cdd76b33eaae3665000d333cb99fe7c4783c0d8ed04aba2,100000,1,7259,"{""九黎"": 59, ""共工"": 170, ""共工氏"": 20, ""句龙"": 6, ""后土"": 89, ""太昊"": 105, ""太皞"": 6, ""女娃"": 35, ""女娲"": 359, ""少昊"": 135, ""少皞"": 8, ""帝江"": 13, ""帝鸿"": 2, ""帝鸿氏"": 1, ""应龙"": 97, ""有熊氏"": 31, ""榆罔"": 8, ""涿鹿"": 113, ""炎帝"": 305, ""神农"": 481, ""禹"": 2078, ""精卫"": 439, ""缙云氏"": 4, ""蚩尤"": 275, ""赤帝"": 16, ""轩辕"": 381, ""轩辕氏"": 36, ""阪泉"": 20, ""雨师"": 16, ""颛顼"": 264, ""风伯"": 17, ""鲧"": 122, ""黄帝"": 1546, ""黄帝氏"": 2}"
GCI-HOLD-0002,1307,data/CASIA-LM_ChineseWebText2.0_partial-001307.parquet,257253851,c9c73d73bc022ad39d305510817fa95a05b18fc0023fa1bed7c7cafae4709948,100000,1,6209,"{""九黎"": 44, ""共工"": 278, ""共工氏"": 59, ""句龙"": 2, ""后土"": 70, ""太昊"": 40, ""太皞"": 6, ""女娃"": 32, ""女娲"": 368, ""少昊"": 54, ""少皞"": 1, ""帝江"": 14, ""应龙"": 131, ""有熊氏"": 9, ""榆罔"": 3, ""涿鹿"": 33, ""炎帝"": 327, ""神农"": 682, ""禹"": 1639, ""精卫"": 229, ""缙云氏"": 4, ""蚩尤"": 219, ""赤帝"": 18, ""轩辕"": 306, ""轩辕氏"": 18, ""阪泉"": 17, ""雨师"": 17, ""颛顼"": 220, ""风伯"": 17, ""鲧"": 105, ""黄帝"": 1242, ""黄帝氏"": 5}"
GCI-HOLD-0002,1308,data/CASIA-LM_ChineseWebText2.0_partial-001308.parquet,261837260,5933ecc1580fe362bb188f3b0c0890d03acb450c5aa835356b7f0f3d77cf9d6e,100000,1,6388,"{""九黎"": 40, ""共工"": 162, ""共工氏"": 24, ""句龙"": 7, ""后土"": 190, ""太昊"": 20, ""太皞"": 1, ""女娃"": 32, ""女娲"": 281, ""少昊"": 59, ""少皞"": 5, ""帝鸿"": 8, ""帝鸿氏"": 6, ""应龙"": 68, ""有熊氏"": 12, ""涿鹿"": 85, ""炎帝"": 194, ""神农"": 390, ""禹"": 1858, ""精卫"": 239, ""缙云氏"": 15, ""蚩尤"": 246, ""赤帝"": 20, ""轩辕"": 462, ""轩辕氏"": 18, ""阪泉"": 20, ""雨师"": 23, ""颛顼"": 123, ""风伯"": 18, ""鲧"": 74, ""黄帝"": 1686, ""黄帝氏"": 2}"
GCI-HOLD-0002,1309,data/CASIA-LM_ChineseWebText2.0_partial-001309.parquet,272934554,29f33bf1302359746157ccaddc98106524a0e5909ad3d5d69979a802ad0b5b34,100000,1,6823,"{""九黎"": 15, ""共工"": 230, ""共工氏"": 24, ""句龙"": 4, ""后土"": 141, ""太昊"": 27, ""太皞"": 18, ""女娃"": 27, ""女娲"": 369, ""少昊"": 58, ""少皞"": 5, ""帝江"": 10, ""帝鸿"": 2, ""帝鸿氏"": 2, ""应龙"": 196, ""有熊氏"": 14, ""榆罔"": 6, ""涿鹿"": 30, ""炎帝"": 351, ""神农"": 509, ""禹"": 2363, ""精卫"": 208, ""缙云氏"": 11, ""蚩尤"": 125, ""赤帝"": 37, ""轩辕"": 324, ""轩辕氏"": 32, ""阪泉"": 14, ""雨师"": 21, ""颛顼"": 183, ""风伯"": 30, ""鲧"": 74, ""黄帝"": 1362, ""黄帝氏"": 1}"
GCI-HOLD-0002,1310,data/CASIA-LM_ChineseWebText2.0_partial-001310.parquet,264586519,c3693dd908c0adb8d0eb7dbe4972dbbb3ee42e208bfa77a73221190c31432cac,100000,1,5287,"{""九黎"": 13, ""共工"": 142, ""共工氏"": 14, ""句龙"": 12, ""后土"": 55, ""太昊"": 16, ""太皞"": 1, ""女娃"": 32, ""女娲"": 283, ""少昊"": 36, ""少皞"": 11, ""帝江"": 4, ""帝鸿"": 4, ""帝鸿氏"": 2, ""应龙"": 75, ""有熊氏"": 10, ""榆罔"": 31, ""涿鹿"": 45, ""炎帝"": 305, ""神农"": 579, ""禹"": 1465, ""精卫"": 369, ""缙云氏"": 2, ""蚩尤"": 147, ""赤帝"": 13, ""轩辕"": 299, ""轩辕氏"": 35, ""阪泉"": 11, ""雨师"": 13, ""颛顼"": 129, ""风伯"": 12, ""鲧"": 81, ""黄帝"": 1030, ""黄帝氏"": 11}"
GCI-HOLD-0002,1311,data/CASIA-LM_ChineseWebText2.0_partial-001311.parquet,267305903,b49420d3ffbebcb9cf73ce0269ee04e819a689e9f4709af5b38c651b440cab03,100000,1,6789,"{""九黎"": 22, ""共工"": 336, ""共工氏"": 66, ""句龙"": 6, ""后土"": 68, ""太昊"": 39, ""太皞"": 4, ""女娃"": 43, ""女娲"": 331, ""少昊"": 67, ""少皞"": 17, ""帝江"": 7, ""帝鸿"": 9, ""帝鸿氏"": 5, ""应龙"": 67, ""有熊氏"": 22, ""榆罔"": 12, ""涿鹿"": 112, ""炎帝"": 286, ""神农"": 532, ""禹"": 1922, ""精卫"": 252, ""缙云氏"": 14, ""蚩尤"": 173, ""赤帝"": 19, ""轩辕"": 442, ""轩辕氏"": 35, ""阪泉"": 27, ""雨师"": 8, ""颛顼"": 268, ""风伯"": 18, ""鲧"": 96, ""黄帝"": 1464}"
GCI-HOLD-0002,1312,data/CASIA-LM_ChineseWebText2.0_partial-001312.parquet,256654434,a82dbf81250446439fe0616fa2dd74d91ec4fe6ae3ee7b8a46ed16e0b035eb12,100000,1,4853,"{""九黎"": 29, ""共工"": 113, ""共工氏"": 15, ""句龙"": 3, ""后土"": 66, ""太昊"": 12, ""太皞"": 1, ""女娃"": 26, ""女娲"": 193, ""少昊"": 43, ""少皞"": 1, ""帝江"": 5, ""帝鸿"": 4, ""帝鸿氏"": 4, ""应龙"": 66, ""有熊氏"": 2, ""涿鹿"": 26, ""炎帝"": 126, ""神农"": 465, ""禹"": 1825, ""精卫"": 300, ""缙云氏"": 1, ""蚩尤"": 113, ""赤帝"": 20, ""轩辕"": 223, ""轩辕氏"": 12, ""阪泉"": 4, ""雨师"": 8, ""颛顼"": 111, ""风伯"": 8, ""鲧"": 31, ""黄帝"": 996, ""黄帝氏"": 1}"
GCI-HOLD-0002,1313,data/CASIA-LM_ChineseWebText2.0_partial-001313.parquet,257580020,5cae110981c9510a4d43fb6758f199c194ca0867005a8eba8bbc497f08522286,100000,1,6245,"{""九黎"": 26, ""共工"": 303, ""共工氏"": 58, ""句龙"": 1, ""后土"": 97, ""太昊"": 13, ""太皞"": 5, ""女娃"": 21, ""女娲"": 178, ""少昊"": 65, ""少皞"": 2, ""帝江"": 9, ""帝鸿"": 4, ""帝鸿氏"": 2, ""应龙"": 43, ""有熊氏"": 13, ""榆罔"": 19, ""涿鹿"": 64, ""炎帝"": 459, ""神农"": 622, ""禹"": 1772, ""精卫"": 283, ""缙云氏"": 2, ""蚩尤"": 257, ""赤帝"": 15, ""轩辕"": 276, ""轩辕氏"": 23, ""阪泉"": 17, ""雨师"": 25, ""颛顼"": 188, ""风伯"": 20, ""鲧"": 104, ""黄帝"": 1259}"
GCI-HOLD-0002,1314,data/CASIA-LM_ChineseWebText2.0_partial-001314.parquet,261300528,f54e989eb1d6321d13145b7ed0643fa80f08998986ac4f72008bc078ab57060a,100000,1,4721,"{""九黎"": 14, ""共工"": 150, ""共工氏"": 8, ""句龙"": 7, ""后土"": 60, ""太昊"": 26, ""太皞"": 2, ""女娃"": 45, ""女娲"": 231, ""少昊"": 32, ""少皞"": 6, ""帝江"": 4, ""帝鸿"": 1, ""帝鸿氏"": 1, ""应龙"": 50, ""有熊氏"": 18, ""榆罔"": 19, ""涿鹿"": 24, ""炎帝"": 369, ""神农"": 506, ""禹"": 1531, ""精卫"": 157, ""缙云氏"": 4, ""蚩尤"": 85, ""赤帝"": 6, ""轩辕"": 260, ""轩辕氏"": 23, ""阪泉"": 15, ""雨师"": 16, ""颛顼"": 91, ""风伯"": 8, ""鲧"": 73, ""黄帝"": 878, ""黄帝氏"": 1}"
GCI-HOLD-0002,1315,data/CASIA-LM_ChineseWebText2.0_partial-001315.parquet,253804912,070bf81ac291795faa45db8d4c7cd31180ee245fba2a7b694df2f0bab6df8976,100000,1,3183,"{""九黎"": 19, ""共工"": 73, ""共工氏"": 2, ""句龙"": 3, ""后土"": 36, ""太昊"": 10, ""太皞"": 1, ""女娃"": 62, ""女娲"": 249, ""少昊"": 8, ""少皞"": 2, ""帝江"": 3, ""帝鸿"": 9, ""应龙"": 60, ""有熊氏"": 5, ""榆罔"": 1, ""涿鹿"": 37, ""炎帝"": 89, ""神农"": 186, ""禹"": 992, ""精卫"": 72, ""缙云氏"": 1, ""蚩尤"": 254, ""赤帝"": 3, ""轩辕"": 373, ""轩辕氏"": 6, ""阪泉"": 5, ""雨师"": 10, ""颛顼"": 35, ""风伯"": 7, ""鲧"": 24, ""黄帝"": 546}"
GCI-HOLD-0002,1316,data/CASIA-LM_ChineseWebText2.0_partial-001316.parquet,248588694,4b5608ef476296358287c8143a1628ed155fbd61a1ce9cfd71ce9664a191d3f7,100000,1,3315,"{""九黎"": 35, ""共工"": 121, ""共工氏"": 3, ""后土"": 57, ""太昊"": 3, ""太皞"": 1, ""女娃"": 109, ""女娲"": 192, ""少昊"": 7, ""少皞"": 1, ""帝江"": 11, ""帝鸿"": 1, ""应龙"": 57, ""有熊氏"": 1, ""榆罔"": 1, ""涿鹿"": 23, ""炎帝"": 91, ""神农"": 265, ""禹"": 1033, ""精卫"": 36, ""蚩尤"": 208, ""赤帝"": 9, ""轩辕"": 263, ""轩辕氏"": 6, ""阪泉"": 7, ""雨师"": 27, ""颛顼"": 43, ""风伯"": 10, ""鲧"": 27, ""黄帝"": 667}"
GCI-HOLD-0002,1317,data/CASIA-LM_ChineseWebText2.0_partial-001317.parquet,249781267,c1879f3c4972b31e0fa5d74a81869306d3127af034ea9dea976bcf4d0004cb18,100000,1,3000,"{""九黎"": 28, ""共工"": 81, ""共工氏"": 4, ""后土"": 89, ""太昊"": 12, ""太皞"": 1, ""女娃"": 123, ""女娲"": 173, ""少昊"": 8, ""少皞"": 2, ""帝江"": 2, ""帝鸿"": 2, ""帝鸿氏"": 1, ""应龙"": 70, ""有熊氏"": 2, ""榆罔"": 2, ""涿鹿"": 22, ""炎帝"": 108, ""神农"": 221, ""禹"": 965, ""精卫"": 148, ""缙云氏"": 1, ""蚩尤"": 122, ""赤帝"": 6, ""轩辕"": 189, ""轩辕氏"": 5, ""阪泉"": 6, ""雨师"": 7, ""颛顼"": 44, ""风伯"": 10, ""鲧"": 27, ""黄帝"": 519}"
GCI-HOLD-0002,1318,data/CASIA-LM_ChineseWebText2.0_partial-001318.parquet,244974072,0f5abe21d429fc4e8061d02043ae8c14b4596ce9312607059ce194534616c306,100000,1,3337,"{""九黎"": 12, ""共工"": 138, ""共工氏"": 2, ""句龙"": 5, ""后土"": 70, ""太昊"": 21, ""女娃"": 53, ""女娲"": 198, ""少昊"": 12, ""少皞"": 3, ""帝江"": 1, ""帝鸿"": 1, ""帝鸿氏"": 1, ""应龙"": 33, ""有熊氏"": 4, ""涿鹿"": 31, ""炎帝"": 167, ""神农"": 278, ""禹"": 1210, ""精卫"": 91, ""蚩尤"": 91, ""赤帝"": 11, ""轩辕"": 217, ""轩辕氏"": 3, ""阪泉"": 3, ""雨师"": 17, ""颛顼"": 28, ""风伯"": 47, ""鲧"": 68, ""黄帝"": 520, ""黄帝氏"": 1}"
GCI-HOLD-0002,1319,data/CASIA-LM_ChineseWebText2.0_partial-001319.parquet,252399850,3171bf40dd0fe0d37bba222ea689689cd6efebebc91389c92eb5b969ce67c913,100000,1,4223,"{""九黎"": 34, ""共工"": 124, ""共工氏"": 4, ""句龙"": 1, ""后土"": 102, ""太昊"": 13, ""太皞"": 2, ""女娃"": 61, ""女娲"": 245, ""少昊"": 34, ""少皞"": 2, ""帝江"": 3, ""帝鸿"": 1, ""帝鸿氏"": 1, ""应龙"": 23, ""有熊氏"": 3, ""榆罔"": 5, ""涿鹿"": 15, ""炎帝"": 141, ""神农"": 260, ""禹"": 1465, ""精卫"": 194, ""缙云氏"": 10, ""蚩尤"": 101, ""赤帝"": 10, ""轩辕"": 419, ""轩辕氏"": 16, ""阪泉"": 9, ""雨师"": 12, ""颛顼"": 56, ""风伯"": 1, ""鲧"": 59, ""黄帝"": 797}"
GCI-HOLD-0002,1320,data/CASIA-LM_ChineseWebText2.0_partial-001320.parquet,261394910,b33fcfa692ee6ab7fd924742bf759eac211ad74023e813d2645d0b79ec2d65ea,100000,1,6617,"{""九黎"": 62, ""共工"": 227, ""共工氏"": 26, ""句龙"": 2, ""后土"": 100, ""太昊"": 28, ""太皞"": 44, ""女娃"": 89, ""女娲"": 250, ""少昊"": 37, ""少皞"": 26, ""帝江"": 2, ""帝鸿"": 5, ""帝鸿氏"": 1, ""应龙"": 57, ""有熊氏"": 12, ""榆罔"": 1, ""涿鹿"": 39, ""炎帝"": 232, ""神农"": 479, ""禹"": 1845, ""精卫"": 354, ""缙云氏"": 4, ""蚩尤"": 274, ""赤帝"": 17, ""轩辕"": 391, ""轩辕氏"": 35, ""阪泉"": 15, ""雨师"": 18, ""颛顼"": 263, ""风伯"": 19, ""鲧"": 135, ""黄帝"": 1524, ""黄帝氏"": 4}"
GCI-HOLD-0002,1321,data/CASIA-LM_ChineseWebText2.0_partial-001321.parquet,256505227,2de6eee8e4409e4a6484d065f896833dfa30607eb53597ae62f8a346d6c55606,100000,1,6750,"{""九黎"": 23, ""共工"": 165, ""共工氏"": 18, ""句龙"": 1, ""后土"": 40, ""太昊"": 181, ""太皞"": 8, ""女娃"": 43, ""女娲"": 388, ""少昊"": 69, ""少皞"": 11, ""帝江"": 3, ""帝鸿"": 3, ""帝鸿氏"": 1, ""应龙"": 65, ""有熊氏"": 16, ""榆罔"": 20, ""涿鹿"": 46, ""炎帝"": 584, ""神农"": 702, ""禹"": 1506, ""精卫"": 648, ""缙云氏"": 13, ""蚩尤"": 212, ""赤帝"": 12, ""轩辕"": 350, ""轩辕氏"": 52, ""阪泉"": 21, ""雨师"": 13, ""颛顼"": 166, ""风伯"": 19, ""鲧"": 69, ""黄帝"": 1278, ""黄帝氏"": 4}"
GCI-HOLD-0002,1322,data/CASIA-LM_ChineseWebText2.0_partial-001322.parquet,269241919,eaaaa4e6227a4c8e1f741f2db1bdac60c6226a79797b2aa9c7fc553f20376261,100000,1,6363,"{""九黎"": 59, ""共工"": 132, ""共工氏"": 4, ""后土"": 85, ""太昊"": 30, ""太皞"": 18, ""女娃"": 104, ""女娲"": 209, ""少昊"": 79, ""少皞"": 13, ""帝江"": 6, ""帝鸿"": 4, ""帝鸿氏"": 3, ""应龙"": 48, ""有熊氏"": 9, ""榆罔"": 2, ""涿鹿"": 59, ""炎帝"": 296, ""神农"": 508, ""禹"": 2131, ""精卫"": 325, ""缙云氏"": 8, ""蚩尤"": 468, ""赤帝"": 22, ""轩辕"": 250, ""轩辕氏"": 16, ""阪泉"": 21, ""雨师"": 18, ""颛顼"": 215, ""风伯"": 18, ""鲧"": 73, ""黄帝"": 1127, ""黄帝氏"": 3}"
GCI-HOLD-0002,1323,data/CASIA-LM_ChineseWebText2.0_partial-001323.parquet,260711679,115c00f63202144710b49cd9f2ae710dd13a4d20d74025cc798b119f853edc15,100000,1,6863,"{""九黎"": 20, ""共工"": 278, ""共工氏"": 57, ""句龙"": 7, ""后土"": 66, ""太昊"": 53, ""太皞"": 6, ""女娃"": 19, ""女娲"": 325, ""少昊"": 82, ""少皞"": 7, ""帝江"": 5, ""帝鸿"": 5, ""帝鸿氏"": 3, ""应龙"": 93, ""有熊氏"": 14, ""榆罔"": 7, ""涿鹿"": 77, ""炎帝"": 376, ""神农"": 618, ""禹"": 1994, ""精卫"": 133, ""缙云氏"": 3, ""蚩尤"": 265, ""赤帝"": 17, ""轩辕"": 340, ""轩辕氏"": 34, ""阪泉"": 63, ""雨师"": 15, ""颛顼"": 272, ""风伯"": 16, ""鲧"": 113, ""黄帝"": 1478, ""黄帝氏"": 2}"
GCI-HOLD-0002,1324,data/CASIA-LM_ChineseWebText2.0_partial-001324.parquet,261330930,7655a587bf11c6c28970d4491a0cc79175d84adfd323f80295b9b801011d160c,100000,1,5602,"{""九黎"": 21, ""共工"": 129, ""共工氏"": 12, ""句龙"": 8, ""后土"": 80, ""太昊"": 13, ""女娃"": 28, ""女娲"": 216, ""少昊"": 41, ""少皞"": 8, ""帝江"": 3, ""帝鸿"": 4, ""帝鸿氏"": 4, ""应龙"": 63, ""有熊氏"": 8, ""涿鹿"": 46, ""炎帝"": 165, ""神农"": 393, ""禹"": 2324, ""精卫"": 250, ""缙云氏"": 4, ""蚩尤"": 169, ""赤帝"": 20, ""轩辕"": 286, ""轩辕氏"": 14, ""阪泉"": 12, ""雨师"": 12, ""颛顼"": 122, ""风伯"": 8, ""鲧"": 112, ""黄帝"": 1023, ""黄帝氏"": 4}"
GCI-HOLD-0002,1325,data/CASIA-LM_ChineseWebText2.0_partial-001325.parquet,264339926,f3dc61ddd2e657436d7605ced7a819075089779686d1066009c7f47750975262,100000,1,5508,"{""九黎"": 18, ""共工"": 171, ""共工氏"": 19, ""句龙"": 2, ""后土"": 95, ""太昊"": 48, ""太皞"": 2, ""女娃"": 65, ""女娲"": 310, ""少昊"": 51, ""少皞"": 4, ""帝江"": 1, ""帝鸿"": 1, ""帝鸿氏"": 1, ""应龙"": 101, ""有熊氏"": 5, ""榆罔"": 1, ""涿鹿"": 32, ""炎帝"": 223, ""神农"": 432, ""禹"": 1948, ""精卫"": 187, ""缙云氏"": 1, ""蚩尤"": 96, ""赤帝"": 26, ""轩辕"": 329, ""轩辕氏"": 13, ""阪泉"": 14, ""雨师"": 4, ""颛顼"": 121, ""风伯"": 5, ""鲧"": 102, ""黄帝"": 1077, ""黄帝氏"": 3}"
GCI-HOLD-0002,1326,data/CASIA-LM_ChineseWebText2.0_partial-001326.parquet,262704821,fb9fd05be5a6e25dc906e9f3c6c8d159c35065c302af10930eb08b69cf9d3b87,100000,1,4698,"{""九黎"": 18, ""共工"": 170, ""共工氏"": 19, ""句龙"": 1, ""后土"": 141, ""太昊"": 46, ""女娃"": 49, ""女娲"": 321, ""少昊"": 23, ""帝江"": 1, ""帝鸿"": 12, ""帝鸿氏"": 3, ""应龙"": 108, ""有熊氏"": 7, ""榆罔"": 2, ""涿鹿"": 27, ""炎帝"": 161, ""神农"": 359, ""禹"": 1671, ""精卫"": 175, ""缙云氏"": 6, ""蚩尤"": 88, ""赤帝"": 12, ""轩辕"": 191, ""轩辕氏"": 15, ""阪泉"": 16, ""雨师"": 17, ""颛顼"": 143, ""风伯"": 14, ""鲧"": 103, ""黄帝"": 779}"
GCI-HOLD-0002,1327,data/CASIA-LM_ChineseWebText2.0_partial-001327.parquet,259535563,c8e785dc7daed02be29847a748addf40c45de64b1b7ce1359c54e8a0b016dbdc,100000,1,5613,"{""九黎"": 20, ""共工"": 110, ""共工氏"": 8, ""句龙"": 3, ""后土"": 61, ""太昊"": 44, ""太皞"": 3, ""女娃"": 12, ""女娲"": 246, ""少昊"": 86, ""少皞"": 8, ""帝江"": 14, ""帝鸿"": 4, ""帝鸿氏"": 2, ""应龙"": 66, ""有熊氏"": 3, ""榆罔"": 3, ""涿鹿"": 54, ""炎帝"": 271, ""神农"": 375, ""禹"": 1917, ""精卫"": 223, ""缙云氏"": 3, ""蚩尤"": 242, ""赤帝"": 19, ""轩辕"": 278, ""轩辕氏"": 23, ""阪泉"": 11, ""雨师"": 10, ""颛顼"": 161, ""风伯"": 24, ""鲧"": 66, ""黄帝"": 1241, ""黄帝氏"": 2}"
GCI-HOLD-0002,1328,data/CASIA-LM_ChineseWebText2.0_partial-001328.parquet,262703437,b2bce3c6bb0f1cc7ce923f56ac94a36c59d2e85ebf9c890f1f6455b74286ef72,100000,1,5268,"{""九黎"": 20, ""共工"": 138, ""共工氏"": 18, ""句龙"": 3, ""后土"": 109, ""太昊"": 18, ""太皞"": 1, ""女娃"": 20, ""女娲"": 179, ""少昊"": 57, ""少皞"": 4, ""帝江"": 3, ""帝鸿"": 3, ""帝鸿氏"": 2, ""应龙"": 48, ""有熊氏"": 9, ""榆罔"": 17, ""涿鹿"": 55, ""炎帝"": 369, ""神农"": 467, ""禹"": 1909, ""精卫"": 115, ""缙云氏"": 1, ""蚩尤"": 136, ""赤帝"": 17, ""轩辕"": 234, ""轩辕氏"": 26, ""阪泉"": 40, ""雨师"": 11, ""颛顼"": 123, ""风伯"": 10, ""鲧"": 88, ""黄帝"": 1014, ""黄帝氏"": 4}"
GCI-HOLD-0002,1329,data/CASIA-LM_ChineseWebText2.0_partial-001329.parquet,270371307,914f628f8779eea286cc2362fa0b9c3cfce1706275c940cde583278c18ff4dee,100000,1,7354,"{""九黎"": 77, ""共工"": 199, ""共工氏"": 15, ""句龙"": 5, ""后土"": 83, ""太昊"": 17, ""太皞"": 2, ""女娃"": 29, ""女娲"": 290, ""少昊"": 75, ""少皞"": 9, ""帝江"": 17, ""帝鸿"": 4, ""帝鸿氏"": 3, ""应龙"": 76, ""有熊氏"": 11, ""榆罔"": 3, ""涿鹿"": 81, ""炎帝"": 394, ""神农"": 607, ""禹"": 2229, ""精卫"": 310, ""缙云氏"": 7, ""蚩尤"": 568, ""赤帝"": 18, ""轩辕"": 315, ""轩辕氏"": 19, ""阪泉"": 26, ""雨师"": 31, ""颛顼"": 184, ""风伯"": 28, ""鲧"": 154, ""黄帝"": 1467, ""黄帝氏"": 1}"
GCI-HOLD-0002,1330,data/CASIA-LM_ChineseWebText2.0_partial-001330.parquet,253047828,58aae7b45c15d68e80398359279e0aad0a437739cc84b87e3e929a97cae137fa,100000,1,6773,"{""九黎"": 46, ""共工"": 169, ""共工氏"": 5, ""句龙"": 2, ""后土"": 79, ""太昊"": 59, ""太皞"": 2, ""女娃"": 77, ""女娲"": 373, ""少昊"": 146, ""少皞"": 10, ""帝江"": 6, ""帝鸿"": 12, ""帝鸿氏"": 2, ""应龙"": 48, ""有熊氏"": 10, ""榆罔"": 10, ""涿鹿"": 54, ""炎帝"": 209, ""神农"": 355, ""禹"": 1821, ""精卫"": 186, ""缙云氏"": 15, ""蚩尤"": 467, ""赤帝"": 33, ""轩辕"": 538, ""轩辕氏"": 35, ""阪泉"": 15, ""雨师"": 12, ""颛顼"": 330, ""风伯"": 12, ""鲧"": 175, ""黄帝"": 1457, ""黄帝氏"": 3}"
GCI-HOLD-0002,1331,data/CASIA-LM_ChineseWebText2.0_partial-001331.parquet,245272396,65162ef9b37a4aa6c08ef2e825435c3c5aaa4ca2c55fdd7f6750bec7003a3dcd,100000,1,2823,"{""九黎"": 22, ""共工"": 91, ""共工氏"": 6, ""句龙"": 2, ""后土"": 87, ""太昊"": 12, ""女娃"": 48, ""女娲"": 117, ""少昊"": 88, ""少皞"": 2, ""帝江"": 5, ""帝鸿"": 2, ""帝鸿氏"": 2, ""应龙"": 38, ""有熊氏"": 3, ""榆罔"": 6, ""涿鹿"": 31, ""炎帝"": 114, ""神农"": 216, ""禹"": 826, ""精卫"": 79, ""缙云氏"": 2, ""蚩尤"": 176, ""赤帝"": 8, ""轩辕"": 215, ""轩辕氏"": 4, ""阪泉"": 9, ""雨师"": 15, ""颛顼"": 49, ""风伯"": 8, ""鲧"": 25, ""黄帝"": 515}"
GCI-HOLD-0002,1332,data/CASIA-LM_ChineseWebText2.0_partial-001332.parquet,263175408,deedb2c77fdea8eaeb53b9216fb3ee08e073b639b8b75aeeeba72c9d5b4f2057,100000,1,5715,"{""九黎"": 29, ""共工"": 92, ""共工氏"": 13, ""句龙"": 5, ""后土"": 92, ""太昊"": 55, ""太皞"": 5, ""女娃"": 34, ""女娲"": 242, ""少昊"": 65, ""少皞"": 4, ""帝江"": 13, ""帝鸿"": 1, ""帝鸿氏"": 1, ""应龙"": 58, ""有熊氏"": 4, ""涿鹿"": 24, ""炎帝"": 396, ""神农"": 588, ""禹"": 1796, ""精卫"": 198, ""缙云氏"": 6, ""蚩尤"": 223, ""赤帝"": 19, ""轩辕"": 375, ""轩辕氏"": 17, ""阪泉"": 14, ""雨师"": 16, ""颛顼"": 148, ""风伯"": 21, ""鲧"": 39, ""黄帝"": 1122}"
GCI-HOLD-0002,1333,data/CASIA-LM_ChineseWebText2.0_partial-001333.parquet,263294788,d14ab3d4b3817e83ff98f2ef782470d7d1f1ec9595a2c6376e3e1bacafc8af89,100000,1,5519,"{""九黎"": 13, ""共工"": 136, ""共工氏"": 12, ""后土"": 92, ""太昊"": 39, ""太皞"": 6, ""女娃"": 33, ""女娲"": 211, ""少昊"": 53, ""少皞"": 6, ""帝江"": 3, ""帝鸿"": 1, ""应龙"": 95, ""有熊氏"": 7, ""榆罔"": 7, ""涿鹿"": 62, ""炎帝"": 279, ""神农"": 743, ""禹"": 1756, ""精卫"": 201, ""缙云氏"": 3, ""蚩尤"": 163, ""赤帝"": 16, ""轩辕"": 273, ""轩辕氏"": 20, ""阪泉"": 11, ""雨师"": 9, ""颛顼"": 110, ""风伯"": 6, ""鲧"": 80, ""黄帝"": 1070, ""黄帝氏"": 3}"
GCI-HOLD-0002,1334,data/CASIA-LM_ChineseWebText2.0_partial-001334.parquet,265577214,cf5db2906a73a4e105311cee01a700267f2235098218b35a08eb9d187ac2d161,100000,1,6350,"{""九黎"": 17, ""共工"": 219, ""共工氏"": 36, ""句龙"": 5, ""后土"": 79, ""太昊"": 47, ""太皞"": 2, ""女娃"": 56, ""女娲"": 281, ""少昊"": 64, ""少皞"": 8, ""帝江"": 11, ""帝鸿"": 3, ""帝鸿氏"": 2, ""应龙"": 71, ""有熊氏"": 17, ""榆罔"": 1, ""涿鹿"": 65, ""炎帝"": 214, ""神农"": 477, ""禹"": 1958, ""精卫"": 181, ""缙云氏"": 3, ""蚩尤"": 183, ""赤帝"": 8, ""轩辕"": 420, ""轩辕氏"": 45, ""阪泉"": 14, ""雨师"": 50, ""颛顼"": 203, ""风伯"": 18, ""鲧"": 87, ""黄帝"": 1501, ""黄帝氏"": 4}"
GCI-HOLD-0002,1335,data/CASIA-LM_ChineseWebText2.0_partial-001335.parquet,260717829,0659fc52fe80ed714eda4b3c3fee45701ee6f7357c5cdc0ce7e65d2ef8024792,100000,1,6149,"{""九黎"": 33, ""共工"": 231, ""共工氏"": 53, ""句龙"": 4, ""后土"": 54, ""太昊"": 11, ""太皞"": 1, ""女娃"": 27, ""女娲"": 387, ""少昊"": 105, ""少皞"": 2, ""帝江"": 14, ""帝鸿"": 10, ""应龙"": 67, ""有熊氏"": 20, ""榆罔"": 41, ""涿鹿"": 51, ""炎帝"": 428, ""神农"": 596, ""禹"": 1644, ""精卫"": 267, ""缙云氏"": 4, ""蚩尤"": 246, ""赤帝"": 21, ""轩辕"": 271, ""轩辕氏"": 38, ""阪泉"": 17, ""雨师"": 28, ""颛顼"": 219, ""风伯"": 16, ""鲧"": 74, ""黄帝"": 1168, ""黄帝氏"": 1}"
GCI-HOLD-0002,1336,data/CASIA-LM_ChineseWebText2.0_partial-001336.parquet,256682860,cd20b4b3f6c8bbf17314d398a087f66d1282df5d50076f6ff589b29cfb592d1e,100000,1,6548,"{""九黎"": 91, ""共工"": 248, ""共工氏"": 35, ""句龙"": 3, ""后土"": 72, ""太昊"": 72, ""太皞"": 3, ""女娃"": 42, ""女娲"": 239, ""少昊"": 46, ""少皞"": 8, ""帝江"": 9, ""帝鸿"": 4, ""帝鸿氏"": 4, ""应龙"": 76, ""有熊氏"": 12, ""榆罔"": 25, ""涿鹿"": 85, ""炎帝"": 438, ""神农"": 523, ""禹"": 1564, ""精卫"": 179, ""缙云氏"": 4, ""蚩尤"": 549, ""赤帝"": 36, ""轩辕"": 336, ""轩辕氏"": 29, ""阪泉"": 23, ""雨师"": 17, ""颛顼"": 198, ""风伯"": 17, ""鲧"": 73, ""黄帝"": 1484, ""黄帝氏"": 4}"
GCI-HOLD-0002,1337,data/CASIA-LM_ChineseWebText2.0_partial-001337.parquet,267703825,986cf91c963f2debdcde11b1e009c0600af070f1d16bfd7eedd1da1a9f0d5f25,100000,1,8485,"{""九黎"": 33, ""共工"": 319, ""共工氏"": 52, ""句龙"": 2, ""后土"": 77, ""太昊"": 148, ""太皞"": 10, ""女娃"": 29, ""女娲"": 284, ""少昊"": 102, ""少皞"": 6, ""帝江"": 8, ""帝鸿"": 8, ""帝鸿氏"": 5, ""应龙"": 45, ""有熊氏"": 27, ""榆罔"": 11, ""涿鹿"": 91, ""炎帝"": 403, ""神农"": 519, ""禹"": 2346, ""精卫"": 252, ""缙云氏"": 14, ""蚩尤"": 309, ""赤帝"": 23, ""轩辕"": 649, ""轩辕氏"": 66, ""阪泉"": 30, ""雨师"": 4, ""颛顼"": 430, ""风伯"": 10, ""鲧"": 166, ""黄帝"": 2004, ""黄帝氏"": 3}"
GCI-HOLD-0002,1338,data/CASIA-LM_ChineseWebText2.0_partial-001338.parquet,259468768,dce1889d3496a3bc82048b66222357b0ce73762b371982330b9021087035f71f,100000,1,6301,"{""九黎"": 41, ""共工"": 174, ""共工氏"": 18, ""句龙"": 3, ""后土"": 121, ""太昊"": 81, ""太皞"": 3, ""女娃"": 22, ""女娲"": 333, ""少昊"": 47, ""少皞"": 4, ""帝江"": 1, ""帝鸿"": 5, ""帝鸿氏"": 4, ""应龙"": 46, ""有熊氏"": 11, ""榆罔"": 1, ""涿鹿"": 77, ""炎帝"": 294, ""神农"": 610, ""禹"": 1998, ""精卫"": 217, ""缙云氏"": 3, ""蚩尤"": 193, ""赤帝"": 16, ""轩辕"": 368, ""轩辕氏"": 41, ""阪泉"": 28, ""雨师"": 21, ""颛顼"": 187, ""风伯"": 17, ""鲧"": 63, ""黄帝"": 1251, ""黄帝氏"": 2}"
GCI-HOLD-0002,1339,data/CASIA-LM_ChineseWebText2.0_partial-001339.parquet,263566821,c1d0979a6f3bf399906b3cb0c7c8c07a36048475f899624263f410f341eeb42b,100000,1,5197,"{""九黎"": 19, ""共工"": 154, ""共工氏"": 23, ""句龙"": 12, ""后土"": 102, ""太昊"": 48, ""太皞"": 9, ""女娃"": 37, ""女娲"": 145, ""少昊"": 49, ""少皞"": 22, ""帝江"": 8, ""帝鸿"": 12, ""帝鸿氏"": 7, ""应龙"": 65, ""有熊氏"": 7, ""榆罔"": 3, ""涿鹿"": 44, ""炎帝"": 149, ""神农"": 540, ""禹"": 1624, ""精卫"": 281, ""缙云氏"": 6, ""蚩尤"": 209, ""赤帝"": 18, ""轩辕"": 300, ""轩辕氏"": 25, ""阪泉"": 11, ""雨师"": 10, ""颛顼"": 206, ""风伯"": 9, ""鲧"": 41, ""黄帝"": 998, ""黄帝氏"": 4}"
GCI-HOLD-0002,1340,data/CASIA-LM_ChineseWebText2.0_partial-001340.parquet,265748246,40cc079026b7169a8dae8da8723ab2607f519ee7433a1b2f2f0d12155e014000,100000,1,6389,"{""九黎"": 36, ""共工"": 124, ""共工氏"": 8, ""句龙"": 1, ""后土"": 115, ""太昊"": 20, ""太皞"": 2, ""女娃"": 56, ""女娲"": 444, ""少昊"": 65, ""少皞"": 1, ""帝江"": 3, ""帝鸿"": 3, ""帝鸿氏"": 2, ""应龙"": 79, ""有熊氏"": 19, ""榆罔"": 5, ""涿鹿"": 45, ""炎帝"": 541, ""神农"": 499, ""禹"": 1898, ""精卫"": 184, ""缙云氏"": 6, ""蚩尤"": 275, ""赤帝"": 17, ""轩辕"": 320, ""轩辕氏"": 31, ""阪泉"": 8, ""雨师"": 21, ""颛顼"": 192, ""风伯"": 9, ""鲧"": 100, ""黄帝"": 1253, ""黄帝氏"": 7}"
GCI-HOLD-0002,1341,data/CASIA-LM_ChineseWebText2.0_partial-001341.parquet,264223512,3892b91a71ba94a192254bb287e08417c4cae3902d3abb54b661c9647da4fb1e,100000,1,5134,"{""九黎"": 15, ""共工"": 136, ""共工氏"": 17, ""句龙"": 3, ""后土"": 61, ""太昊"": 33, ""太皞"": 5, ""女娃"": 31, ""女娲"": 196, ""少昊"": 66, ""少皞"": 6, ""帝江"": 2, ""帝鸿"": 8, ""帝鸿氏"": 4, ""应龙"": 42, ""有熊氏"": 7, ""榆罔"": 3, ""涿鹿"": 28, ""炎帝"": 158, ""神农"": 391, ""禹"": 1871, ""精卫"": 192, ""缙云氏"": 5, ""蚩尤"": 147, ""赤帝"": 7, ""轩辕"": 260, ""轩辕氏"": 16, ""阪泉"": 8, ""雨师"": 4, ""颛顼"": 191, ""风伯"": 10, ""鲧"": 103, ""黄帝"": 1106, ""黄帝氏"": 2}"
GCI-HOLD-0002,1342,data/CASIA-LM_ChineseWebText2.0_partial-001342.parquet,257414601,fd34c6812fa80e4cabb2f7bd550c2d3c6a1a8295b9bc5a2ca2f84a8fe55bb0d3,100000,1,6204,"{""九黎"": 64, ""共工"": 172, ""共工氏"": 12, ""句龙"": 1, ""后土"": 75, ""太昊"": 22, ""女娃"": 50, ""女娲"": 405, ""少昊"": 69, ""少皞"": 3, ""帝江"": 10, ""帝鸿"": 5, ""应龙"": 50, ""有熊氏"": 10, ""榆罔"": 9, ""涿鹿"": 99, ""炎帝"": 362, ""神农"": 403, ""禹"": 1654, ""精卫"": 138, ""缙云氏"": 2, ""蚩尤"": 576, ""赤帝"": 29, ""轩辕"": 215, ""轩辕氏"": 16, ""阪泉"": 26, ""雨师"": 34, ""颛顼"": 207, ""风伯"": 37, ""鲧"": 76, ""黄帝"": 1372, ""黄帝氏"": 1}"
GCI-HOLD-0002,1343,data/CASIA-LM_ChineseWebText2.0_partial-001343.parquet,263527765,c99bc8a887344569835bcf92f974f92d3cc1454b7d6f2e84691809ceff068063,100000,1,5400,"{""九黎"": 20, ""共工"": 95, ""共工氏"": 12, ""句龙"": 3, ""后土"": 67, ""太昊"": 39, ""太皞"": 3, ""女娃"": 25, ""女娲"": 155, ""少昊"": 30, ""少皞"": 2, ""帝江"": 6, ""帝鸿"": 1, ""应龙"": 50, ""有熊氏"": 4, ""榆罔"": 3, ""涿鹿"": 53, ""炎帝"": 220, ""神农"": 475, ""禹"": 2081, ""精卫"": 281, ""缙云氏"": 1, ""蚩尤"": 131, ""赤帝"": 13, ""轩辕"": 271, ""轩辕氏"": 10, ""阪泉"": 9, ""雨师"": 6, ""颛顼"": 96, ""风伯"": 6, ""鲧"": 96, ""黄帝"": 1133, ""黄帝氏"": 3}"
GCI-HOLD-0002,1344,data/CASIA-LM_ChineseWebText2.0_partial-001344.parquet,263224436,a78b89368693d93fcf4937ec19d57fb362a43b94f3df23c62d8718186878bb70,100000,1,7011,"{""九黎"": 21, ""共工"": 137, ""共工氏"": 14, ""句龙"": 4, ""后土"": 59, ""太昊"": 33, ""太皞"": 3, ""女娃"": 35, ""女娲"": 329, ""少昊"": 115, ""少皞"": 3, ""帝江"": 6, ""帝鸿"": 8, ""帝鸿氏"": 1, ""应龙"": 77, ""有熊氏"": 11, ""榆罔"": 31, ""涿鹿"": 83, ""炎帝"": 400, ""神农"": 669, ""禹"": 2104, ""精卫"": 372, ""缙云氏"": 5, ""蚩尤"": 261, ""赤帝"": 25, ""轩辕"": 320, ""轩辕氏"": 34, ""阪泉"": 26, ""雨师"": 15, ""颛顼"": 187, ""风伯"": 10, ""鲧"": 151, ""黄帝"": 1460, ""黄帝氏"": 2}"
GCI-HOLD-0002,1345,data/CASIA-LM_ChineseWebText2.0_partial-001345.parquet,269316991,31baaee7aabd30f33b7356478068602a0143288d30be1847f71621fa101986e8,100000,1,3618,"{""九黎"": 21, ""共工"": 161, ""共工氏"": 5, ""句龙"": 7, ""后土"": 85, ""太昊"": 7, ""太皞"": 6, ""女娃"": 79, ""女娲"": 230, ""少昊"": 35, ""少皞"": 4, ""帝江"": 4, ""帝鸿"": 4, ""帝鸿氏"": 2, ""应龙"": 66, ""有熊氏"": 7, ""涿鹿"": 15, ""炎帝"": 86, ""神农"": 253, ""禹"": 1299, ""精卫"": 93, ""缙云氏"": 3, ""蚩尤"": 78, ""赤帝"": 20, ""轩辕"": 323, ""轩辕氏"": 18, ""阪泉"": 7, ""雨师"": 5, ""颛顼"": 44, ""风伯"": 11, ""鲧"": 53, ""黄帝"": 585, ""黄帝氏"": 2}"
GCI-HOLD-0002,1346,data/CASIA-LM_ChineseWebText2.0_partial-001346.parquet,268850338,5c5c0a328e355b2bb4b090f4c21fc88675be488cd5c20920bad21749cd231886,100000,1,4991,"{""九黎"": 38, ""共工"": 279, ""共工氏"": 59, ""句龙"": 3, ""后土"": 111, ""太昊"": 15, ""太皞"": 3, ""女娃"": 30, ""女娲"": 241, ""少昊"": 35, ""少皞"": 3, ""帝江"": 49, ""帝鸿"": 9, ""应龙"": 42, ""有熊氏"": 8, ""榆罔"": 3, ""涿鹿"": 35, ""炎帝"": 153, ""神农"": 454, ""禹"": 1512, ""精卫"": 126, ""缙云氏"": 9, ""蚩尤"": 125, ""赤帝"": 18, ""轩辕"": 327, ""轩辕氏"": 29, ""阪泉"": 5, ""雨师"": 10, ""颛顼"": 245, ""风伯"": 12, ""鲧"": 42, ""黄帝"": 961}"
GCI-HOLD-0002,1347,data/CASIA-LM_ChineseWebText2.0_partial-001347.parquet,261313982,c4b97391aebfe68b76da289b7a7aebd03b93f4fa733df65337a9281d4f9a4ebd,100000,1,6039,"{""九黎"": 15, ""共工"": 179, ""共工氏"": 35, ""句龙"": 3, ""后土"": 117, ""太昊"": 31, ""太皞"": 5, ""女娃"": 30, ""女娲"": 303, ""少昊"": 64, ""少皞"": 4, ""帝江"": 5, ""帝鸿"": 5, ""帝鸿氏"": 1, ""应龙"": 25, ""有熊氏"": 22, ""榆罔"": 4, ""涿鹿"": 82, ""炎帝"": 298, ""神农"": 356, ""禹"": 1888, ""精卫"": 180, ""缙云氏"": 17, ""蚩尤"": 173, ""赤帝"": 13, ""轩辕"": 318, ""轩辕氏"": 58, ""阪泉"": 40, ""雨师"": 14, ""颛顼"": 303, ""风伯"": 7, ""鲧"": 54, ""黄帝"": 1388, ""黄帝氏"": 2}"
GCI-HOLD-0002,1348,data/CASIA-LM_ChineseWebText2.0_partial-001348.parquet,256394837,1501d4bb2326caf3f0545207fa28bfe567cfc2e8c0dccb2b6393b461fdcde260,100000,1,4841,"{""九黎"": 18, ""共工"": 109, ""共工氏"": 7, ""后土"": 66, ""太昊"": 25, ""太皞"": 1, ""女娃"": 24, ""女娲"": 214, ""少昊"": 49, ""少皞"": 2, ""帝江"": 8, ""帝鸿"": 4, ""帝鸿氏"": 3, ""应龙"": 53, ""有熊氏"": 8, ""榆罔"": 7, ""涿鹿"": 40, ""炎帝"": 172, ""神农"": 487, ""禹"": 1736, ""精卫"": 197, ""缙云氏"": 3, ""蚩尤"": 142, ""赤帝"": 6, ""轩辕"": 237, ""轩辕氏"": 15, ""阪泉"": 10, ""雨师"": 7, ""颛顼"": 89, ""风伯"": 21, ""鲧"": 45, ""黄帝"": 1033, ""黄帝氏"": 3}"
GCI-HOLD-0002,1349,data/CASIA-LM_ChineseWebText2.0_partial-001349.parquet,245888802,dc6ddf5b1b4c8df95b33de232699bc031d56b06111502f2635d92c283082f949,100000,1,3352,"{""九黎"": 14, ""共工"": 65, ""共工氏"": 7, ""后土"": 56, ""太昊"": 3, ""太皞"": 4, ""女娃"": 66, ""女娲"": 291, ""少昊"": 50, ""少皞"": 2, ""帝江"": 11, ""帝鸿"": 2, ""应龙"": 39, ""有熊氏"": 6, ""涿鹿"": 56, ""炎帝"": 87, ""神农"": 188, ""禹"": 892, ""精卫"": 81, ""蚩尤"": 126, ""赤帝"": 5, ""轩辕"": 455, ""轩辕氏"": 18, ""阪泉"": 5, ""雨师"": 27, ""颛顼"": 72, ""风伯"": 24, ""鲧"": 46, ""黄帝"": 652, ""黄帝氏"": 2}"
GCI-HOLD-0002,1350,data/CASIA-LM_ChineseWebText2.0_partial-001350.parquet,250273234,d2a351dda434beb69e80a522946e004e7463fc8aad94e79ac906f8e2e9e1584f,100000,1,2906,"{""九黎"": 6, ""共工"": 86, ""共工氏"": 1, ""后土"": 63, ""太昊"": 6, ""太皞"": 7, ""女娃"": 74, ""女娲"": 219, ""少昊"": 42, ""少皞"": 5, ""帝江"": 9, ""帝鸿"": 2, ""帝鸿氏"": 1, ""应龙"": 103, ""有熊氏"": 2, ""榆罔"": 1, ""涿鹿"": 12, ""炎帝"": 80, ""神农"": 213, ""禹"": 906, ""精卫"": 71, ""蚩尤"": 159, ""赤帝"": 4, ""轩辕"": 210, ""轩辕氏"": 3, ""阪泉"": 8, ""雨师"": 28, ""颛顼"": 32, ""风伯"": 14, ""鲧"": 32, ""黄帝"": 507}"
GCI-HOLD-0002,1351,data/CASIA-LM_ChineseWebText2.0_partial-001351.parquet,247987437,dfa53140b62e769f87c2e0976e13eda3ca7ae841d9831b04b367c8762dcc8ba9,100000,1,2904,"{""九黎"": 17, ""共工"": 94, ""共工氏"": 15, ""句龙"": 1, ""后土"": 100, ""太昊"": 6, ""太皞"": 2, ""女娃"": 65, ""女娲"": 172, ""少昊"": 25, ""少皞"": 12, ""帝江"": 4, ""帝鸿"": 3, ""帝鸿氏"": 2, ""应龙"": 36, ""有熊氏"": 8, ""榆罔"": 2, ""涿鹿"": 13, ""炎帝"": 77, ""神农"": 264, ""禹"": 912, ""精卫"": 53, ""缙云氏"": 1, ""蚩尤"": 44, ""赤帝"": 16, ""轩辕"": 194, ""轩辕氏"": 18, ""阪泉"": 2, ""雨师"": 24, ""颛顼"": 61, ""风伯"": 8, ""鲧"": 49, ""黄帝"": 603, ""黄帝氏"": 1}"
GCI-HOLD-0002,1352,data/CASIA-LM_ChineseWebText2.0_partial-001352.parquet,250230106,441693b3497ae83b3d7b30f1da4d9b61f60289763bff7608461851b5352b19b5,100000,1,3943,"{""九黎"": 9, ""共工"": 124, ""共工氏"": 14, ""句龙"": 6, ""后土"": 63, ""太昊"": 13, ""太皞"": 1, ""女娃"": 33, ""女娲"": 153, ""少昊"": 39, ""少皞"": 8, ""帝江"": 16, ""帝鸿"": 6, ""帝鸿氏"": 5, ""应龙"": 49, ""有熊氏"": 7, ""涿鹿"": 21, ""炎帝"": 168, ""神农"": 349, ""禹"": 1309, ""精卫"": 170, ""缙云氏"": 3, ""蚩尤"": 100, ""赤帝"": 23, ""轩辕"": 253, ""轩辕氏"": 8, ""阪泉"": 6, ""雨师"": 9, ""颛顼"": 79, ""风伯"": 10, ""鲧"": 37, ""黄帝"": 851, ""黄帝氏"": 1}"
GCI-HOLD-0002,1353,data/CASIA-LM_ChineseWebText2.0_partial-001353.parquet,255166654,1a94b7aca5de3591b3d2696673b12df65e18649764218adba8d0d18abf08fa02,100000,1,5203,"{""九黎"": 18, ""共工"": 144, ""共工氏"": 44, ""句龙"": 4, ""后土"": 68, ""太昊"": 15, ""太皞"": 1, ""女娃"": 61, ""女娲"": 192, ""少昊"": 58, ""少皞"": 9, ""帝江"": 7, ""帝鸿"": 5, ""帝鸿氏"": 3, ""应龙"": 55, ""有熊氏"": 15, ""榆罔"": 4, ""涿鹿"": 49, ""炎帝"": 302, ""神农"": 434, ""禹"": 1550, ""精卫"": 256, ""缙云氏"": 5, ""蚩尤"": 163, ""赤帝"": 14, ""轩辕"": 270, ""轩辕氏"": 20, ""阪泉"": 23, ""雨师"": 11, ""颛顼"": 183, ""风伯"": 8, ""鲧"": 71, ""黄帝"": 1139, ""黄帝氏"": 2}"
GCI-HOLD-0002,1354,data/CASIA-LM_ChineseWebText2.0_partial-001354.parquet,259764891,78ecbee6a33d21c3913147659df451195533db58805e42a7e1022e01bf8876a7,100000,1,5264,"{""九黎"": 7, ""共工"": 174, ""共工氏"": 26, ""句龙"": 3, ""后土"": 62, ""太昊"": 99, ""太皞"": 7, ""女娃"": 65, ""女娲"": 235, ""少昊"": 70, ""少皞"": 2, ""帝江"": 4, ""帝鸿"": 8, ""帝鸿氏"": 7, ""应龙"": 58, ""有熊氏"": 8, ""榆罔"": 2, ""涿鹿"": 28, ""炎帝"": 190, ""神农"": 470, ""禹"": 1510, ""精卫"": 270, ""缙云氏"": 4, ""蚩尤"": 128, ""赤帝"": 30, ""轩辕"": 240, ""轩辕氏"": 15, ""阪泉"": 4, ""雨师"": 6, ""颛顼"": 166, ""风伯"": 13, ""鲧"": 110, ""黄帝"": 1240, ""黄帝氏"": 3}"
GCI-HOLD-0002,1355,data/CASIA-LM_ChineseWebText2.0_partial-001355.parquet,250175084,e1fe883f278278c4efcbe0be03d1231a3befdd1f6e38320afbb0a237160f96c6,100000,1,4217,"{""九黎"": 25, ""共工"": 120, ""共工氏"": 3, ""句龙"": 2, ""后土"": 83, ""太昊"": 6, ""女娃"": 70, ""女娲"": 360, ""少昊"": 11, ""少皞"": 5, ""帝江"": 5, ""帝鸿"": 3, ""帝鸿氏"": 2, ""应龙"": 66, ""有熊氏"": 1, ""榆罔"": 2, ""涿鹿"": 43, ""炎帝"": 127, ""神农"": 201, ""禹"": 1364, ""精卫"": 57, ""缙云氏"": 7, ""蚩尤"": 269, ""赤帝"": 15, ""轩辕"": 280, ""轩辕氏"": 11, ""阪泉"": 9, ""雨师"": 24, ""颛顼"": 108, ""风伯"": 17, ""鲧"": 97, ""黄帝"": 822, ""黄帝氏"": 2}"
GCI-HOLD-0002,1356,data/CASIA-LM_ChineseWebText2.0_partial-001356.parquet,246172695,bda71421ee927c952305ee552e59822f42ba5304f78c4fc81517f4dc4b84fcc6,100000,1,3302,"{""九黎"": 48, ""共工"": 114, ""共工氏"": 12, ""句龙"": 1, ""后土"": 55, ""太昊"": 3, ""太皞"": 1, ""女娃"": 69, ""女娲"": 202, ""少昊"": 21, ""少皞"": 1, ""帝江"": 26, ""应龙"": 76, ""有熊氏"": 1, ""涿鹿"": 25, ""炎帝"": 55, ""神农"": 190, ""禹"": 1262, ""精卫"": 53, ""蚩尤"": 126, ""赤帝"": 5, ""轩辕"": 214, ""轩辕氏"": 3, ""阪泉"": 5, ""雨师"": 19, ""颛顼"": 77, ""风伯"": 9, ""鲧"": 69, ""黄帝"": 560}"
GCI-HOLD-0002,1357,data/CASIA-LM_ChineseWebText2.0_partial-001357.parquet,249310490,333cb37be59c9ebe5d2ce2d031f61ee1dd9350cdd6c2f0dc4b00c084fbac4a1e,100000,1,2814,"{""九黎"": 46, ""共工"": 95, ""共工氏"": 1, ""后土"": 98, ""太昊"": 9, ""太皞"": 1, ""女娃"": 65, ""女娲"": 146, ""少昊"": 11, ""少皞"": 4, ""帝江"": 4, ""帝鸿"": 5, ""应龙"": 38, ""榆罔"": 1, ""涿鹿"": 5, ""炎帝"": 79, ""神农"": 168, ""禹"": 761, ""精卫"": 116, ""蚩尤"": 81, ""赤帝"": 11, ""轩辕"": 372, ""轩辕氏"": 9, ""阪泉"": 6, ""雨师"": 42, ""颛顼"": 54, ""风伯"": 8, ""鲧"": 26, ""黄帝"": 552}"
GCI-HOLD-0002,1358,data/CASIA-LM_ChineseWebText2.0_partial-001358.parquet,269549777,98bcef3ab23c3af940107ccc7418a691fd3f522e4c5bc1f464c43d71757d518a,100000,1,4653,"{""九黎"": 12, ""共工"": 119, ""共工氏"": 17, ""后土"": 70, ""太昊"": 37, ""太皞"": 6, ""女娃"": 29, ""女娲"": 266, ""少昊"": 79, ""少皞"": 16, ""帝江"": 8, ""帝鸿"": 3, ""帝鸿氏"": 2, ""应龙"": 52, ""有熊氏"": 2, ""榆罔"": 1, ""涿鹿"": 46, ""炎帝"": 160, ""神农"": 315, ""禹"": 1434, ""精卫"": 190, ""缙云氏"": 6, ""蚩尤"": 60, ""赤帝"": 8, ""轩辕"": 451, ""轩辕氏"": 24, ""阪泉"": 16, ""雨师"": 13, ""颛顼"": 142, ""风伯"": 7, ""鲧"": 59, ""黄帝"": 1002, ""黄帝氏"": 1}"
GCI-HOLD-0002,1359,data/CASIA-LM_ChineseWebText2.0_partial-001359.parquet,283911497,7a6bc150f4344e8f8bc73fc58101b758ebb14acc69b830089704fbe4d04d375d,100000,1,7227,"{""九黎"": 41, ""共工"": 142, ""共工氏"": 19, ""句龙"": 7, ""后土"": 65, ""太昊"": 131, ""太皞"": 9, ""女娃"": 23, ""女娲"": 395, ""少昊"": 132, ""少皞"": 23, ""帝江"": 4, ""帝鸿"": 5, ""帝鸿氏"": 3, ""应龙"": 93, ""有熊氏"": 22, ""榆罔"": 11, ""涿鹿"": 95, ""炎帝"": 445, ""神农"": 654, ""禹"": 1863, ""精卫"": 263, ""缙云氏"": 2, ""蚩尤"": 299, ""赤帝"": 25, ""轩辕"": 413, ""轩辕氏"": 46, ""阪泉"": 25, ""雨师"": 21, ""颛顼"": 173, ""风伯"": 21, ""鲧"": 102, ""黄帝"": 1652, ""黄帝氏"": 3}"
GCI-HOLD-0002,1360,data/CASIA-LM_ChineseWebText2.0_partial-001360.parquet,273772878,5312d350561f1e86fbd0ed1eeecf9b405c05c4e96bd7842047289f1dbb2f0d8e,100000,1,7006,"{""九黎"": 29, ""共工"": 149, ""共工氏"": 16, ""句龙"": 5, ""后土"": 92, ""太昊"": 78, ""太皞"": 2, ""女娃"": 14, ""女娲"": 385, ""少昊"": 109, ""少皞"": 4, ""帝江"": 13, ""帝鸿"": 9, ""帝鸿氏"": 3, ""应龙"": 44, ""有熊氏"": 20, ""榆罔"": 5, ""涿鹿"": 82, ""炎帝"": 382, ""神农"": 534, ""禹"": 1853, ""精卫"": 384, ""缙云氏"": 3, ""蚩尤"": 311, ""赤帝"": 21, ""轩辕"": 399, ""轩辕氏"": 49, ""阪泉"": 31, ""雨师"": 17, ""颛顼"": 165, ""风伯"": 20, ""鲧"": 60, ""黄帝"": 1716, ""黄帝氏"": 2}"
GCI-HOLD-0002,1361,data/CASIA-LM_ChineseWebText2.0_partial-001361.parquet,267504982,ed9fb1832677d86b5be0bbc033348a6c539945c1407c7988337a70f174375b34,100000,1,8708,"{""九黎"": 32, ""共工"": 243, ""共工氏"": 38, ""句龙"": 21, ""后土"": 101, ""太昊"": 40, ""太皞"": 5, ""女娃"": 37, ""女娲"": 521, ""少昊"": 144, ""少皞"": 7, ""帝江"": 19, ""帝鸿"": 17, ""帝鸿氏"": 12, ""应龙"": 130, ""有熊氏"": 30, ""榆罔"": 22, ""涿鹿"": 85, ""炎帝"": 451, ""神农"": 629, ""禹"": 2502, ""精卫"": 234, ""缙云氏"": 7, ""蚩尤"": 234, ""赤帝"": 38, ""轩辕"": 431, ""轩辕氏"": 43, ""阪泉"": 34, ""雨师"": 15, ""颛顼"": 353, ""风伯"": 16, ""鲧"": 169, ""黄帝"": 2041, ""黄帝氏"": 7}"
GCI-HOLD-0002,1362,data/CASIA-LM_ChineseWebText2.0_partial-001362.parquet,257786116,136ef36b149983c0940eaacfed419e96137addf506f04930409775665ea0a734,100000,1,6482,"{""九黎"": 62, ""共工"": 185, ""共工氏"": 26, ""句龙"": 6, ""后土"": 83, ""太昊"": 48, ""女娃"": 41, ""女娲"": 602, ""少昊"": 66, ""少皞"": 2, ""帝江"": 3, ""帝鸿"": 2, ""帝鸿氏"": 2, ""应龙"": 70, ""有熊氏"": 9, ""榆罔"": 36, ""涿鹿"": 24, ""炎帝"": 235, ""神农"": 727, ""禹"": 2184, ""精卫"": 238, ""缙云氏"": 1, ""蚩尤"": 200, ""赤帝"": 20, ""轩辕"": 248, ""轩辕氏"": 16, ""阪泉"": 7, ""雨师"": 14, ""颛顼"": 169, ""风伯"": 11, ""鲧"": 158, ""黄帝"": 986, ""黄帝氏"": 1}"
GCI-HOLD-0002,1363,data/CASIA-LM_ChineseWebText2.0_partial-001363.parquet,257396623,1542333909a50515eca2d7b5dd162f6eb235fdb6e56e66480b355d3df644cac8,100000,1,3780,"{""九黎"": 17, ""共工"": 125, ""共工氏"": 2, ""句龙"": 1, ""后土"": 84, ""太昊"": 34, ""女娃"": 41, ""女娲"": 194, ""少昊"": 50, ""少皞"": 5, ""帝江"": 7, ""帝鸿"": 2, ""帝鸿氏"": 1, ""应龙"": 109, ""有熊氏"": 3, ""榆罔"": 2, ""涿鹿"": 12, ""炎帝"": 113, ""神农"": 182, ""禹"": 1371, ""精卫"": 129, ""缙云氏"": 1, ""蚩尤"": 119, ""赤帝"": 16, ""轩辕"": 289, ""轩辕氏"": 26, ""阪泉"": 10, ""雨师"": 37, ""颛顼"": 68, ""风伯"": 11, ""鲧"": 45, ""黄帝"": 674}"
GCI-HOLD-0002,1364,data/CASIA-LM_ChineseWebText2.0_partial-001364.parquet,247785303,34cbfe19b7d504bb0c510bde61d92ebd6bdca0fd8860a01b9d8d87f538e6b0c8,100000,1,2922,"{""九黎"": 82, ""共工"": 93, ""共工氏"": 3, ""句龙"": 9, ""后土"": 63, ""太昊"": 14, ""太皞"": 4, ""女娃"": 41, ""女娲"": 145, ""少昊"": 9, ""帝江"": 5, ""帝鸿"": 1, ""帝鸿氏"": 1, ""应龙"": 25, ""有熊氏"": 3, ""榆罔"": 3, ""涿鹿"": 37, ""炎帝"": 84, ""神农"": 196, ""禹"": 830, ""精卫"": 32, ""缙云氏"": 1, ""蚩尤"": 202, ""赤帝"": 10, ""轩辕"": 424, ""轩辕氏"": 21, ""阪泉"": 3, ""雨师"": 12, ""颛顼"": 44, ""风伯"": 13, ""鲧"": 13, ""黄帝"": 499}"
GCI-HOLD-0002,1365,data/CASIA-LM_ChineseWebText2.0_partial-001365.parquet,264608080,25f65d5c59df20a8ef36be04978cd60db4078a301357860fc231d078fa4bec3e,100000,1,5912,"{""九黎"": 15, ""共工"": 143, ""共工氏"": 22, ""句龙"": 5, ""后土"": 96, ""太昊"": 77, ""太皞"": 3, ""女娃"": 24, ""女娲"": 273, ""少昊"": 41, ""少皞"": 5, ""帝江"": 2, ""帝鸿"": 3, ""帝鸿氏"": 2, ""应龙"": 46, ""有熊氏"": 35, ""榆罔"": 3, ""涿鹿"": 55, ""炎帝"": 299, ""神农"": 469, ""禹"": 1644, ""精卫"": 269, ""缙云氏"": 3, ""蚩尤"": 167, ""赤帝"": 16, ""轩辕"": 406, ""轩辕氏"": 70, ""阪泉"": 19, ""雨师"": 10, ""颛顼"": 163, ""风伯"": 16, ""鲧"": 66, ""黄帝"": 1442, ""黄帝氏"": 3}"
GCI-HOLD-0002,1366,data/CASIA-LM_ChineseWebText2.0_partial-001366.parquet,264794271,063e88338f7aaa892fc6d67dd06d12ef6f94a92537354c0ade069a33673745ba,100000,1,6648,"{""九黎"": 44, ""共工"": 122, ""共工氏"": 13, ""句龙"": 1, ""后土"": 74, ""太昊"": 97, ""太皞"": 23, ""女娃"": 34, ""女娲"": 394, ""少昊"": 76, ""少皞"": 7, ""帝江"": 9, ""帝鸿"": 8, ""帝鸿氏"": 6, ""应龙"": 47, ""有熊氏"": 16, ""榆罔"": 2, ""涿鹿"": 61, ""炎帝"": 238, ""神农"": 536, ""禹"": 1913, ""精卫"": 340, ""缙云氏"": 8, ""蚩尤"": 265, ""赤帝"": 25, ""轩辕"": 301, ""轩辕氏"": 26, ""阪泉"": 22, ""雨师"": 11, ""颛顼"": 161, ""风伯"": 8, ""鲧"": 99, ""黄帝"": 1658, ""黄帝氏"": 3}"
GCI-HOLD-0002,1367,data/CASIA-LM_ChineseWebText2.0_partial-001367.parquet,261991295,0beaa35d357baa5e3787e9f3284a5483c03c8668cb451153f54d1bfafe9b8d2d,100000,1,7030,"{""九黎"": 53, ""共工"": 139, ""共工氏"": 5, ""句龙"": 1, ""后土"": 61, ""太昊"": 47, ""太皞"": 3, ""女娃"": 46, ""女娲"": 267, ""少昊"": 59, ""少皞"": 10, ""帝江"": 6, ""帝鸿"": 7, ""帝鸿氏"": 7, ""应龙"": 82, ""有熊氏"": 18, ""榆罔"": 11, ""涿鹿"": 61, ""炎帝"": 224, ""神农"": 519, ""禹"": 2183, ""精卫"": 225, ""缙云氏"": 2, ""蚩尤"": 195, ""赤帝"": 14, ""轩辕"": 388, ""轩辕氏"": 38, ""阪泉"": 22, ""雨师"": 22, ""颛顼"": 275, ""风伯"": 16, ""鲧"": 93, ""黄帝"": 1929, ""黄帝氏"": 2}"
GCI-HOLD-0002,1368,data/CASIA-LM_ChineseWebText2.0_partial-001368.parquet,261211632,dda8b22147f7b77e84121be1883d1aad4a60452d00a5b54c81abaac056be8059,100000,1,7398,"{""九黎"": 23, ""共工"": 117, ""共工氏"": 13, ""句龙"": 1, ""后土"": 88, ""太昊"": 38, ""太皞"": 4, ""女娃"": 35, ""女娲"": 223, ""少昊"": 87, ""少皞"": 16, ""帝江"": 5, ""帝鸿"": 8, ""帝鸿氏"": 2, ""应龙"": 80, ""有熊氏"": 14, ""榆罔"": 28, ""涿鹿"": 91, ""炎帝"": 779, ""神农"": 735, ""禹"": 1826, ""精卫"": 232, ""缙云氏"": 10, ""蚩尤"": 294, ""赤帝"": 25, ""轩辕"": 343, ""轩辕氏"": 30, ""阪泉"": 30, ""雨师"": 16, ""颛顼"": 131, ""风伯"": 28, ""鲧"": 87, ""黄帝"": 1953, ""黄帝氏"": 6}"
GCI-HOLD-0002,1369,data/CASIA-LM_ChineseWebText2.0_partial-001369.parquet,261804552,ec833df19a89db11645a36d55424efc99674c7719f3485104c25900adaf59c90,100000,1,6781,"{""九黎"": 30, ""共工"": 141, ""共工氏"": 19, ""句龙"": 11, ""后土"": 78, ""太昊"": 36, ""太皞"": 4, ""女娃"": 41, ""女娲"": 209, ""少昊"": 84, ""少皞"": 6, ""帝江"": 6, ""帝鸿"": 4, ""帝鸿氏"": 1, ""应龙"": 84, ""有熊氏"": 19, ""榆罔"": 2, ""涿鹿"": 50, ""炎帝"": 202, ""神农"": 354, ""禹"": 2133, ""精卫"": 265, ""缙云氏"": 2, ""蚩尤"": 171, ""赤帝"": 35, ""轩辕"": 458, ""轩辕氏"": 34, ""阪泉"": 15, ""雨师"": 26, ""颛顼"": 318, ""风伯"": 27, ""鲧"": 88, ""黄帝"": 1820, ""黄帝氏"": 8}"
GCI-HOLD-0002,1370,data/CASIA-LM_ChineseWebText2.0_partial-001370.parquet,257770019,66054c2a89ab77af63a26573cc0d5cbc7526f2c5b3ed496b9e6d1dd51aa7715b,100000,1,5370,"{""九黎"": 21, ""共工"": 148, ""共工氏"": 19, ""后土"": 75, ""太昊"": 103, ""太皞"": 19, ""女娃"": 59, ""女娲"": 251, ""少昊"": 62, ""少皞"": 16, ""帝江"": 3, ""帝鸿"": 1, ""帝鸿氏"": 1, ""应龙"": 32, ""有熊氏"": 5, ""榆罔"": 5, ""涿鹿"": 31, ""炎帝"": 272, ""神农"": 664, ""禹"": 1635, ""精卫"": 184, ""缙云氏"": 9, ""蚩尤"": 129, ""赤帝"": 11, ""轩辕"": 261, ""轩辕氏"": 19, ""阪泉"": 6, ""雨师"": 8, ""颛顼"": 132, ""风伯"": 12, ""鲧"": 100, ""黄帝"": 1074, ""黄帝氏"": 3}"
GCI-HOLD-0002,1371,data/CASIA-LM_ChineseWebText2.0_partial-001371.parquet,255314618,0fc25d81a6728e80aaeb34886ab7d98a04e50dd22e6d37cbe1f522b438879e09,100000,1,5450,"{""九黎"": 48, ""共工"": 130, ""共工氏"": 6, ""句龙"": 1, ""后土"": 75, ""太昊"": 14, ""太皞"": 4, ""女娃"": 45, ""女娲"": 290, ""少昊"": 67, ""少皞"": 6, ""帝江"": 27, ""帝鸿"": 3, ""应龙"": 63, ""有熊氏"": 7, ""榆罔"": 1, ""涿鹿"": 42, ""炎帝"": 207, ""神农"": 355, ""禹"": 1711, ""精卫"": 280, ""蚩尤"": 179, ""赤帝"": 19, ""轩辕"": 438, ""轩辕氏"": 13, ""阪泉"": 3, ""雨师"": 13, ""颛顼"": 176, ""风伯"": 16, ""鲧"": 86, ""黄帝"": 1125}"
GCI-HOLD-0002,1372,data/CASIA-LM_ChineseWebText2.0_partial-001372.parquet,258692613,372c1104bba2fa236388904f4301ae26850b817f809aa0259fa868c02c0babbe,100000,1,6360,"{""九黎"": 98, ""共工"": 158, ""共工氏"": 19, ""句龙"": 2, ""后土"": 88, ""太昊"": 23, ""太皞"": 2, ""女娃"": 33, ""女娲"": 269, ""少昊"": 88, ""少皞"": 13, ""帝江"": 6, ""帝鸿"": 2, ""帝鸿氏"": 1, ""应龙"": 115, ""有熊氏"": 19, ""榆罔"": 4, ""涿鹿"": 71, ""炎帝"": 294, ""神农"": 469, ""禹"": 1380, ""精卫"": 285, ""缙云氏"": 3, ""蚩尤"": 525, ""赤帝"": 10, ""轩辕"": 432, ""轩辕氏"": 23, ""阪泉"": 18, ""雨师"": 34, ""颛顼"": 224, ""风伯"": 23, ""鲧"": 65, ""黄帝"": 1562, ""黄帝氏"": 2}"
GCI-HOLD-0002,1373,data/CASIA-LM_ChineseWebText2.0_partial-001373.parquet,248242405,b0693c6860b5d97e40f3fddb3ce3317e0d8422860353c8056ced754757d52f63,100000,1,3716,"{""九黎"": 46, ""共工"": 106, ""共工氏"": 4, ""句龙"": 3, ""后土"": 57, ""太昊"": 8, ""太皞"": 2, ""女娃"": 54, ""女娲"": 142, ""少昊"": 141, ""少皞"": 8, ""帝江"": 21, ""帝鸿"": 11, ""帝鸿氏"": 2, ""应龙"": 17, ""榆罔"": 2, ""涿鹿"": 83, ""炎帝"": 99, ""神农"": 257, ""禹"": 1075, ""精卫"": 95, ""缙云氏"": 1, ""蚩尤"": 200, ""赤帝"": 11, ""轩辕"": 459, ""轩辕氏"": 6, ""阪泉"": 7, ""雨师"": 29, ""颛顼"": 54, ""风伯"": 17, ""鲧"": 67, ""黄帝"": 632}"
GCI-HOLD-0002,1374,data/CASIA-LM_ChineseWebText2.0_partial-001374.parquet,249507296,93b6f6b6dfdfdbb59c2656e1f9f653473c82fed2f1a2b55421ab0a60d02c124b,100000,1,3574,"{""九黎"": 11, ""共工"": 100, ""共工氏"": 4, ""句龙"": 4, ""后土"": 81, ""太昊"": 8, ""女娃"": 76, ""女娲"": 217, ""少昊"": 12, ""少皞"": 4, ""帝江"": 25, ""帝鸿"": 1, ""应龙"": 35, ""有熊氏"": 4, ""榆罔"": 1, ""涿鹿"": 15, ""炎帝"": 79, ""神农"": 317, ""禹"": 1270, ""精卫"": 182, ""蚩尤"": 68, ""赤帝"": 4, ""轩辕"": 293, ""轩辕氏"": 2, ""阪泉"": 5, ""雨师"": 19, ""颛顼"": 84, ""风伯"": 14, ""鲧"": 76, ""黄帝"": 563}"
GCI-HOLD-0002,1375,data/CASIA-LM_ChineseWebText2.0_partial-001375.parquet,257660878,48336bfdf0a65bd0db44e9db3fd046740f83930f9ebac79b444b5be49f4b10e0,100000,1,6387,"{""九黎"": 17, ""共工"": 308, ""共工氏"": 63, ""句龙"": 11, ""后土"": 127, ""太昊"": 43, ""太皞"": 6, ""女娃"": 29, ""女娲"": 191, ""少昊"": 67, ""少皞"": 4, ""帝江"": 3, ""帝鸿"": 6, ""帝鸿氏"": 5, ""应龙"": 41, ""有熊氏"": 14, ""榆罔"": 11, ""涿鹿"": 75, ""炎帝"": 248, ""神农"": 602, ""禹"": 1610, ""精卫"": 313, ""缙云氏"": 20, ""蚩尤"": 401, ""赤帝"": 30, ""轩辕"": 274, ""轩辕氏"": 14, ""阪泉"": 9, ""雨师"": 23, ""颛顼"": 271, ""风伯"": 25, ""鲧"": 105, ""黄帝"": 1420, ""黄帝氏"": 1}"
GCI-HOLD-0002,1376,data/CASIA-LM_ChineseWebText2.0_partial-001376.parquet,268528400,c2eecc8aa0fb933fbdc6c1d416ddc8b05244682bdb6ff75352f1b5fd961c8278,100000,1,6396,"{""九黎"": 14, ""共工"": 308, ""共工氏"": 58, ""句龙"": 5, ""后土"": 100, ""太昊"": 31, ""太皞"": 1, ""女娃"": 26, ""女娲"": 422, ""少昊"": 45, ""少皞"": 1, ""帝江"": 4, ""帝鸿"": 1, ""帝鸿氏"": 1, ""应龙"": 51, ""有熊氏"": 7, ""榆罔"": 6, ""涿鹿"": 54, ""炎帝"": 191, ""神农"": 503, ""禹"": 1964, ""精卫"": 252, ""缙云氏"": 1, ""蚩尤"": 128, ""赤帝"": 9, ""轩辕"": 233, ""轩辕氏"": 16, ""阪泉"": 15, ""雨师"": 3, ""颛顼"": 406, ""风伯"": 18, ""鲧"": 103, ""黄帝"": 1419}"
GCI-HOLD-0002,1377,data/CASIA-LM_ChineseWebText2.0_partial-001377.parquet,259310947,ae9767c7c7107fed2a63403fba91aad387c4f0f96475556e5f6c8a43ad3020b3,100000,1,5064,"{""九黎"": 22, ""共工"": 233, ""共工氏"": 17, ""句龙"": 9, ""后土"": 212, ""太昊"": 37, ""太皞"": 5, ""女娃"": 65, ""女娲"": 200, ""少昊"": 66, ""少皞"": 14, ""帝江"": 4, ""帝鸿"": 2, ""帝鸿氏"": 1, ""应龙"": 61, ""有熊氏"": 8, ""榆罔"": 1, ""涿鹿"": 36, ""炎帝"": 165, ""神农"": 329, ""禹"": 1461, ""精卫"": 177, ""缙云氏"": 3, ""蚩尤"": 134, ""赤帝"": 12, ""轩辕"": 529, ""轩辕氏"": 17, ""阪泉"": 12, ""雨师"": 24, ""颛顼"": 94, ""风伯"": 14, ""鲧"": 66, ""黄帝"": 1028, ""黄帝氏"": 6}"
GCI-HOLD-0002,1378,data/CASIA-LM_ChineseWebText2.0_partial-001378.parquet,252396002,60dbcba3174bd089eaee13e63e3c396c32ca625d2a9c373401a75301b2dcc928,100000,1,3177,"{""九黎"": 10, ""共工"": 89, ""共工氏"": 4, ""句龙"": 2, ""后土"": 63, ""太昊"": 4, ""太皞"": 1, ""女娃"": 78, ""女娲"": 159, ""少昊"": 13, ""少皞"": 12, ""帝江"": 14, ""帝鸿"": 2, ""帝鸿氏"": 1, ""应龙"": 40, ""有熊氏"": 2, ""涿鹿"": 23, ""炎帝"": 118, ""神农"": 285, ""禹"": 1063, ""精卫"": 156, ""蚩尤"": 127, ""赤帝"": 4, ""轩辕"": 178, ""轩辕氏"": 3, ""阪泉"": 6, ""雨师"": 28, ""颛顼"": 44, ""风伯"": 12, ""鲧"": 48, ""黄帝"": 588}"
GCI-HOLD-0002,1379,data/CASIA-LM_ChineseWebText2.0_partial-001379.parquet,243366687,b11bbeab245dd74e1c60ad4be9324f9fc1de01d40f74bc6b7aa9e230e3deb3cf,100000,1,3400,"{""九黎"": 25, ""共工"": 107, ""共工氏"": 2, ""句龙"": 4, ""后土"": 52, ""太昊"": 42, ""太皞"": 13, ""女娃"": 69, ""女娲"": 214, ""少昊"": 30, ""帝江"": 2, ""帝鸿"": 1, ""应龙"": 60, ""有熊氏"": 2, ""涿鹿"": 23, ""炎帝"": 39, ""神农"": 266, ""禹"": 1298, ""精卫"": 55, ""蚩尤"": 168, ""赤帝"": 6, ""轩辕"": 227, ""轩辕氏"": 10, ""阪泉"": 2, ""雨师"": 13, ""颛顼"": 50, ""风伯"": 10, ""鲧"": 43, ""黄帝"": 566, ""黄帝氏"": 1}"
GCI-HOLD-0002,1380,data/CASIA-LM_ChineseWebText2.0_partial-001380.parquet,253895405,77ba00fdd6dbf11e53b5cca95ff2eb4616cb7a3f9964550993c8a7e26eb77904,100000,1,5617,"{""九黎"": 63, ""共工"": 176, ""共工氏"": 8, ""句龙"": 1, ""后土"": 78, ""太昊"": 10, ""太皞"": 3, ""女娃"": 72, ""女娲"": 246, ""少昊"": 41, ""少皞"": 7, ""帝江"": 43, ""帝鸿"": 3, ""帝鸿氏"": 1, ""应龙"": 67, ""有熊氏"": 10, ""榆罔"": 4, ""涿鹿"": 99, ""炎帝"": 340, ""神农"": 464, ""禹"": 1414, ""精卫"": 148, ""缙云氏"": 5, ""蚩尤"": 453, ""赤帝"": 18, ""轩辕"": 399, ""轩辕氏"": 13, ""阪泉"": 24, ""雨师"": 31, ""颛顼"": 102, ""风伯"": 38, ""鲧"": 157, ""黄帝"": 1078, ""黄帝氏"": 1}"
GCI-HOLD-0002,1381,data/CASIA-LM_ChineseWebText2.0_partial-001381.parquet,264723474,9968ea84b59ff3c504521f29d78a043cb0da119bc384566bf697909e982d2819,100000,1,7979,"{""九黎"": 83, ""共工"": 320, ""共工氏"": 66, ""句龙"": 11, ""后土"": 76, ""太昊"": 90, ""太皞"": 6, ""女娃"": 37, ""女娲"": 395, ""少昊"": 106, ""少皞"": 8, ""帝江"": 3, ""帝鸿"": 7, ""帝鸿氏"": 5, ""应龙"": 109, ""有熊氏"": 12, ""榆罔"": 4, ""涿鹿"": 85, ""炎帝"": 365, ""神农"": 619, ""禹"": 2010, ""精卫"": 195, ""缙云氏"": 9, ""蚩尤"": 658, ""赤帝"": 16, ""轩辕"": 311, ""轩辕氏"": 33, ""阪泉"": 24, ""雨师"": 28, ""颛顼"": 372, ""风伯"": 35, ""鲧"": 181, ""黄帝"": 1698, ""黄帝氏"": 2}"
GCI-HOLD-0002,1382,data/CASIA-LM_ChineseWebText2.0_partial-001382.parquet,262315394,5b7d8b44a802982cd3f7dcbc1143ae52ba2348cc4140ae6f720799c7707949b5,100000,1,5841,"{""九黎"": 47, ""共工"": 164, ""共工氏"": 12, ""句龙"": 3, ""后土"": 56, ""太昊"": 27, ""太皞"": 7, ""女娃"": 51, ""女娲"": 356, ""少昊"": 52, ""少皞"": 19, ""帝江"": 7, ""帝鸿"": 1, ""应龙"": 81, ""有熊氏"": 22, ""榆罔"": 6, ""涿鹿"": 103, ""炎帝"": 195, ""神农"": 369, ""禹"": 1944, ""精卫"": 208, ""缙云氏"": 5, ""蚩尤"": 186, ""赤帝"": 12, ""轩辕"": 301, ""轩辕氏"": 38, ""阪泉"": 12, ""雨师"": 13, ""颛顼"": 142, ""风伯"": 15, ""鲧"": 57, ""黄帝"": 1328, ""黄帝氏"": 2}"
GCI-HOLD-0002,1383,data/CASIA-LM_ChineseWebText2.0_partial-001383.parquet,249725566,6470310e8a092a1867484f2a9a5069c7a3ca110695e05cfd3fa5fd19fbce1c30,100000,1,4012,"{""九黎"": 17, ""共工"": 198, ""共工氏"": 20, ""句龙"": 2, ""后土"": 92, ""太昊"": 13, ""太皞"": 1, ""女娃"": 68, ""女娲"": 216, ""少昊"": 40, ""少皞"": 10, ""帝江"": 12, ""帝鸿"": 5, ""帝鸿氏"": 4, ""应龙"": 70, ""有熊氏"": 4, ""榆罔"": 2, ""涿鹿"": 43, ""炎帝"": 137, ""神农"": 381, ""禹"": 1224, ""精卫"": 101, ""缙云氏"": 2, ""蚩尤"": 112, ""赤帝"": 8, ""轩辕"": 233, ""轩辕氏"": 8, ""阪泉"": 12, ""雨师"": 25, ""颛顼"": 78, ""风伯"": 16, ""鲧"": 93, ""黄帝"": 759, ""黄帝氏"": 6}"
GCI-HOLD-0002,1384,data/CASIA-LM_ChineseWebText2.0_partial-001384.parquet,245164271,a50203e8707ad1e8687be7ce2557c7f9c14d41e07b26fbd83da0c9b4d2a367cf,100000,1,2778,"{""九黎"": 23, ""共工"": 103, ""共工氏"": 2, ""句龙"": 2, ""后土"": 64, ""太昊"": 4, ""女娃"": 52, ""女娲"": 158, ""少昊"": 31, ""少皞"": 5, ""帝江"": 8, ""帝鸿"": 1, ""应龙"": 59, ""有熊氏"": 2, ""涿鹿"": 66, ""炎帝"": 106, ""神农"": 357, ""禹"": 701, ""精卫"": 69, ""蚩尤"": 108, ""赤帝"": 11, ""轩辕"": 268, ""轩辕氏"": 3, ""阪泉"": 10, ""雨师"": 19, ""颛顼"": 40, ""风伯"": 10, ""鲧"": 55, ""黄帝"": 441}"
GCI-HOLD-0002,1385,data/CASIA-LM_ChineseWebText2.0_partial-001385.parquet,256471331,8a974030d4201f19f4fc03fa3b6021d2dae7f38b33da1ce32f146a7a59006df7,100000,1,5660,"{""九黎"": 53, ""共工"": 149, ""共工氏"": 8, ""句龙"": 1, ""后土"": 60, ""太昊"": 12, ""太皞"": 2, ""女娃"": 35, ""女娲"": 238, ""少昊"": 62, ""少皞"": 6, ""帝江"": 5, ""帝鸿"": 8, ""帝鸿氏"": 3, ""应龙"": 63, ""有熊氏"": 16, ""榆罔"": 8, ""涿鹿"": 65, ""炎帝"": 246, ""神农"": 399, ""禹"": 1934, ""精卫"": 202, ""缙云氏"": 5, ""蚩尤"": 287, ""赤帝"": 13, ""轩辕"": 300, ""轩辕氏"": 27, ""阪泉"": 21, ""雨师"": 20, ""颛顼"": 151, ""风伯"": 17, ""鲧"": 65, ""黄帝"": 1177, ""黄帝氏"": 2}"
GCI-HOLD-0002,1386,data/CASIA-LM_ChineseWebText2.0_partial-001386.parquet,269099694,c46e211aaa110fc480bc1a9e8bb45817b41eb5e82a16a93a13c713dc725f73c6,100000,1,5695,"{""九黎"": 13, ""共工"": 179, ""共工氏"": 13, ""句龙"": 1, ""后土"": 40, ""太昊"": 25, ""女娃"": 33, ""女娲"": 261, ""少昊"": 107, ""少皞"": 3, ""帝江"": 5, ""帝鸿"": 3, ""帝鸿氏"": 1, ""应龙"": 47, ""有熊氏"": 6, ""榆罔"": 5, ""涿鹿"": 41, ""炎帝"": 149, ""神农"": 434, ""禹"": 1883, ""精卫"": 219, ""缙云氏"": 1, ""蚩尤"": 104, ""赤帝"": 18, ""轩辕"": 435, ""轩辕氏"": 25, ""阪泉"": 14, ""雨师"": 18, ""颛顼"": 178, ""风伯"": 13, ""鲧"": 115, ""黄帝"": 1305, ""黄帝氏"": 1}"
GCI-HOLD-0002,1387,data/CASIA-LM_ChineseWebText2.0_partial-001387.parquet,264222787,62dab317715ad1c3cc92d4bc49c4f2c174ff936fdd57f4a31c2b0d2333fd78de,100000,1,7670,"{""九黎"": 38, ""共工"": 243, ""共工氏"": 34, ""句龙"": 4, ""后土"": 69, ""太昊"": 29, ""太皞"": 6, ""女娃"": 68, ""女娲"": 228, ""少昊"": 79, ""少皞"": 12, ""帝江"": 19, ""帝鸿"": 1, ""应龙"": 47, ""有熊氏"": 24, ""榆罔"": 16, ""涿鹿"": 74, ""炎帝"": 573, ""神农"": 724, ""禹"": 2243, ""精卫"": 190, ""缙云氏"": 13, ""蚩尤"": 234, ""赤帝"": 33, ""轩辕"": 440, ""轩辕氏"": 36, ""阪泉"": 23, ""雨师"": 28, ""颛顼"": 256, ""风伯"": 25, ""鲧"": 121, ""黄帝"": 1734, ""黄帝氏"": 6}"
GCI-HOLD-0002,1388,data/CASIA-LM_ChineseWebText2.0_partial-001388.parquet,261947101,800d1c61f24297e252ab0facec3da9172133d8c9af66235f47d33c3578bed69f,100000,1,3518,"{""九黎"": 21, ""共工"": 87, ""共工氏"": 3, ""句龙"": 1, ""后土"": 56, ""太昊"": 6, ""太皞"": 2, ""女娃"": 62, ""女娲"": 258, ""少昊"": 5, ""少皞"": 3, ""帝江"": 1, ""应龙"": 48, ""有熊氏"": 3, ""榆罔"": 2, ""涿鹿"": 15, ""炎帝"": 87, ""神农"": 300, ""禹"": 1342, ""精卫"": 62, ""蚩尤"": 92, ""赤帝"": 5, ""轩辕"": 312, ""轩辕氏"": 12, ""阪泉"": 1, ""雨师"": 23, ""颛顼"": 44, ""风伯"": 11, ""鲧"": 71, ""黄帝"": 583}"
GCI-HOLD-0002,1389,data/CASIA-LM_ChineseWebText2.0_partial-001389.parquet,267129847,0de0901330ad007729dc7a888eb931ffc79f9eeb8458df34b3a6e6acd3e85769,100000,1,4893,"{""九黎"": 24, ""共工"": 167, ""共工氏"": 13, ""句龙"": 6, ""后土"": 76, ""太昊"": 31, ""太皞"": 2, ""女娃"": 60, ""女娲"": 303, ""少昊"": 64, ""少皞"": 16, ""帝江"": 10, ""帝鸿"": 9, ""帝鸿氏"": 5, ""应龙"": 85, ""有熊氏"": 12, ""涿鹿"": 31, ""炎帝"": 136, ""神农"": 330, ""禹"": 1523, ""精卫"": 211, ""缙云氏"": 6, ""蚩尤"": 128, ""赤帝"": 23, ""轩辕"": 284, ""轩辕氏"": 18, ""阪泉"": 6, ""雨师"": 52, ""颛顼"": 169, ""风伯"": 9, ""鲧"": 93, ""黄帝"": 990, ""黄帝氏"": 1}"
GCI-HOLD-0002,1390,data/CASIA-LM_ChineseWebText2.0_partial-001390.parquet,266998186,4b906a03dfa3a7719cb191d98338e8ebff330dfccc0cf518a0cf0aff1c41e93a,100000,1,5632,"{""九黎"": 17, ""共工"": 141, ""共工氏"": 5, ""句龙"": 1, ""后土"": 71, ""太昊"": 29, ""太皞"": 1, ""女娃"": 45, ""女娲"": 189, ""少昊"": 42, ""少皞"": 3, ""帝江"": 14, ""帝鸿"": 4, ""帝鸿氏"": 2, ""应龙"": 61, ""有熊氏"": 10, ""榆罔"": 4, ""涿鹿"": 59, ""炎帝"": 329, ""神农"": 372, ""禹"": 1866, ""精卫"": 233, ""缙云氏"": 1, ""蚩尤"": 154, ""赤帝"": 14, ""轩辕"": 576, ""轩辕氏"": 21, ""阪泉"": 72, ""雨师"": 22, ""颛顼"": 70, ""风伯"": 14, ""鲧"": 79, ""黄帝"": 1110, ""黄帝氏"": 1}"
GCI-HOLD-0002,1391,data/CASIA-LM_ChineseWebText2.0_partial-001391.parquet,278712033,31c58aa5f03dcd8a446f00f94b5192121668e47e93af196927d8c06ab73109b3,100000,1,8804,"{""九黎"": 76, ""共工"": 302, ""共工氏"": 36, ""句龙"": 3, ""后土"": 116, ""太昊"": 139, ""太皞"": 9, ""女娃"": 42, ""女娲"": 472, ""少昊"": 135, ""少皞"": 18, ""帝江"": 14, ""帝鸿"": 4, ""帝鸿氏"": 4, ""应龙"": 163, ""有熊氏"": 26, ""榆罔"": 21, ""涿鹿"": 114, ""炎帝"": 542, ""神农"": 709, ""禹"": 2081, ""精卫"": 250, ""缙云氏"": 4, ""蚩尤"": 294, ""赤帝"": 14, ""轩辕"": 680, ""轩辕氏"": 81, ""阪泉"": 34, ""雨师"": 30, ""颛顼"": 357, ""风伯"": 33, ""鲧"": 98, ""黄帝"": 1900, ""黄帝氏"": 3}"
GCI-HOLD-0002,1392,data/CASIA-LM_ChineseWebText2.0_partial-001392.parquet,274938395,a45e48130f1fba7d5fe510e0973defef994241cf919149e87ca657b5b196d601,100000,1,7167,"{""九黎"": 24, ""共工"": 202, ""共工氏"": 45, ""句龙"": 5, ""后土"": 97, ""太昊"": 44, ""女娃"": 32, ""女娲"": 490, ""少昊"": 120, ""少皞"": 2, ""帝江"": 5, ""帝鸿"": 5, ""帝鸿氏"": 3, ""应龙"": 44, ""有熊氏"": 14, ""榆罔"": 2, ""涿鹿"": 55, ""炎帝"": 441, ""神农"": 619, ""禹"": 2140, ""精卫"": 264, ""缙云氏"": 3, ""蚩尤"": 125, ""赤帝"": 13, ""轩辕"": 315, ""轩辕氏"": 35, ""阪泉"": 16, ""雨师"": 13, ""颛顼"": 332, ""风伯"": 12, ""鲧"": 96, ""黄帝"": 1547, ""黄帝氏"": 7}"
GCI-HOLD-0002,1393,data/CASIA-LM_ChineseWebText2.0_partial-001393.parquet,259912796,39fb61752562611f7245a5cf1064ce7da95542e47ede80b00e5bb6014a5c1442,100000,1,4399,"{""九黎"": 12, ""共工"": 103, ""共工氏"": 11, ""句龙"": 3, ""后土"": 63, ""太昊"": 51, ""太皞"": 8, ""女娃"": 68, ""女娲"": 303, ""少昊"": 46, ""少皞"": 2, ""帝江"": 31, ""帝鸿"": 3, ""帝鸿氏"": 2, ""应龙"": 73, ""有熊氏"": 6, ""榆罔"": 11, ""涿鹿"": 34, ""炎帝"": 105, ""神农"": 372, ""禹"": 1453, ""精卫"": 146, ""缙云氏"": 1, ""蚩尤"": 162, ""赤帝"": 9, ""轩辕"": 298, ""轩辕氏"": 34, ""阪泉"": 6, ""雨师"": 16, ""颛顼"": 84, ""风伯"": 15, ""鲧"": 46, ""黄帝"": 821, ""黄帝氏"": 1}"
GCI-HOLD-0002,1394,data/CASIA-LM_ChineseWebText2.0_partial-001394.parquet,247098942,35e6e8167c634643b9356bc4b0e0ebd63a688efee40b5582aaea25952da51392,100000,1,3501,"{""九黎"": 32, ""共工"": 97, ""共工氏"": 10, ""后土"": 95, ""太昊"": 11, ""太皞"": 6, ""女娃"": 39, ""女娲"": 183, ""少昊"": 18, ""少皞"": 1, ""帝江"": 4, ""帝鸿"": 4, ""帝鸿氏"": 1, ""应龙"": 69, ""有熊氏"": 6, ""榆罔"": 6, ""涿鹿"": 58, ""炎帝"": 117, ""神农"": 271, ""禹"": 954, ""精卫"": 36, ""缙云氏"": 2, ""蚩尤"": 172, ""赤帝"": 14, ""轩辕"": 417, ""轩辕氏"": 15, ""阪泉"": 13, ""雨师"": 17, ""颛顼"": 46, ""风伯"": 13, ""鲧"": 26, ""黄帝"": 748}"
GCI-HOLD-0002,1395,data/CASIA-LM_ChineseWebText2.0_partial-001395.parquet,253920333,49470d1647ed46bac15789f3b1cbb0a74224764579c70f758b741a7be033f229,100000,1,3029,"{""九黎"": 15, ""共工"": 102, ""共工氏"": 11, ""句龙"": 5, ""后土"": 120, ""太昊"": 28, ""太皞"": 4, ""女娃"": 58, ""女娲"": 108, ""少昊"": 20, ""少皞"": 4, ""帝江"": 8, ""帝鸿"": 5, ""应龙"": 38, ""有熊氏"": 5, ""榆罔"": 5, ""涿鹿"": 9, ""炎帝"": 133, ""神农"": 211, ""禹"": 1110, ""精卫"": 73, ""缙云氏"": 2, ""蚩尤"": 111, ""赤帝"": 14, ""轩辕"": 170, ""轩辕氏"": 7, ""阪泉"": 11, ""雨师"": 4, ""颛顼"": 66, ""风伯"": 18, ""鲧"": 35, ""黄帝"": 516, ""黄帝氏"": 3}"
GCI-HOLD-0002,1396,data/CASIA-LM_ChineseWebText2.0_partial-001396.parquet,268754390,ed1d0b612255a6f90b6aa48a4f1a6a817b23dae1b345fdc5236fbe415faa221f,100000,1,3756,"{""九黎"": 23, ""共工"": 115, ""共工氏"": 18, ""句龙"": 22, ""后土"": 78, ""太昊"": 34, ""太皞"": 5, ""女娃"": 55, ""女娲"": 190, ""少昊"": 48, ""少皞"": 8, ""帝江"": 13, ""应龙"": 44, ""有熊氏"": 3, ""榆罔"": 2, ""涿鹿"": 35, ""炎帝"": 92, ""神农"": 294, ""禹"": 1342, ""精卫"": 67, ""缙云氏"": 1, ""蚩尤"": 113, ""赤帝"": 5, ""轩辕"": 264, ""轩辕氏"": 12, ""阪泉"": 8, ""雨师"": 26, ""颛顼"": 74, ""风伯"": 15, ""鲧"": 54, ""黄帝"": 695, ""黄帝氏"": 1}"
GCI-HOLD-0002,1397,data/CASIA-LM_ChineseWebText2.0_partial-001397.parquet,270754227,1cc03bc52a595938c6c1593cb98194f7b833b4b0350b49c6e0967d44ae262f95,100000,1,5865,"{""九黎"": 17, ""共工"": 188, ""共工氏"": 7, ""句龙"": 3, ""后土"": 66, ""太昊"": 24, ""太皞"": 9, ""女娃"": 46, ""女娲"": 322, ""少昊"": 15, ""少皞"": 6, ""帝江"": 3, ""帝鸿"": 3, ""帝鸿氏"": 3, ""应龙"": 51, ""有熊氏"": 23, ""榆罔"": 24, ""涿鹿"": 50, ""炎帝"": 333, ""神农"": 408, ""禹"": 1984, ""精卫"": 106, ""蚩尤"": 220, ""赤帝"": 7, ""轩辕"": 397, ""轩辕氏"": 16, ""阪泉"": 21, ""雨师"": 18, ""颛顼"": 93, ""风伯"": 13, ""鲧"": 86, ""黄帝"": 1302, ""黄帝氏"": 1}"
GCI-HOLD-0002,1398,data/CASIA-LM_ChineseWebText2.0_partial-001398.parquet,266057191,8dd03b9528dd6ad02e4697caddfcc2021fccd4db22d3e8e3d7638b2aba7ccdd0,100000,1,5966,"{""九黎"": 14, ""共工"": 138, ""共工氏"": 17, ""句龙"": 2, ""后土"": 46, ""太昊"": 46, ""太皞"": 3, ""女娃"": 31, ""女娲"": 204, ""少昊"": 50, ""少皞"": 1, ""帝江"": 8, ""帝鸿"": 4, ""帝鸿氏"": 2, ""应龙"": 84, ""有熊氏"": 19, ""榆罔"": 2, ""涿鹿"": 39, ""炎帝"": 213, ""神农"": 454, ""禹"": 2183, ""精卫"": 254, ""蚩尤"": 147, ""赤帝"": 16, ""轩辕"": 408, ""轩辕氏"": 26, ""阪泉"": 16, ""雨师"": 40, ""颛顼"": 87, ""风伯"": 32, ""鲧"": 46, ""黄帝"": 1333, ""黄帝氏"": 1}"
GCI-HOLD-0002,1399,data/CASIA-LM_ChineseWebText2.0_partial-001399.parquet,261589152,fffdcf3a2554b4f7045456730b996dff4a627bf17dbf01f7a713a5c36ef33739,100000,1,5739,"{""九黎"": 16, ""共工"": 200, ""共工氏"": 24, ""句龙"": 6, ""后土"": 70, ""太昊"": 20, ""太皞"": 1, ""女娃"": 51, ""女娲"": 330, ""少昊"": 40, ""少皞"": 6, ""帝江"": 3, ""帝鸿"": 14, ""帝鸿氏"": 2, ""应龙"": 54, ""有熊氏"": 13, ""榆罔"": 1, ""涿鹿"": 84, ""炎帝"": 239, ""神农"": 363, ""禹"": 1674, ""精卫"": 240, ""缙云氏"": 1, ""蚩尤"": 236, ""赤帝"": 28, ""轩辕"": 334, ""轩辕氏"": 10, ""阪泉"": 19, ""雨师"": 18, ""颛顼"": 179, ""风伯"": 14, ""鲧"": 87, ""黄帝"": 1362}"
GCI-HOLD-0002,1400,data/CASIA-LM_ChineseWebText2.0_partial-001400.parquet,259738737,63ac86e1961c7b8763dc062f8e273db019812f97ed46df23c48bed5afb54dd37,100000,1,4087,"{""九黎"": 23, ""共工"": 108, ""共工氏"": 7, ""后土"": 37, ""太昊"": 12, ""太皞"": 2, ""女娃"": 51, ""女娲"": 159, ""少昊"": 32, ""少皞"": 11, ""帝江"": 7, ""帝鸿"": 1, ""应龙"": 61, ""有熊氏"": 4, ""榆罔"": 1, ""涿鹿"": 46, ""炎帝"": 126, ""神农"": 241, ""禹"": 1386, ""精卫"": 472, ""蚩尤"": 205, ""赤帝"": 15, ""轩辕"": 226, ""轩辕氏"": 14, ""阪泉"": 5, ""雨师"": 8, ""颛顼"": 60, ""风伯"": 10, ""鲧"": 37, ""黄帝"": 717, ""黄帝氏"": 3}"
GCI-HOLD-0002,1401,data/CASIA-LM_ChineseWebText2.0_partial-001401.parquet,259086318,9a1b199d14d7671f62515a85a516e91a933dc8d8b5352470f8600bf5c1fef87e,100000,1,3326,"{""九黎"": 59, ""共工"": 120, ""共工氏"": 9, ""句龙"": 22, ""后土"": 64, ""太昊"": 12, ""太皞"": 1, ""女娃"": 68, ""女娲"": 262, ""少昊"": 31, ""少皞"": 2, ""帝江"": 9, ""帝鸿"": 1, ""应龙"": 47, ""榆罔"": 2, ""涿鹿"": 7, ""炎帝"": 91, ""神农"": 232, ""禹"": 1169, ""精卫"": 56, ""缙云氏"": 1, ""蚩尤"": 99, ""赤帝"": 4, ""轩辕"": 303, ""轩辕氏"": 16, ""阪泉"": 4, ""雨师"": 14, ""颛顼"": 46, ""风伯"": 17, ""鲧"": 71, ""黄帝"": 487}"
GCI-HOLD-0002,1402,data/CASIA-LM_ChineseWebText2.0_partial-001402.parquet,260120907,237b60b1cb84917403021076b391927dae4aeb595c036a5cd0790cb01d407a20,100000,1,5268,"{""九黎"": 31, ""共工"": 147, ""共工氏"": 18, ""句龙"": 2, ""后土"": 68, ""太昊"": 31, ""太皞"": 5, ""女娃"": 27, ""女娲"": 226, ""少昊"": 82, ""少皞"": 6, ""帝江"": 6, ""帝鸿"": 5, ""帝鸿氏"": 4, ""应龙"": 54, ""有熊氏"": 11, ""涿鹿"": 36, ""炎帝"": 196, ""神农"": 391, ""禹"": 1776, ""精卫"": 198, ""缙云氏"": 5, ""蚩尤"": 96, ""赤帝"": 32, ""轩辕"": 288, ""轩辕氏"": 28, ""阪泉"": 9, ""雨师"": 7, ""颛顼"": 212, ""风伯"": 10, ""鲧"": 130, ""黄帝"": 1126, ""黄帝氏"": 5}"
GCI-HOLD-0002,1403,data/CASIA-LM_ChineseWebText2.0_partial-001403.parquet,260448901,499efbf6210a5339bd72c562662b48cecd3fc781009322f9caeab2f9883e7234,100000,1,5813,"{""九黎"": 18, ""共工"": 162, ""共工氏"": 15, ""句龙"": 2, ""后土"": 139, ""太昊"": 38, ""太皞"": 2, ""女娃"": 111, ""女娲"": 212, ""少昊"": 47, ""少皞"": 7, ""帝鸿"": 1, ""应龙"": 81, ""有熊氏"": 6, ""榆罔"": 7, ""涿鹿"": 21, ""炎帝"": 229, ""神农"": 516, ""禹"": 1924, ""精卫"": 283, ""蚩尤"": 100, ""赤帝"": 25, ""轩辕"": 286, ""轩辕氏"": 20, ""阪泉"": 11, ""雨师"": 8, ""颛顼"": 161, ""风伯"": 7, ""鲧"": 68, ""黄帝"": 1303, ""黄帝氏"": 3}"
GCI-HOLD-0002,1404,data/CASIA-LM_ChineseWebText2.0_partial-001404.parquet,265306168,91592c4daf8f188b2bd8f90337319f1ed2b842b1986fa251e5d672b62f46e31a,100000,1,6135,"{""九黎"": 21, ""共工"": 156, ""共工氏"": 23, ""句龙"": 5, ""后土"": 83, ""太昊"": 26, ""女娃"": 24, ""女娲"": 259, ""少昊"": 93, ""少皞"": 6, ""帝江"": 7, ""帝鸿"": 6, ""帝鸿氏"": 2, ""应龙"": 41, ""有熊氏"": 7, ""榆罔"": 1, ""涿鹿"": 38, ""炎帝"": 255, ""神农"": 387, ""禹"": 2035, ""精卫"": 277, ""缙云氏"": 13, ""蚩尤"": 156, ""赤帝"": 11, ""轩辕"": 439, ""轩辕氏"": 36, ""阪泉"": 9, ""雨师"": 29, ""颛顼"": 260, ""风伯"": 14, ""鲧"": 115, ""黄帝"": 1299, ""黄帝氏"": 2}"
GCI-HOLD-0002,1405,data/CASIA-LM_ChineseWebText2.0_partial-001405.parquet,254725012,fe341eb68ea0c1d3ef593170052a016ce7f6ce0221b43ed2abaaf1482b776e64,100000,1,3344,"{""九黎"": 14, ""共工"": 130, ""共工氏"": 15, ""句龙"": 13, ""后土"": 145, ""太昊"": 20, ""太皞"": 2, ""女娃"": 59, ""女娲"": 172, ""少昊"": 18, ""少皞"": 11, ""帝江"": 5, ""帝鸿"": 1, ""帝鸿氏"": 1, ""应龙"": 21, ""有熊氏"": 1, ""涿鹿"": 5, ""炎帝"": 136, ""神农"": 211, ""禹"": 1049, ""精卫"": 90, ""缙云氏"": 1, ""蚩尤"": 89, ""赤帝"": 11, ""轩辕"": 309, ""轩辕氏"": 12, ""阪泉"": 6, ""雨师"": 19, ""颛顼"": 94, ""风伯"": 12, ""鲧"": 79, ""黄帝"": 593}"
GCI-HOLD-0002,1406,data/CASIA-LM_ChineseWebText2.0_partial-001406.parquet,250988670,ffd984aa01c02c94f85da9d1ddd1b505943ebeffab4947acf0855bd750f8ef2b,100000,1,3014,"{""九黎"": 51, ""共工"": 70, ""共工氏"": 3, ""句龙"": 2, ""后土"": 50, ""太昊"": 20, ""太皞"": 4, ""女娃"": 73, ""女娲"": 145, ""少昊"": 18, ""少皞"": 5, ""帝江"": 5, ""帝鸿"": 2, ""帝鸿氏"": 1, ""应龙"": 79, ""涿鹿"": 6, ""炎帝"": 96, ""神农"": 321, ""禹"": 936, ""精卫"": 62, ""缙云氏"": 2, ""蚩尤"": 104, ""赤帝"": 10, ""轩辕"": 264, ""轩辕氏"": 9, ""阪泉"": 2, ""雨师"": 25, ""颛顼"": 46, ""风伯"": 14, ""鲧"": 19, ""黄帝"": 570}"
GCI-HOLD-0002,1407,data/CASIA-LM_ChineseWebText2.0_partial-001407.parquet,248469642,5516d373c08b511815c5a77c3eb77f870b7a2c9f4a6061185a2b7c1f1c8b1d54,100000,1,2614,"{""九黎"": 8, ""共工"": 101, ""共工氏"": 7, ""句龙"": 1, ""后土"": 65, ""太昊"": 15, ""太皞"": 1, ""女娃"": 48, ""女娲"": 137, ""少昊"": 33, ""少皞"": 2, ""帝江"": 6, ""帝鸿"": 2, ""帝鸿氏"": 2, ""应龙"": 18, ""榆罔"": 1, ""涿鹿"": 4, ""炎帝"": 37, ""神农"": 185, ""禹"": 922, ""精卫"": 140, ""缙云氏"": 3, ""蚩尤"": 60, ""赤帝"": 2, ""轩辕"": 277, ""轩辕氏"": 8, ""阪泉"": 1, ""雨师"": 3, ""颛顼"": 50, ""风伯"": 2, ""鲧"": 25, ""黄帝"": 448}"
GCI-HOLD-0002,1408,data/CASIA-LM_ChineseWebText2.0_partial-001408.parquet,252084049,3c48abf91ed7717eb8723ff1245be52fa317dc38c83565bd011db8f3703e29f7,100000,1,3130,"{""九黎"": 29, ""共工"": 127, ""共工氏"": 6, ""句龙"": 5, ""后土"": 83, ""太昊"": 8, ""太皞"": 3, ""女娃"": 58, ""女娲"": 207, ""少昊"": 29, ""少皞"": 3, ""帝鸿"": 1, ""帝鸿氏"": 1, ""应龙"": 60, ""有熊氏"": 4, ""涿鹿"": 41, ""炎帝"": 68, ""神农"": 230, ""禹"": 992, ""精卫"": 113, ""缙云氏"": 2, ""蚩尤"": 103, ""赤帝"": 6, ""轩辕"": 402, ""轩辕氏"": 4, ""阪泉"": 4, ""雨师"": 10, ""颛顼"": 37, ""风伯"": 10, ""鲧"": 31, ""黄帝"": 453}"
GCI-HOLD-0002,1409,data/CASIA-LM_ChineseWebText2.0_partial-001409.parquet,251858140,b1a98856d033b7a947e2071e03bc3bcc5e9b4fb40388b3f8ede920d29acfcc5f,100000,1,3157,"{""九黎"": 12, ""共工"": 86, ""共工氏"": 5, ""句龙"": 2, ""后土"": 37, ""太昊"": 10, ""太皞"": 3, ""女娃"": 42, ""女娲"": 145, ""少昊"": 15, ""少皞"": 1, ""帝江"": 5, ""帝鸿"": 3, ""帝鸿氏"": 2, ""应龙"": 49, ""有熊氏"": 5, ""榆罔"": 5, ""涿鹿"": 40, ""炎帝"": 141, ""神农"": 262, ""禹"": 873, ""精卫"": 77, ""缙云氏"": 7, ""蚩尤"": 238, ""赤帝"": 10, ""轩辕"": 344, ""轩辕氏"": 6, ""阪泉"": 18, ""雨师"": 29, ""颛顼"": 65, ""风伯"": 13, ""鲧"": 50, ""黄帝"": 556, ""黄帝氏"": 1}"
GCI-HOLD-0002,1410,data/CASIA-LM_ChineseWebText2.0_partial-001410.parquet,248918198,7b65ee6d39370efb27239653a082bdbc927a7a7580168190f40a2f89190a1c2b,100000,1,3532,"{""九黎"": 19, ""共工"": 120, ""共工氏"": 22, ""句龙"": 9, ""后土"": 73, ""太昊"": 12, ""女娃"": 62, ""女娲"": 148, ""少昊"": 105, ""少皞"": 3, ""帝江"": 2, ""帝鸿"": 1, ""应龙"": 57, ""涿鹿"": 13, ""炎帝"": 117, ""神农"": 297, ""禹"": 1190, ""精卫"": 59, ""蚩尤"": 104, ""赤帝"": 6, ""轩辕"": 230, ""轩辕氏"": 3, ""阪泉"": 10, ""雨师"": 43, ""颛顼"": 82, ""风伯"": 7, ""鲧"": 67, ""黄帝"": 668, ""黄帝氏"": 3}"
GCI-HOLD-0002,1411,data/CASIA-LM_ChineseWebText2.0_partial-001411.parquet,260775100,4b327d1ec342515f026b77c2750fb3c904454ebc30033718da15e11d06bd1082,100000,1,5537,"{""九黎"": 48, ""共工"": 92, ""共工氏"": 10, ""句龙"": 3, ""后土"": 45, ""太昊"": 17, ""女娃"": 18, ""女娲"": 121, ""少昊"": 84, ""少皞"": 6, ""帝江"": 4, ""帝鸿"": 1, ""帝鸿氏"": 1, ""应龙"": 30, ""有熊氏"": 3, ""榆罔"": 5, ""涿鹿"": 84, ""炎帝"": 350, ""神农"": 487, ""禹"": 1506, ""精卫"": 241, ""缙云氏"": 5, ""蚩尤"": 513, ""赤帝"": 16, ""轩辕"": 253, ""轩辕氏"": 23, ""阪泉"": 28, ""雨师"": 22, ""颛顼"": 85, ""风伯"": 34, ""鲧"": 59, ""黄帝"": 1341, ""黄帝氏"": 2}"
GCI-HOLD-0002,1412,data/CASIA-LM_ChineseWebText2.0_partial-001412.parquet,266335161,5e393ef4c1af372fbebf8722eea2a7fb7eb32855c5cce548ba655a354fe55899,100000,1,6952,"{""九黎"": 17, ""共工"": 164, ""共工氏"": 18, ""句龙"": 2, ""后土"": 74, ""太昊"": 52, ""太皞"": 14, ""女娃"": 15, ""女娲"": 207, ""少昊"": 65, ""少皞"": 8, ""帝江"": 2, ""帝鸿"": 5, ""帝鸿氏"": 4, ""应龙"": 105, ""有熊氏"": 8, ""榆罔"": 16, ""涿鹿"": 71, ""炎帝"": 503, ""神农"": 713, ""禹"": 2031, ""精卫"": 257, ""缙云氏"": 3, ""蚩尤"": 177, ""赤帝"": 20, ""轩辕"": 409, ""轩辕氏"": 33, ""阪泉"": 29, ""雨师"": 19, ""颛顼"": 290, ""风伯"": 17, ""鲧"": 112, ""黄帝"": 1490, ""黄帝氏"": 2}"
GCI-HOLD-0002,1413,data/CASIA-LM_ChineseWebText2.0_partial-001413.parquet,267513832,ade579173aa9f5356c6747b6da2f791b12a587de4aaa9f7359bedd538af31d47,100000,1,5686,"{""九黎"": 6, ""共工"": 124, ""共工氏"": 14, ""句龙"": 2, ""后土"": 69, ""太昊"": 42, ""太皞"": 1, ""女娃"": 44, ""女娲"": 320, ""少昊"": 62, ""少皞"": 5, ""帝江"": 6, ""帝鸿"": 2, ""帝鸿氏"": 2, ""应龙"": 85, ""有熊氏"": 20, ""榆罔"": 3, ""涿鹿"": 58, ""炎帝"": 216, ""神农"": 357, ""禹"": 1983, ""精卫"": 251, ""缙云氏"": 2, ""蚩尤"": 214, ""赤帝"": 9, ""轩辕"": 339, ""轩辕氏"": 31, ""阪泉"": 24, ""雨师"": 28, ""颛顼"": 156, ""风伯"": 32, ""鲧"": 79, ""黄帝"": 1099, ""黄帝氏"": 1}"
GCI-HOLD-0002,1414,data/CASIA-LM_ChineseWebText2.0_partial-001414.parquet,264520042,ea58229403154fd7846f075b28ddd4025be3029d644d7fb6a7bbf9e1b4dd78f1,100000,1,7834,"{""九黎"": 50, ""共工"": 193, ""共工氏"": 27, ""句龙"": 8, ""后土"": 156, ""太昊"": 24, ""太皞"": 2, ""女娃"": 26, ""女娲"": 207, ""少昊"": 71, ""少皞"": 37, ""帝江"": 9, ""帝鸿"": 10, ""帝鸿氏"": 6, ""应龙"": 89, ""有熊氏"": 38, ""榆罔"": 1, ""涿鹿"": 119, ""炎帝"": 318, ""神农"": 479, ""禹"": 2460, ""精卫"": 294, ""缙云氏"": 10, ""蚩尤"": 588, ""赤帝"": 42, ""轩辕"": 476, ""轩辕氏"": 24, ""阪泉"": 43, ""雨师"": 16, ""颛顼"": 232, ""风伯"": 22, ""鲧"": 157, ""黄帝"": 1579, ""黄帝氏"": 21}"
GCI-HOLD-0002,1415,data/CASIA-LM_ChineseWebText2.0_partial-001415.parquet,261299352,8c003b5660bd0662a1d1a843dfcf35fc00d972ed8fb133795e85821c72ecdc78,100000,1,5062,"{""九黎"": 17, ""共工"": 183, ""共工氏"": 4, ""句龙"": 1, ""后土"": 56, ""太昊"": 20, ""女娃"": 25, ""女娲"": 226, ""少昊"": 36, ""帝江"": 4, ""帝鸿"": 2, ""帝鸿氏"": 1, ""应龙"": 60, ""有熊氏"": 5, ""榆罔"": 7, ""涿鹿"": 40, ""炎帝"": 161, ""神农"": 409, ""禹"": 1730, ""精卫"": 179, ""缙云氏"": 3, ""蚩尤"": 137, ""赤帝"": 15, ""轩辕"": 324, ""轩辕氏"": 17, ""阪泉"": 16, ""雨师"": 19, ""颛顼"": 125, ""风伯"": 14, ""鲧"": 66, ""黄帝"": 1160}"
GCI-HOLD-0002,1416,data/CASIA-LM_ChineseWebText2.0_partial-001416.parquet,252021084,193e13eb1524f7405f94a9796395df3265afdfd1aa17dae2fe5708f0f56388da,100000,1,4041,"{""九黎"": 29, ""共工"": 102, ""共工氏"": 7, ""句龙"": 6, ""后土"": 96, ""太昊"": 40, ""女娃"": 39, ""女娲"": 329, ""少昊"": 51, ""少皞"": 3, ""帝江"": 18, ""帝鸿"": 1, ""应龙"": 110, ""有熊氏"": 4, ""涿鹿"": 20, ""炎帝"": 160, ""神农"": 253, ""禹"": 1205, ""精卫"": 195, ""缙云氏"": 1, ""蚩尤"": 138, ""赤帝"": 6, ""轩辕"": 254, ""轩辕氏"": 8, ""阪泉"": 3, ""雨师"": 8, ""颛顼"": 129, ""风伯"": 9, ""鲧"": 79, ""黄帝"": 738}"
GCI-HOLD-0002,1417,data/CASIA-LM_ChineseWebText2.0_partial-001417.parquet,250117751,211d8532f03adf52f29c3bdfa05f6b92b08ace36a24b3b38df995973b25e5637,100000,1,2987,"{""九黎"": 28, ""共工"": 128, ""共工氏"": 2, ""句龙"": 2, ""后土"": 84, ""太昊"": 20, ""太皞"": 1, ""女娃"": 80, ""女娲"": 164, ""少昊"": 14, ""少皞"": 6, ""帝江"": 24, ""帝鸿"": 1, ""应龙"": 39, ""有熊氏"": 1, ""榆罔"": 1, ""涿鹿"": 9, ""炎帝"": 94, ""神农"": 237, ""禹"": 975, ""精卫"": 55, ""缙云氏"": 4, ""蚩尤"": 93, ""赤帝"": 2, ""轩辕"": 280, ""轩辕氏"": 7, ""阪泉"": 2, ""雨师"": 13, ""颛顼"": 72, ""风伯"": 12, ""鲧"": 43, ""黄帝"": 494}"
GCI-HOLD-0002,1418,data/CASIA-LM_ChineseWebText2.0_partial-001418.parquet,250183282,90aa71ab5816c5e4159bf53d2c8f97a694ed7e385f3215c45c861077d72c06d4,100000,1,2745,"{""九黎"": 2, ""共工"": 61, ""共工氏"": 2, ""句龙"": 1, ""后土"": 67, ""太昊"": 3, ""太皞"": 7, ""女娃"": 59, ""女娲"": 142, ""少昊"": 11, ""帝江"": 4, ""帝鸿"": 1, ""应龙"": 49, ""有熊氏"": 2, ""涿鹿"": 15, ""炎帝"": 52, ""神农"": 199, ""禹"": 1002, ""精卫"": 47, ""蚩尤"": 109, ""赤帝"": 17, ""轩辕"": 243, ""轩辕氏"": 6, ""阪泉"": 5, ""雨师"": 16, ""颛顼"": 50, ""风伯"": 8, ""鲧"": 34, ""黄帝"": 531}"
GCI-HOLD-0002,1419,data/CASIA-LM_ChineseWebText2.0_partial-001419.parquet,249464032,ff17be40f6588b7078d1de5c47d8aa6ad2940de63f2e027e6a42b1ce118c11cd,100000,1,3917,"{""九黎"": 20, ""共工"": 182, ""共工氏"": 19, ""句龙"": 3, ""后土"": 75, ""太昊"": 7, ""太皞"": 6, ""女娃"": 72, ""女娲"": 210, ""少昊"": 12, ""少皞"": 11, ""帝江"": 4, ""帝鸿"": 5, ""帝鸿氏"": 5, ""应龙"": 177, ""有熊氏"": 4, ""榆罔"": 2, ""涿鹿"": 32, ""炎帝"": 90, ""神农"": 343, ""禹"": 1328, ""精卫"": 91, ""缙云氏"": 3, ""蚩尤"": 86, ""赤帝"": 6, ""轩辕"": 349, ""轩辕氏"": 7, ""阪泉"": 3, ""雨师"": 18, ""颛顼"": 75, ""风伯"": 5, ""鲧"": 178, ""黄帝"": 487, ""黄帝氏"": 2}"
GCI-HOLD-0002,1420,data/CASIA-LM_ChineseWebText2.0_partial-001420.parquet,261209457,607b9f87db4e5438e53ff1c19d7a420aed21fc97a0544c5e1d4002594b938752,100000,1,6738,"{""九黎"": 17, ""共工"": 216, ""共工氏"": 13, ""句龙"": 1, ""后土"": 56, ""太昊"": 23, ""太皞"": 2, ""女娃"": 40, ""女娲"": 395, ""少昊"": 57, ""少皞"": 1, ""帝江"": 2, ""帝鸿"": 6, ""帝鸿氏"": 1, ""应龙"": 83, ""有熊氏"": 10, ""榆罔"": 2, ""涿鹿"": 59, ""炎帝"": 197, ""神农"": 433, ""禹"": 2190, ""精卫"": 425, ""缙云氏"": 2, ""蚩尤"": 284, ""赤帝"": 17, ""轩辕"": 471, ""轩辕氏"": 13, ""阪泉"": 15, ""雨师"": 38, ""颛顼"": 305, ""风伯"": 38, ""鲧"": 163, ""黄帝"": 1162, ""黄帝氏"": 1}"
GCI-HOLD-0002,1421,data/CASIA-LM_ChineseWebText2.0_partial-001421.parquet,261066470,d95c0aef591234f500ebf63563b61b31e18fa985bb665d72d6244386b4a3be48,100000,1,7363,"{""九黎"": 73, ""共工"": 209, ""共工氏"": 30, ""句龙"": 2, ""后土"": 56, ""太昊"": 15, ""太皞"": 2, ""女娃"": 26, ""女娲"": 572, ""少昊"": 47, ""少皞"": 6, ""帝江"": 2, ""帝鸿"": 4, ""帝鸿氏"": 3, ""应龙"": 60, ""有熊氏"": 19, ""榆罔"": 17, ""涿鹿"": 130, ""炎帝"": 359, ""神农"": 644, ""禹"": 1694, ""精卫"": 211, ""缙云氏"": 6, ""蚩尤"": 654, ""赤帝"": 29, ""轩辕"": 447, ""轩辕氏"": 32, ""阪泉"": 83, ""雨师"": 23, ""颛顼"": 243, ""风伯"": 24, ""鲧"": 48, ""黄帝"": 1592, ""黄帝氏"": 1}"
GCI-HOLD-0002,1422,data/CASIA-LM_ChineseWebText2.0_partial-001422.parquet,255059193,23a092d9b8baab30731070a3a6cbcd0d6b694a2d27daa8401a5b0034c6fe9313,100000,1,4711,"{""九黎"": 19, ""共工"": 195, ""共工氏"": 19, ""句龙"": 1, ""后土"": 72, ""太昊"": 13, ""太皞"": 1, ""女娃"": 47, ""女娲"": 337, ""少昊"": 59, ""少皞"": 10, ""帝江"": 4, ""帝鸿"": 1, ""应龙"": 68, ""有熊氏"": 6, ""涿鹿"": 35, ""炎帝"": 137, ""神农"": 325, ""禹"": 1567, ""精卫"": 159, ""缙云氏"": 11, ""蚩尤"": 100, ""赤帝"": 6, ""轩辕"": 400, ""轩辕氏"": 19, ""阪泉"": 10, ""雨师"": 11, ""颛顼"": 122, ""风伯"": 13, ""鲧"": 71, ""黄帝"": 872, ""黄帝氏"": 1}"
GCI-HOLD-0002,1423,data/CASIA-LM_ChineseWebText2.0_partial-001423.parquet,250485645,4f7377fb0a5b81cdac2fe24987381fbcf581b7038e4a9ff2bdf0e0ff19880b64,100000,1,3054,"{""九黎"": 45, ""共工"": 109, ""共工氏"": 13, ""句龙"": 4, ""后土"": 64, ""太昊"": 5, ""女娃"": 103, ""女娲"": 202, ""少昊"": 15, ""少皞"": 3, ""帝江"": 9, ""帝鸿"": 15, ""应龙"": 48, ""有熊氏"": 1, ""榆罔"": 1, ""涿鹿"": 20, ""炎帝"": 76, ""神农"": 165, ""禹"": 1246, ""精卫"": 61, ""蚩尤"": 99, ""赤帝"": 6, ""轩辕"": 187, ""轩辕氏"": 7, ""阪泉"": 6, ""雨师"": 6, ""颛顼"": 51, ""风伯"": 9, ""鲧"": 53, ""黄帝"": 425}"
GCI-HOLD-0002,1424,data/CASIA-LM_ChineseWebText2.0_partial-001424.parquet,254163355,f0a87e6703b8762aedbb380f5428b3db4a722031cb6e05e6e9ae48c4988aa75e,100000,1,5464,"{""九黎"": 19, ""共工"": 307, ""共工氏"": 84, ""句龙"": 4, ""后土"": 124, ""太昊"": 22, ""太皞"": 11, ""女娃"": 51, ""女娲"": 313, ""少昊"": 19, ""少皞"": 1, ""帝江"": 9, ""帝鸿"": 1, ""应龙"": 28, ""有熊氏"": 2, ""榆罔"": 1, ""涿鹿"": 22, ""炎帝"": 128, ""神农"": 596, ""禹"": 1917, ""精卫"": 122, ""蚩尤"": 120, ""赤帝"": 24, ""轩辕"": 263, ""轩辕氏"": 21, ""阪泉"": 3, ""雨师"": 16, ""颛顼"": 132, ""风伯"": 8, ""鲧"": 72, ""黄帝"": 1022, ""黄帝氏"": 2}"
GCI-HOLD-0002,1425,data/CASIA-LM_ChineseWebText2.0_partial-001425.parquet,266191236,536a4f26c791328778d301b28a9ab7893d7881fc0579e0c2cd87e89f044d7022,100000,1,6309,"{""九黎"": 25, ""共工"": 149, ""共工氏"": 13, ""句龙"": 2, ""后土"": 151, ""太昊"": 91, ""太皞"": 11, ""女娃"": 18, ""女娲"": 387, ""少昊"": 140, ""少皞"": 8, ""帝江"": 9, ""帝鸿"": 6, ""帝鸿氏"": 1, ""应龙"": 59, ""有熊氏"": 8, ""榆罔"": 5, ""涿鹿"": 58, ""炎帝"": 315, ""神农"": 488, ""禹"": 1993, ""精卫"": 184, ""缙云氏"": 9, ""蚩尤"": 177, ""赤帝"": 35, ""轩辕"": 388, ""轩辕氏"": 13, ""阪泉"": 21, ""雨师"": 10, ""颛顼"": 197, ""风伯"": 10, ""鲧"": 37, ""黄帝"": 1290, ""黄帝氏"": 1}"
GCI-HOLD-0002,1426,data/CASIA-LM_ChineseWebText2.0_partial-001426.parquet,262208452,d38f01391303d13cec29f9842f6de99c0deb6ceb932fbb28e071f356a9f990b2,100000,1,6417,"{""九黎"": 111, ""共工"": 397, ""共工氏"": 119, ""句龙"": 6, ""后土"": 96, ""太昊"": 45, ""太皞"": 4, ""女娃"": 22, ""女娲"": 314, ""少昊"": 105, ""少皞"": 11, ""帝江"": 8, ""帝鸿"": 10, ""帝鸿氏"": 9, ""应龙"": 49, ""有熊氏"": 10, ""榆罔"": 21, ""涿鹿"": 95, ""炎帝"": 339, ""神农"": 515, ""禹"": 1299, ""精卫"": 230, ""缙云氏"": 8, ""蚩尤"": 600, ""赤帝"": 20, ""轩辕"": 258, ""轩辕氏"": 26, ""阪泉"": 74, ""雨师"": 23, ""颛顼"": 189, ""风伯"": 18, ""鲧"": 61, ""黄帝"": 1322, ""黄帝氏"": 3}"
GCI-HOLD-0002,1427,data/CASIA-LM_ChineseWebText2.0_partial-001427.parquet,259645926,0e4ccd505fa8699cbb391866d5f7a639a5e55913ce72cfcce922d57348976842,100000,1,5360,"{""九黎"": 29, ""共工"": 145, ""共工氏"": 10, ""后土"": 87, ""太昊"": 28, ""女娃"": 58, ""女娲"": 160, ""少昊"": 45, ""少皞"": 5, ""帝鸿"": 5, ""帝鸿氏"": 3, ""应龙"": 38, ""有熊氏"": 15, ""榆罔"": 2, ""涿鹿"": 33, ""炎帝"": 183, ""神农"": 397, ""禹"": 1926, ""精卫"": 275, ""缙云氏"": 1, ""蚩尤"": 137, ""赤帝"": 12, ""轩辕"": 308, ""轩辕氏"": 11, ""阪泉"": 5, ""雨师"": 13, ""颛顼"": 239, ""风伯"": 12, ""鲧"": 94, ""黄帝"": 1084}"
GCI-HOLD-0002,1428,data/CASIA-LM_ChineseWebText2.0_partial-001428.parquet,259231376,38801afe15aabdbe0de8d14c6be099feb6a46eeff1a6650f2ebcfa12a904d865,100000,1,5244,"{""九黎"": 17, ""共工"": 121, ""共工氏"": 9, ""句龙"": 1, ""后土"": 48, ""太昊"": 13, ""太皞"": 1, ""女娃"": 39, ""女娲"": 241, ""少昊"": 38, ""少皞"": 10, ""帝江"": 10, ""帝鸿"": 2, ""帝鸿氏"": 1, ""应龙"": 122, ""有熊氏"": 9, ""榆罔"": 4, ""涿鹿"": 74, ""炎帝"": 219, ""神农"": 347, ""禹"": 1729, ""精卫"": 456, ""缙云氏"": 4, ""蚩尤"": 166, ""赤帝"": 19, ""轩辕"": 228, ""轩辕氏"": 9, ""阪泉"": 19, ""雨师"": 22, ""颛顼"": 140, ""风伯"": 14, ""鲧"": 77, ""黄帝"": 1035}"
GCI-HOLD-0002,1429,data/CASIA-LM_ChineseWebText2.0_partial-001429.parquet,261302540,5c8413544788edfe5ebae13c58cdf30c46b94a6c857e74c5bc1ca32e39044518,100000,1,5771,"{""九黎"": 60, ""共工"": 225, ""共工氏"": 37, ""句龙"": 1, ""后土"": 65, ""太昊"": 24, ""太皞"": 8, ""女娃"": 28, ""女娲"": 260, ""少昊"": 134, ""少皞"": 11, ""帝江"": 4, ""帝鸿"": 9, ""帝鸿氏"": 6, ""应龙"": 57, ""有熊氏"": 12, ""榆罔"": 7, ""涿鹿"": 77, ""炎帝"": 246, ""神农"": 530, ""禹"": 1221, ""精卫"": 263, ""缙云氏"": 9, ""蚩尤"": 524, ""赤帝"": 13, ""轩辕"": 311, ""轩辕氏"": 14, ""阪泉"": 36, ""雨师"": 28, ""颛顼"": 173, ""风伯"": 24, ""鲧"": 57, ""黄帝"": 1293, ""黄帝氏"": 4}"
GCI-HOLD-0002,1430,data/CASIA-LM_ChineseWebText2.0_partial-001430.parquet,254717354,5603e69c2a86b9d8bf6fd106b1f5a3a45768e578bd4cce2715a1e705a8a41a8f,100000,1,3039,"{""九黎"": 23, ""共工"": 147, ""共工氏"": 6, ""句龙"": 3, ""后土"": 77, ""太昊"": 13, ""太皞"": 8, ""女娃"": 38, ""女娲"": 115, ""少昊"": 4, ""少皞"": 10, ""帝江"": 2, ""应龙"": 41, ""有熊氏"": 2, ""涿鹿"": 7, ""炎帝"": 143, ""神农"": 221, ""禹"": 1016, ""精卫"": 63, ""蚩尤"": 102, ""赤帝"": 10, ""轩辕"": 294, ""轩辕氏"": 9, ""阪泉"": 4, ""雨师"": 32, ""颛顼"": 42, ""风伯"": 11, ""鲧"": 24, ""黄帝"": 572}"
GCI-HOLD-0002,1431,data/CASIA-LM_ChineseWebText2.0_partial-001431.parquet,248531332,9a5f09279b2da923a51d5092f2742cf6a1a14032cf18a4d04be81874f105fc97,100000,1,2757,"{""九黎"": 13, ""共工"": 96, ""共工氏"": 1, ""句龙"": 1, ""后土"": 60, ""太昊"": 2, ""太皞"": 2, ""女娃"": 45, ""女娲"": 155, ""少昊"": 14, ""少皞"": 4, ""帝江"": 23, ""帝鸿"": 5, ""帝鸿氏"": 2, ""应龙"": 67, ""涿鹿"": 33, ""炎帝"": 61, ""神农"": 243, ""禹"": 864, ""精卫"": 134, ""缙云氏"": 1, ""蚩尤"": 63, ""赤帝"": 16, ""轩辕"": 125, ""轩辕氏"": 18, ""阪泉"": 3, ""雨师"": 21, ""颛顼"": 91, ""风伯"": 20, ""鲧"": 47, ""黄帝"": 524, ""黄帝氏"": 3}"
GCI-HOLD-0002,1432,data/CASIA-LM_ChineseWebText2.0_partial-001432.parquet,258959121,b13241728a92ce18a602d8c8bee03e2a2f2f14334bb7c40b6e4e829f3dbe8c99,100000,1,4344,"{""九黎"": 11, ""共工"": 108, ""共工氏"": 4, ""句龙"": 1, ""后土"": 59, ""太昊"": 7, ""太皞"": 2, ""女娃"": 73, ""女娲"": 202, ""少昊"": 58, ""帝江"": 6, ""帝鸿"": 18, ""帝鸿氏"": 5, ""应龙"": 54, ""有熊氏"": 2, ""榆罔"": 7, ""涿鹿"": 46, ""炎帝"": 183, ""神农"": 258, ""禹"": 1553, ""精卫"": 110, ""蚩尤"": 53, ""赤帝"": 26, ""轩辕"": 357, ""轩辕氏"": 10, ""阪泉"": 37, ""雨师"": 38, ""颛顼"": 107, ""风伯"": 33, ""鲧"": 115, ""黄帝"": 800, ""黄帝氏"": 1}"
GCI-HOLD-0002,1433,data/CASIA-LM_ChineseWebText2.0_partial-001433.parquet,305639777,585e948311ff9ef31b77776abf2fb563a13dd094a7fff88a544ee23f39aad045,100000,1,6843,"{""九黎"": 39, ""共工"": 183, ""共工氏"": 24, ""句龙"": 6, ""后土"": 160, ""太昊"": 75, ""太皞"": 5, ""女娃"": 29, ""女娲"": 359, ""少昊"": 150, ""少皞"": 4, ""帝江"": 4, ""帝鸿"": 5, ""帝鸿氏"": 2, ""应龙"": 50, ""有熊氏"": 10, ""榆罔"": 4, ""涿鹿"": 32, ""炎帝"": 335, ""神农"": 515, ""禹"": 2050, ""精卫"": 334, ""缙云氏"": 2, ""蚩尤"": 271, ""赤帝"": 13, ""轩辕"": 288, ""轩辕氏"": 27, ""阪泉"": 11, ""雨师"": 17, ""颛顼"": 277, ""风伯"": 15, ""鲧"": 93, ""黄帝"": 1453, ""黄帝氏"": 1}"
GCI-HOLD-0002,1434,data/CASIA-LM_ChineseWebText2.0_partial-001434.parquet,282263766,8c6e63ba5b4439e7db86762b475090a9fa7bb841613008fdb1f92f793f6893ac,100000,1,8416,"{""九黎"": 47, ""共工"": 223, ""共工氏"": 27, ""后土"": 151, ""太昊"": 51, ""太皞"": 6, ""女娃"": 52, ""女娲"": 229, ""少昊"": 126, ""少皞"": 16, ""帝江"": 13, ""帝鸿"": 10, ""帝鸿氏"": 7, ""应龙"": 101, ""有熊氏"": 20, ""榆罔"": 1, ""涿鹿"": 100, ""炎帝"": 354, ""神农"": 562, ""禹"": 2481, ""精卫"": 252, ""缙云氏"": 16, ""蚩尤"": 393, ""赤帝"": 20, ""轩辕"": 474, ""轩辕氏"": 41, ""阪泉"": 32, ""雨师"": 26, ""颛顼"": 433, ""风伯"": 23, ""鲧"": 187, ""黄帝"": 1940, ""黄帝氏"": 2}"
GCI-HOLD-0002,1435,data/CASIA-LM_ChineseWebText2.0_partial-001435.parquet,256315804,b00b6bc8b904fcc323d38ea07102426c16da981929313280043a24f14758f140,100000,1,4790,"{""九黎"": 38, ""共工"": 188, ""共工氏"": 29, ""后土"": 47, ""太昊"": 22, ""太皞"": 2, ""女娃"": 29, ""女娲"": 303, ""少昊"": 49, ""少皞"": 6, ""帝江"": 11, ""帝鸿"": 5, ""帝鸿氏"": 1, ""应龙"": 41, ""有熊氏"": 5, ""涿鹿"": 27, ""炎帝"": 159, ""神农"": 367, ""禹"": 1561, ""精卫"": 207, ""缙云氏"": 6, ""蚩尤"": 193, ""赤帝"": 12, ""轩辕"": 271, ""轩辕氏"": 14, ""阪泉"": 4, ""雨师"": 19, ""颛顼"": 197, ""风伯"": 13, ""鲧"": 70, ""黄帝"": 893, ""黄帝氏"": 1}"
GCI-HOLD-0002,1436,data/CASIA-LM_ChineseWebText2.0_partial-001436.parquet,259970080,2518b02b027180202afa1b85cbd01e54e6612b02506d414b28a3b7202e6408c7,100000,1,6612,"{""九黎"": 30, ""共工"": 125, ""共工氏"": 17, ""句龙"": 1, ""后土"": 73, ""太昊"": 22, ""太皞"": 1, ""女娃"": 34, ""女娲"": 311, ""少昊"": 43, ""少皞"": 2, ""帝江"": 1, ""帝鸿"": 8, ""帝鸿氏"": 3, ""应龙"": 66, ""有熊氏"": 17, ""榆罔"": 16, ""涿鹿"": 68, ""炎帝"": 366, ""神农"": 467, ""禹"": 1870, ""精卫"": 163, ""缙云氏"": 15, ""蚩尤"": 252, ""赤帝"": 23, ""轩辕"": 456, ""轩辕氏"": 47, ""阪泉"": 43, ""雨师"": 14, ""颛顼"": 201, ""风伯"": 17, ""鲧"": 147, ""黄帝"": 1692, ""黄帝氏"": 1}"
GCI-HOLD-0002,1437,data/CASIA-LM_ChineseWebText2.0_partial-001437.parquet,260368629,746a8e31d26be222dbf305f5adb6384016283c9c6f2f6f3f14acfa8eef9bdfa9,100000,1,4565,"{""九黎"": 5, ""共工"": 148, ""共工氏"": 7, ""后土"": 52, ""太昊"": 33, ""太皞"": 8, ""女娃"": 27, ""女娲"": 144, ""少昊"": 44, ""少皞"": 5, ""帝江"": 3, ""帝鸿"": 4, ""帝鸿氏"": 1, ""应龙"": 62, ""有熊氏"": 5, ""涿鹿"": 15, ""炎帝"": 118, ""神农"": 341, ""禹"": 1803, ""精卫"": 343, ""缙云氏"": 1, ""蚩尤"": 62, ""赤帝"": 5, ""轩辕"": 223, ""轩辕氏"": 11, ""阪泉"": 6, ""雨师"": 18, ""颛顼"": 137, ""风伯"": 20, ""鲧"": 48, ""黄帝"": 865, ""黄帝氏"": 1}"
GCI-HOLD-0002,1438,data/CASIA-LM_ChineseWebText2.0_partial-001438.parquet,257759466,f250223d1bdda486589d799639264603371dc0719f90714a1bbbbcecd2ad7359,100000,1,5916,"{""九黎"": 33, ""共工"": 162, ""共工氏"": 13, ""句龙"": 5, ""后土"": 50, ""太昊"": 54, ""太皞"": 3, ""女娃"": 34, ""女娲"": 252, ""少昊"": 58, ""少皞"": 8, ""帝江"": 8, ""帝鸿"": 7, ""帝鸿氏"": 5, ""应龙"": 125, ""有熊氏"": 12, ""榆罔"": 2, ""涿鹿"": 78, ""炎帝"": 269, ""神农"": 505, ""禹"": 1626, ""精卫"": 300, ""缙云氏"": 6, ""蚩尤"": 501, ""赤帝"": 20, ""轩辕"": 268, ""轩辕氏"": 29, ""阪泉"": 17, ""雨师"": 21, ""颛顼"": 168, ""风伯"": 19, ""鲧"": 100, ""黄帝"": 1153, ""黄帝氏"": 5}"
GCI-HOLD-0002,1439,data/CASIA-LM_ChineseWebText2.0_partial-001439.parquet,255833720,42fc86fd071f455c11924bd8652fbfe9ee7936d0f3d985be6d855cee5a71dcc9,100000,1,5229,"{""九黎"": 16, ""共工"": 171, ""共工氏"": 21, ""句龙"": 2, ""后土"": 84, ""太昊"": 31, ""太皞"": 5, ""女娃"": 28, ""女娲"": 161, ""少昊"": 139, ""少皞"": 2, ""帝江"": 3, ""帝鸿"": 3, ""应龙"": 44, ""有熊氏"": 7, ""榆罔"": 6, ""涿鹿"": 39, ""炎帝"": 270, ""神农"": 457, ""禹"": 1539, ""精卫"": 155, ""缙云氏"": 1, ""蚩尤"": 141, ""赤帝"": 27, ""轩辕"": 381, ""轩辕氏"": 16, ""阪泉"": 12, ""雨师"": 11, ""颛顼"": 208, ""风伯"": 14, ""鲧"": 41, ""黄帝"": 1193, ""黄帝氏"": 1}"
GCI-HOLD-0002,1440,data/CASIA-LM_ChineseWebText2.0_partial-001440.parquet,248959876,5add24cea3ae0b3c64660a6c7bc34e9411e8b606f9ffd0bc9742917f818ec6ed,100000,1,3176,"{""九黎"": 99, ""共工"": 68, ""共工氏"": 8, ""后土"": 41, ""太昊"": 10, ""太皞"": 2, ""女娃"": 45, ""女娲"": 112, ""少昊"": 13, ""少皞"": 2, ""帝江"": 7, ""帝鸿"": 10, ""应龙"": 135, ""有熊氏"": 4, ""榆罔"": 3, ""涿鹿"": 58, ""炎帝"": 66, ""神农"": 276, ""禹"": 1280, ""精卫"": 40, ""蚩尤"": 95, ""赤帝"": 5, ""轩辕"": 180, ""轩辕氏"": 16, ""阪泉"": 15, ""雨师"": 17, ""颛顼"": 59, ""风伯"": 9, ""鲧"": 42, ""黄帝"": 459}"
GCI-HOLD-0002,1441,data/CASIA-LM_ChineseWebText2.0_partial-001441.parquet,252445191,4f37dcac9989316a61f54c12486714680c24da13b1f21bbd8527ad2eb153a912,100000,1,4289,"{""九黎"": 91, ""共工"": 104, ""共工氏"": 4, ""句龙"": 1, ""后土"": 67, ""太昊"": 14, ""太皞"": 1, ""女娃"": 59, ""女娲"": 200, ""少昊"": 31, ""少皞"": 14, ""帝江"": 1, ""帝鸿"": 5, ""应龙"": 52, ""有熊氏"": 4, ""榆罔"": 29, ""涿鹿"": 37, ""炎帝"": 294, ""神农"": 398, ""禹"": 1125, ""精卫"": 164, ""蚩尤"": 240, ""赤帝"": 17, ""轩辕"": 377, ""轩辕氏"": 36, ""阪泉"": 10, ""雨师"": 14, ""颛顼"": 64, ""风伯"": 6, ""鲧"": 135, ""黄帝"": 695}"
GCI-HOLD-0002,1442,data/CASIA-LM_ChineseWebText2.0_partial-001442.parquet,254980781,ff2921941940df99a336e3b669e9fb0b6a6e2bde885b8e2b0b8ff886955c3bfe,100000,1,3624,"{""九黎"": 10, ""共工"": 189, ""共工氏"": 2, ""后土"": 96, ""太昊"": 27, ""太皞"": 1, ""女娃"": 73, ""女娲"": 259, ""少昊"": 11, ""少皞"": 5, ""帝江"": 12, ""帝鸿"": 4, ""帝鸿氏"": 2, ""应龙"": 28, ""榆罔"": 1, ""涿鹿"": 15, ""炎帝"": 120, ""神农"": 225, ""禹"": 1059, ""精卫"": 53, ""缙云氏"": 1, ""蚩尤"": 90, ""赤帝"": 7, ""轩辕"": 414, ""轩辕氏"": 5, ""阪泉"": 6, ""雨师"": 39, ""颛顼"": 90, ""风伯"": 9, ""鲧"": 98, ""黄帝"": 673}"
GCI-HOLD-0002,1443,data/CASIA-LM_ChineseWebText2.0_partial-001443.parquet,259414812,d32910aefc034c5eba0fdf2571919b18cf9f1a2565fc46e81373761b51bf6878,100000,1,5137,"{""九黎"": 25, ""共工"": 164, ""共工氏"": 14, ""句龙"": 13, ""后土"": 147, ""太昊"": 10, ""太皞"": 3, ""女娃"": 32, ""女娲"": 376, ""少昊"": 30, ""少皞"": 4, ""帝江"": 16, ""帝鸿"": 3, ""帝鸿氏"": 2, ""应龙"": 63, ""有熊氏"": 18, ""榆罔"": 2, ""涿鹿"": 14, ""炎帝"": 128, ""神农"": 430, ""禹"": 1628, ""精卫"": 156, ""缙云氏"": 4, ""蚩尤"": 199, ""赤帝"": 8, ""轩辕"": 407, ""轩辕氏"": 21, ""阪泉"": 8, ""雨师"": 32, ""颛顼"": 115, ""风伯"": 14, ""鲧"": 88, ""黄帝"": 960, ""黄帝氏"": 3}"
GCI-HOLD-0002,1444,data/CASIA-LM_ChineseWebText2.0_partial-001444.parquet,263048314,cb6cad8441e4ed3648edfccde88dd38b77fb20961bd6f435364cc0bc819c0ee1,100000,1,5805,"{""九黎"": 20, ""共工"": 140, ""共工氏"": 8, ""后土"": 62, ""太昊"": 60, ""太皞"": 14, ""女娃"": 44, ""女娲"": 457, ""少昊"": 24, ""少皞"": 7, ""帝江"": 2, ""帝鸿"": 5, ""帝鸿氏"": 2, ""应龙"": 58, ""有熊氏"": 6, ""榆罔"": 6, ""涿鹿"": 58, ""炎帝"": 211, ""神农"": 575, ""禹"": 1729, ""精卫"": 247, ""蚩尤"": 180, ""赤帝"": 30, ""轩辕"": 294, ""轩辕氏"": 17, ""阪泉"": 20, ""雨师"": 14, ""颛顼"": 107, ""风伯"": 14, ""鲧"": 90, ""黄帝"": 1303, ""黄帝氏"": 1}"
GCI-HOLD-0002,1445,data/CASIA-LM_ChineseWebText2.0_partial-001445.parquet,260835589,87cd141b5577f50b83c8d35163188c16b059d3e27a6e6531c96251cd31e720b7,100000,1,4777,"{""九黎"": 8, ""共工"": 114, ""共工氏"": 4, ""句龙"": 3, ""后土"": 102, ""太昊"": 21, ""太皞"": 2, ""女娃"": 33, ""女娲"": 291, ""少昊"": 20, ""少皞"": 5, ""帝江"": 3, ""帝鸿"": 6, ""帝鸿氏"": 4, ""应龙"": 84, ""有熊氏"": 11, ""涿鹿"": 22, ""炎帝"": 101, ""神农"": 295, ""禹"": 2028, ""精卫"": 209, ""缙云氏"": 2, ""蚩尤"": 111, ""赤帝"": 15, ""轩辕"": 239, ""轩辕氏"": 8, ""阪泉"": 20, ""雨师"": 12, ""颛顼"": 69, ""风伯"": 16, ""鲧"": 71, ""黄帝"": 848}"
GCI-HOLD-0002,1446,data/CASIA-LM_ChineseWebText2.0_partial-001446.parquet,251129580,24688edb14bc6884d893d4f522f938cc8907dbefeba8ddccab1c5cce69a18404,100000,1,2972,"{""九黎"": 21, ""共工"": 90, ""共工氏"": 7, ""句龙"": 1, ""后土"": 43, ""太昊"": 17, ""女娃"": 46, ""女娲"": 173, ""少昊"": 12, ""少皞"": 4, ""帝江"": 41, ""帝鸿"": 1, ""帝鸿氏"": 1, ""应龙"": 95, ""有熊氏"": 2, ""榆罔"": 2, ""涿鹿"": 12, ""炎帝"": 78, ""神农"": 223, ""禹"": 1044, ""精卫"": 27, ""缙云氏"": 1, ""蚩尤"": 152, ""赤帝"": 5, ""轩辕"": 236, ""轩辕氏"": 15, ""阪泉"": 11, ""雨师"": 14, ""颛顼"": 26, ""风伯"": 8, ""鲧"": 37, ""黄帝"": 526, ""黄帝氏"": 1}"
GCI-HOLD-0002,1447,data/CASIA-LM_ChineseWebText2.0_partial-001447.parquet,276549132,0875455d074cc586528b520827c5e33610df2984d69eaad8153df3b3c98cbac1,100000,1,4917,"{""九黎"": 19, ""共工"": 108, ""共工氏"": 5, ""句龙"": 1, ""后土"": 75, ""太昊"": 40, ""太皞"": 4, ""女娃"": 56, ""女娲"": 246, ""少昊"": 97, ""少皞"": 6, ""帝江"": 2, ""帝鸿"": 2, ""帝鸿氏"": 2, ""应龙"": 50, ""有熊氏"": 10, ""榆罔"": 4, ""涿鹿"": 42, ""炎帝"": 198, ""神农"": 430, ""禹"": 1529, ""精卫"": 248, ""缙云氏"": 3, ""蚩尤"": 97, ""赤帝"": 15, ""轩辕"": 263, ""轩辕氏"": 26, ""阪泉"": 23, ""雨师"": 12, ""颛顼"": 152, ""风伯"": 17, ""鲧"": 66, ""黄帝"": 1069}"
GCI-HOLD-0002,1448,data/CASIA-LM_ChineseWebText2.0_partial-001448.parquet,280063758,5d84da08b1d1631d35f9a00f6c0a6cfab3442d828204952a03c0057c8de13358,100000,1,5612,"{""九黎"": 12, ""共工"": 172, ""共工氏"": 8, ""句龙"": 1, ""后土"": 59, ""太昊"": 50, ""太皞"": 1, ""女娃"": 15, ""女娲"": 258, ""少昊"": 84, ""少皞"": 1, ""帝江"": 2, ""帝鸿"": 2, ""帝鸿氏"": 1, ""应龙"": 39, ""有熊氏"": 12, ""榆罔"": 2, ""涿鹿"": 48, ""炎帝"": 247, ""神农"": 548, ""禹"": 1815, ""精卫"": 236, ""缙云氏"": 1, ""蚩尤"": 141, ""赤帝"": 7, ""轩辕"": 220, ""轩辕氏"": 27, ""阪泉"": 10, ""雨师"": 24, ""颛顼"": 179, ""风伯"": 45, ""鲧"": 77, ""黄帝"": 1267, ""黄帝氏"": 1}"
GCI-HOLD-0002,1449,data/CASIA-LM_ChineseWebText2.0_partial-001449.parquet,276651412,14aaffa6a81ba1f3651f2a0b68d17a36ee1f19440e7843764b8a77793b53a3ff,100000,1,7412,"{""九黎"": 33, ""共工"": 265, ""共工氏"": 48, ""句龙"": 1, ""后土"": 77, ""太昊"": 56, ""太皞"": 6, ""女娃"": 78, ""女娲"": 314, ""少昊"": 71, ""少皞"": 4, ""帝江"": 1, ""帝鸿"": 7, ""帝鸿氏"": 7, ""应龙"": 76, ""有熊氏"": 14, ""榆罔"": 5, ""涿鹿"": 74, ""炎帝"": 314, ""神农"": 533, ""禹"": 2250, ""精卫"": 308, ""缙云氏"": 2, ""蚩尤"": 371, ""赤帝"": 23, ""轩辕"": 267, ""轩辕氏"": 20, ""阪泉"": 17, ""雨师"": 26, ""颛顼"": 245, ""风伯"": 40, ""鲧"": 134, ""黄帝"": 1719, ""黄帝氏"": 6}"
GCI-HOLD-0002,1450,data/CASIA-LM_ChineseWebText2.0_partial-001450.parquet,260594807,4c405f4aa07fe4ff629846c312a888d3927a7094d5a9d43cf7d7c6a1c403501f,100000,1,6090,"{""九黎"": 45, ""共工"": 148, ""共工氏"": 18, ""句龙"": 5, ""后土"": 84, ""太昊"": 19, ""太皞"": 8, ""女娃"": 27, ""女娲"": 204, ""少昊"": 66, ""少皞"": 18, ""帝江"": 10, ""帝鸿"": 5, ""帝鸿氏"": 4, ""应龙"": 106, ""有熊氏"": 13, ""榆罔"": 1, ""涿鹿"": 77, ""炎帝"": 302, ""神农"": 721, ""禹"": 1697, ""精卫"": 187, ""缙云氏"": 9, ""蚩尤"": 493, ""赤帝"": 23, ""轩辕"": 298, ""轩辕氏"": 30, ""阪泉"": 18, ""雨师"": 18, ""颛顼"": 173, ""风伯"": 18, ""鲧"": 59, ""黄帝"": 1183, ""黄帝氏"": 3}"
GCI-HOLD-0002,1451,data/CASIA-LM_ChineseWebText2.0_partial-001451.parquet,255999997,6400000bcf45be2d62efa69503b7dc964a4a272eb1cb93724acc496c29f3da01,100000,1,5115,"{""九黎"": 9, ""共工"": 133, ""共工氏"": 7, ""句龙"": 1, ""后土"": 253, ""太昊"": 6, ""女娃"": 51, ""女娲"": 237, ""少昊"": 63, ""少皞"": 4, ""帝江"": 27, ""帝鸿"": 9, ""帝鸿氏"": 2, ""应龙"": 95, ""有熊氏"": 5, ""榆罔"": 1, ""涿鹿"": 21, ""炎帝"": 200, ""神农"": 367, ""禹"": 1883, ""精卫"": 222, ""缙云氏"": 2, ""蚩尤"": 106, ""赤帝"": 13, ""轩辕"": 243, ""轩辕氏"": 7, ""阪泉"": 8, ""雨师"": 7, ""颛顼"": 125, ""风伯"": 8, ""鲧"": 63, ""黄帝"": 937}"
GCI-HOLD-0002,1452,data/CASIA-LM_ChineseWebText2.0_partial-001452.parquet,248884787,dd8a5dd8b4ba9468a5105fac805f9e49a6726768a21c8b92cc0b106543e70e2c,100000,1,3019,"{""九黎"": 9, ""共工"": 80, ""共工氏"": 15, ""句龙"": 2, ""后土"": 76, ""太昊"": 3, ""女娃"": 43, ""女娲"": 142, ""少昊"": 48, ""帝江"": 2, ""帝鸿"": 14, ""帝鸿氏"": 7, ""应龙"": 86, ""有熊氏"": 6, ""榆罔"": 12, ""涿鹿"": 37, ""炎帝"": 96, ""神农"": 279, ""禹"": 1087, ""精卫"": 92, ""蚩尤"": 127, ""赤帝"": 4, ""轩辕"": 205, ""轩辕氏"": 4, ""阪泉"": 9, ""雨师"": 5, ""颛顼"": 39, ""风伯"": 7, ""鲧"": 34, ""黄帝"": 449}"
GCI-HOLD-0002,1453,data/CASIA-LM_ChineseWebText2.0_partial-001453.parquet,252119106,0d4cc2932575b11cdc82268ee2b68be6564a839b6bce93489e0f755906749b07,100000,1,3390,"{""九黎"": 24, ""共工"": 87, ""共工氏"": 5, ""后土"": 96, ""太昊"": 5, ""女娃"": 55, ""女娲"": 140, ""少昊"": 12, ""帝江"": 7, ""应龙"": 104, ""有熊氏"": 2, ""榆罔"": 1, ""涿鹿"": 43, ""炎帝"": 72, ""神农"": 314, ""禹"": 1234, ""精卫"": 90, ""缙云氏"": 1, ""蚩尤"": 100, ""赤帝"": 12, ""轩辕"": 212, ""轩辕氏"": 6, ""阪泉"": 8, ""雨师"": 15, ""颛顼"": 36, ""风伯"": 10, ""鲧"": 86, ""黄帝"": 613}"
GCI-HOLD-0002,1454,data/CASIA-LM_ChineseWebText2.0_partial-001454.parquet,266306756,5449339667e0b15db71db53225f7a8219c5e0850a982076377a0310ce8e50225,100000,1,5879,"{""九黎"": 16, ""共工"": 187, ""共工氏"": 8, ""句龙"": 2, ""后土"": 81, ""太昊"": 36, ""太皞"": 6, ""女娃"": 38, ""女娲"": 288, ""少昊"": 64, ""少皞"": 7, ""帝江"": 12, ""帝鸿"": 9, ""帝鸿氏"": 1, ""应龙"": 74, ""有熊氏"": 5, ""榆罔"": 1, ""涿鹿"": 28, ""炎帝"": 174, ""神农"": 387, ""禹"": 2003, ""精卫"": 526, ""蚩尤"": 123, ""赤帝"": 22, ""轩辕"": 275, ""轩辕氏"": 16, ""阪泉"": 6, ""雨师"": 25, ""颛顼"": 215, ""风伯"": 15, ""鲧"": 74, ""黄帝"": 1152, ""黄帝氏"": 3}"
GCI-HOLD-0002,1455,data/CASIA-LM_ChineseWebText2.0_partial-001455.parquet,266309564,af4b26f8f199d0f35136a5a041fd53b3705978c8341dd364c70f53dfa1d4a63a,100000,1,6711,"{""九黎"": 47, ""共工"": 197, ""共工氏"": 15, ""句龙"": 3, ""后土"": 98, ""太昊"": 63, ""太皞"": 4, ""女娃"": 27, ""女娲"": 431, ""少昊"": 74, ""少皞"": 9, ""帝江"": 18, ""帝鸿"": 11, ""帝鸿氏"": 2, ""应龙"": 62, ""有熊氏"": 9, ""榆罔"": 9, ""涿鹿"": 69, ""炎帝"": 408, ""神农"": 585, ""禹"": 2049, ""精卫"": 188, ""缙云氏"": 2, ""蚩尤"": 304, ""赤帝"": 17, ""轩辕"": 254, ""轩辕氏"": 37, ""阪泉"": 45, ""雨师"": 29, ""颛顼"": 216, ""风伯"": 11, ""鲧"": 78, ""黄帝"": 1335, ""黄帝氏"": 5}"
GCI-HOLD-0002,1456,data/CASIA-LM_ChineseWebText2.0_partial-001456.parquet,263389007,e27a79a447f8553461f3005cd55b15118e06d52c5bca19f2fdbced606eb7cd7b,100000,1,3190,"{""九黎"": 19, ""共工"": 103, ""共工氏"": 16, ""句龙"": 1, ""后土"": 46, ""太昊"": 5, ""太皞"": 2, ""女娃"": 53, ""女娲"": 167, ""少昊"": 34, ""少皞"": 10, ""帝江"": 6, ""应龙"": 86, ""有熊氏"": 3, ""榆罔"": 20, ""涿鹿"": 14, ""炎帝"": 177, ""神农"": 251, ""禹"": 1000, ""精卫"": 57, ""蚩尤"": 163, ""赤帝"": 1, ""轩辕"": 168, ""轩辕氏"": 9, ""阪泉"": 14, ""雨师"": 10, ""颛顼"": 28, ""风伯"": 11, ""鲧"": 44, ""黄帝"": 670, ""黄帝氏"": 2}"
GCI-HOLD-0002,1457,data/CASIA-LM_ChineseWebText2.0_partial-001457.parquet,249243826,8f20f78dc0633e3d89136590ba8d1ead13b92587d74fea6f33fae5b5acf43cee,100000,1,3001,"{""九黎"": 23, ""共工"": 97, ""共工氏"": 3, ""句龙"": 1, ""后土"": 40, ""太昊"": 1, ""太皞"": 3, ""女娃"": 61, ""女娲"": 119, ""少昊"": 36, ""少皞"": 4, ""帝江"": 1, ""帝鸿"": 2, ""帝鸿氏"": 1, ""应龙"": 35, ""有熊氏"": 3, ""榆罔"": 1, ""涿鹿"": 9, ""炎帝"": 83, ""神农"": 189, ""禹"": 1116, ""精卫"": 45, ""蚩尤"": 61, ""赤帝"": 7, ""轩辕"": 451, ""轩辕氏"": 11, ""阪泉"": 3, ""雨师"": 23, ""颛顼"": 25, ""风伯"": 7, ""鲧"": 23, ""黄帝"": 517}"
GCI-HOLD-0002,1458,data/CASIA-LM_ChineseWebText2.0_partial-001458.parquet,250211381,fa72cd0a5da3894a7c6cfa166e0a42190050c2f8bace3bfbf0358361aeabbaf0,100000,1,3144,"{""九黎"": 53, ""共工"": 114, ""共工氏"": 12, ""句龙"": 2, ""后土"": 51, ""太昊"": 2, ""女娃"": 51, ""女娲"": 192, ""少昊"": 7, ""少皞"": 7, ""帝江"": 5, ""应龙"": 43, ""有熊氏"": 1, ""涿鹿"": 28, ""炎帝"": 76, ""神农"": 137, ""禹"": 974, ""精卫"": 46, ""蚩尤"": 153, ""赤帝"": 5, ""轩辕"": 435, ""轩辕氏"": 2, ""阪泉"": 5, ""雨师"": 23, ""颛顼"": 33, ""风伯"": 23, ""鲧"": 53, ""黄帝"": 611}"
GCI-HOLD-0002,1459,data/CASIA-LM_ChineseWebText2.0_partial-001459.parquet,255336703,5d213194449c5f615cf7bec63cf9a34f5ff8507098d02d220d486dc4ea0854d8,100000,1,5795,"{""九黎"": 23, ""共工"": 181, ""共工氏"": 12, ""句龙"": 4, ""后土"": 67, ""太昊"": 66, ""太皞"": 6, ""女娃"": 59, ""女娲"": 302, ""少昊"": 84, ""少皞"": 2, ""帝江"": 8, ""帝鸿"": 3, ""帝鸿氏"": 2, ""应龙"": 56, ""有熊氏"": 7, ""榆罔"": 8, ""涿鹿"": 47, ""炎帝"": 190, ""神农"": 511, ""禹"": 1566, ""精卫"": 215, ""缙云氏"": 2, ""蚩尤"": 229, ""赤帝"": 24, ""轩辕"": 405, ""轩辕氏"": 16, ""阪泉"": 14, ""雨师"": 15, ""颛顼"": 115, ""风伯"": 14, ""鲧"": 49, ""黄帝"": 1493}"
GCI-HOLD-0002,1460,data/CASIA-LM_ChineseWebText2.0_partial-001460.parquet,260535168,46b97eab99c63a953430ef5d5e0d3143688b6b5a22e20b03a6b6ecbf7568f8e8,100000,1,6572,"{""九黎"": 18, ""共工"": 193, ""共工氏"": 13, ""句龙"": 6, ""后土"": 60, ""太昊"": 54, ""太皞"": 19, ""女娃"": 19, ""女娲"": 378, ""少昊"": 180, ""少皞"": 11, ""帝鸿"": 9, ""帝鸿氏"": 1, ""应龙"": 52, ""有熊氏"": 8, ""榆罔"": 35, ""涿鹿"": 98, ""炎帝"": 484, ""神农"": 719, ""禹"": 1605, ""精卫"": 222, ""缙云氏"": 1, ""蚩尤"": 213, ""赤帝"": 15, ""轩辕"": 288, ""轩辕氏"": 62, ""阪泉"": 35, ""雨师"": 12, ""颛顼"": 227, ""风伯"": 16, ""鲧"": 92, ""黄帝"": 1423, ""黄帝氏"": 4}"
GCI-HOLD-0002,1461,data/CASIA-LM_ChineseWebText2.0_partial-001461.parquet,255368487,56ee909f2d5d7fca81579d274899d10b493ed1cd697fd9f609d8260e0fa06360,100000,1,5684,"{""九黎"": 39, ""共工"": 177, ""共工氏"": 18, ""句龙"": 1, ""后土"": 52, ""太昊"": 23, ""太皞"": 3, ""女娃"": 36, ""女娲"": 338, ""少昊"": 59, ""少皞"": 3, ""帝江"": 4, ""帝鸿"": 5, ""帝鸿氏"": 3, ""应龙"": 23, ""有熊氏"": 18, ""榆罔"": 4, ""涿鹿"": 38, ""炎帝"": 239, ""神农"": 566, ""禹"": 1885, ""精卫"": 158, ""缙云氏"": 18, ""蚩尤"": 189, ""赤帝"": 12, ""轩辕"": 287, ""轩辕氏"": 11, ""阪泉"": 8, ""雨师"": 18, ""颛顼"": 207, ""风伯"": 12, ""鲧"": 90, ""黄帝"": 1140}"
GCI-HOLD-0002,1462,data/CASIA-LM_ChineseWebText2.0_partial-001462.parquet,246592201,34509e49c7a0a90b5fa18461734d8e9e7f8b5c7f12638bd89fc16db983d3bb84,100000,1,2819,"{""九黎"": 12, ""共工"": 126, ""共工氏"": 10, ""句龙"": 1, ""后土"": 64, ""太昊"": 104, ""女娃"": 72, ""女娲"": 348, ""少昊"": 11, ""少皞"": 3, ""帝江"": 31, ""帝鸿"": 2, ""帝鸿氏"": 1, ""应龙"": 56, ""有熊氏"": 3, ""榆罔"": 3, ""涿鹿"": 16, ""炎帝"": 56, ""神农"": 191, ""禹"": 850, ""精卫"": 59, ""缙云氏"": 5, ""蚩尤"": 39, ""赤帝"": 6, ""轩辕"": 236, ""轩辕氏"": 4, ""阪泉"": 1, ""雨师"": 39, ""颛顼"": 40, ""风伯"": 4, ""鲧"": 31, ""黄帝"": 395}"
GCI-HOLD-0002,1463,data/CASIA-LM_ChineseWebText2.0_partial-001463.parquet,251517190,4cf12b008351e88a3a2bccd2ce5c040ed0f115d7f7bd07e77f81a27084e07e20,100000,1,4006,"{""九黎"": 96, ""共工"": 212, ""共工氏"": 18, ""句龙"": 11, ""后土"": 66, ""太昊"": 20, ""女娃"": 50, ""女娲"": 264, ""少昊"": 49, ""少皞"": 19, ""帝江"": 5, ""帝鸿"": 4, ""帝鸿氏"": 4, ""应龙"": 53, ""有熊氏"": 2, ""涿鹿"": 17, ""炎帝"": 162, ""神农"": 249, ""禹"": 1263, ""精卫"": 81, ""缙云氏"": 4, ""蚩尤"": 91, ""赤帝"": 10, ""轩辕"": 252, ""轩辕氏"": 16, ""阪泉"": 11, ""雨师"": 33, ""颛顼"": 87, ""风伯"": 19, ""鲧"": 137, ""黄帝"": 698, ""黄帝氏"": 3}"
GCI-HOLD-0002,1464,data/CASIA-LM_ChineseWebText2.0_partial-001464.parquet,252791877,f6ed1c79801208929b349224fc33fe4a13f4d531d2f03402a48781bd95b880d2,100000,1,3641,"{""九黎"": 18, ""共工"": 129, ""共工氏"": 6, ""句龙"": 1, ""后土"": 71, ""太昊"": 17, ""女娃"": 91, ""女娲"": 248, ""少昊"": 8, ""少皞"": 5, ""帝江"": 4, ""帝鸿"": 2, ""应龙"": 41, ""有熊氏"": 1, ""涿鹿"": 15, ""炎帝"": 123, ""神农"": 268, ""禹"": 1322, ""精卫"": 221, ""蚩尤"": 111, ""赤帝"": 15, ""轩辕"": 250, ""轩辕氏"": 6, ""阪泉"": 6, ""雨师"": 11, ""颛顼"": 55, ""风伯"": 20, ""鲧"": 64, ""黄帝"": 512}"
GCI-HOLD-0002,1465,data/CASIA-LM_ChineseWebText2.0_partial-001465.parquet,254387404,b59c1212ec4e2f671dbf1154f2e164ff27f85fd44d18aaedb01475dc2ccd8b8f,100000,1,3535,"{""九黎"": 10, ""共工"": 123, ""共工氏"": 10, ""句龙"": 3, ""后土"": 53, ""太昊"": 49, ""女娃"": 52, ""女娲"": 227, ""少昊"": 27, ""少皞"": 10, ""帝江"": 16, ""应龙"": 39, ""有熊氏"": 1, ""榆罔"": 2, ""涿鹿"": 15, ""炎帝"": 132, ""神农"": 282, ""禹"": 1141, ""精卫"": 31, ""蚩尤"": 106, ""赤帝"": 23, ""轩辕"": 251, ""轩辕氏"": 9, ""阪泉"": 10, ""雨师"": 13, ""颛顼"": 49, ""风伯"": 11, ""鲧"": 48, ""黄帝"": 792}"
GCI-HOLD-0002,1466,data/CASIA-LM_ChineseWebText2.0_partial-001466.parquet,256780618,447ebb0a94e868fa35c6465c138e4527c8d2396c5a2960aa665832432b26a283,100000,1,5453,"{""九黎"": 21, ""共工"": 121, ""共工氏"": 8, ""句龙"": 6, ""后土"": 64, ""太昊"": 71, ""女娃"": 26, ""女娲"": 382, ""少昊"": 32, ""少皞"": 3, ""帝江"": 9, ""帝鸿"": 3, ""帝鸿氏"": 3, ""应龙"": 80, ""有熊氏"": 9, ""榆罔"": 1, ""涿鹿"": 33, ""炎帝"": 167, ""神农"": 423, ""禹"": 1847, ""精卫"": 139, ""缙云氏"": 10, ""蚩尤"": 115, ""赤帝"": 9, ""轩辕"": 519, ""轩辕氏"": 15, ""阪泉"": 4, ""雨师"": 28, ""颛顼"": 134, ""风伯"": 10, ""鲧"": 79, ""黄帝"": 1081, ""黄帝氏"": 1}"
GCI-HOLD-0002,1467,data/CASIA-LM_ChineseWebText2.0_partial-001467.parquet,257249542,8d6c31c4a6caf6b75ff8a6f7146fff475981dbd1be95f6b24efe14324c5576d3,100000,1,6176,"{""九黎"": 29, ""共工"": 108, ""共工氏"": 3, ""后土"": 85, ""太昊"": 24, ""太皞"": 1, ""女娃"": 24, ""女娲"": 192, ""少昊"": 53, ""少皞"": 2, ""帝江"": 12, ""帝鸿"": 4, ""帝鸿氏"": 3, ""应龙"": 94, ""有熊氏"": 13, ""榆罔"": 41, ""涿鹿"": 72, ""炎帝"": 450, ""神农"": 478, ""禹"": 1875, ""精卫"": 244, ""缙云氏"": 1, ""蚩尤"": 240, ""赤帝"": 21, ""轩辕"": 426, ""轩辕氏"": 43, ""阪泉"": 31, ""雨师"": 14, ""颛顼"": 136, ""风伯"": 15, ""鲧"": 90, ""黄帝"": 1347, ""黄帝氏"": 5}"
GCI-HOLD-0002,1468,data/CASIA-LM_ChineseWebText2.0_partial-001468.parquet,262235666,9e3195a7c2b72c1647bd21c61f7ddb679da38eb0f1c4796dac3368abb48f860a,100000,1,6946,"{""九黎"": 28, ""共工"": 154, ""共工氏"": 12, ""句龙"": 2, ""后土"": 175, ""太昊"": 14, ""太皞"": 1, ""女娃"": 32, ""女娲"": 212, ""少昊"": 80, ""少皞"": 6, ""帝江"": 11, ""帝鸿"": 6, ""帝鸿氏"": 3, ""应龙"": 100, ""有熊氏"": 16, ""榆罔"": 26, ""涿鹿"": 65, ""炎帝"": 573, ""神农"": 635, ""禹"": 1781, ""精卫"": 247, ""缙云氏"": 1, ""蚩尤"": 261, ""赤帝"": 20, ""轩辕"": 463, ""轩辕氏"": 37, ""阪泉"": 24, ""雨师"": 23, ""颛顼"": 201, ""风伯"": 23, ""鲧"": 117, ""黄帝"": 1594, ""黄帝氏"": 3}"
GCI-HOLD-0002,1469,data/CASIA-LM_ChineseWebText2.0_partial-001469.parquet,246320899,18687a175651a2b16f5ab1519ad39a3caf299bccb97cd3373efaa266cc5798b5,100000,1,4314,"{""九黎"": 70, ""共工"": 93, ""共工氏"": 7, ""句龙"": 8, ""后土"": 85, ""太昊"": 55, ""太皞"": 1, ""女娃"": 65, ""女娲"": 187, ""少昊"": 47, ""少皞"": 8, ""帝江"": 18, ""帝鸿"": 1, ""帝鸿氏"": 1, ""应龙"": 25, ""有熊氏"": 5, ""涿鹿"": 19, ""炎帝"": 97, ""神农"": 204, ""禹"": 1098, ""精卫"": 43, ""蚩尤"": 318, ""赤帝"": 8, ""轩辕"": 1082, ""轩辕氏"": 4, ""阪泉"": 8, ""雨师"": 12, ""颛顼"": 61, ""风伯"": 12, ""鲧"": 42, ""黄帝"": 630}"
GCI-HOLD-0002,1470,data/CASIA-LM_ChineseWebText2.0_partial-001470.parquet,248297165,9e1d3a526bbd43ba2727db6bbcb057ac7da06594435484d16b0e7b54de433bb1,100000,1,3808,"{""九黎"": 14, ""共工"": 83, ""共工氏"": 8, ""句龙"": 2, ""后土"": 78, ""太昊"": 2, ""女娃"": 59, ""女娲"": 172, ""少昊"": 28, ""少皞"": 2, ""帝江"": 3, ""应龙"": 40, ""有熊氏"": 3, ""榆罔"": 1, ""涿鹿"": 40, ""炎帝"": 213, ""神农"": 243, ""禹"": 1453, ""精卫"": 83, ""蚩尤"": 143, ""赤帝"": 11, ""轩辕"": 185, ""轩辕氏"": 6, ""阪泉"": 5, ""雨师"": 20, ""颛顼"": 73, ""风伯"": 16, ""鲧"": 74, ""黄帝"": 748}"
GCI-HOLD-0002,1471,data/CASIA-LM_ChineseWebText2.0_partial-001471.parquet,260428864,dc82876f520fe51d37d1b3e82d839a8ca5bc481077777e2f86500c50f1e9528a,100000,1,6703,"{""九黎"": 30, ""共工"": 201, ""共工氏"": 18, ""句龙"": 5, ""后土"": 70, ""太昊"": 12, ""太皞"": 1, ""女娃"": 52, ""女娲"": 292, ""少昊"": 76, ""少皞"": 7, ""帝江"": 5, ""帝鸿"": 6, ""帝鸿氏"": 6, ""应龙"": 59, ""有熊氏"": 16, ""榆罔"": 4, ""涿鹿"": 45, ""炎帝"": 351, ""神农"": 561, ""禹"": 1869, ""精卫"": 515, ""缙云氏"": 9, ""蚩尤"": 207, ""赤帝"": 18, ""轩辕"": 395, ""轩辕氏"": 19, ""阪泉"": 22, ""雨师"": 12, ""颛顼"": 247, ""风伯"": 20, ""鲧"": 76, ""黄帝"": 1473, ""黄帝氏"": 4}"
GCI-HOLD-0002,1472,data/CASIA-LM_ChineseWebText2.0_partial-001472.parquet,259546648,a9714080dcd04d4ace219b5fcc572552b4e34f4fe64065720f6a16e5f8d3746d,100000,1,6265,"{""九黎"": 76, ""共工"": 179, ""共工氏"": 17, ""句龙"": 1, ""后土"": 49, ""太昊"": 89, ""太皞"": 1, ""女娃"": 40, ""女娲"": 227, ""少昊"": 148, ""少皞"": 4, ""帝江"": 9, ""帝鸿"": 6, ""帝鸿氏"": 3, ""应龙"": 71, ""有熊氏"": 13, ""榆罔"": 3, ""涿鹿"": 70, ""炎帝"": 422, ""神农"": 469, ""禹"": 1530, ""精卫"": 213, ""缙云氏"": 1, ""蚩尤"": 280, ""赤帝"": 11, ""轩辕"": 376, ""轩辕氏"": 26, ""阪泉"": 21, ""雨师"": 22, ""颛顼"": 266, ""风伯"": 18, ""鲧"": 75, ""黄帝"": 1525, ""黄帝氏"": 4}"
GCI-HOLD-0002,1473,data/CASIA-LM_ChineseWebText2.0_partial-001473.parquet,263437706,8b95089c6213cd653e488df6b3025bc69bdbf8ebca7cf9d9c2edd35315557307,100000,1,8434,"{""九黎"": 31, ""共工"": 137, ""共工氏"": 17, ""句龙"": 5, ""后土"": 63, ""太昊"": 34, ""太皞"": 5, ""女娃"": 40, ""女娲"": 314, ""少昊"": 77, ""少皞"": 11, ""帝江"": 5, ""帝鸿"": 8, ""帝鸿氏"": 3, ""应龙"": 74, ""有熊氏"": 16, ""榆罔"": 11, ""涿鹿"": 160, ""炎帝"": 766, ""神农"": 556, ""禹"": 2333, ""精卫"": 385, ""缙云氏"": 1, ""蚩尤"": 273, ""赤帝"": 29, ""轩辕"": 502, ""轩辕氏"": 41, ""阪泉"": 50, ""雨师"": 9, ""颛顼"": 163, ""风伯"": 16, ""鲧"": 94, ""黄帝"": 2196, ""黄帝氏"": 9}"
GCI-HOLD-0002,1474,data/CASIA-LM_ChineseWebText2.0_partial-001474.parquet,262418878,fd6af814a948511d51d0f151c461a914923d15ce8d6319f7ac055f01846864a4,100000,1,5485,"{""九黎"": 60, ""共工"": 166, ""共工氏"": 11, ""句龙"": 5, ""后土"": 70, ""太昊"": 33, ""太皞"": 5, ""女娃"": 62, ""女娲"": 326, ""少昊"": 57, ""少皞"": 2, ""帝江"": 4, ""帝鸿"": 1, ""帝鸿氏"": 1, ""应龙"": 68, ""有熊氏"": 10, ""榆罔"": 4, ""涿鹿"": 39, ""炎帝"": 225, ""神农"": 344, ""禹"": 1742, ""精卫"": 263, ""缙云氏"": 9, ""蚩尤"": 254, ""赤帝"": 17, ""轩辕"": 351, ""轩辕氏"": 23, ""阪泉"": 8, ""雨师"": 12, ""颛顼"": 147, ""风伯"": 10, ""鲧"": 69, ""黄帝"": 1085, ""黄帝氏"": 2}"
GCI-HOLD-0002,1475,data/CASIA-LM_ChineseWebText2.0_partial-001475.parquet,269440471,67cbd56cb9703884553911a77642f744332a8222ecf7802579620146054e9f97,100000,1,6013,"{""九黎"": 95, ""共工"": 168, ""共工氏"": 21, ""句龙"": 1, ""后土"": 56, ""太昊"": 86, ""太皞"": 4, ""女娃"": 18, ""女娲"": 360, ""少昊"": 59, ""少皞"": 5, ""帝江"": 6, ""帝鸿"": 2, ""帝鸿氏"": 1, ""应龙"": 57, ""有熊氏"": 7, ""榆罔"": 3, ""涿鹿"": 83, ""炎帝"": 228, ""神农"": 476, ""禹"": 1942, ""精卫"": 165, ""缙云氏"": 7, ""蚩尤"": 468, ""赤帝"": 10, ""轩辕"": 223, ""轩辕氏"": 19, ""阪泉"": 22, ""雨师"": 13, ""颛顼"": 122, ""风伯"": 11, ""鲧"": 83, ""黄帝"": 1192}"
GCI-HOLD-0002,1476,data/CASIA-LM_ChineseWebText2.0_partial-001476.parquet,280620171,6482bfef3a5d0b448427a8a8bde42db46430d505f9e0f33fc4f059bdfbfd330d,100000,1,7193,"{""九黎"": 27, ""共工"": 164, ""共工氏"": 15, ""句龙"": 1, ""后土"": 84, ""太昊"": 46, ""太皞"": 6, ""女娃"": 33, ""女娲"": 344, ""少昊"": 44, ""少皞"": 1, ""帝江"": 3, ""帝鸿"": 4, ""帝鸿氏"": 2, ""应龙"": 49, ""有熊氏"": 16, ""榆罔"": 8, ""涿鹿"": 132, ""炎帝"": 426, ""神农"": 491, ""禹"": 2048, ""精卫"": 242, ""缙云氏"": 3, ""蚩尤"": 388, ""赤帝"": 24, ""轩辕"": 446, ""轩辕氏"": 48, ""阪泉"": 80, ""雨师"": 29, ""颛顼"": 129, ""风伯"": 26, ""鲧"": 53, ""黄帝"": 1780, ""黄帝氏"": 1}"
GCI-HOLD-0002,1477,data/CASIA-LM_ChineseWebText2.0_partial-001477.parquet,283548521,e3361111a364c3939a44d3a50cb9964ff02ce3b24fb240a8abbf509a029f974f,100000,1,7086,"{""九黎"": 13, ""共工"": 135, ""共工氏"": 12, ""句龙"": 2, ""后土"": 137, ""太昊"": 72, ""太皞"": 12, ""女娃"": 72, ""女娲"": 375, ""少昊"": 81, ""少皞"": 13, ""帝江"": 8, ""帝鸿"": 10, ""帝鸿氏"": 6, ""应龙"": 46, ""有熊氏"": 15, ""榆罔"": 8, ""涿鹿"": 29, ""炎帝"": 283, ""神农"": 501, ""禹"": 2406, ""精卫"": 321, ""缙云氏"": 3, ""蚩尤"": 190, ""赤帝"": 16, ""轩辕"": 477, ""轩辕氏"": 30, ""阪泉"": 11, ""雨师"": 19, ""颛顼"": 249, ""风伯"": 9, ""鲧"": 101, ""黄帝"": 1422, ""黄帝氏"": 2}"
GCI-HOLD-0002,1478,data/CASIA-LM_ChineseWebText2.0_partial-001478.parquet,271468563,53f726faeb43ac41fc6affdab69eff3587f3ba785f357f44c54483ef5b0484fc,100000,1,5646,"{""九黎"": 24, ""共工"": 161, ""共工氏"": 20, ""句龙"": 4, ""后土"": 46, ""太昊"": 36, ""太皞"": 6, ""女娃"": 23, ""女娲"": 248, ""少昊"": 35, ""少皞"": 4, ""帝江"": 10, ""帝鸿"": 5, ""帝鸿氏"": 3, ""应龙"": 39, ""有熊氏"": 7, ""榆罔"": 5, ""涿鹿"": 42, ""炎帝"": 226, ""神农"": 416, ""禹"": 1892, ""精卫"": 328, ""缙云氏"": 1, ""蚩尤"": 165, ""赤帝"": 13, ""轩辕"": 334, ""轩辕氏"": 25, ""阪泉"": 10, ""雨师"": 4, ""颛顼"": 108, ""风伯"": 5, ""鲧"": 79, ""黄帝"": 1322}"
GCI-HOLD-0002,1479,data/CASIA-LM_ChineseWebText2.0_partial-001479.parquet,252961797,3b8af49fecf2d01d97813f7c84915d3ec9b9e014e9e60fd16b7355c5a2eb69b2,100000,1,3982,"{""九黎"": 31, ""共工"": 121, ""共工氏"": 23, ""句龙"": 4, ""后土"": 65, ""太昊"": 12, ""太皞"": 3, ""女娃"": 38, ""女娲"": 176, ""少昊"": 51, ""少皞"": 12, ""帝江"": 2, ""应龙"": 43, ""有熊氏"": 7, ""榆罔"": 1, ""涿鹿"": 30, ""炎帝"": 94, ""神农"": 315, ""禹"": 1552, ""精卫"": 133, ""蚩尤"": 158, ""赤帝"": 13, ""轩辕"": 175, ""轩辕氏"": 7, ""阪泉"": 5, ""雨师"": 12, ""颛顼"": 106, ""风伯"": 6, ""鲧"": 113, ""黄帝"": 674}"
GCI-HOLD-0002,1480,data/CASIA-LM_ChineseWebText2.0_partial-001480.parquet,248186226,7c73e4d26377a1f0c0986bed914a207dabe8c667a6def32887929cce7464b626,100000,1,2532,"{""九黎"": 16, ""共工"": 75, ""句龙"": 1, ""后土"": 49, ""太昊"": 9, ""女娃"": 48, ""女娲"": 153, ""少昊"": 28, ""少皞"": 1, ""帝江"": 8, ""应龙"": 96, ""榆罔"": 2, ""涿鹿"": 11, ""炎帝"": 111, ""神农"": 171, ""禹"": 928, ""精卫"": 70, ""缙云氏"": 2, ""蚩尤"": 64, ""赤帝"": 7, ""轩辕"": 182, ""轩辕氏"": 7, ""雨师"": 7, ""颛顼"": 27, ""风伯"": 5, ""鲧"": 13, ""黄帝"": 441}"
GCI-HOLD-0002,1481,data/CASIA-LM_ChineseWebText2.0_partial-001481.parquet,247601437,fbf2e9450ada5ea992029ed59ec00e6e446856df42f9db27788fab006fcae698,100000,1,3423,"{""九黎"": 26, ""共工"": 117, ""共工氏"": 2, ""句龙"": 6, ""后土"": 40, ""太昊"": 15, ""女娃"": 73, ""女娲"": 154, ""少昊"": 11, ""少皞"": 2, ""帝江"": 2, ""帝鸿"": 3, ""帝鸿氏"": 1, ""应龙"": 95, ""有熊氏"": 1, ""涿鹿"": 11, ""炎帝"": 68, ""神农"": 222, ""禹"": 1297, ""精卫"": 48, ""缙云氏"": 1, ""蚩尤"": 149, ""赤帝"": 5, ""轩辕"": 440, ""轩辕氏"": 15, ""阪泉"": 3, ""雨师"": 25, ""颛顼"": 25, ""风伯"": 7, ""鲧"": 85, ""黄帝"": 474}"
GCI-HOLD-0002,1482,data/CASIA-LM_ChineseWebText2.0_partial-001482.parquet,253094272,9df556bf5f063ee8ce971f6b5edb284db384210358a4e32b3a1aa6ce2c231176,100000,1,3672,"{""九黎"": 31, ""共工"": 52, ""共工氏"": 3, ""句龙"": 1, ""后土"": 103, ""太昊"": 14, ""太皞"": 1, ""女娃"": 90, ""女娲"": 320, ""少昊"": 16, ""少皞"": 2, ""帝江"": 2, ""帝鸿"": 3, ""帝鸿氏"": 1, ""应龙"": 78, ""有熊氏"": 3, ""榆罔"": 2, ""涿鹿"": 50, ""炎帝"": 159, ""神农"": 231, ""禹"": 1069, ""精卫"": 122, ""蚩尤"": 155, ""赤帝"": 15, ""轩辕"": 322, ""轩辕氏"": 18, ""阪泉"": 6, ""雨师"": 19, ""颛顼"": 60, ""风伯"": 14, ""鲧"": 60, ""黄帝"": 649, ""黄帝氏"": 1}"
GCI-HOLD-0002,1483,data/CASIA-LM_ChineseWebText2.0_partial-001483.parquet,248169659,f8dd62d1ebbd183a0109d7a61249f4dafa08b76ab25f83ec9b9a0fdb0d62293b,100000,1,3290,"{""九黎"": 15, ""共工"": 94, ""共工氏"": 20, ""句龙"": 1, ""后土"": 103, ""太昊"": 7, ""太皞"": 1, ""女娃"": 68, ""女娲"": 146, ""少昊"": 15, ""少皞"": 2, ""帝江"": 31, ""帝鸿"": 18, ""帝鸿氏"": 3, ""应龙"": 50, ""有熊氏"": 6, ""榆罔"": 2, ""涿鹿"": 39, ""炎帝"": 106, ""神农"": 259, ""禹"": 1028, ""精卫"": 65, ""缙云氏"": 1, ""蚩尤"": 146, ""赤帝"": 9, ""轩辕"": 311, ""轩辕氏"": 9, ""阪泉"": 10, ""雨师"": 6, ""颛顼"": 29, ""风伯"": 7, ""鲧"": 20, ""黄帝"": 663}"
GCI-HOLD-0002,1484,data/CASIA-LM_ChineseWebText2.0_partial-001484.parquet,250262327,ef019b07b6433c637381b430c45539a866a301848d2d017ad5716d55fb0e3c87,100000,1,3503,"{""九黎"": 41, ""共工"": 187, ""共工氏"": 11, ""句龙"": 2, ""后土"": 90, ""太昊"": 16, ""太皞"": 7, ""女娃"": 92, ""女娲"": 174, ""少昊"": 34, ""少皞"": 4, ""帝江"": 3, ""帝鸿"": 2, ""应龙"": 48, ""有熊氏"": 5, ""榆罔"": 1, ""涿鹿"": 9, ""炎帝"": 86, ""神农"": 200, ""禹"": 1384, ""精卫"": 41, ""蚩尤"": 88, ""赤帝"": 6, ""轩辕"": 267, ""轩辕氏"": 4, ""阪泉"": 6, ""雨师"": 29, ""颛顼"": 60, ""风伯"": 14, ""鲧"": 83, ""黄帝"": 508, ""黄帝氏"": 1}"
GCI-HOLD-0002,1485,data/CASIA-LM_ChineseWebText2.0_partial-001485.parquet,247769747,66d32c08ecf61197cdc7aa3db2300a0aaeea0603c12e070fa4cde69dae0d99e4,100000,1,2675,"{""九黎"": 25, ""共工"": 71, ""共工氏"": 5, ""句龙"": 1, ""后土"": 53, ""太昊"": 9, ""女娃"": 52, ""女娲"": 202, ""少昊"": 8, ""帝江"": 5, ""应龙"": 33, ""有熊氏"": 4, ""涿鹿"": 37, ""炎帝"": 62, ""神农"": 206, ""禹"": 982, ""精卫"": 64, ""缙云氏"": 4, ""蚩尤"": 76, ""赤帝"": 13, ""轩辕"": 216, ""轩辕氏"": 10, ""阪泉"": 3, ""雨师"": 22, ""颛顼"": 24, ""风伯"": 10, ""鲧"": 9, ""黄帝"": 469}"
GCI-HOLD-0002,1486,data/CASIA-LM_ChineseWebText2.0_partial-001486.parquet,247123144,3e40ef89f8d5ef6d598ceff449ac43790556a548c6949e9750a64170e0d4cc5b,100000,1,3507,"{""九黎"": 13, ""共工"": 111, ""共工氏"": 5, ""后土"": 87, ""太昊"": 3, ""女娃"": 100, ""女娲"": 188, ""少昊"": 26, ""少皞"": 2, ""帝江"": 14, ""帝鸿"": 2, ""应龙"": 77, ""有熊氏"": 7, ""榆罔"": 1, ""涿鹿"": 17, ""炎帝"": 152, ""神农"": 280, ""禹"": 765, ""精卫"": 44, ""蚩尤"": 107, ""赤帝"": 6, ""轩辕"": 460, ""轩辕氏"": 10, ""阪泉"": 10, ""雨师"": 10, ""颛顼"": 49, ""风伯"": 7, ""鲧"": 80, ""黄帝"": 874}"
GCI-HOLD-0002,1487,data/CASIA-LM_ChineseWebText2.0_partial-001487.parquet,259499190,6a4eb951380cef68a47aaa30fb2bd235669bbd94bc52d8bd1d508fa82f1a921f,100000,1,4958,"{""九黎"": 51, ""共工"": 222, ""共工氏"": 61, ""句龙"": 1, ""后土"": 61, ""太昊"": 30, ""女娃"": 32, ""女娲"": 307, ""少昊"": 56, ""少皞"": 8, ""帝江"": 2, ""帝鸿"": 6, ""帝鸿氏"": 3, ""应龙"": 105, ""有熊氏"": 8, ""榆罔"": 1, ""涿鹿"": 33, ""炎帝"": 180, ""神农"": 362, ""禹"": 1457, ""精卫"": 153, ""缙云氏"": 6, ""蚩尤"": 239, ""赤帝"": 13, ""轩辕"": 200, ""轩辕氏"": 6, ""阪泉"": 11, ""雨师"": 18, ""颛顼"": 151, ""风伯"": 11, ""鲧"": 80, ""黄帝"": 1080, ""黄帝氏"": 4}"
GCI-HOLD-0002,1488,data/CASIA-LM_ChineseWebText2.0_partial-001488.parquet,257132362,812f7fb88accb0b1c8dd99551e7486fe4f23bb0a1684c021c8066c8b44404715,100000,1,6094,"{""九黎"": 38, ""共工"": 177, ""共工氏"": 21, ""句龙"": 4, ""后土"": 64, ""太昊"": 43, ""太皞"": 9, ""女娃"": 18, ""女娲"": 470, ""少昊"": 59, ""少皞"": 6, ""帝江"": 4, ""帝鸿"": 4, ""帝鸿氏"": 1, ""应龙"": 54, ""有熊氏"": 6, ""榆罔"": 30, ""涿鹿"": 68, ""炎帝"": 365, ""神农"": 704, ""禹"": 1574, ""精卫"": 196, ""蚩尤"": 149, ""赤帝"": 11, ""轩辕"": 346, ""轩辕氏"": 40, ""阪泉"": 29, ""雨师"": 17, ""颛顼"": 184, ""风伯"": 10, ""鲧"": 41, ""黄帝"": 1349, ""黄帝氏"": 3}"
GCI-HOLD-0002,1489,data/CASIA-LM_ChineseWebText2.0_partial-001489.parquet,258476316,228ca7cd41ffba161077a05dbe9fe16559a59ef5a25acabc34f75af60f332b6f,100000,1,6520,"{""九黎"": 19, ""共工"": 210, ""共工氏"": 32, ""句龙"": 2, ""后土"": 86, ""太昊"": 50, ""太皞"": 7, ""女娃"": 24, ""女娲"": 420, ""少昊"": 84, ""少皞"": 6, ""帝江"": 3, ""帝鸿"": 5, ""帝鸿氏"": 4, ""应龙"": 60, ""有熊氏"": 22, ""榆罔"": 7, ""涿鹿"": 155, ""炎帝"": 290, ""神农"": 404, ""禹"": 1523, ""精卫"": 267, ""缙云氏"": 9, ""蚩尤"": 215, ""赤帝"": 16, ""轩辕"": 400, ""轩辕氏"": 46, ""阪泉"": 16, ""雨师"": 16, ""颛顼"": 355, ""风伯"": 13, ""鲧"": 107, ""黄帝"": 1646, ""黄帝氏"": 1}"
GCI-HOLD-0002,1490,data/CASIA-LM_ChineseWebText2.0_partial-001490.parquet,253853200,d90790cd14a566b112f60753b8ef3603130e2351727d54c74f5dd3754ed6f557,100000,1,5341,"{""九黎"": 19, ""共工"": 104, ""共工氏"": 7, ""句龙"": 1, ""后土"": 55, ""太昊"": 104, ""太皞"": 8, ""女娃"": 38, ""女娲"": 233, ""少昊"": 165, ""少皞"": 8, ""帝江"": 4, ""帝鸿"": 7, ""帝鸿氏"": 3, ""应龙"": 29, ""有熊氏"": 13, ""榆罔"": 8, ""涿鹿"": 56, ""炎帝"": 289, ""神农"": 390, ""禹"": 1628, ""精卫"": 189, ""缙云氏"": 7, ""蚩尤"": 202, ""赤帝"": 25, ""轩辕"": 173, ""轩辕氏"": 18, ""阪泉"": 21, ""雨师"": 4, ""颛顼"": 200, ""风伯"": 6, ""鲧"": 57, ""黄帝"": 1269, ""黄帝氏"": 1}"
GCI-HOLD-0002,1491,data/CASIA-LM_ChineseWebText2.0_partial-001491.parquet,262113096,33b8a568d5b7ecd92ca62b7280dee84f7374d3aad8ef9f0b5fac48ee30dba4b6,100000,1,5551,"{""九黎"": 29, ""共工"": 142, ""共工氏"": 25, ""句龙"": 5, ""后土"": 51, ""太昊"": 15, ""女娃"": 49, ""女娲"": 283, ""少昊"": 46, ""少皞"": 12, ""帝江"": 3, ""帝鸿"": 3, ""帝鸿氏"": 3, ""应龙"": 89, ""有熊氏"": 5, ""榆罔"": 6, ""涿鹿"": 34, ""炎帝"": 208, ""神农"": 398, ""禹"": 2089, ""精卫"": 229, ""缙云氏"": 5, ""蚩尤"": 208, ""赤帝"": 23, ""轩辕"": 159, ""轩辕氏"": 19, ""阪泉"": 11, ""雨师"": 18, ""颛顼"": 189, ""风伯"": 17, ""鲧"": 108, ""黄帝"": 1069, ""黄帝氏"": 1}"
GCI-HOLD-0002,1492,data/CASIA-LM_ChineseWebText2.0_partial-001492.parquet,260385746,7aca7bdbf60ff74fd679ff3d32e450fd92970b5024c0bba521c31b56e52b71e7,100000,1,5407,"{""九黎"": 16, ""共工"": 245, ""共工氏"": 40, ""句龙"": 1, ""后土"": 79, ""太昊"": 10, ""太皞"": 2, ""女娃"": 40, ""女娲"": 306, ""少昊"": 42, ""少皞"": 21, ""帝江"": 24, ""帝鸿"": 4, ""应龙"": 30, ""有熊氏"": 3, ""涿鹿"": 82, ""炎帝"": 202, ""神农"": 345, ""禹"": 1677, ""精卫"": 145, ""蚩尤"": 174, ""赤帝"": 11, ""轩辕"": 376, ""轩辕氏"": 35, ""阪泉"": 9, ""雨师"": 16, ""颛顼"": 192, ""风伯"": 11, ""鲧"": 117, ""黄帝"": 1151, ""黄帝氏"": 1}"
GCI-HOLD-0002,1493,data/CASIA-LM_ChineseWebText2.0_partial-001493.parquet,250632584,03b34652f6d10b14c38b276d422cc83c11d6527725a9149b71df6d8dd4463592,100000,1,3456,"{""九黎"": 33, ""共工"": 91, ""共工氏"": 7, ""句龙"": 1, ""后土"": 56, ""太昊"": 10, ""太皞"": 2, ""女娃"": 47, ""女娲"": 220, ""少昊"": 10, ""帝江"": 6, ""帝鸿"": 3, ""帝鸿氏"": 2, ""应龙"": 75, ""有熊氏"": 1, ""涿鹿"": 26, ""炎帝"": 173, ""神农"": 243, ""禹"": 1243, ""精卫"": 43, ""缙云氏"": 5, ""蚩尤"": 149, ""赤帝"": 15, ""轩辕"": 239, ""轩辕氏"": 17, ""阪泉"": 28, ""雨师"": 43, ""颛顼"": 54, ""风伯"": 14, ""鲧"": 55, ""黄帝"": 545}"
GCI-HOLD-0002,1494,data/CASIA-LM_ChineseWebText2.0_partial-001494.parquet,246149595,d21f80e9168a292c74669b3d3ac55cb73c8e8477e2338743a96afccc08183e3e,100000,1,2817,"{""九黎"": 28, ""共工"": 83, ""共工氏"": 1, ""句龙"": 1, ""后土"": 52, ""太昊"": 3, ""太皞"": 1, ""女娃"": 63, ""女娲"": 208, ""少昊"": 5, ""帝江"": 46, ""帝鸿"": 3, ""应龙"": 54, ""有熊氏"": 3, ""涿鹿"": 26, ""炎帝"": 68, ""神农"": 227, ""禹"": 997, ""精卫"": 96, ""缙云氏"": 1, ""蚩尤"": 92, ""赤帝"": 8, ""轩辕"": 225, ""轩辕氏"": 7, ""阪泉"": 2, ""雨师"": 29, ""颛顼"": 38, ""风伯"": 15, ""鲧"": 22, ""黄帝"": 413}"
GCI-HOLD-0002,1495,data/CASIA-LM_ChineseWebText2.0_partial-001495.parquet,248416642,5b434147d7de0b347a7258cbfeab12395dc413e0117964400f706f5c7b89c1cc,100000,1,3620,"{""九黎"": 30, ""共工"": 106, ""共工氏"": 3, ""句龙"": 1, ""后土"": 101, ""太昊"": 2, ""女娃"": 53, ""女娲"": 114, ""少昊"": 19, ""少皞"": 2, ""帝江"": 64, ""帝鸿"": 4, ""帝鸿氏"": 1, ""应龙"": 42, ""有熊氏"": 22, ""榆罔"": 2, ""涿鹿"": 62, ""炎帝"": 68, ""神农"": 259, ""禹"": 1219, ""精卫"": 119, ""蚩尤"": 251, ""赤帝"": 18, ""轩辕"": 336, ""轩辕氏"": 8, ""阪泉"": 12, ""雨师"": 16, ""颛顼"": 44, ""风伯"": 26, ""鲧"": 34, ""黄帝"": 582}"
GCI-HOLD-0002,1496,data/CASIA-LM_ChineseWebText2.0_partial-001496.parquet,291183716,8fb879467c1dbc6bc23398092dd33325b221cbb5584f3bef8f715c8fb0bce844,100000,1,6501,"{""九黎"": 18, ""共工"": 418, ""共工氏"": 67, ""句龙"": 9, ""后土"": 81, ""太昊"": 85, ""太皞"": 5, ""女娃"": 39, ""女娲"": 366, ""少昊"": 53, ""少皞"": 4, ""帝江"": 16, ""帝鸿"": 5, ""帝鸿氏"": 2, ""应龙"": 63, ""有熊氏"": 22, ""榆罔"": 5, ""涿鹿"": 28, ""炎帝"": 348, ""神农"": 530, ""禹"": 1704, ""精卫"": 315, ""缙云氏"": 4, ""蚩尤"": 160, ""赤帝"": 28, ""轩辕"": 277, ""轩辕氏"": 28, ""阪泉"": 13, ""雨师"": 29, ""颛顼"": 353, ""风伯"": 18, ""鲧"": 118, ""黄帝"": 1288, ""黄帝氏"": 2}"
GCI-HOLD-0002,1497,data/CASIA-LM_ChineseWebText2.0_partial-001497.parquet,285256734,2d860fdc55192b197e2aa511b0f54076b265ebbbf6615a917be572e69cb37b6d,100000,1,7054,"{""九黎"": 21, ""共工"": 235, ""共工氏"": 26, ""句龙"": 1, ""后土"": 99, ""太昊"": 73, ""太皞"": 11, ""女娃"": 44, ""女娲"": 376, ""少昊"": 66, ""少皞"": 9, ""帝江"": 9, ""帝鸿"": 4, ""帝鸿氏"": 4, ""应龙"": 84, ""有熊氏"": 21, ""榆罔"": 8, ""涿鹿"": 67, ""炎帝"": 304, ""神农"": 570, ""禹"": 2230, ""精卫"": 383, ""缙云氏"": 5, ""蚩尤"": 192, ""赤帝"": 12, ""轩辕"": 410, ""轩辕氏"": 40, ""阪泉"": 16, ""雨师"": 21, ""颛顼"": 246, ""风伯"": 31, ""鲧"": 86, ""黄帝"": 1346, ""黄帝氏"": 4}"
GCI-HOLD-0002,1498,data/CASIA-LM_ChineseWebText2.0_partial-001498.parquet,270547405,881aa4e9f943a9b94c98f78769a9afe30ac9cc84ab29e95ce507dfcd617bba40,100000,1,3702,"{""九黎"": 21, ""共工"": 133, ""共工氏"": 3, ""后土"": 55, ""太昊"": 15, ""女娃"": 43, ""女娲"": 216, ""少昊"": 7, ""少皞"": 3, ""帝江"": 5, ""应龙"": 34, ""有熊氏"": 3, ""榆罔"": 3, ""涿鹿"": 14, ""炎帝"": 81, ""神农"": 283, ""禹"": 1284, ""精卫"": 178, ""缙云氏"": 6, ""蚩尤"": 88, ""赤帝"": 5, ""轩辕"": 262, ""轩辕氏"": 31, ""阪泉"": 6, ""雨师"": 27, ""颛顼"": 52, ""风伯"": 12, ""鲧"": 54, ""黄帝"": 778}"
GCI-HOLD-0002,1499,data/CASIA-LM_ChineseWebText2.0_partial-001499.parquet,261424673,c7f1382c120ec2ac0694d50a31ba118b36a5e5909ce8da49e5263c5559df1edd,100000,1,4040,"{""九黎"": 9, ""共工"": 89, ""共工氏"": 4, ""句龙"": 1, ""后土"": 58, ""太昊"": 17, ""女娃"": 43, ""女娲"": 186, ""少昊"": 48, ""少皞"": 2, ""帝江"": 7, ""帝鸿"": 3, ""帝鸿氏"": 2, ""应龙"": 70, ""有熊氏"": 2, ""榆罔"": 2, ""涿鹿"": 27, ""炎帝"": 142, ""神农"": 380, ""禹"": 1496, ""精卫"": 122, ""缙云氏"": 1, ""蚩尤"": 99, ""赤帝"": 5, ""轩辕"": 294, ""轩辕氏"": 8, ""阪泉"": 7, ""雨师"": 13, ""颛顼"": 117, ""风伯"": 12, ""鲧"": 48, ""黄帝"": 726}"
GCI-HOLD-0002,1500,data/CASIA-LM_ChineseWebText2.0_partial-001500.parquet,260691540,5e052718762697e4c13eea8ff804bc75368483ad51789734a796ad3b69564fd8,100000,1,7676,"{""九黎"": 52, ""共工"": 247, ""共工氏"": 29, ""句龙"": 4, ""后土"": 99, ""太昊"": 83, ""太皞"": 17, ""女娃"": 21, ""女娲"": 305, ""少昊"": 94, ""少皞"": 23, ""帝江"": 6, ""帝鸿"": 10, ""帝鸿氏"": 6, ""应龙"": 49, ""有熊氏"": 17, ""榆罔"": 7, ""涿鹿"": 80, ""炎帝"": 346, ""神农"": 601, ""禹"": 2066, ""精卫"": 167, ""缙云氏"": 12, ""蚩尤"": 397, ""赤帝"": 31, ""轩辕"": 448, ""轩辕氏"": 30, ""阪泉"": 20, ""雨师"": 34, ""颛顼"": 381, ""风伯"": 33, ""鲧"": 200, ""黄帝"": 1756, ""黄帝氏"": 5}"
GCI-HOLD-0002,1501,data/CASIA-LM_ChineseWebText2.0_partial-001501.parquet,259164809,623c25e6fec3105808620b062f678333459dc918d948f7948512730f8b5fb213,100000,1,5869,"{""九黎"": 23, ""共工"": 182, ""共工氏"": 26, ""句龙"": 2, ""后土"": 54, ""太昊"": 24, ""太皞"": 9, ""女娃"": 41, ""女娲"": 201, ""少昊"": 114, ""少皞"": 7, ""帝江"": 8, ""帝鸿"": 2, ""帝鸿氏"": 1, ""应龙"": 58, ""有熊氏"": 15, ""榆罔"": 3, ""涿鹿"": 23, ""炎帝"": 194, ""神农"": 468, ""禹"": 2006, ""精卫"": 165, ""缙云氏"": 2, ""蚩尤"": 165, ""赤帝"": 15, ""轩辕"": 394, ""轩辕氏"": 26, ""阪泉"": 5, ""雨师"": 12, ""颛顼"": 321, ""风伯"": 12, ""鲧"": 88, ""黄帝"": 1203}"
GCI-HOLD-0002,1502,data/CASIA-LM_ChineseWebText2.0_partial-001502.parquet,258221770,57a283e205e62526d93c957f08d152eda95d7caea051b37dcc2d26d091d4da8c,100000,1,6103,"{""九黎"": 26, ""共工"": 117, ""共工氏"": 16, ""后土"": 43, ""太昊"": 14, ""太皞"": 1, ""女娃"": 30, ""女娲"": 443, ""少昊"": 100, ""少皞"": 3, ""帝江"": 6, ""帝鸿"": 2, ""帝鸿氏"": 1, ""应龙"": 43, ""有熊氏"": 7, ""榆罔"": 14, ""涿鹿"": 48, ""炎帝"": 352, ""神农"": 526, ""禹"": 1806, ""精卫"": 235, ""缙云氏"": 5, ""蚩尤"": 363, ""赤帝"": 29, ""轩辕"": 364, ""轩辕氏"": 8, ""阪泉"": 59, ""雨师"": 30, ""颛顼"": 126, ""风伯"": 31, ""鲧"": 91, ""黄帝"": 1163, ""黄帝氏"": 1}"
GCI-HOLD-0002,1503,data/CASIA-LM_ChineseWebText2.0_partial-001503.parquet,265655672,819d7ae9605001cce0428b1fadf21b36c0753a8fc9c920ba4bfcead569baa550,100000,1,6117,"{""九黎"": 17, ""共工"": 174, ""共工氏"": 32, ""句龙"": 5, ""后土"": 75, ""太昊"": 37, ""太皞"": 4, ""女娃"": 28, ""女娲"": 214, ""少昊"": 75, ""少皞"": 11, ""帝江"": 7, ""帝鸿"": 2, ""帝鸿氏"": 1, ""应龙"": 50, ""有熊氏"": 10, ""榆罔"": 1, ""涿鹿"": 60, ""炎帝"": 267, ""神农"": 458, ""禹"": 1812, ""精卫"": 417, ""蚩尤"": 330, ""赤帝"": 15, ""轩辕"": 367, ""轩辕氏"": 21, ""阪泉"": 22, ""雨师"": 26, ""颛顼"": 134, ""风伯"": 41, ""鲧"": 71, ""黄帝"": 1332, ""黄帝氏"": 1}"
GCI-HOLD-0002,1504,data/CASIA-LM_ChineseWebText2.0_partial-001504.parquet,257330631,8f27c68cfe69ad0a71c6b383b7849e60a54525ed53b962a121e53677d0c8e3d5,100000,1,5906,"{""九黎"": 41, ""共工"": 122, ""共工氏"": 29, ""句龙"": 1, ""后土"": 112, ""太昊"": 65, ""女娃"": 29, ""女娲"": 450, ""少昊"": 86, ""少皞"": 8, ""帝江"": 3, ""帝鸿"": 7, ""帝鸿氏"": 1, ""应龙"": 56, ""有熊氏"": 3, ""榆罔"": 13, ""涿鹿"": 64, ""炎帝"": 359, ""神农"": 401, ""禹"": 1550, ""精卫"": 260, ""缙云氏"": 14, ""蚩尤"": 391, ""赤帝"": 10, ""轩辕"": 337, ""轩辕氏"": 41, ""阪泉"": 28, ""雨师"": 13, ""颛顼"": 138, ""风伯"": 10, ""鲧"": 36, ""黄帝"": 1226, ""黄帝氏"": 2}"
GCI-HOLD-0002,1505,data/CASIA-LM_ChineseWebText2.0_partial-001505.parquet,262433429,14b2d8eb0c92b1112d0c8a35486f611eed3d89a77227991b923ee526ccdeb340,100000,1,4954,"{""九黎"": 27, ""共工"": 112, ""共工氏"": 4, ""句龙"": 5, ""后土"": 52, ""太昊"": 17, ""太皞"": 3, ""女娃"": 33, ""女娲"": 249, ""少昊"": 80, ""少皞"": 1, ""帝江"": 4, ""帝鸿"": 2, ""帝鸿氏"": 2, ""应龙"": 57, ""有熊氏"": 7, ""榆罔"": 13, ""涿鹿"": 25, ""炎帝"": 198, ""神农"": 386, ""禹"": 1595, ""精卫"": 191, ""缙云氏"": 3, ""蚩尤"": 103, ""赤帝"": 14, ""轩辕"": 229, ""轩辕氏"": 15, ""阪泉"": 6, ""雨师"": 15, ""颛顼"": 101, ""风伯"": 20, ""鲧"": 48, ""黄帝"": 1336, ""黄帝氏"": 1}"
GCI-HOLD-0002,1506,data/CASIA-LM_ChineseWebText2.0_partial-001506.parquet,243766673,ec5d49c20439957c8c94fe3d42dfbab642635d8fabf42676efa03dbc2d366d30,100000,1,2914,"{""九黎"": 12, ""共工"": 86, ""共工氏"": 2, ""句龙"": 2, ""后土"": 50, ""太昊"": 7, ""太皞"": 3, ""女娃"": 65, ""女娲"": 132, ""少昊"": 11, ""少皞"": 2, ""帝江"": 1, ""应龙"": 21, ""有熊氏"": 4, ""榆罔"": 1, ""涿鹿"": 24, ""炎帝"": 195, ""神农"": 179, ""禹"": 970, ""精卫"": 65, ""蚩尤"": 83, ""赤帝"": 12, ""轩辕"": 324, ""轩辕氏"": 6, ""阪泉"": 6, ""雨师"": 16, ""颛顼"": 29, ""风伯"": 11, ""鲧"": 36, ""黄帝"": 559}"
GCI-HOLD-0002,1507,data/CASIA-LM_ChineseWebText2.0_partial-001507.parquet,247594264,1efb73245a857a72082d678dabb9baae2acf7e8880260090e08436b6bac3522d,100000,1,3404,"{""九黎"": 43, ""共工"": 91, ""共工氏"": 4, ""句龙"": 2, ""后土"": 54, ""太昊"": 10, ""太皞"": 1, ""女娃"": 51, ""女娲"": 206, ""少昊"": 24, ""少皞"": 4, ""帝江"": 2, ""帝鸿"": 22, ""应龙"": 29, ""有熊氏"": 3, ""涿鹿"": 31, ""炎帝"": 129, ""神农"": 309, ""禹"": 1056, ""精卫"": 74, ""蚩尤"": 192, ""赤帝"": 10, ""轩辕"": 313, ""轩辕氏"": 10, ""阪泉"": 12, ""雨师"": 25, ""颛顼"": 60, ""风伯"": 14, ""鲧"": 78, ""黄帝"": 545}"
GCI-HOLD-0002,1508,data/CASIA-LM_ChineseWebText2.0_partial-001508.parquet,257056714,a2f26fc568aa7f27d5d6603568e05669a54b2d8bff96b5ce9ff3a0aff92be65e,100000,1,4220,"{""九黎"": 10, ""共工"": 105, ""共工氏"": 10, ""后土"": 77, ""太昊"": 22, ""太皞"": 3, ""女娃"": 42, ""女娲"": 273, ""少昊"": 44, ""少皞"": 3, ""帝江"": 1, ""帝鸿"": 4, ""帝鸿氏"": 1, ""应龙"": 115, ""有熊氏"": 8, ""榆罔"": 3, ""涿鹿"": 24, ""炎帝"": 113, ""神农"": 305, ""禹"": 1297, ""精卫"": 352, ""缙云氏"": 1, ""蚩尤"": 92, ""赤帝"": 15, ""轩辕"": 213, ""轩辕氏"": 7, ""阪泉"": 10, ""雨师"": 41, ""颛顼"": 92, ""风伯"": 18, ""鲧"": 58, ""黄帝"": 861}"
GCI-HOLD-0002,1509,data/CASIA-LM_ChineseWebText2.0_partial-001509.parquet,253360846,2b51ba43710fb9b21625146f8e730d8b13d0ce511dd158ab65aa9a896e79eaa6,100000,1,5013,"{""九黎"": 12, ""共工"": 186, ""共工氏"": 13, ""句龙"": 1, ""后土"": 58, ""太昊"": 11, ""太皞"": 4, ""女娃"": 17, ""女娲"": 242, ""少昊"": 34, ""少皞"": 14, ""帝鸿"": 1, ""应龙"": 58, ""有熊氏"": 4, ""涿鹿"": 61, ""炎帝"": 297, ""神农"": 498, ""禹"": 1450, ""精卫"": 213, ""缙云氏"": 1, ""蚩尤"": 206, ""赤帝"": 16, ""轩辕"": 178, ""轩辕氏"": 15, ""阪泉"": 12, ""雨师"": 18, ""颛顼"": 177, ""风伯"": 26, ""鲧"": 92, ""黄帝"": 1096, ""黄帝氏"": 2}"
GCI-HOLD-0002,1510,data/CASIA-LM_ChineseWebText2.0_partial-001510.parquet,261372261,936a0934d66d2f157da62b51294a1b3199ef6ac2bcad4d8f36e166c5598efe74,100000,1,6556,"{""九黎"": 44, ""共工"": 117, ""共工氏"": 8, ""后土"": 97, ""太昊"": 21, ""太皞"": 5, ""女娃"": 42, ""女娲"": 252, ""少昊"": 41, ""少皞"": 3, ""帝江"": 11, ""帝鸿"": 2, ""帝鸿氏"": 1, ""应龙"": 84, ""有熊氏"": 11, ""榆罔"": 23, ""涿鹿"": 76, ""炎帝"": 506, ""神农"": 540, ""禹"": 1866, ""精卫"": 252, ""蚩尤"": 331, ""赤帝"": 31, ""轩辕"": 356, ""轩辕氏"": 39, ""阪泉"": 25, ""雨师"": 19, ""颛顼"": 121, ""风伯"": 22, ""鲧"": 41, ""黄帝"": 1567, ""黄帝氏"": 2}"
GCI-HOLD-0002,1511,data/CASIA-LM_ChineseWebText2.0_partial-001511.parquet,246838498,9f91712fad8079c9dac81c3b16cc2f24a64a651a21ff633ece822d2800066803,100000,1,2995,"{""九黎"": 27, ""共工"": 116, ""共工氏"": 3, ""句龙"": 1, ""后土"": 54, ""太昊"": 9, ""太皞"": 9, ""女娃"": 35, ""女娲"": 109, ""少昊"": 21, ""帝江"": 12, ""帝鸿"": 9, ""帝鸿氏"": 6, ""应龙"": 31, ""榆罔"": 2, ""涿鹿"": 47, ""炎帝"": 86, ""神农"": 272, ""禹"": 1001, ""精卫"": 51, ""蚩尤"": 108, ""赤帝"": 9, ""轩辕"": 276, ""轩辕氏"": 3, ""阪泉"": 11, ""雨师"": 12, ""颛顼"": 51, ""风伯"": 14, ""鲧"": 18, ""黄帝"": 590, ""黄帝氏"": 2}"
GCI-HOLD-0002,1512,data/CASIA-LM_ChineseWebText2.0_partial-001512.parquet,255900465,89e48458f8ee6ea990bf1d8ab4725bf458f83eca022b4902cdc7ee980e09bace,100000,1,3472,"{""九黎"": 41, ""共工"": 113, ""共工氏"": 4, ""后土"": 105, ""太昊"": 22, ""太皞"": 9, ""女娃"": 55, ""女娲"": 227, ""少昊"": 16, ""少皞"": 6, ""帝江"": 8, ""帝鸿"": 2, ""应龙"": 46, ""有熊氏"": 3, ""榆罔"": 2, ""涿鹿"": 31, ""炎帝"": 79, ""神农"": 301, ""禹"": 1114, ""精卫"": 192, ""缙云氏"": 10, ""蚩尤"": 65, ""赤帝"": 16, ""轩辕"": 306, ""轩辕氏"": 9, ""阪泉"": 2, ""雨师"": 7, ""颛顼"": 56, ""风伯"": 5, ""鲧"": 88, ""黄帝"": 531, ""黄帝氏"": 1}"
GCI-HOLD-0002,1513,data/CASIA-LM_ChineseWebText2.0_partial-001513.parquet,264067898,6e937a2d646151934f4d468659804dc62eebf3c4b694e712d65516c543bd868c,100000,1,6220,"{""九黎"": 35, ""共工"": 252, ""共工氏"": 55, ""句龙"": 7, ""后土"": 115, ""太昊"": 29, ""太皞"": 2, ""女娃"": 59, ""女娲"": 243, ""少昊"": 48, ""少皞"": 20, ""帝江"": 6, ""帝鸿"": 7, ""帝鸿氏"": 6, ""应龙"": 67, ""有熊氏"": 10, ""榆罔"": 1, ""涿鹿"": 54, ""炎帝"": 213, ""神农"": 409, ""禹"": 2085, ""精卫"": 231, ""缙云氏"": 10, ""蚩尤"": 290, ""赤帝"": 14, ""轩辕"": 259, ""轩辕氏"": 16, ""阪泉"": 27, ""雨师"": 30, ""颛顼"": 178, ""风伯"": 75, ""鲧"": 84, ""黄帝"": 1283}"
GCI-HOLD-0002,1514,data/CASIA-LM_ChineseWebText2.0_partial-001514.parquet,272847955,23eefd26029ced709759e8b607d8c80663723b6265f10e49176461b9d7872fb8,100000,1,5871,"{""九黎"": 15, ""共工"": 145, ""共工氏"": 24, ""句龙"": 7, ""后土"": 304, ""太昊"": 41, ""太皞"": 3, ""女娃"": 33, ""女娲"": 214, ""少昊"": 100, ""少皞"": 6, ""帝江"": 17, ""帝鸿"": 5, ""帝鸿氏"": 4, ""应龙"": 96, ""有熊氏"": 13, ""榆罔"": 25, ""涿鹿"": 51, ""炎帝"": 271, ""神农"": 459, ""禹"": 1722, ""精卫"": 178, ""缙云氏"": 3, ""蚩尤"": 341, ""赤帝"": 17, ""轩辕"": 237, ""轩辕氏"": 32, ""阪泉"": 10, ""雨师"": 17, ""颛顼"": 125, ""风伯"": 15, ""鲧"": 104, ""黄帝"": 1233, ""黄帝氏"": 4}"
GCI-HOLD-0002,1515,data/CASIA-LM_ChineseWebText2.0_partial-001515.parquet,250075596,4bd6d94710fecb0a52e29c534e63e2b7675a56d81bcb685283d9b23bfe849088,100000,1,3289,"{""九黎"": 30, ""共工"": 81, ""共工氏"": 1, ""句龙"": 1, ""后土"": 66, ""太昊"": 10, ""太皞"": 1, ""女娃"": 63, ""女娲"": 146, ""少昊"": 7, ""少皞"": 4, ""帝江"": 8, ""帝鸿"": 4, ""帝鸿氏"": 2, ""应龙"": 56, ""有熊氏"": 2, ""涿鹿"": 16, ""炎帝"": 164, ""神农"": 260, ""禹"": 1188, ""精卫"": 91, ""缙云氏"": 5, ""蚩尤"": 65, ""赤帝"": 8, ""轩辕"": 293, ""轩辕氏"": 6, ""阪泉"": 6, ""雨师"": 7, ""颛顼"": 48, ""风伯"": 8, ""鲧"": 59, ""黄帝"": 583}"
GCI-HOLD-0002,1516,data/CASIA-LM_ChineseWebText2.0_partial-001516.parquet,251383292,44e391dd6e3284752272f80bd73e767e7f789a57b5a36dbec3c53276861700c8,100000,1,3006,"{""九黎"": 32, ""共工"": 130, ""共工氏"": 4, ""句龙"": 1, ""后土"": 58, ""太昊"": 6, ""女娃"": 47, ""女娲"": 134, ""少昊"": 8, ""少皞"": 2, ""帝江"": 4, ""应龙"": 49, ""有熊氏"": 2, ""榆罔"": 2, ""涿鹿"": 27, ""炎帝"": 96, ""神农"": 233, ""禹"": 1109, ""精卫"": 58, ""蚩尤"": 81, ""赤帝"": 12, ""轩辕"": 260, ""轩辕氏"": 30, ""阪泉"": 8, ""雨师"": 10, ""颛顼"": 55, ""风伯"": 10, ""鲧"": 34, ""黄帝"": 504}"
GCI-HOLD-0002,1517,data/CASIA-LM_ChineseWebText2.0_partial-001517.parquet,256300832,074994b7d817769a6749c782ed45dcde4551d20b6a9739908367d90b43aba849,100000,1,3509,"{""九黎"": 38, ""共工"": 103, ""共工氏"": 1, ""后土"": 84, ""太昊"": 8, ""太皞"": 2, ""女娃"": 83, ""女娲"": 130, ""少昊"": 14, ""少皞"": 4, ""帝鸿"": 1, ""应龙"": 75, ""榆罔"": 4, ""涿鹿"": 33, ""炎帝"": 141, ""神农"": 308, ""禹"": 1194, ""精卫"": 87, ""缙云氏"": 1, ""蚩尤"": 127, ""赤帝"": 11, ""轩辕"": 377, ""轩辕氏"": 9, ""阪泉"": 11, ""雨师"": 12, ""颛顼"": 24, ""风伯"": 9, ""鲧"": 73, ""黄帝"": 543, ""黄帝氏"": 2}"
GCI-HOLD-0002,1518,data/CASIA-LM_ChineseWebText2.0_partial-001518.parquet,256738260,1bde0132b4ef6897aba0172579f55c07e3d59d289fcc98ba737841d0f1e6cfbc,100000,1,3967,"{""九黎"": 17, ""共工"": 121, ""共工氏"": 3, ""句龙"": 1, ""后土"": 55, ""太昊"": 4, ""女娃"": 22, ""女娲"": 289, ""少昊"": 15, ""少皞"": 2, ""帝江"": 1, ""帝鸿"": 3, ""帝鸿氏"": 1, ""应龙"": 27, ""有熊氏"": 2, ""榆罔"": 1, ""涿鹿"": 42, ""炎帝"": 91, ""神农"": 318, ""禹"": 1247, ""精卫"": 152, ""缙云氏"": 3, ""蚩尤"": 71, ""赤帝"": 5, ""轩辕"": 272, ""轩辕氏"": 10, ""阪泉"": 7, ""雨师"": 9, ""颛顼"": 84, ""风伯"": 10, ""鲧"": 47, ""黄帝"": 1033, ""黄帝氏"": 2}"
GCI-HOLD-0002,1519,data/CASIA-LM_ChineseWebText2.0_partial-001519.parquet,266343105,d9e046f03127f62bd6922f8b2047964420feb070458a72be161f63b654ee6ae5,100000,1,5567,"{""九黎"": 22, ""共工"": 131, ""共工氏"": 5, ""句龙"": 2, ""后土"": 51, ""太昊"": 7, ""太皞"": 2, ""女娃"": 25, ""女娲"": 254, ""少昊"": 36, ""少皞"": 6, ""帝江"": 5, ""帝鸿"": 2, ""帝鸿氏"": 1, ""应龙"": 64, ""有熊氏"": 6, ""榆罔"": 2, ""涿鹿"": 45, ""炎帝"": 208, ""神农"": 539, ""禹"": 1982, ""精卫"": 437, ""缙云氏"": 6, ""蚩尤"": 176, ""赤帝"": 9, ""轩辕"": 256, ""轩辕氏"": 14, ""阪泉"": 9, ""雨师"": 12, ""颛顼"": 106, ""风伯"": 13, ""鲧"": 78, ""黄帝"": 1056}"
GCI-HOLD-0002,1520,data/CASIA-LM_ChineseWebText2.0_partial-001520.parquet,263317187,a4f403fee01a9a7f3b201876e2da762d7a099ac67da9450d7b3b6a35c634e1ac,100000,1,5553,"{""九黎"": 35, ""共工"": 166, ""共工氏"": 5, ""句龙"": 2, ""后土"": 54, ""太昊"": 19, ""太皞"": 4, ""女娃"": 77, ""女娲"": 261, ""少昊"": 32, ""少皞"": 1, ""帝江"": 3, ""帝鸿"": 4, ""帝鸿氏"": 3, ""应龙"": 40, ""有熊氏"": 17, ""榆罔"": 3, ""涿鹿"": 39, ""炎帝"": 433, ""神农"": 489, ""禹"": 1707, ""精卫"": 281, ""缙云氏"": 4, ""蚩尤"": 160, ""赤帝"": 16, ""轩辕"": 275, ""轩辕氏"": 25, ""阪泉"": 11, ""雨师"": 37, ""颛顼"": 146, ""风伯"": 13, ""鲧"": 91, ""黄帝"": 1099, ""黄帝氏"": 1}"
GCI-HOLD-0002,1521,data/CASIA-LM_ChineseWebText2.0_partial-001521.parquet,253052347,1d24c53253241943ed1ef24e9bb083059e126b1cf55d3a60dc0f5b11dfff7df7,100000,1,3217,"{""九黎"": 27, ""共工"": 102, ""共工氏"": 13, ""句龙"": 13, ""后土"": 115, ""太昊"": 13, ""太皞"": 3, ""女娃"": 80, ""女娲"": 249, ""少昊"": 23, ""少皞"": 2, ""帝江"": 1, ""应龙"": 74, ""有熊氏"": 1, ""涿鹿"": 18, ""炎帝"": 96, ""神农"": 297, ""禹"": 928, ""精卫"": 46, ""蚩尤"": 191, ""赤帝"": 26, ""轩辕"": 173, ""轩辕氏"": 7, ""阪泉"": 11, ""雨师"": 39, ""颛顼"": 41, ""风伯"": 15, ""鲧"": 41, ""黄帝"": 571, ""黄帝氏"": 1}"
GCI-HOLD-0002,1522,data/CASIA-LM_ChineseWebText2.0_partial-001522.parquet,254586309,f01539de6d15c317770d4eb711204c8415f8a375db43bc83b45d8124b6c9997e,100000,1,3792,"{""九黎"": 13, ""共工"": 132, ""共工氏"": 11, ""句龙"": 3, ""后土"": 79, ""太昊"": 6, ""女娃"": 50, ""女娲"": 332, ""少昊"": 28, ""少皞"": 1, ""帝江"": 6, ""帝鸿"": 2, ""帝鸿氏"": 1, ""应龙"": 53, ""有熊氏"": 2, ""榆罔"": 1, ""涿鹿"": 21, ""炎帝"": 123, ""神农"": 362, ""禹"": 1213, ""精卫"": 149, ""缙云氏"": 1, ""蚩尤"": 69, ""赤帝"": 16, ""轩辕"": 289, ""轩辕氏"": 9, ""阪泉"": 30, ""雨师"": 7, ""颛顼"": 28, ""风伯"": 6, ""鲧"": 23, ""黄帝"": 726}"
GCI-HOLD-0002,1523,data/CASIA-LM_ChineseWebText2.0_partial-001523.parquet,260244059,cc81ebf0016c9f3fba6a505d169dccf2fe1aea0693458ae30d740c02be5c02c5,100000,1,6283,"{""九黎"": 18, ""共工"": 158, ""共工氏"": 15, ""句龙"": 3, ""后土"": 83, ""太昊"": 19, ""太皞"": 4, ""女娃"": 37, ""女娲"": 316, ""少昊"": 40, ""少皞"": 17, ""帝江"": 5, ""帝鸿"": 1, ""应龙"": 49, ""有熊氏"": 12, ""榆罔"": 20, ""涿鹿"": 66, ""炎帝"": 416, ""神农"": 533, ""禹"": 2014, ""精卫"": 227, ""缙云氏"": 1, ""蚩尤"": 236, ""赤帝"": 22, ""轩辕"": 260, ""轩辕氏"": 28, ""阪泉"": 14, ""雨师"": 26, ""颛顼"": 168, ""风伯"": 34, ""鲧"": 76, ""黄帝"": 1360, ""黄帝氏"": 5}"
GCI-HOLD-0002,1524,data/CASIA-LM_ChineseWebText2.0_partial-001524.parquet,260190346,d65e89bf275c13e1de05bc581cb8c54a390f372bdd4df4a1f8bef05118a20cd4,100000,1,5903,"{""九黎"": 53, ""共工"": 222, ""共工氏"": 28, ""句龙"": 1, ""后土"": 68, ""太昊"": 36, ""太皞"": 9, ""女娃"": 29, ""女娲"": 478, ""少昊"": 59, ""少皞"": 21, ""帝江"": 7, ""帝鸿"": 7, ""帝鸿氏"": 5, ""应龙"": 44, ""有熊氏"": 17, ""榆罔"": 1, ""涿鹿"": 70, ""炎帝"": 205, ""神农"": 488, ""禹"": 1793, ""精卫"": 290, ""缙云氏"": 7, ""蚩尤"": 141, ""赤帝"": 19, ""轩辕"": 270, ""轩辕氏"": 17, ""阪泉"": 12, ""雨师"": 28, ""颛顼"": 232, ""风伯"": 32, ""鲧"": 83, ""黄帝"": 1131}"
GCI-HOLD-0002,1525,data/CASIA-LM_ChineseWebText2.0_partial-001525.parquet,250266799,0591a68e3f2e48ae6cfcc2cf60f3c50103aec9ca77acbc8b45d9624e02ed904e,100000,1,5614,"{""九黎"": 33, ""共工"": 146, ""共工氏"": 11, ""句龙"": 4, ""后土"": 82, ""太昊"": 27, ""太皞"": 3, ""女娃"": 43, ""女娲"": 237, ""少昊"": 89, ""少皞"": 2, ""帝江"": 4, ""帝鸿"": 5, ""应龙"": 60, ""有熊氏"": 31, ""榆罔"": 28, ""涿鹿"": 73, ""炎帝"": 283, ""神农"": 338, ""禹"": 1412, ""精卫"": 78, ""缙云氏"": 1, ""蚩尤"": 219, ""赤帝"": 25, ""轩辕"": 684, ""轩辕氏"": 30, ""阪泉"": 23, ""雨师"": 26, ""颛顼"": 221, ""风伯"": 16, ""鲧"": 92, ""黄帝"": 1287, ""黄帝氏"": 1}"
GCI-HOLD-0002,1526,data/CASIA-LM_ChineseWebText2.0_partial-001526.parquet,249173861,af7fbed3b2b4e810e6f66702f1e7a44eaf8b40e1369e11532cc01ccf9d1516f7,100000,1,4007,"{""九黎"": 6, ""共工"": 149, ""共工氏"": 23, ""句龙"": 1, ""后土"": 102, ""太昊"": 13, ""太皞"": 1, ""女娃"": 85, ""女娲"": 255, ""少昊"": 40, ""少皞"": 3, ""帝江"": 68, ""应龙"": 37, ""有熊氏"": 4, ""涿鹿"": 13, ""炎帝"": 102, ""神农"": 281, ""禹"": 1324, ""精卫"": 189, ""缙云氏"": 1, ""蚩尤"": 128, ""赤帝"": 16, ""轩辕"": 227, ""轩辕氏"": 7, ""阪泉"": 6, ""雨师"": 21, ""颛顼"": 77, ""风伯"": 14, ""鲧"": 107, ""黄帝"": 706, ""黄帝氏"": 1}"
GCI-HOLD-0002,1527,data/CASIA-LM_ChineseWebText2.0_partial-001527.parquet,251630108,08445fa2ccd2f49e0646886c3d34194ebf4fe05d9b303c4fd5820b2583e5b63e,100000,1,3860,"{""九黎"": 30, ""共工"": 141, ""共工氏"": 4, ""句龙"": 3, ""后土"": 94, ""太昊"": 11, ""女娃"": 68, ""女娲"": 408, ""少昊"": 47, ""少皞"": 6, ""帝江"": 23, ""应龙"": 79, ""有熊氏"": 4, ""榆罔"": 8, ""涿鹿"": 13, ""炎帝"": 102, ""神农"": 281, ""禹"": 1023, ""精卫"": 85, ""缙云氏"": 1, ""蚩尤"": 172, ""赤帝"": 16, ""轩辕"": 258, ""轩辕氏"": 21, ""阪泉"": 9, ""雨师"": 11, ""颛顼"": 76, ""风伯"": 9, ""鲧"": 118, ""黄帝"": 738, ""黄帝氏"": 1}"
GCI-HOLD-0002,1528,data/CASIA-LM_ChineseWebText2.0_partial-001528.parquet,246883523,c1342a182d67fc169428781ae96d568d16029d0a2bb266cad81a5a24648e7fca,100000,1,2823,"{""九黎"": 24, ""共工"": 99, ""共工氏"": 4, ""句龙"": 2, ""后土"": 60, ""太昊"": 1, ""太皞"": 1, ""女娃"": 50, ""女娲"": 283, ""少昊"": 8, ""少皞"": 3, ""帝江"": 2, ""应龙"": 45, ""有熊氏"": 3, ""榆罔"": 8, ""涿鹿"": 35, ""炎帝"": 66, ""神农"": 300, ""禹"": 903, ""精卫"": 50, ""蚩尤"": 69, ""赤帝"": 13, ""轩辕"": 228, ""轩辕氏"": 11, ""阪泉"": 8, ""雨师"": 15, ""颛顼"": 29, ""风伯"": 8, ""鲧"": 23, ""黄帝"": 470, ""黄帝氏"": 2}"
GCI-HOLD-0002,1529,data/CASIA-LM_ChineseWebText2.0_partial-001529.parquet,250778904,8dc7eee4d639cdfad1c5eb87e0705ec02ed3f9b35d6e464027a268fdf7c5d6d8,100000,1,2691,"{""九黎"": 18, ""共工"": 146, ""共工氏"": 9, ""句龙"": 1, ""后土"": 92, ""太昊"": 4, ""太皞"": 1, ""女娃"": 49, ""女娲"": 224, ""少昊"": 6, ""帝江"": 9, ""帝鸿"": 5, ""应龙"": 30, ""有熊氏"": 2, ""榆罔"": 1, ""涿鹿"": 8, ""炎帝"": 83, ""神农"": 254, ""禹"": 940, ""精卫"": 94, ""蚩尤"": 30, ""赤帝"": 9, ""轩辕"": 184, ""轩辕氏"": 7, ""阪泉"": 1, ""雨师"": 21, ""颛顼"": 64, ""风伯"": 7, ""鲧"": 48, ""黄帝"": 344}"
GCI-HOLD-0002,1530,data/CASIA-LM_ChineseWebText2.0_partial-001530.parquet,259816167,1c179af308f5a2b5c49a4aba7bc05438ac293566c8e00e722a7c6b5ae60b6d41,100000,1,5386,"{""九黎"": 58, ""共工"": 129, ""共工氏"": 6, ""句龙"": 4, ""后土"": 57, ""太昊"": 56, ""女娃"": 31, ""女娲"": 322, ""少昊"": 31, ""少皞"": 2, ""帝江"": 3, ""帝鸿"": 3, ""帝鸿氏"": 1, ""应龙"": 48, ""有熊氏"": 6, ""榆罔"": 2, ""涿鹿"": 60, ""炎帝"": 136, ""神农"": 428, ""禹"": 1955, ""精卫"": 204, ""缙云氏"": 6, ""蚩尤"": 477, ""赤帝"": 13, ""轩辕"": 283, ""轩辕氏"": 9, ""阪泉"": 19, ""雨师"": 19, ""颛顼"": 142, ""风伯"": 12, ""鲧"": 59, ""黄帝"": 804, ""黄帝氏"": 1}"
GCI-HOLD-0002,1531,data/CASIA-LM_ChineseWebText2.0_partial-001531.parquet,268515571,15e5c9b83b86fb8a70a900eb616394dceee61888391ce0cf621dabada1139a15,100000,1,5899,"{""九黎"": 18, ""共工"": 146, ""共工氏"": 7, ""句龙"": 2, ""后土"": 63, ""太昊"": 82, ""太皞"": 6, ""女娃"": 31, ""女娲"": 261, ""少昊"": 67, ""少皞"": 3, ""帝鸿"": 5, ""帝鸿氏"": 5, ""应龙"": 106, ""有熊氏"": 10, ""榆罔"": 3, ""涿鹿"": 79, ""炎帝"": 203, ""神农"": 447, ""禹"": 1886, ""精卫"": 205, ""缙云氏"": 4, ""蚩尤"": 331, ""赤帝"": 35, ""轩辕"": 269, ""轩辕氏"": 14, ""阪泉"": 15, ""雨师"": 21, ""颛顼"": 100, ""风伯"": 20, ""鲧"": 99, ""黄帝"": 1356}"
GCI-HOLD-0002,1532,data/CASIA-LM_ChineseWebText2.0_partial-001532.parquet,262292680,bc6576428ac874293fc6b714685cfd663ed607bb310d8d0f27bf5d146aa7568d,100000,1,4700,"{""九黎"": 60, ""共工"": 175, ""共工氏"": 23, ""句龙"": 7, ""后土"": 71, ""太昊"": 15, ""女娃"": 35, ""女娲"": 270, ""少昊"": 38, ""帝江"": 2, ""帝鸿"": 3, ""帝鸿氏"": 2, ""应龙"": 31, ""有熊氏"": 10, ""榆罔"": 2, ""涿鹿"": 62, ""炎帝"": 146, ""神农"": 501, ""禹"": 1620, ""精卫"": 187, ""蚩尤"": 150, ""赤帝"": 8, ""轩辕"": 183, ""轩辕氏"": 11, ""阪泉"": 7, ""雨师"": 17, ""颛顼"": 113, ""风伯"": 13, ""鲧"": 112, ""黄帝"": 826}"
GCI-HOLD-0002,1533,data/CASIA-LM_ChineseWebText2.0_partial-001533.parquet,249070157,68dcd97dcd73974518db49a9c17667768391f6bd761c4076fcb08b96060ec771,100000,1,4164,"{""九黎"": 67, ""共工"": 114, ""共工氏"": 13, ""句龙"": 9, ""后土"": 56, ""太昊"": 173, ""太皞"": 1, ""女娃"": 54, ""女娲"": 146, ""少昊"": 151, ""少皞"": 1, ""帝江"": 18, ""帝鸿"": 2, ""帝鸿氏"": 1, ""应龙"": 44, ""有熊氏"": 3, ""涿鹿"": 24, ""炎帝"": 211, ""神农"": 220, ""禹"": 836, ""精卫"": 41, ""缙云氏"": 1, ""蚩尤"": 302, ""赤帝"": 10, ""轩辕"": 1041, ""轩辕氏"": 3, ""阪泉"": 2, ""雨师"": 19, ""颛顼"": 44, ""风伯"": 20, ""鲧"": 45, ""黄帝"": 492}"
GCI-HOLD-0002,1534,data/CASIA-LM_ChineseWebText2.0_partial-001534.parquet,250235594,2245241262665d06b79e9f0e96166053271e80e8210a82f6e2cf2ca5f04f7531,100000,1,3228,"{""九黎"": 26, ""共工"": 159, ""共工氏"": 6, ""句龙"": 1, ""后土"": 62, ""太昊"": 10, ""太皞"": 4, ""女娃"": 33, ""女娲"": 176, ""少昊"": 24, ""少皞"": 9, ""帝江"": 2, ""帝鸿"": 7, ""帝鸿氏"": 3, ""应龙"": 96, ""有熊氏"": 9, ""榆罔"": 15, ""涿鹿"": 22, ""炎帝"": 134, ""神农"": 273, ""禹"": 939, ""精卫"": 44, ""蚩尤"": 122, ""赤帝"": 3, ""轩辕"": 288, ""轩辕氏"": 15, ""阪泉"": 7, ""雨师"": 13, ""颛顼"": 44, ""风伯"": 10, ""鲧"": 35, ""黄帝"": 636, ""黄帝氏"": 1}"
GCI-HOLD-0002,1535,data/CASIA-LM_ChineseWebText2.0_partial-001535.parquet,257202323,f19471a5f85c8678e4df3bc5b5a526b7edc302f6daf1a6e2b12928e8cd4e14d0,100000,1,4416,"{""九黎"": 40, ""共工"": 178, ""共工氏"": 20, ""句龙"": 2, ""后土"": 114, ""太昊"": 5, ""太皞"": 1, ""女娃"": 64, ""女娲"": 242, ""少昊"": 58, ""少皞"": 12, ""帝江"": 2, ""帝鸿"": 2, ""帝鸿氏"": 1, ""应龙"": 62, ""有熊氏"": 23, ""榆罔"": 1, ""涿鹿"": 12, ""炎帝"": 121, ""神农"": 343, ""禹"": 1424, ""精卫"": 102, ""蚩尤"": 171, ""赤帝"": 10, ""轩辕"": 289, ""轩辕氏"": 8, ""阪泉"": 22, ""雨师"": 33, ""颛顼"": 111, ""风伯"": 17, ""鲧"": 88, ""黄帝"": 838}"
GCI-HOLD-0002,1536,data/CASIA-LM_ChineseWebText2.0_partial-001536.parquet,269003247,8aaed7279160b157d4f59823a8b6d0e54460b24cf901d261c038ca076855858d,100000,1,5137,"{""九黎"": 19, ""共工"": 127, ""共工氏"": 13, ""句龙"": 2, ""后土"": 59, ""太昊"": 34, ""女娃"": 36, ""女娲"": 310, ""少昊"": 35, ""少皞"": 15, ""帝江"": 6, ""帝鸿"": 7, ""帝鸿氏"": 5, ""应龙"": 46, ""有熊氏"": 6, ""榆罔"": 6, ""涿鹿"": 40, ""炎帝"": 135, ""神农"": 400, ""禹"": 1545, ""精卫"": 243, ""缙云氏"": 1, ""蚩尤"": 148, ""赤帝"": 6, ""轩辕"": 281, ""轩辕氏"": 18, ""阪泉"": 6, ""雨师"": 15, ""颛顼"": 175, ""风伯"": 21, ""鲧"": 63, ""黄帝"": 1313, ""黄帝氏"": 1}"
GCI-HOLD-0002,1537,data/CASIA-LM_ChineseWebText2.0_partial-001537.parquet,263630498,d69012cf76c11a5faf5084400eaf7790ce641b3e07e6c0a3396d33ce07e9e2e8,100000,1,5126,"{""九黎"": 51, ""共工"": 139, ""共工氏"": 5, ""后土"": 91, ""太昊"": 56, ""女娃"": 48, ""女娲"": 227, ""少昊"": 47, ""少皞"": 8, ""帝江"": 17, ""帝鸿"": 6, ""帝鸿氏"": 1, ""应龙"": 56, ""有熊氏"": 12, ""榆罔"": 3, ""涿鹿"": 33, ""炎帝"": 296, ""神农"": 461, ""禹"": 1665, ""精卫"": 249, ""蚩尤"": 359, ""赤帝"": 12, ""轩辕"": 233, ""轩辕氏"": 21, ""阪泉"": 9, ""雨师"": 14, ""颛顼"": 88, ""风伯"": 21, ""鲧"": 78, ""黄帝"": 818, ""黄帝氏"": 2}"
GCI-HOLD-0002,1538,data/CASIA-LM_ChineseWebText2.0_partial-001538.parquet,250161497,67f68bae7e27369ea5110b655791a6d9fe9697515d268c6b1258198628587356,100000,1,3101,"{""九黎"": 8, ""共工"": 92, ""共工氏"": 9, ""句龙"": 10, ""后土"": 105, ""太昊"": 18, ""太皞"": 2, ""女娃"": 65, ""女娲"": 220, ""少昊"": 14, ""少皞"": 4, ""帝江"": 10, ""帝鸿"": 2, ""应龙"": 50, ""有熊氏"": 1, ""涿鹿"": 22, ""炎帝"": 129, ""神农"": 285, ""禹"": 909, ""精卫"": 72, ""缙云氏"": 1, ""蚩尤"": 89, ""赤帝"": 24, ""轩辕"": 255, ""轩辕氏"": 2, ""阪泉"": 6, ""雨师"": 19, ""颛顼"": 55, ""风伯"": 27, ""鲧"": 37, ""黄帝"": 559}"
GCI-HOLD-0002,1539,data/CASIA-LM_ChineseWebText2.0_partial-001539.parquet,258889952,ec632f5fdf4e99660bbad1dca5313620eafccd4507730fb5af9d3b4ac07c1fec,100000,1,4474,"{""九黎"": 21, ""共工"": 161, ""共工氏"": 21, ""句龙"": 6, ""后土"": 84, ""太昊"": 16, ""太皞"": 1, ""女娃"": 91, ""女娲"": 182, ""少昊"": 39, ""少皞"": 20, ""帝江"": 17, ""帝鸿"": 7, ""帝鸿氏"": 6, ""应龙"": 40, ""有熊氏"": 11, ""涿鹿"": 46, ""炎帝"": 192, ""神农"": 483, ""禹"": 1196, ""精卫"": 294, ""缙云氏"": 28, ""蚩尤"": 166, ""赤帝"": 10, ""轩辕"": 212, ""轩辕氏"": 19, ""阪泉"": 11, ""雨师"": 23, ""颛顼"": 100, ""风伯"": 17, ""鲧"": 89, ""黄帝"": 862, ""黄帝氏"": 3}"
GCI-HOLD-0002,1540,data/CASIA-LM_ChineseWebText2.0_partial-001540.parquet,266376220,a4c8b1ca2d2716088d81dd3e52bdc975cc1007185e809f11a31c966e6639094e,100000,1,5846,"{""九黎"": 18, ""共工"": 173, ""共工氏"": 9, ""后土"": 129, ""太昊"": 24, ""太皞"": 2, ""女娃"": 103, ""女娲"": 270, ""少昊"": 25, ""少皞"": 1, ""帝江"": 12, ""帝鸿"": 4, ""帝鸿氏"": 3, ""应龙"": 49, ""有熊氏"": 14, ""榆罔"": 2, ""涿鹿"": 27, ""炎帝"": 261, ""神农"": 483, ""禹"": 1906, ""精卫"": 451, ""蚩尤"": 149, ""赤帝"": 18, ""轩辕"": 345, ""轩辕氏"": 19, ""阪泉"": 8, ""雨师"": 7, ""颛顼"": 186, ""风伯"": 9, ""鲧"": 63, ""黄帝"": 1075, ""黄帝氏"": 1}"
GCI-HOLD-0002,1541,data/CASIA-LM_ChineseWebText2.0_partial-001541.parquet,254972403,2c954ea92d3f1d0057e97df570ace8728a22236e57afe12c29927afdcce5fbe4,100000,1,3954,"{""九黎"": 11, ""共工"": 136, ""共工氏"": 5, ""句龙"": 1, ""后土"": 95, ""太昊"": 25, ""太皞"": 5, ""女娃"": 59, ""女娲"": 271, ""少昊"": 25, ""少皞"": 6, ""帝江"": 10, ""帝鸿"": 1, ""应龙"": 66, ""有熊氏"": 10, ""涿鹿"": 24, ""炎帝"": 137, ""神农"": 305, ""禹"": 1193, ""精卫"": 88, ""蚩尤"": 101, ""赤帝"": 17, ""轩辕"": 314, ""轩辕氏"": 18, ""阪泉"": 5, ""雨师"": 28, ""颛顼"": 85, ""风伯"": 9, ""鲧"": 68, ""黄帝"": 834, ""黄帝氏"": 2}"
GCI-HOLD-0002,1542,data/CASIA-LM_ChineseWebText2.0_partial-001542.parquet,255265499,129fadb809f295e1f3e6333cb7ad45059960da50cd6a392fbddfff8726b8ebfa,100000,1,2922,"{""九黎"": 61, ""共工"": 76, ""共工氏"": 2, ""句龙"": 3, ""后土"": 49, ""太昊"": 3, ""太皞"": 2, ""女娃"": 87, ""女娲"": 136, ""少昊"": 25, ""少皞"": 2, ""帝江"": 3, ""帝鸿"": 2, ""应龙"": 35, ""有熊氏"": 2, ""涿鹿"": 16, ""炎帝"": 85, ""神农"": 184, ""禹"": 1000, ""精卫"": 76, ""蚩尤"": 116, ""赤帝"": 10, ""轩辕"": 328, ""轩辕氏"": 9, ""阪泉"": 5, ""雨师"": 12, ""颛顼"": 51, ""风伯"": 16, ""鲧"": 58, ""黄帝"": 467, ""黄帝氏"": 1}"
GCI-HOLD-0002,1543,data/CASIA-LM_ChineseWebText2.0_partial-001543.parquet,249102178,19574c1de3fcdf4ee3b1123a5b5f3b9c7ad4e721592ff76a2a38fcd1f7aeb193,100000,1,2626,"{""九黎"": 8, ""共工"": 62, ""共工氏"": 2, ""句龙"": 2, ""后土"": 38, ""太昊"": 3, ""女娃"": 47, ""女娲"": 188, ""少昊"": 17, ""少皞"": 1, ""帝江"": 12, ""应龙"": 71, ""有熊氏"": 3, ""榆罔"": 1, ""涿鹿"": 23, ""炎帝"": 47, ""神农"": 249, ""禹"": 905, ""精卫"": 112, ""蚩尤"": 29, ""赤帝"": 13, ""轩辕"": 241, ""轩辕氏"": 3, ""阪泉"": 4, ""雨师"": 9, ""颛顼"": 17, ""风伯"": 6, ""鲧"": 36, ""黄帝"": 475, ""黄帝氏"": 2}"
GCI-HOLD-0002,1544,data/CASIA-LM_ChineseWebText2.0_partial-001544.parquet,259175502,d424b23ecfcb39bb2aef6d021622e178b386260936e9a74326570a0546bb5485,100000,1,2893,"{""九黎"": 20, ""共工"": 82, ""共工氏"": 2, ""句龙"": 4, ""后土"": 43, ""太昊"": 6, ""太皞"": 2, ""女娃"": 63, ""女娲"": 236, ""少昊"": 7, ""少皞"": 5, ""帝江"": 3, ""应龙"": 39, ""有熊氏"": 5, ""榆罔"": 3, ""涿鹿"": 9, ""炎帝"": 98, ""神农"": 215, ""禹"": 1139, ""精卫"": 53, ""蚩尤"": 84, ""赤帝"": 6, ""轩辕"": 281, ""轩辕氏"": 4, ""阪泉"": 8, ""雨师"": 9, ""颛顼"": 34, ""风伯"": 9, ""鲧"": 25, ""黄帝"": 399}"
GCI-HOLD-0002,1545,data/CASIA-LM_ChineseWebText2.0_partial-001545.parquet,256189810,c337e1a86e3ad3fd64eef954e2fc169bb446da781d8d4191e7a0e57545705aaa,100000,1,3667,"{""九黎"": 21, ""共工"": 144, ""共工氏"": 7, ""句龙"": 1, ""后土"": 36, ""太昊"": 30, ""女娃"": 57, ""女娲"": 217, ""少昊"": 15, ""少皞"": 4, ""帝江"": 1, ""帝鸿"": 2, ""应龙"": 58, ""有熊氏"": 2, ""榆罔"": 2, ""涿鹿"": 68, ""炎帝"": 90, ""神农"": 230, ""禹"": 1051, ""精卫"": 115, ""蚩尤"": 157, ""赤帝"": 4, ""轩辕"": 427, ""轩辕氏"": 10, ""阪泉"": 9, ""雨师"": 12, ""颛顼"": 36, ""风伯"": 15, ""鲧"": 64, ""黄帝"": 782}"
GCI-HOLD-0002,1546,data/CASIA-LM_ChineseWebText2.0_partial-001546.parquet,260853830,0d2d2f1544187329eefa0ec322017a5aaf478a2ba18a1644dd11a8e21e7b4d6c,100000,1,3683,"{""九黎"": 26, ""共工"": 118, ""共工氏"": 6, ""后土"": 104, ""太昊"": 23, ""女娃"": 51, ""女娲"": 163, ""少昊"": 19, ""少皞"": 5, ""帝江"": 2, ""帝鸿"": 1, ""帝鸿氏"": 1, ""应龙"": 48, ""有熊氏"": 3, ""榆罔"": 24, ""涿鹿"": 26, ""炎帝"": 111, ""神农"": 295, ""禹"": 1379, ""精卫"": 91, ""缙云氏"": 2, ""蚩尤"": 92, ""赤帝"": 17, ""轩辕"": 273, ""轩辕氏"": 5, ""阪泉"": 8, ""雨师"": 36, ""颛顼"": 49, ""风伯"": 23, ""鲧"": 113, ""黄帝"": 568, ""黄帝氏"": 1}"
GCI-HOLD-0002,1547,data/CASIA-LM_ChineseWebText2.0_partial-001547.parquet,247294361,7a469539d28d87fff863c12c1f6b1768d1d455b41eae30ddd9b8ff04c8491937,100000,1,3707,"{""九黎"": 29, ""共工"": 103, ""共工氏"": 14, ""句龙"": 6, ""后土"": 64, ""太昊"": 13, ""太皞"": 1, ""女娃"": 27, ""女娲"": 148, ""少昊"": 22, ""少皞"": 2, ""帝江"": 5, ""帝鸿"": 9, ""应龙"": 42, ""有熊氏"": 4, ""榆罔"": 2, ""涿鹿"": 12, ""炎帝"": 147, ""神农"": 210, ""禹"": 928, ""精卫"": 32, ""蚩尤"": 119, ""赤帝"": 12, ""轩辕"": 598, ""轩辕氏"": 17, ""阪泉"": 5, ""雨师"": 19, ""颛顼"": 316, ""风伯"": 13, ""鲧"": 28, ""黄帝"": 760}"
GCI-HOLD-0002,1548,data/CASIA-LM_ChineseWebText2.0_partial-001548.parquet,248672114,f190a4b14f6fbb28526467a010af038544283fbded59d6c86516457a6d72cf4d,100000,1,3139,"{""九黎"": 4, ""共工"": 132, ""共工氏"": 7, ""句龙"": 3, ""后土"": 63, ""太昊"": 4, ""女娃"": 50, ""女娲"": 148, ""少昊"": 26, ""少皞"": 3, ""帝江"": 28, ""帝鸿"": 1, ""应龙"": 43, ""有熊氏"": 8, ""涿鹿"": 16, ""炎帝"": 113, ""神农"": 287, ""禹"": 1016, ""精卫"": 123, ""蚩尤"": 86, ""赤帝"": 11, ""轩辕"": 167, ""轩辕氏"": 8, ""阪泉"": 5, ""雨师"": 20, ""颛顼"": 77, ""风伯"": 14, ""鲧"": 44, ""黄帝"": 631, ""黄帝氏"": 1}"
GCI-HOLD-0002,1549,data/CASIA-LM_ChineseWebText2.0_partial-001549.parquet,271139712,afd1c97601c945727895c0fe13025279c2b49d9efd0eb3396f99f62d5bd9f4ac,100000,1,7022,"{""九黎"": 22, ""共工"": 173, ""共工氏"": 18, ""句龙"": 5, ""后土"": 44, ""太昊"": 86, ""太皞"": 5, ""女娃"": 24, ""女娲"": 679, ""少昊"": 68, ""少皞"": 13, ""帝江"": 1, ""帝鸿"": 1, ""应龙"": 67, ""有熊氏"": 15, ""榆罔"": 6, ""涿鹿"": 56, ""炎帝"": 388, ""神农"": 613, ""禹"": 2097, ""精卫"": 276, ""缙云氏"": 1, ""蚩尤"": 260, ""赤帝"": 17, ""轩辕"": 298, ""轩辕氏"": 13, ""阪泉"": 17, ""雨师"": 41, ""颛顼"": 222, ""风伯"": 12, ""鲧"": 106, ""黄帝"": 1374, ""黄帝氏"": 4}"
GCI-HOLD-0002,1550,data/CASIA-LM_ChineseWebText2.0_partial-001550.parquet,259040699,507b542b43f37692e0c4379b45df60ce04a8235c1859ecb7dc2cf1d6ec622dd6,100000,1,6194,"{""九黎"": 24, ""共工"": 168, ""共工氏"": 21, ""句龙"": 3, ""后土"": 75, ""太昊"": 33, ""太皞"": 3, ""女娃"": 32, ""女娲"": 243, ""少昊"": 93, ""少皞"": 10, ""帝江"": 4, ""帝鸿"": 6, ""帝鸿氏"": 5, ""应龙"": 47, ""有熊氏"": 18, ""榆罔"": 7, ""涿鹿"": 71, ""炎帝"": 209, ""神农"": 479, ""禹"": 2180, ""精卫"": 299, ""缙云氏"": 9, ""蚩尤"": 203, ""赤帝"": 13, ""轩辕"": 267, ""轩辕氏"": 28, ""阪泉"": 42, ""雨师"": 13, ""颛顼"": 231, ""风伯"": 13, ""鲧"": 89, ""黄帝"": 1254, ""黄帝氏"": 2}"
GCI-HOLD-0002,1551,data/CASIA-LM_ChineseWebText2.0_partial-001551.parquet,264490342,a40b16f1bf0e554220c1acad0dc0b215b28c1482feb3ff6821d95ee8e9fc68fe,100000,1,5827,"{""九黎"": 16, ""共工"": 206, ""共工氏"": 11, ""句龙"": 2, ""后土"": 76, ""太昊"": 23, ""太皞"": 2, ""女娃"": 39, ""女娲"": 204, ""少昊"": 122, ""少皞"": 8, ""帝江"": 6, ""帝鸿"": 4, ""帝鸿氏"": 2, ""应龙"": 55, ""有熊氏"": 5, ""榆罔"": 14, ""涿鹿"": 86, ""炎帝"": 330, ""神农"": 539, ""禹"": 1858, ""精卫"": 193, ""缙云氏"": 2, ""蚩尤"": 200, ""赤帝"": 23, ""轩辕"": 381, ""轩辕氏"": 26, ""阪泉"": 18, ""雨师"": 16, ""颛顼"": 140, ""风伯"": 16, ""鲧"": 125, ""黄帝"": 1079}"
GCI-HOLD-0002,1552,data/CASIA-LM_ChineseWebText2.0_partial-001552.parquet,248068024,cc14bd2d83f3ae0fc9d4cd94550ff2e1a0fa1e396ea0be7a32e50c435c2e93f7,100000,1,2983,"{""九黎"": 4, ""共工"": 123, ""共工氏"": 3, ""句龙"": 1, ""后土"": 93, ""太昊"": 3, ""女娃"": 48, ""女娲"": 164, ""少昊"": 11, ""少皞"": 2, ""帝江"": 2, ""应龙"": 19, ""有熊氏"": 2, ""涿鹿"": 16, ""炎帝"": 80, ""神农"": 197, ""禹"": 1127, ""精卫"": 55, ""蚩尤"": 74, ""赤帝"": 23, ""轩辕"": 161, ""轩辕氏"": 8, ""阪泉"": 3, ""雨师"": 60, ""颛顼"": 43, ""风伯"": 17, ""鲧"": 17, ""黄帝"": 626, ""黄帝氏"": 1}"
GCI-HOLD-0002,1553,data/CASIA-LM_ChineseWebText2.0_partial-001553.parquet,252467982,3c32c7e566b7fd103b18bbdcb9d6e5c98f1ec3d0b9f8a7c1b0d2a973a8e871ef,100000,1,3636,"{""九黎"": 10, ""共工"": 165, ""共工氏"": 2, ""句龙"": 7, ""后土"": 82, ""太昊"": 15, ""女娃"": 129, ""女娲"": 244, ""少昊"": 25, ""帝江"": 4, ""帝鸿"": 1, ""应龙"": 56, ""有熊氏"": 2, ""涿鹿"": 14, ""炎帝"": 86, ""神农"": 263, ""禹"": 1227, ""精卫"": 348, ""缙云氏"": 1, ""蚩尤"": 72, ""赤帝"": 14, ""轩辕"": 236, ""轩辕氏"": 8, ""阪泉"": 4, ""雨师"": 24, ""颛顼"": 67, ""风伯"": 3, ""鲧"": 74, ""黄帝"": 453}"
GCI-HOLD-0002,1554,data/CASIA-LM_ChineseWebText2.0_partial-001554.parquet,233887256,7413ab08278b34d41c2ac12767992d8195ef39aa22be3ef1db8e35a035b12f41,93566,1,3293,"{""九黎"": 22, ""共工"": 119, ""共工氏"": 7, ""句龙"": 5, ""后土"": 131, ""太昊"": 17, ""女娃"": 55, ""女娲"": 170, ""少昊"": 31, ""少皞"": 3, ""帝江"": 7, ""帝鸿"": 3, ""应龙"": 78, ""有熊氏"": 3, ""榆罔"": 2, ""涿鹿"": 32, ""炎帝"": 88, ""神农"": 229, ""禹"": 956, ""精卫"": 56, ""蚩尤"": 106, ""赤帝"": 12, ""轩辕"": 252, ""轩辕氏"": 8, ""阪泉"": 8, ""雨师"": 28, ""颛顼"": 71, ""风伯"": 22, ""鲧"": 33, ""黄帝"": 735, ""黄帝氏"": 4}"
